sport,anchor,guard,n,n_anchor,n_guard,n_joint,n_violations,P_anchor,P_guard,joint_prob,P_guard_given_anchor,P_anchor_given_guard,dependency_ratio,conditional_lift,P_anchor_ci_low,P_anchor_ci_high,P_guard_ci_low,P_guard_ci_high,joint_prob_ci_low,joint_prob_ci_high,P_guard_given_anchor_ci_low,P_guard_given_anchor_ci_high,P_anchor_given_guard_ci_low,P_anchor_given_guard_ci_high,type,eligible,proof,rule_version
mlb,home_runs>=1,home_runs>=2,6863,564,27,27,537,0.08217980475010928,0.003934139589100976,0.003934139589100976,0.047872340425531915,1.0,12.168439716312058,12.168439716312058,0.07591356395214373,0.08891352075749447,0.0027052645438885347,0.0057180344601091134,0.0027052645438885347,0.0057180344601091134,0.0331066028464397,0.06875538331572001,0.8754449702581328,1.0,WEAK_OR_NONE,False,No proof from configured rules,mlb-official-batting-v1
mlb,home_runs>=1,hits>=1,6863,564,3819,564,0,0.08217980475010928,0.5564621885472826,0.08217980475010928,1.0,0.1476826394344069,1.79706729510343,1.79706729510343,0.07591356395214373,0.08891352075749447,0.5446801576520175,0.5681810471169504,0.07591356395214373,0.08891352075749447,0.9932349800089056,1.0,0.1367845252427601,0.159288819941127,EXACT_IMPLICATION,True,"Each credited HR is a hit; Each credited HR contributes four TB; The credited HR batter scores; The credited HR includes the batter's RBI; HRR includes nonnegative hits; hits_plus_runs_plus_RBI is the sum of hits, runs, RBI",mlb-official-batting-v1
mlb,home_runs>=1,hits>=2,6863,564,1371,290,274,0.08217980475010928,0.19976686580212735,0.042255573364417896,0.5141843971631206,0.21152443471918309,2.5739223324073643,2.5739223324073643,0.07591356395214373,0.08891352075749447,0.1904766321191096,0.20939301323196607,0.03774662878526612,0.047276662100637426,0.47298000838629556,0.5551968704792054,0.1907282316375324,0.23393270295597288,STRONG_DEPENDENCE,True,No proof from configured rules,mlb-official-batting-v1
mlb,home_runs>=1,hits>=3,6863,564,303,78,486,0.08217980475010928,0.044149788722133175,0.011365292146291709,0.13829787234042554,0.25742574257425743,3.132469629941718,3.132469629941718,0.07591356395214373,0.08891352075749447,0.03953931593249423,0.04927028633920693,0.009116651607223894,0.01416063821797984,0.11224592629382954,0.1692436626358982,0.21144838323268916,0.3094768510398382,STRONG_DEPENDENCE,True,No proof from configured rules,mlb-official-batting-v1
mlb,home_runs>=1,total_bases>=1,6863,564,3819,564,0,0.08217980475010928,0.5564621885472826,0.08217980475010928,1.0,0.1476826394344069,1.79706729510343,1.79706729510343,0.07591356395214373,0.08891352075749447,0.5446801576520175,0.5681810471169504,0.07591356395214373,0.08891352075749447,0.9932349800089056,1.0,0.1367845252427601,0.159288819941127,EXACT_IMPLICATION,True,"Each credited HR is a hit; Each credited HR contributes four TB; The credited HR batter scores; The credited HR includes the batter's RBI; HRR includes nonnegative hits; hits_plus_runs_plus_RBI is the sum of hits, runs, RBI",mlb-official-batting-v1
mlb,home_runs>=1,total_bases>=2,6863,564,2181,564,0,0.08217980475010928,0.3177910534751566,0.08217980475010928,1.0,0.2585969738651995,3.146721687299404,3.146721687299404,0.07591356395214373,0.08891352075749447,0.3068796786974051,0.3289062914610614,0.07591356395214373,0.08891352075749447,0.9932349800089056,1.0,0.24065632733296577,0.2773865055925981,EXACT_IMPLICATION,True,"Each credited HR is a hit; Each credited HR contributes four TB; The credited HR batter scores; The credited HR includes the batter's RBI; HRR includes nonnegative hits; hits_plus_runs_plus_RBI is the sum of hits, runs, RBI",mlb-official-batting-v1
mlb,home_runs>=1,total_bases>=3,6863,564,1215,564,0,0.08217980475010928,0.17703628150954392,0.08217980475010928,1.0,0.4641975308641975,5.648559670781893,5.648559670781893,0.07591356395214373,0.08891352075749447,0.16818715677568946,0.18624675194581464,0.07591356395214373,0.08891352075749447,0.9932349800089056,1.0,0.43631206317800986,0.4923086779607285,EXACT_IMPLICATION,True,"Each credited HR is a hit; Each credited HR contributes four TB; The credited HR batter scores; The credited HR includes the batter's RBI; HRR includes nonnegative hits; hits_plus_runs_plus_RBI is the sum of hits, runs, RBI",mlb-official-batting-v1
mlb,home_runs>=1,total_bases>=4,6863,564,791,564,0,0.08217980475010928,0.11525571907329156,0.08217980475010928,1.0,0.7130214917825537,8.676359039190897,8.676359039190897,0.07591356395214373,0.08891352075749447,0.10791505722010244,0.12302684938000205,0.07591356395214373,0.08891352075749447,0.9932349800089056,1.0,0.6805277796698896,0.7434561434888327,EXACT_IMPLICATION,True,"Each credited HR is a hit; Each credited HR contributes four TB; The credited HR batter scores; The credited HR includes the batter's RBI; HRR includes nonnegative hits; hits_plus_runs_plus_RBI is the sum of hits, runs, RBI",mlb-official-batting-v1
mlb,home_runs>=1,total_bases>=5,6863,564,359,290,274,0.08217980475010928,0.05230948564767594,0.042255573364417896,0.5141843971631206,0.807799442896936,9.829658823761829,9.829658823761829,0.07591356395214373,0.08891352075749447,0.047287833167272794,0.05783203353555663,0.03774662878526612,0.047276662100637426,0.47298000838629556,0.5551968704792054,0.763866704861821,0.8452147400157665,STRONG_DEPENDENCE,True,No proof from configured rules,mlb-official-batting-v1
mlb,home_runs>=1,total_bases>=6,6863,564,162,144,420,0.08217980475010928,0.023604837534605856,0.02098207780853854,0.2553191489361702,0.8888888888888888,10.816390858944052,10.81639085894405,0.07591356395214373,0.08891352075749447,0.020270735508846068,0.027471950963050044,0.017849557953351892,0.024650543522824427,0.22107202655966593,0.292876813010444,0.8312096257219821,0.9285521425113143,STRONG_DEPENDENCE,True,No proof from configured rules,mlb-official-batting-v1
mlb,home_runs>=1,hits_plus_runs_plus_RBI>=1,6863,564,4254,564,0,0.08217980475010928,0.6198455485939094,0.08217980475010928,1.0,0.1325811001410437,1.6133051245886223,1.6133051245886225,0.07591356395214373,0.08891352075749447,0.6082970007577593,0.631260008074437,0.07591356395214373,0.08891352075749447,0.9932349800089056,1.0,0.12272108049575309,0.14310409636139165,EXACT_IMPLICATION,True,"Each credited HR is a hit; Each credited HR contributes four TB; The credited HR batter scores; The credited HR includes the batter's RBI; HRR includes nonnegative hits; hits_plus_runs_plus_RBI is the sum of hits, runs, RBI",mlb-official-batting-v1
mlb,home_runs>=1,hits_plus_runs_plus_RBI>=2,6863,564,2787,564,0,0.08217980475010928,0.406090630919423,0.08217980475010928,1.0,0.2023681377825619,2.4625044851094366,2.4625044851094366,0.07591356395214373,0.08891352075749447,0.394527460255928,0.4177588714251049,0.07591356395214373,0.08891352075749447,0.9932349800089056,1.0,0.1878664695734981,0.2176891578317822,EXACT_IMPLICATION,True,"Each credited HR is a hit; Each credited HR contributes four TB; The credited HR batter scores; The credited HR includes the batter's RBI; HRR includes nonnegative hits; hits_plus_runs_plus_RBI is the sum of hits, runs, RBI",mlb-official-batting-v1
mlb,home_runs>=1,hits_plus_runs_plus_RBI>=3,6863,564,1770,564,0,0.08217980475010928,0.25790470639661955,0.08217980475010928,1.0,0.31864406779661014,3.877401129943503,3.877401129943503,0.07591356395214373,0.08891352075749447,0.24769190548167133,0.26838837394119314,0.07591356395214373,0.08891352075749447,0.9932349800089056,1.0,0.29734969628900226,0.3407239337935745,EXACT_IMPLICATION,True,"Each credited HR is a hit; Each credited HR contributes four TB; The credited HR batter scores; The credited HR includes the batter's RBI; HRR includes nonnegative hits; hits_plus_runs_plus_RBI is the sum of hits, runs, RBI",mlb-official-batting-v1
mlb,home_runs>=1,hits_plus_runs_plus_RBI>=4,6863,564,1017,414,150,0.08217980475010928,0.14818592452280344,0.060323473699548304,0.7340425531914894,0.40707964601769914,4.9535241323040236,4.9535241323040236,0.07591356395214373,0.08891352075749447,0.13997721764333465,0.1567882561252517,0.05493285623116256,0.06620602018081068,0.6960834114994608,0.7688350897813035,0.37728980823542774,0.4375688082843811,STRONG_DEPENDENCE,True,No proof from configured rules,mlb-official-batting-v1
mlb,home_runs>=1,hits_plus_runs_plus_RBI>=5,6863,564,554,280,284,0.08217980475010928,0.08072271601340522,0.04079848462771383,0.49645390070921985,0.5054151624548736,6.150113936042195,6.150113936042194,0.07591356395214373,0.08891352075749447,0.07450996230136143,0.08740457518843243,0.03636939544811399,0.04574134821794523,0.455354046640061,0.5376017336435638,0.46388844813625807,0.5468672960005873,STRONG_DEPENDENCE,True,No proof from configured rules,mlb-official-batting-v1
mlb,home_runs>=1,hits_plus_runs_plus_RBI>=6,6863,564,293,171,393,0.08217980475010928,0.042692699985429114,0.024916217397639516,0.30319148936170215,0.5836177474402731,7.101717377096798,7.101717377096798,0.07591356395214373,0.08891352075749447,0.038160101529856244,0.04773695352200061,0.021485774678963912,0.028878204290792096,0.2666944195547353,0.34235138618644023,0.5264467305542441,0.6386245509125347,STRONG_DEPENDENCE,True,No proof from configured rules,mlb-official-batting-v1
mlb,home_runs>=1,runs>=1,6863,564,2252,564,0,0.08217980475010928,0.3281363835057555,0.08217980475010928,1.0,0.25044404973357015,3.047513321492007,3.0475133214920067,0.07591356395214373,0.08891352075749447,0.3171266314954659,0.3393384239238954,0.07591356395214373,0.08891352075749447,0.9932349800089056,1.0,0.23298463935177333,0.26875339476184595,EXACT_IMPLICATION,True,"Each credited HR is a hit; Each credited HR contributes four TB; The credited HR batter scores; The credited HR includes the batter's RBI; HRR includes nonnegative hits; hits_plus_runs_plus_RBI is the sum of hits, runs, RBI",mlb-official-batting-v1
mlb,home_runs>=1,runs>=2,6863,564,458,162,402,0.08217980475010928,0.06673466414104619,0.023604837534605856,0.2872340425531915,0.3537117903930131,4.304120598346186,4.304120598346186,0.07591356395214373,0.08891352075749447,0.061069406236753686,0.0728846779425346,0.020270735508846068,0.027471950963050044,0.25142990308191493,0.3259169139355721,0.3113062743919509,0.3985508693513433,STRONG_DEPENDENCE,True,No proof from configured rules,mlb-official-batting-v1
mlb,home_runs>=1,RBI>=1,6863,564,1778,564,0,0.08217980475010928,0.2590703773859828,0.08217980475010928,1.0,0.3172103487064117,3.8599550056242964,3.859955005624297,0.07591356395214373,0.08891352075749447,0.24884172496455845,0.26956859223418156,0.07591356395214373,0.08891352075749447,0.9932349800089056,1.0,0.2959920280458379,0.33921681908122336,EXACT_IMPLICATION,True,"Each credited HR is a hit; Each credited HR contributes four TB; The credited HR batter scores; The credited HR includes the batter's RBI; HRR includes nonnegative hits; hits_plus_runs_plus_RBI is the sum of hits, runs, RBI",mlb-official-batting-v1
mlb,home_runs>=1,RBI>=2,6863,564,593,303,261,0.08217980475010928,0.08640536208655107,0.044149788722133175,0.5372340425531915,0.5109612141652614,6.217600731943597,6.217600731943597,0.07591356395214373,0.08891352075749447,0.07998737687584612,0.09328609477134064,0.03953931593249423,0.04927028633920693,0.495970696592855,0.5779936104290848,0.4707869229441496,0.5509944057619475,STRONG_DEPENDENCE,True,No proof from configured rules,mlb-official-batting-v1
mlb,home_runs>=1,RBI>=3,6863,564,198,135,429,0.08217980475010928,0.028850356986740492,0.01967069794550488,0.2393617021276596,0.6818181818181818,8.296663442940039,8.296663442940039,0.07591356395214373,0.08891352075749447,0.025146139244138867,0.03308171721919684,0.01664396002131897,0.023234848956997452,0.20598519811006522,0.27626465273635625,0.614008523961655,0.7427070904650183,STRONG_DEPENDENCE,True,No proof from configured rules,mlb-official-batting-v1
mlb,home_runs>=2,home_runs>=1,6863,27,564,27,0,0.003934139589100976,0.08217980475010928,0.003934139589100976,1.0,0.047872340425531915,12.168439716312058,12.168439716312058,0.0027052645438885347,0.0057180344601091134,0.07591356395214373,0.08891352075749447,0.0027052645438885347,0.0057180344601091134,0.8754449702581328,1.0,0.0331066028464397,0.06875538331572001,EXACT_IMPLICATION,False,Threshold monotonicity,mlb-official-batting-v1
mlb,home_runs>=2,hits>=1,6863,27,3819,27,0,0.003934139589100976,0.5564621885472826,0.003934139589100976,1.0,0.007069913589945012,1.79706729510343,1.79706729510343,0.0027052645438885347,0.0057180344601091134,0.5446801576520175,0.5681810471169504,0.0027052645438885347,0.0057180344601091134,0.8754449702581328,1.0,0.004863491187904546,0.010266997335817176,EXACT_IMPLICATION,False,"Each credited HR is a hit; Each credited HR contributes four TB; The credited HR batter scores; The credited HR includes the batter's RBI; HRR includes nonnegative hits; hits_plus_runs_plus_RBI is the sum of hits, runs, RBI",mlb-official-batting-v1
mlb,home_runs>=2,hits>=2,6863,27,1371,27,0,0.003934139589100976,0.19976686580212735,0.003934139589100976,1.0,0.019693654266958426,5.005835156819839,5.005835156819839,0.0027052645438885347,0.0057180344601091134,0.1904766321191096,0.20939301323196607,0.0027052645438885347,0.0057180344601091134,0.8754449702581328,1.0,0.013569518336244597,0.028501848110843157,EXACT_IMPLICATION,False,"Each credited HR is a hit; Each credited HR contributes four TB; The credited HR batter scores; The credited HR includes the batter's RBI; HRR includes nonnegative hits; hits_plus_runs_plus_RBI is the sum of hits, runs, RBI",mlb-official-batting-v1
mlb,home_runs>=2,hits>=3,6863,27,303,12,15,0.003934139589100976,0.044149788722133175,0.0017485064840448783,0.4444444444444444,0.039603960396039604,10.066740007334069,10.066740007334067,0.0027052645438885347,0.0057180344601091134,0.03953931593249423,0.04927028633920693,0.0010005289542453586,0.0030539492199857955,0.27585858177023004,0.6268697548677552,0.022797886489758144,0.06793776223156918,WEAK_OR_NONE,False,No proof from configured rules,mlb-official-batting-v1
mlb,home_runs>=2,total_bases>=1,6863,27,3819,27,0,0.003934139589100976,0.5564621885472826,0.003934139589100976,1.0,0.007069913589945012,1.79706729510343,1.79706729510343,0.0027052645438885347,0.0057180344601091134,0.5446801576520175,0.5681810471169504,0.0027052645438885347,0.0057180344601091134,0.8754449702581328,1.0,0.004863491187904546,0.010266997335817176,EXACT_IMPLICATION,False,"Each credited HR is a hit; Each credited HR contributes four TB; The credited HR batter scores; The credited HR includes the batter's RBI; HRR includes nonnegative hits; hits_plus_runs_plus_RBI is the sum of hits, runs, RBI",mlb-official-batting-v1
mlb,home_runs>=2,total_bases>=2,6863,27,2181,27,0,0.003934139589100976,0.3177910534751566,0.003934139589100976,1.0,0.012379642365887207,3.1467216872994044,3.146721687299404,0.0027052645438885347,0.0057180344601091134,0.3068796786974051,0.3289062914610614,0.0027052645438885347,0.0057180344601091134,0.8754449702581328,1.0,0.008521923088491892,0.01795206136798901,EXACT_IMPLICATION,False,"Each credited HR is a hit; Each credited HR contributes four TB; The credited HR batter scores; The credited HR includes the batter's RBI; HRR includes nonnegative hits; hits_plus_runs_plus_RBI is the sum of hits, runs, RBI",mlb-official-batting-v1
mlb,home_runs>=2,total_bases>=3,6863,27,1215,27,0,0.003934139589100976,0.17703628150954392,0.003934139589100976,1.0,0.022222222222222223,5.648559670781894,5.648559670781893,0.0027052645438885347,0.0057180344601091134,0.16818715677568946,0.18624675194581464,0.0027052645438885347,0.0057180344601091134,0.8754449702581328,1.0,0.015316773988158476,0.032139323277075166,EXACT_IMPLICATION,False,"Each credited HR is a hit; Each credited HR contributes four TB; The credited HR batter scores; The credited HR includes the batter's RBI; HRR includes nonnegative hits; hits_plus_runs_plus_RBI is the sum of hits, runs, RBI",mlb-official-batting-v1
mlb,home_runs>=2,total_bases>=4,6863,27,791,27,0,0.003934139589100976,0.11525571907329156,0.003934139589100976,1.0,0.03413400758533502,8.676359039190897,8.676359039190897,0.0027052645438885347,0.0057180344601091134,0.10791505722010244,0.12302684938000205,0.0027052645438885347,0.0057180344601091134,0.8754449702581328,1.0,0.02356338200248509,0.04920768218748993,EXACT_IMPLICATION,False,"Each credited HR is a hit; Each credited HR contributes four TB; The credited HR batter scores; The credited HR includes the batter's RBI; HRR includes nonnegative hits; hits_plus_runs_plus_RBI is the sum of hits, runs, RBI",mlb-official-batting-v1
mlb,home_runs>=2,total_bases>=5,6863,27,359,27,0,0.003934139589100976,0.05230948564767594,0.003934139589100976,1.0,0.07520891364902507,19.11699164345404,19.11699164345404,0.0027052645438885347,0.0057180344601091134,0.047287833167272794,0.05783203353555663,0.0027052645438885347,0.0057180344601091134,0.8754449702581328,1.0,0.0522000720781507,0.10721241349802962,EXACT_IMPLICATION,False,"Each credited HR is a hit; Each credited HR contributes four TB; The credited HR batter scores; The credited HR includes the batter's RBI; HRR includes nonnegative hits; hits_plus_runs_plus_RBI is the sum of hits, runs, RBI",mlb-official-batting-v1
mlb,home_runs>=2,total_bases>=6,6863,27,162,27,0,0.003934139589100976,0.023604837534605856,0.003934139589100976,1.0,0.16666666666666666,42.364197530864196,42.3641975308642,0.0027052645438885347,0.0057180344601091134,0.020270735508846068,0.027471950963050044,0.0027052645438885347,0.0057180344601091134,0.8754449702581328,1.0,0.11714481690988812,0.23163081031871482,EXACT_IMPLICATION,False,"Each credited HR is a hit; Each credited HR contributes four TB; The credited HR batter scores; The credited HR includes the batter's RBI; HRR includes nonnegative hits; hits_plus_runs_plus_RBI is the sum of hits, runs, RBI",mlb-official-batting-v1
mlb,home_runs>=2,hits_plus_runs_plus_RBI>=1,6863,27,4254,27,0,0.003934139589100976,0.6198455485939094,0.003934139589100976,1.0,0.006346967559943582,1.6133051245886223,1.6133051245886225,0.0027052645438885347,0.0057180344601091134,0.6082970007577593,0.631260008074437,0.0027052645438885347,0.0057180344601091134,0.8754449702581328,1.0,0.004365762931304107,0.009218927663708002,EXACT_IMPLICATION,False,"Each credited HR is a hit; Each credited HR contributes four TB; The credited HR batter scores; The credited HR includes the batter's RBI; HRR includes nonnegative hits; hits_plus_runs_plus_RBI is the sum of hits, runs, RBI",mlb-official-batting-v1
mlb,home_runs>=2,hits_plus_runs_plus_RBI>=2,6863,27,2787,27,0,0.003934139589100976,0.406090630919423,0.003934139589100976,1.0,0.00968783638320775,2.4625044851094366,2.4625044851094366,0.0027052645438885347,0.0057180344601091134,0.394527460255928,0.4177588714251049,0.0027052645438885347,0.0057180344601091134,0.8754449702581328,1.0,0.006666630556991741,0.014058824354780917,EXACT_IMPLICATION,False,"Each credited HR is a hit; Each credited HR contributes four TB; The credited HR batter scores; The credited HR includes the batter's RBI; HRR includes nonnegative hits; hits_plus_runs_plus_RBI is the sum of hits, runs, RBI",mlb-official-batting-v1
mlb,home_runs>=2,hits_plus_runs_plus_RBI>=3,6863,27,1770,27,0,0.003934139589100976,0.25790470639661955,0.003934139589100976,1.0,0.015254237288135594,3.877401129943503,3.877401129943503,0.0027052645438885347,0.0057180344601091134,0.24769190548167133,0.26838837394119314,0.0027052645438885347,0.0057180344601091134,0.8754449702581328,1.0,0.010504620895166922,0.022103399699384383,EXACT_IMPLICATION,False,"Each credited HR is a hit; Each credited HR contributes four TB; The credited HR batter scores; The credited HR includes the batter's RBI; HRR includes nonnegative hits; hits_plus_runs_plus_RBI is the sum of hits, runs, RBI",mlb-official-batting-v1
mlb,home_runs>=2,hits_plus_runs_plus_RBI>=4,6863,27,1017,27,0,0.003934139589100976,0.14818592452280344,0.003934139589100976,1.0,0.02654867256637168,6.748279252704032,6.748279252704031,0.0027052645438885347,0.0057180344601091134,0.13997721764333465,0.1567882561252517,0.0027052645438885347,0.0057180344601091134,0.8754449702581328,1.0,0.018309040749908693,0.03835152913673587,EXACT_IMPLICATION,False,"Each credited HR is a hit; Each credited HR contributes four TB; The credited HR batter scores; The credited HR includes the batter's RBI; HRR includes nonnegative hits; hits_plus_runs_plus_RBI is the sum of hits, runs, RBI",mlb-official-batting-v1
mlb,home_runs>=2,hits_plus_runs_plus_RBI>=5,6863,27,554,27,0,0.003934139589100976,0.08072271601340522,0.003934139589100976,1.0,0.048736462093862815,12.388086642599276,12.388086642599276,0.0027052645438885347,0.0057180344601091134,0.07450996230136143,0.08740457518843243,0.0027052645438885347,0.0057180344601091134,0.8754449702581328,1.0,0.03370801842397453,0.06997997017223698,EXACT_IMPLICATION,False,"Each credited HR is a hit; Each credited HR contributes four TB; The credited HR batter scores; The credited HR includes the batter's RBI; HRR includes nonnegative hits; hits_plus_runs_plus_RBI is the sum of hits, runs, RBI",mlb-official-batting-v1
mlb,home_runs>=2,hits_plus_runs_plus_RBI>=6,6863,27,293,27,0,0.003934139589100976,0.042692699985429114,0.003934139589100976,1.0,0.09215017064846416,23.423208191126278,23.423208191126278,0.0027052645438885347,0.0057180344601091134,0.038160101529856244,0.04773695352200061,0.0027052645438885347,0.0057180344601091134,0.8754449702581328,1.0,0.0641041572351027,0.1307522454065277,EXACT_IMPLICATION,False,"Each credited HR is a hit; Each credited HR contributes four TB; The credited HR batter scores; The credited HR includes the batter's RBI; HRR includes nonnegative hits; hits_plus_runs_plus_RBI is the sum of hits, runs, RBI",mlb-official-batting-v1
mlb,home_runs>=2,runs>=1,6863,27,2252,27,0,0.003934139589100976,0.3281363835057555,0.003934139589100976,1.0,0.011989342806394316,3.0475133214920067,3.0475133214920067,0.0027052645438885347,0.0057180344601091134,0.3171266314954659,0.3393384239238954,0.0027052645438885347,0.0057180344601091134,0.8754449702581328,1.0,0.008252834515302104,0.017387911909729208,EXACT_IMPLICATION,False,"Each credited HR is a hit; Each credited HR contributes four TB; The credited HR batter scores; The credited HR includes the batter's RBI; HRR includes nonnegative hits; hits_plus_runs_plus_RBI is the sum of hits, runs, RBI",mlb-official-batting-v1
mlb,home_runs>=2,runs>=2,6863,27,458,27,0,0.003934139589100976,0.06673466414104619,0.003934139589100976,1.0,0.05895196506550218,14.98471615720524,14.984716157205241,0.0027052645438885347,0.0057180344601091134,0.061069406236753686,0.0728846779425346,0.0027052645438885347,0.0057180344601091134,0.8754449702581328,1.0,0.04082836362648218,0.08441257721150908,EXACT_IMPLICATION,False,"Each credited HR is a hit; Each credited HR contributes four TB; The credited HR batter scores; The credited HR includes the batter's RBI; HRR includes nonnegative hits; hits_plus_runs_plus_RBI is the sum of hits, runs, RBI",mlb-official-batting-v1
mlb,home_runs>=2,RBI>=1,6863,27,1778,27,0,0.003934139589100976,0.2590703773859828,0.003934139589100976,1.0,0.015185601799775027,3.859955005624297,3.859955005624297,0.0027052645438885347,0.0057180344601091134,0.24884172496455845,0.26956859223418156,0.0027052645438885347,0.0057180344601091134,0.8754449702581328,1.0,0.010457263726933287,0.022004355422379974,EXACT_IMPLICATION,False,"Each credited HR is a hit; Each credited HR contributes four TB; The credited HR batter scores; The credited HR includes the batter's RBI; HRR includes nonnegative hits; hits_plus_runs_plus_RBI is the sum of hits, runs, RBI",mlb-official-batting-v1
mlb,home_runs>=2,RBI>=2,6863,27,593,27,0,0.003934139589100976,0.08640536208655107,0.003934139589100976,1.0,0.045531197301854974,11.573355817875212,11.57335581787521,0.0027052645438885347,0.0057180344601091134,0.07998737687584612,0.09328609477134064,0.0027052645438885347,0.0057180344601091134,0.8754449702581328,1.0,0.03147789591417159,0.06543470619457555,EXACT_IMPLICATION,False,"Each credited HR is a hit; Each credited HR contributes four TB; The credited HR batter scores; The credited HR includes the batter's RBI; HRR includes nonnegative hits; hits_plus_runs_plus_RBI is the sum of hits, runs, RBI",mlb-official-batting-v1
mlb,home_runs>=2,RBI>=3,6863,27,198,22,5,0.003934139589100976,0.028850356986740492,0.0032055952207489437,0.8148148148148148,0.1111111111111111,28.24279835390947,28.242798353909464,0.0027052645438885347,0.0057180344601091134,0.025146139244138867,0.03308171721919684,0.002117947423068498,0.004849077971006987,0.6330131638145156,0.9181929285702346,0.07452963324992465,0.1624953025596906,WEAK_OR_NONE,False,No proof from configured rules,mlb-official-batting-v1
mlb,hits>=1,home_runs>=1,6863,3819,564,564,3255,0.5564621885472826,0.08217980475010928,0.08217980475010928,0.1476826394344069,1.0,1.79706729510343,1.7970672951034303,0.5446801576520175,0.5681810471169504,0.07591356395214373,0.08891352075749447,0.07591356395214373,0.08891352075749447,0.1367845252427601,0.159288819941127,0.9932349800089056,1.0,STRONG_DEPENDENCE,True,No proof from configured rules,mlb-official-batting-v1
mlb,hits>=1,home_runs>=2,6863,3819,27,27,3792,0.5564621885472826,0.003934139589100976,0.003934139589100976,0.007069913589945012,1.0,1.79706729510343,1.7970672951034303,0.5446801576520175,0.5681810471169504,0.0027052645438885347,0.0057180344601091134,0.0027052645438885347,0.0057180344601091134,0.004863491187904546,0.010266997335817176,0.8754449702581328,1.0,WEAK_OR_NONE,False,No proof from configured rules,mlb-official-batting-v1
mlb,hits>=1,hits>=2,6863,3819,1371,1371,2448,0.5564621885472826,0.19976686580212735,0.19976686580212735,0.35899450117831894,1.0,1.79706729510343,1.79706729510343,0.5446801576520175,0.5681810471169504,0.1904766321191096,0.20939301323196607,0.1904766321191096,0.20939301323196607,0.34392901726252334,0.37434336949446156,0.9972058895983621,1.0,STRONG_DEPENDENCE,True,No proof from configured rules,mlb-official-batting-v1
mlb,hits>=1,hits>=3,6863,3819,303,303,3516,0.5564621885472826,0.044149788722133175,0.044149788722133175,0.0793401413982718,1.0,1.79706729510343,1.79706729510343,0.5446801576520175,0.5681810471169504,0.03953931593249423,0.04927028633920693,0.03953931593249423,0.04927028633920693,0.07118498891967041,0.08834071084838212,0.987480639560709,1.0,STRONG_DEPENDENCE,True,No proof from configured rules,mlb-official-batting-v1
mlb,hits>=1,total_bases>=1,6863,3819,3819,3819,0,0.5564621885472826,0.5564621885472826,0.5564621885472826,1.0,1.0,1.79706729510343,1.79706729510343,0.5446801576520175,0.5681810471169504,0.5446801576520175,0.5681810471169504,0.5446801576520175,0.5681810471169504,0.9989951299675713,1.0,0.9989951299675713,1.0,EXACT_IMPLICATION,True,Each hit contributes at least one TB; HRR includes nonnegative hits,mlb-official-batting-v1
mlb,hits>=1,total_bases>=2,6863,3819,2181,2181,1638,0.5564621885472826,0.3177910534751566,0.3177910534751566,0.5710919088766693,1.0,1.79706729510343,1.7970672951034303,0.5446801576520175,0.5681810471169504,0.3068796786974051,0.3289062914610614,0.3068796786974051,0.3289062914610614,0.5553314956834727,0.5867094458123092,0.9982417677011823,1.0,STRONG_DEPENDENCE,True,No proof from configured rules,mlb-official-batting-v1
mlb,hits>=1,total_bases>=3,6863,3819,1215,1215,2604,0.5564621885472826,0.17703628150954392,0.17703628150954392,0.31814611154752553,1.0,1.7970672951034299,1.7970672951034303,0.5446801576520175,0.5681810471169504,0.16818715677568946,0.18624675194581464,0.16818715677568946,0.18624675194581464,0.30356338429653074,0.33309431784409327,0.9968482703038252,1.0,STRONG_DEPENDENCE,True,No proof from configured rules,mlb-official-batting-v1
mlb,hits>=1,total_bases>=4,6863,3819,791,791,3028,0.5564621885472826,0.11525571907329156,0.11525571907329156,0.2071222833202409,1.0,1.7970672951034299,1.7970672951034303,0.5446801576520175,0.5681810471169504,0.10791505722010244,0.12302684938000205,0.10791505722010244,0.12302684938000205,0.19456711159190096,0.2202660631298959,0.9951670125179508,1.0,STRONG_DEPENDENCE,True,No proof from configured rules,mlb-official-batting-v1
mlb,hits>=1,total_bases>=5,6863,3819,359,359,3460,0.5564621885472826,0.05230948564767594,0.05230948564767594,0.09400366588112072,1.0,1.79706729510343,1.7970672951034303,0.5446801576520175,0.5681810471169504,0.047287833167272794,0.05783203353555663,0.047287833167272794,0.05783203353555663,0.085151607841117,0.1036716710199882,0.9894128448463978,1.0,STRONG_DEPENDENCE,True,No proof from configured rules,mlb-official-batting-v1
mlb,hits>=1,total_bases>=6,6863,3819,162,162,3657,0.5564621885472826,0.023604837534605856,0.023604837534605856,0.04241948153967007,1.0,1.79706729510343,1.79706729510343,0.5446801576520175,0.5681810471169504,0.020270735508846068,0.027471950963050044,0.020270735508846068,0.027471950963050044,0.0364738775876844,0.04928470339250349,0.9768365591570956,1.0,STRONG_DEPENDENCE,True,No proof from configured rules,mlb-official-batting-v1
mlb,hits>=1,hits_plus_runs_plus_RBI>=1,6863,3819,4254,3819,0,0.5564621885472826,0.6198455485939094,0.5564621885472826,1.0,0.8977433004231312,1.6133051245886225,1.6133051245886225,0.5446801576520175,0.5681810471169504,0.6082970007577593,0.631260008074437,0.5446801576520175,0.5681810471169504,0.9989951299675713,1.0,0.8882766702403981,0.9064922361944778,EXACT_IMPLICATION,True,Each hit contributes at least one TB; HRR includes nonnegative hits,mlb-official-batting-v1
mlb,hits>=1,hits_plus_runs_plus_RBI>=2,6863,3819,2787,2742,1077,0.5564621885472826,0.406090630919423,0.3995337316042547,0.7179890023566379,0.9838536060279871,1.7680511385624704,1.7680511385624706,0.5446801576520175,0.5681810471169504,0.394527460255928,0.4177588714251049,0.3880049429454243,0.41117492624630914,0.7035040880774329,0.7320358154041086,0.9784643176748461,0.9879108920225376,STRONG_DEPENDENCE,True,No proof from configured rules,mlb-official-batting-v1
mlb,hits>=1,hits_plus_runs_plus_RBI>=3,6863,3819,1770,1765,2054,0.5564621885472826,0.25790470639661955,0.25717616202826754,0.46216286986122024,0.9971751412429378,1.7919908338178272,1.7919908338178274,0.5446801576520175,0.5681810471169504,0.24769190548167133,0.26838837394119314,0.24697331696725122,0.2676506888456911,0.4463964509611111,0.47800533155770836,0.9934040978045824,0.9987928041497238,STRONG_DEPENDENCE,True,No proof from configured rules,mlb-official-batting-v1
mlb,hits>=1,hits_plus_runs_plus_RBI>=4,6863,3819,1017,1017,2802,0.5564621885472826,0.14818592452280344,0.14818592452280344,0.2663000785545954,1.0,1.79706729510343,1.79706729510343,0.5446801576520175,0.5681810471169504,0.13997721764333465,0.1567882561252517,0.13997721764333465,0.1567882561252517,0.2525209584272756,0.2805488747771979,0.9962369682505531,1.0,STRONG_DEPENDENCE,True,No proof from configured rules,mlb-official-batting-v1
mlb,hits>=1,hits_plus_runs_plus_RBI>=5,6863,3819,554,554,3265,0.5564621885472826,0.08072271601340522,0.08072271601340522,0.14506415291961247,1.0,1.79706729510343,1.79706729510343,0.5446801576520175,0.5681810471169504,0.07450996230136143,0.08740457518843243,0.07450996230136143,0.08740457518843243,0.13425158555964892,0.1565900490719074,0.9931137086353976,1.0,STRONG_DEPENDENCE,True,No proof from configured rules,mlb-official-batting-v1
mlb,hits>=1,hits_plus_runs_plus_RBI>=6,6863,3819,293,293,3526,0.5564621885472826,0.042692699985429114,0.042692699985429114,0.07672165488347735,1.0,1.79706729510343,1.79706729510343,0.5446801576520175,0.5681810471169504,0.038160101529856244,0.04773695352200061,0.038160101529856244,0.04773695352200061,0.06869943121130159,0.08559455800442012,0.9870588871380849,1.0,STRONG_DEPENDENCE,True,No proof from configured rules,mlb-official-batting-v1
mlb,hits>=1,runs>=1,6863,3819,2252,1964,1855,0.5564621885472826,0.3281363835057555,0.2861722278886784,0.5142707515056297,0.872113676731794,1.567246966067112,1.5672469660671122,0.5446801576520175,0.5681810471169504,0.3171266314954659,0.3393384239238954,0.27560112095070594,0.29698257453713856,0.4984130193329754,0.5300998031772276,0.8576840758086898,0.8852759373813227,STRONG_DEPENDENCE,True,No proof from configured rules,mlb-official-batting-v1
mlb,hits>=1,runs>=2,6863,3819,458,437,3382,0.5564621885472826,0.06673466414104619,0.06367477779396766,0.11442786069651742,0.9541484716157205,1.7146690130135351,1.7146690130135351,0.5446801576520175,0.5681810471169504,0.061069406236753686,0.0728846779425346,0.05813851645306437,0.06969921856455086,0.10471690757795309,0.12491371359133256,0.9309246197793237,0.9698173817340319,STRONG_DEPENDENCE,True,No proof from configured rules,mlb-official-batting-v1
mlb,hits>=1,RBI>=1,6863,3819,1778,1608,2211,0.5564621885472826,0.2590703773859828,0.2342998688620137,0.42105263157894735,0.9043869516310461,1.6252442128944409,1.6252442128944407,0.5446801576520175,0.5681810471169504,0.24884172496455845,0.26956859223418156,0.22442931380413114,0.24446770065725518,0.40548074106622545,0.43678318578099995,0.8898336651172056,0.9171966084693881,STRONG_DEPENDENCE,True,No proof from configured rules,mlb-official-batting-v1
mlb,hits>=1,RBI>=2,6863,3819,593,588,3231,0.5564621885472826,0.08640536208655107,0.08567681771819904,0.1539670070699136,0.9915682967959528,1.781914957033418,1.781914957033418,0.5446801576520175,0.5681810471169504,0.07998737687584612,0.09328609477134064,0.07928464746485434,0.09253255057241028,0.14286848343258407,0.16576096707689703,0.9804155611447366,0.9963932569825368,STRONG_DEPENDENCE,True,No proof from configured rules,mlb-official-batting-v1
mlb,hits>=1,RBI>=3,6863,3819,198,198,3621,0.5564621885472826,0.028850356986740492,0.028850356986740492,0.051846032992930086,1.0,1.7970672951034299,1.7970672951034303,0.5446801576520175,0.5681810471169504,0.025146139244138867,0.03308171721919684,0.025146139244138867,0.03308171721919684,0.04525362669672192,0.05933911227185694,0.9809679396733518,1.0,STRONG_DEPENDENCE,True,No proof from configured rules,mlb-official-batting-v1
mlb,hits>=2,home_runs>=1,6863,1371,564,290,1081,0.19976686580212735,0.08217980475010928,0.042255573364417896,0.21152443471918309,0.5141843971631206,2.5739223324073643,2.573922332407365,0.1904766321191096,0.20939301323196607,0.07591356395214373,0.08891352075749447,0.03774662878526612,0.047276662100637426,0.1907282316375324,0.23393270295597288,0.47298000838629556,0.5551968704792054,STRONG_DEPENDENCE,True,No proof from configured rules,mlb-official-batting-v1
mlb,hits>=2,home_runs>=2,6863,1371,27,27,1344,0.19976686580212735,0.003934139589100976,0.003934139589100976,0.019693654266958426,1.0,5.005835156819839,5.00583515681984,0.1904766321191096,0.20939301323196607,0.0027052645438885347,0.0057180344601091134,0.0027052645438885347,0.0057180344601091134,0.013569518336244597,0.028501848110843157,0.8754449702581328,1.0,WEAK_OR_NONE,False,No proof from configured rules,mlb-official-batting-v1
mlb,hits>=2,hits>=1,6863,1371,3819,1371,0,0.19976686580212735,0.5564621885472826,0.19976686580212735,1.0,0.35899450117831894,1.79706729510343,1.79706729510343,0.1904766321191096,0.20939301323196607,0.5446801576520175,0.5681810471169504,0.1904766321191096,0.20939301323196607,0.9972058895983621,1.0,0.34392901726252334,0.37434336949446156,EXACT_IMPLICATION,True,Threshold monotonicity,mlb-official-batting-v1
mlb,hits>=2,hits>=3,6863,1371,303,303,1068,0.19976686580212735,0.044149788722133175,0.044149788722133175,0.2210065645514223,1.0,5.00583515681984,5.00583515681984,0.1904766321191096,0.20939301323196607,0.03953931593249423,0.04927028633920693,0.03953931593249423,0.04927028633920693,0.19983959605454477,0.24373260996825113,0.987480639560709,1.0,STRONG_DEPENDENCE,True,No proof from configured rules,mlb-official-batting-v1
mlb,hits>=2,total_bases>=1,6863,1371,3819,1371,0,0.19976686580212735,0.5564621885472826,0.19976686580212735,1.0,0.35899450117831894,1.79706729510343,1.79706729510343,0.1904766321191096,0.20939301323196607,0.5446801576520175,0.5681810471169504,0.1904766321191096,0.20939301323196607,0.9972058895983621,1.0,0.34392901726252334,0.37434336949446156,EXACT_IMPLICATION,True,Each hit contributes at least one TB; HRR includes nonnegative hits,mlb-official-batting-v1
mlb,hits>=2,total_bases>=2,6863,1371,2181,1371,0,0.19976686580212735,0.3177910534751566,0.19976686580212735,1.0,0.6286107290233838,3.146721687299404,3.146721687299404,0.1904766321191096,0.20939301323196607,0.3068796786974051,0.3289062914610614,0.1904766321191096,0.20939301323196607,0.9972058895983621,1.0,0.6081231410030822,0.6486460619681985,EXACT_IMPLICATION,True,Each hit contributes at least one TB; HRR includes nonnegative hits,mlb-official-batting-v1
mlb,hits>=2,total_bases>=3,6863,1371,1215,888,483,0.19976686580212735,0.17703628150954392,0.129389479819321,0.6477024070021882,0.7308641975308642,3.6585856948609203,3.65858569486092,0.1904766321191096,0.20939301323196607,0.16818715677568946,0.18624675194581464,0.12165573617989746,0.13753787845269705,0.6220361638121021,0.6725432565287706,0.705227138162436,0.7550460138050092,STRONG_DEPENDENCE,True,No proof from configured rules,mlb-official-batting-v1
mlb,hits>=2,total_bases>=4,6863,1371,791,517,854,0.19976686580212735,0.11525571907329156,0.07533148768760017,0.3770970094821298,0.6536030341340076,3.271829046872133,3.2718290468721327,0.1904766321191096,0.20939301323196607,0.10791505722010244,0.12302684938000205,0.06932214756520125,0.0818159652111686,0.35181932729839566,0.4030615007142609,0.6197733791704131,0.6859479660152531,STRONG_DEPENDENCE,True,No proof from configured rules,mlb-official-batting-v1
mlb,hits>=2,total_bases>=5,6863,1371,359,359,1012,0.19976686580212735,0.05230948564767594,0.05230948564767594,0.2618526622902991,1.0,5.00583515681984,5.00583515681984,0.1904766321191096,0.20939301323196607,0.047287833167272794,0.05783203353555663,0.047287833167272794,0.05783203353555663,0.23926931395593226,0.28576683053150015,0.9894128448463978,1.0,STRONG_DEPENDENCE,True,No proof from configured rules,mlb-official-batting-v1
mlb,hits>=2,total_bases>=6,6863,1371,162,162,1209,0.19976686580212735,0.023604837534605856,0.023604837534605856,0.11816192560175055,1.0,5.005835156819839,5.00583515681984,0.1904766321191096,0.20939301323196607,0.020270735508846068,0.027471950963050044,0.020270735508846068,0.027471950963050044,0.102132516884731,0.13632512978960534,0.9768365591570956,1.0,STRONG_DEPENDENCE,True,No proof from configured rules,mlb-official-batting-v1
mlb,hits>=2,hits_plus_runs_plus_RBI>=1,6863,1371,4254,1371,0,0.19976686580212735,0.6198455485939094,0.19976686580212735,1.0,0.3222849083215797,1.6133051245886223,1.6133051245886225,0.1904766321191096,0.20939301323196607,0.6082970007577593,0.631260008074437,0.1904766321191096,0.20939301323196607,0.9972058895983621,1.0,0.3084065978395247,0.3364838907746797,EXACT_IMPLICATION,True,Each hit contributes at least one TB; HRR includes nonnegative hits,mlb-official-batting-v1
mlb,hits>=2,hits_plus_runs_plus_RBI>=2,6863,1371,2787,1371,0,0.19976686580212735,0.406090630919423,0.19976686580212735,1.0,0.49192680301399355,2.4625044851094366,2.4625044851094366,0.1904766321191096,0.20939301323196607,0.394527460255928,0.4177588714251049,0.1904766321191096,0.20939301323196607,0.9972058895983621,1.0,0.4733900484538807,0.5104857823075647,EXACT_IMPLICATION,True,Each hit contributes at least one TB; HRR includes nonnegative hits,mlb-official-batting-v1
mlb,hits>=2,hits_plus_runs_plus_RBI>=3,6863,1371,1770,1179,192,0.19976686580212735,0.25790470639661955,0.17179076205740929,0.8599562363238512,0.6661016949152543,3.3343952824240626,3.3343952824240626,0.1904766321191096,0.20939301323196607,0.24769190548167133,0.26838837394119314,0.16305094655019958,0.1808977921798649,0.840579020641333,0.8773219370782754,0.6437923934043738,0.6876915715667241,STRONG_DEPENDENCE,True,No proof from configured rules,mlb-official-batting-v1
mlb,hits>=2,hits_plus_runs_plus_RBI>=4,6863,1371,1017,827,544,0.19976686580212735,0.14818592452280344,0.1205012385254262,0.6032093362509118,0.8131760078662733,4.070625048859398,4.070625048859398,0.1904766321191096,0.20939301323196607,0.13997721764333465,0.1567882561252517,0.11301074991172619,0.1284163266798179,0.5770588731443611,0.6287830427975327,0.7880586028736457,0.8359364303373692,STRONG_DEPENDENCE,True,No proof from configured rules,mlb-official-batting-v1
mlb,hits>=2,hits_plus_runs_plus_RBI>=5,6863,1371,554,496,875,0.19976686580212735,0.08072271601340522,0.07227160134052164,0.36177972283005105,0.8953068592057761,4.481758551954225,4.481758551954225,0.1904766321191096,0.20939301323196607,0.07450996230136143,0.08740457518843243,0.06638180505468812,0.07863995856000865,0.33676325429193216,0.38756859679648575,0.8670331526370931,0.9181361693526255,STRONG_DEPENDENCE,True,No proof from configured rules,mlb-official-batting-v1
mlb,hits>=2,hits_plus_runs_plus_RBI>=6,6863,1371,293,278,1093,0.19976686580212735,0.042692699985429114,0.04050706688037301,0.20277169948942378,0.9488054607508533,4.749563732409268,4.749563732409268,0.1904766321191096,0.20939301323196607,0.038160101529856244,0.04773695352200061,0.036094139811855074,0.045434094410235264,0.182333136219725,0.2248712401313582,0.9172616352003818,0.9687332020600835,STRONG_DEPENDENCE,True,No proof from configured rules,mlb-official-batting-v1
mlb,hits>=2,runs>=1,6863,1371,2252,953,418,0.19976686580212735,0.3281363835057555,0.13886055660789742,0.6951130561633844,0.4231793960923623,2.1183662986009355,2.1183662986009355,0.1904766321191096,0.20939301323196607,0.3171266314954659,0.3393384239238954,0.13088117451235382,0.1472439970492288,0.6702274794097494,0.7189082980775765,0.40292170837226554,0.4436987184990087,STRONG_DEPENDENCE,True,No proof from configured rules,mlb-official-batting-v1
mlb,hits>=2,runs>=2,6863,1371,458,327,1044,0.19976686580212735,0.06673466414104619,0.04764680169022294,0.23851203501094093,0.7139737991266376,3.5740351447163485,3.5740351447163485,0.1904766321191096,0.20939301323196607,0.061069406236753686,0.0728846779425346,0.0428551898679147,0.05294452573141287,0.21670355200571004,0.2617817705019301,0.6709415321508349,0.7534465262544966,STRONG_DEPENDENCE,True,No proof from configured rules,mlb-official-batting-v1
mlb,hits>=2,RBI>=1,6863,1371,1778,797,574,0.19976686580212735,0.2590703773859828,0.11612997231531401,0.5813274981765135,0.4482564679415073,2.2438979864934825,2.2438979864934825,0.1904766321191096,0.20939301323196607,0.24884172496455845,0.26956859223418156,0.10876400073583303,0.12392543419617807,0.555021561220455,0.6071789591153838,0.4252766069545101,0.471459435924535,STRONG_DEPENDENCE,True,No proof from configured rules,mlb-official-batting-v1
mlb,hits>=2,RBI>=2,6863,1371,593,368,1003,0.19976686580212735,0.08640536208655107,0.0536208655107096,0.2684172137126185,0.6205733558178752,3.1064879219387875,3.106487921938787,0.1904766321191096,0.20939301323196607,0.07998737687584612,0.09328609477134064,0.048536671508713096,0.05920448769197623,0.2456314730349793,0.29249709013426956,0.5808600512262636,0.6587345645408034,STRONG_DEPENDENCE,True,No proof from configured rules,mlb-official-batting-v1
mlb,hits>=2,RBI>=3,6863,1371,198,141,1230,0.19976686580212735,0.028850356986740492,0.02054495118752732,0.10284463894967177,0.7121212121212122,3.564761399553522,3.564761399553522,0.1904766321191096,0.20939301323196607,0.025146139244138867,0.03308171721919684,0.017447295930026453,0.024179041380196567,0.08785969789383315,0.1200489718562645,0.6454905148416947,0.7706777019894242,STRONG_DEPENDENCE,True,No proof from configured rules,mlb-official-batting-v1
mlb,hits>=3,home_runs>=1,6863,303,564,78,225,0.044149788722133175,0.08217980475010928,0.011365292146291709,0.25742574257425743,0.13829787234042554,3.132469629941718,3.132469629941718,0.03953931593249423,0.04927028633920693,0.07591356395214373,0.08891352075749447,0.009116651607223894,0.01416063821797984,0.21144838323268916,0.3094768510398382,0.11224592629382954,0.1692436626358982,STRONG_DEPENDENCE,True,No proof from configured rules,mlb-official-batting-v1
mlb,hits>=3,home_runs>=2,6863,303,27,12,291,0.044149788722133175,0.003934139589100976,0.0017485064840448783,0.039603960396039604,0.4444444444444444,10.066740007334069,10.066740007334067,0.03953931593249423,0.04927028633920693,0.0027052645438885347,0.0057180344601091134,0.0010005289542453586,0.0030539492199857955,0.022797886489758144,0.06793776223156918,0.27585858177023004,0.6268697548677552,WEAK_OR_NONE,False,No proof from configured rules,mlb-official-batting-v1
mlb,hits>=3,hits>=1,6863,303,3819,303,0,0.044149788722133175,0.5564621885472826,0.044149788722133175,1.0,0.0793401413982718,1.79706729510343,1.79706729510343,0.03953931593249423,0.04927028633920693,0.5446801576520175,0.5681810471169504,0.03953931593249423,0.04927028633920693,0.987480639560709,1.0,0.07118498891967041,0.08834071084838212,EXACT_IMPLICATION,True,Threshold monotonicity,mlb-official-batting-v1
mlb,hits>=3,hits>=2,6863,303,1371,303,0,0.044149788722133175,0.19976686580212735,0.044149788722133175,1.0,0.2210065645514223,5.00583515681984,5.005835156819839,0.03953931593249423,0.04927028633920693,0.1904766321191096,0.20939301323196607,0.03953931593249423,0.04927028633920693,0.987480639560709,1.0,0.19983959605454477,0.24373260996825113,EXACT_IMPLICATION,True,Threshold monotonicity,mlb-official-batting-v1
mlb,hits>=3,total_bases>=1,6863,303,3819,303,0,0.044149788722133175,0.5564621885472826,0.044149788722133175,1.0,0.0793401413982718,1.79706729510343,1.79706729510343,0.03953931593249423,0.04927028633920693,0.5446801576520175,0.5681810471169504,0.03953931593249423,0.04927028633920693,0.987480639560709,1.0,0.07118498891967041,0.08834071084838212,EXACT_IMPLICATION,True,Each hit contributes at least one TB; HRR includes nonnegative hits,mlb-official-batting-v1
mlb,hits>=3,total_bases>=2,6863,303,2181,303,0,0.044149788722133175,0.3177910534751566,0.044149788722133175,1.0,0.13892709766162312,3.146721687299404,3.146721687299404,0.03953931593249423,0.04927028633920693,0.3068796786974051,0.3289062914610614,0.03953931593249423,0.04927028633920693,0.987480639560709,1.0,0.12504526891039291,0.1540786264910915,EXACT_IMPLICATION,True,Each hit contributes at least one TB; HRR includes nonnegative hits,mlb-official-batting-v1
mlb,hits>=3,total_bases>=3,6863,303,1215,303,0,0.044149788722133175,0.17703628150954392,0.044149788722133175,1.0,0.24938271604938272,5.648559670781894,5.648559670781893,0.03953931593249423,0.04927028633920693,0.16818715677568946,0.18624675194581464,0.03953931593249423,0.04927028633920693,0.987480639560709,1.0,0.2258703457732408,0.27447484219792834,EXACT_IMPLICATION,True,Each hit contributes at least one TB; HRR includes nonnegative hits,mlb-official-batting-v1
mlb,hits>=3,total_bases>=4,6863,303,791,225,78,0.044149788722133175,0.11525571907329156,0.03278449657584147,0.7425742574257426,0.28445006321112515,6.44284087068631,6.44284087068631,0.03953931593249423,0.04927028633920693,0.10791505722010244,0.12302684938000205,0.028825986902752152,0.037265747054163245,0.6905231489601619,0.7885516167673109,0.2541105620167489,0.3168730646980155,STRONG_DEPENDENCE,True,No proof from configured rules,mlb-official-batting-v1
mlb,hits>=3,total_bases>=5,6863,303,359,136,167,0.044149788722133175,0.05230948564767594,0.01981640681917529,0.44884488448844884,0.3788300835654596,8.580563905972772,8.58056390597277,0.03953931593249423,0.04927028633920693,0.047287833167272794,0.05783203353555663,0.01677773621477049,0.023392327485530367,0.3938302239946725,0.5051404036410305,0.3301830545155457,0.4300428020258566,STRONG_DEPENDENCE,True,No proof from configured rules,mlb-official-batting-v1
mlb,hits>=3,total_bases>=6,6863,303,162,94,209,0.044149788722133175,0.023604837534605856,0.013696634125018214,0.3102310231023102,0.5802469135802469,13.142688342908366,13.142688342908365,0.03953931593249423,0.04927028633920693,0.020270735508846068,0.027471950963050044,0.011206209895173036,0.01673115548178163,0.26079335596202924,0.3644202626865465,0.5032538870943596,0.6535223507950508,STRONG_DEPENDENCE,True,No proof from configured rules,mlb-official-batting-v1
mlb,hits>=3,hits_plus_runs_plus_RBI>=1,6863,303,4254,303,0,0.044149788722133175,0.6198455485939094,0.044149788722133175,1.0,0.07122708039492243,1.6133051245886225,1.6133051245886225,0.03953931593249423,0.04927028633920693,0.6082970007577593,0.631260008074437,0.03953931593249423,0.04927028633920693,0.987480639560709,1.0,0.0638786708270657,0.07934917471831622,EXACT_IMPLICATION,True,Each hit contributes at least one TB; HRR includes nonnegative hits,mlb-official-batting-v1
mlb,hits>=3,hits_plus_runs_plus_RBI>=2,6863,303,2787,303,0,0.044149788722133175,0.406090630919423,0.044149788722133175,1.0,0.10871905274488698,2.4625044851094366,2.4625044851094366,0.03953931593249423,0.04927028633920693,0.394527460255928,0.4177588714251049,0.03953931593249423,0.04927028633920693,0.987480639560709,1.0,0.09769617994227496,0.12081908429576978,EXACT_IMPLICATION,True,Each hit contributes at least one TB; HRR includes nonnegative hits,mlb-official-batting-v1
mlb,hits>=3,hits_plus_runs_plus_RBI>=3,6863,303,1770,303,0,0.044149788722133175,0.25790470639661955,0.044149788722133175,1.0,0.1711864406779661,3.877401129943503,3.877401129943503,0.03953931593249423,0.04927028633920693,0.24769190548167133,0.26838837394119314,0.03953931593249423,0.04927028633920693,0.987480639560709,1.0,0.15435520180472767,0.18944184713003787,EXACT_IMPLICATION,True,Each hit contributes at least one TB; HRR includes nonnegative hits,mlb-official-batting-v1
mlb,hits>=3,hits_plus_runs_plus_RBI>=4,6863,303,1017,277,26,0.044149788722133175,0.14818592452280344,0.04036135800670261,0.9141914191419142,0.2723697148475909,6.1692189867954355,6.169218986795435,0.03953931593249423,0.04927028633920693,0.13997721764333465,0.1567882561252517,0.03595653640290284,0.045280443097203076,0.8772416314105945,0.9407703835390356,0.24590399407035293,0.30054859560515745,STRONG_DEPENDENCE,True,No proof from configured rules,mlb-official-batting-v1
mlb,hits>=3,hits_plus_runs_plus_RBI>=5,6863,303,554,221,82,0.044149788722133175,0.08072271601340522,0.03220166108115984,0.7293729372937293,0.3989169675090253,9.03553514196185,9.035535141961848,0.03953931593249423,0.04927028633920693,0.07450996230136143,0.08740457518843243,0.028279735124432992,0.036646979944544675,0.6767075770179919,0.7762950926154687,0.3589720068510039,0.4402541025945475,STRONG_DEPENDENCE,True,No proof from configured rules,mlb-official-batting-v1
mlb,hits>=3,hits_plus_runs_plus_RBI>=6,6863,303,293,157,146,0.044149788722133175,0.042692699985429114,0.022876293166253826,0.5181518151815182,0.5358361774744027,12.136777841606687,12.136777841606687,0.03953931593249423,0.04927028633920693,0.038160101529856244,0.04773695352200061,0.019596944452113615,0.026689468409860334,0.46201600886616867,0.5738331232630982,0.47863729691839324,0.5921075379959403,STRONG_DEPENDENCE,True,No proof from configured rules,mlb-official-batting-v1
mlb,hits>=3,runs>=1,6863,303,2252,241,62,0.044149788722133175,0.3281363835057555,0.03511583855456797,0.7953795379537953,0.10701598579040852,2.4239297375563487,2.4239297375563487,0.03953931593249423,0.04927028633920693,0.3171266314954659,0.3393384239238954,0.03101444228921787,0.03973736721944844,0.7463912618923856,0.8369718882111354,0.0949109068710067,0.12045948492713043,STRONG_DEPENDENCE,True,No proof from configured rules,mlb-official-batting-v1
mlb,hits>=3,runs>=2,6863,303,458,110,193,0.044149788722133175,0.06673466414104619,0.016027976103744717,0.36303630363036304,0.24017467248908297,5.439995964661969,5.439995964661969,0.03953931593249423,0.04927028633920693,0.061069406236753686,0.0728846779425346,0.013316106853557576,0.01928133407514802,0.3109185861979296,0.4185834168266947,0.20331564314502015,0.2813560002199352,STRONG_DEPENDENCE,True,No proof from configured rules,mlb-official-batting-v1
mlb,hits>=3,RBI>=1,6863,303,1778,209,94,0.044149788722133175,0.2590703773859828,0.030453154597114965,0.6897689768976898,0.11754780652418448,2.6624772151005875,2.6624772151005875,0.03953931593249423,0.04927028633920693,0.24884172496455845,0.26956859223418156,0.02664319575624274,0.034788462648921735,0.6355797373134535,0.7392066440379708,0.1033953075797481,0.13334935717841084,STRONG_DEPENDENCE,True,No proof from configured rules,mlb-official-batting-v1
mlb,hits>=3,RBI>=2,6863,303,593,117,186,0.044149788722133175,0.08640536208655107,0.017047938219437564,0.38613861386138615,0.1973018549747049,4.468919573238943,4.468919573238943,0.03953931593249423,0.04927028633920693,0.07998737687584612,0.09328609477134064,0.014244451093881224,0.020391772888715406,0.3330703621757897,0.44205780901335573,0.1672635652045724,0.23123666514244098,STRONG_DEPENDENCE,True,No proof from configured rules,mlb-official-batting-v1
mlb,hits>=3,RBI>=3,6863,303,198,61,242,0.044149788722133175,0.028850356986740492,0.008888241293894799,0.20132013201320131,0.30808080808080807,6.978081141447479,6.978081141447478,0.03953931593249423,0.04927028633920693,0.025146139244138867,0.03308171721919684,0.00692611593600116,0.011399843615467213,0.1600374805133543,0.2500813453596215,0.24793413675994133,0.37553271467856997,STRONG_DEPENDENCE,True,No proof from configured rules,mlb-official-batting-v1
mlb,total_bases>=1,home_runs>=1,6863,3819,564,564,3255,0.5564621885472826,0.08217980475010928,0.08217980475010928,0.1476826394344069,1.0,1.79706729510343,1.7970672951034303,0.5446801576520175,0.5681810471169504,0.07591356395214373,0.08891352075749447,0.07591356395214373,0.08891352075749447,0.1367845252427601,0.159288819941127,0.9932349800089056,1.0,STRONG_DEPENDENCE,True,No proof from configured rules,mlb-official-batting-v1
mlb,total_bases>=1,home_runs>=2,6863,3819,27,27,3792,0.5564621885472826,0.003934139589100976,0.003934139589100976,0.007069913589945012,1.0,1.79706729510343,1.7970672951034303,0.5446801576520175,0.5681810471169504,0.0027052645438885347,0.0057180344601091134,0.0027052645438885347,0.0057180344601091134,0.004863491187904546,0.010266997335817176,0.8754449702581328,1.0,WEAK_OR_NONE,False,No proof from configured rules,mlb-official-batting-v1
mlb,total_bases>=1,hits>=1,6863,3819,3819,3819,0,0.5564621885472826,0.5564621885472826,0.5564621885472826,1.0,1.0,1.79706729510343,1.79706729510343,0.5446801576520175,0.5681810471169504,0.5446801576520175,0.5681810471169504,0.5446801576520175,0.5681810471169504,0.9989951299675713,1.0,0.9989951299675713,1.0,EXACT_IMPLICATION,True,"At most four TB per hit, so hits >= ceil(TB/4); HRR includes nonnegative hits",mlb-official-batting-v1
mlb,total_bases>=1,hits>=2,6863,3819,1371,1371,2448,0.5564621885472826,0.19976686580212735,0.19976686580212735,0.35899450117831894,1.0,1.79706729510343,1.79706729510343,0.5446801576520175,0.5681810471169504,0.1904766321191096,0.20939301323196607,0.1904766321191096,0.20939301323196607,0.34392901726252334,0.37434336949446156,0.9972058895983621,1.0,STRONG_DEPENDENCE,True,No proof from configured rules,mlb-official-batting-v1
mlb,total_bases>=1,hits>=3,6863,3819,303,303,3516,0.5564621885472826,0.044149788722133175,0.044149788722133175,0.0793401413982718,1.0,1.79706729510343,1.79706729510343,0.5446801576520175,0.5681810471169504,0.03953931593249423,0.04927028633920693,0.03953931593249423,0.04927028633920693,0.07118498891967041,0.08834071084838212,0.987480639560709,1.0,STRONG_DEPENDENCE,True,No proof from configured rules,mlb-official-batting-v1
mlb,total_bases>=1,total_bases>=2,6863,3819,2181,2181,1638,0.5564621885472826,0.3177910534751566,0.3177910534751566,0.5710919088766693,1.0,1.79706729510343,1.7970672951034303,0.5446801576520175,0.5681810471169504,0.3068796786974051,0.3289062914610614,0.3068796786974051,0.3289062914610614,0.5553314956834727,0.5867094458123092,0.9982417677011823,1.0,STRONG_DEPENDENCE,True,No proof from configured rules,mlb-official-batting-v1
mlb,total_bases>=1,total_bases>=3,6863,3819,1215,1215,2604,0.5564621885472826,0.17703628150954392,0.17703628150954392,0.31814611154752553,1.0,1.7970672951034299,1.7970672951034303,0.5446801576520175,0.5681810471169504,0.16818715677568946,0.18624675194581464,0.16818715677568946,0.18624675194581464,0.30356338429653074,0.33309431784409327,0.9968482703038252,1.0,STRONG_DEPENDENCE,True,No proof from configured rules,mlb-official-batting-v1
mlb,total_bases>=1,total_bases>=4,6863,3819,791,791,3028,0.5564621885472826,0.11525571907329156,0.11525571907329156,0.2071222833202409,1.0,1.7970672951034299,1.7970672951034303,0.5446801576520175,0.5681810471169504,0.10791505722010244,0.12302684938000205,0.10791505722010244,0.12302684938000205,0.19456711159190096,0.2202660631298959,0.9951670125179508,1.0,STRONG_DEPENDENCE,True,No proof from configured rules,mlb-official-batting-v1
mlb,total_bases>=1,total_bases>=5,6863,3819,359,359,3460,0.5564621885472826,0.05230948564767594,0.05230948564767594,0.09400366588112072,1.0,1.79706729510343,1.7970672951034303,0.5446801576520175,0.5681810471169504,0.047287833167272794,0.05783203353555663,0.047287833167272794,0.05783203353555663,0.085151607841117,0.1036716710199882,0.9894128448463978,1.0,STRONG_DEPENDENCE,True,No proof from configured rules,mlb-official-batting-v1
mlb,total_bases>=1,total_bases>=6,6863,3819,162,162,3657,0.5564621885472826,0.023604837534605856,0.023604837534605856,0.04241948153967007,1.0,1.79706729510343,1.79706729510343,0.5446801576520175,0.5681810471169504,0.020270735508846068,0.027471950963050044,0.020270735508846068,0.027471950963050044,0.0364738775876844,0.04928470339250349,0.9768365591570956,1.0,STRONG_DEPENDENCE,True,No proof from configured rules,mlb-official-batting-v1
mlb,total_bases>=1,hits_plus_runs_plus_RBI>=1,6863,3819,4254,3819,0,0.5564621885472826,0.6198455485939094,0.5564621885472826,1.0,0.8977433004231312,1.6133051245886225,1.6133051245886225,0.5446801576520175,0.5681810471169504,0.6082970007577593,0.631260008074437,0.5446801576520175,0.5681810471169504,0.9989951299675713,1.0,0.8882766702403981,0.9064922361944778,EXACT_IMPLICATION,True,"At most four TB per hit, so hits >= ceil(TB/4); HRR includes nonnegative hits",mlb-official-batting-v1
mlb,total_bases>=1,hits_plus_runs_plus_RBI>=2,6863,3819,2787,2742,1077,0.5564621885472826,0.406090630919423,0.3995337316042547,0.7179890023566379,0.9838536060279871,1.7680511385624704,1.7680511385624706,0.5446801576520175,0.5681810471169504,0.394527460255928,0.4177588714251049,0.3880049429454243,0.41117492624630914,0.7035040880774329,0.7320358154041086,0.9784643176748461,0.9879108920225376,STRONG_DEPENDENCE,True,No proof from configured rules,mlb-official-batting-v1
mlb,total_bases>=1,hits_plus_runs_plus_RBI>=3,6863,3819,1770,1765,2054,0.5564621885472826,0.25790470639661955,0.25717616202826754,0.46216286986122024,0.9971751412429378,1.7919908338178272,1.7919908338178274,0.5446801576520175,0.5681810471169504,0.24769190548167133,0.26838837394119314,0.24697331696725122,0.2676506888456911,0.4463964509611111,0.47800533155770836,0.9934040978045824,0.9987928041497238,STRONG_DEPENDENCE,True,No proof from configured rules,mlb-official-batting-v1
mlb,total_bases>=1,hits_plus_runs_plus_RBI>=4,6863,3819,1017,1017,2802,0.5564621885472826,0.14818592452280344,0.14818592452280344,0.2663000785545954,1.0,1.79706729510343,1.79706729510343,0.5446801576520175,0.5681810471169504,0.13997721764333465,0.1567882561252517,0.13997721764333465,0.1567882561252517,0.2525209584272756,0.2805488747771979,0.9962369682505531,1.0,STRONG_DEPENDENCE,True,No proof from configured rules,mlb-official-batting-v1
mlb,total_bases>=1,hits_plus_runs_plus_RBI>=5,6863,3819,554,554,3265,0.5564621885472826,0.08072271601340522,0.08072271601340522,0.14506415291961247,1.0,1.79706729510343,1.79706729510343,0.5446801576520175,0.5681810471169504,0.07450996230136143,0.08740457518843243,0.07450996230136143,0.08740457518843243,0.13425158555964892,0.1565900490719074,0.9931137086353976,1.0,STRONG_DEPENDENCE,True,No proof from configured rules,mlb-official-batting-v1
mlb,total_bases>=1,hits_plus_runs_plus_RBI>=6,6863,3819,293,293,3526,0.5564621885472826,0.042692699985429114,0.042692699985429114,0.07672165488347735,1.0,1.79706729510343,1.79706729510343,0.5446801576520175,0.5681810471169504,0.038160101529856244,0.04773695352200061,0.038160101529856244,0.04773695352200061,0.06869943121130159,0.08559455800442012,0.9870588871380849,1.0,STRONG_DEPENDENCE,True,No proof from configured rules,mlb-official-batting-v1
mlb,total_bases>=1,runs>=1,6863,3819,2252,1964,1855,0.5564621885472826,0.3281363835057555,0.2861722278886784,0.5142707515056297,0.872113676731794,1.567246966067112,1.5672469660671122,0.5446801576520175,0.5681810471169504,0.3171266314954659,0.3393384239238954,0.27560112095070594,0.29698257453713856,0.4984130193329754,0.5300998031772276,0.8576840758086898,0.8852759373813227,STRONG_DEPENDENCE,True,No proof from configured rules,mlb-official-batting-v1
mlb,total_bases>=1,runs>=2,6863,3819,458,437,3382,0.5564621885472826,0.06673466414104619,0.06367477779396766,0.11442786069651742,0.9541484716157205,1.7146690130135351,1.7146690130135351,0.5446801576520175,0.5681810471169504,0.061069406236753686,0.0728846779425346,0.05813851645306437,0.06969921856455086,0.10471690757795309,0.12491371359133256,0.9309246197793237,0.9698173817340319,STRONG_DEPENDENCE,True,No proof from configured rules,mlb-official-batting-v1
mlb,total_bases>=1,RBI>=1,6863,3819,1778,1608,2211,0.5564621885472826,0.2590703773859828,0.2342998688620137,0.42105263157894735,0.9043869516310461,1.6252442128944409,1.6252442128944407,0.5446801576520175,0.5681810471169504,0.24884172496455845,0.26956859223418156,0.22442931380413114,0.24446770065725518,0.40548074106622545,0.43678318578099995,0.8898336651172056,0.9171966084693881,STRONG_DEPENDENCE,True,No proof from configured rules,mlb-official-batting-v1
mlb,total_bases>=1,RBI>=2,6863,3819,593,588,3231,0.5564621885472826,0.08640536208655107,0.08567681771819904,0.1539670070699136,0.9915682967959528,1.781914957033418,1.781914957033418,0.5446801576520175,0.5681810471169504,0.07998737687584612,0.09328609477134064,0.07928464746485434,0.09253255057241028,0.14286848343258407,0.16576096707689703,0.9804155611447366,0.9963932569825368,STRONG_DEPENDENCE,True,No proof from configured rules,mlb-official-batting-v1
mlb,total_bases>=1,RBI>=3,6863,3819,198,198,3621,0.5564621885472826,0.028850356986740492,0.028850356986740492,0.051846032992930086,1.0,1.7970672951034299,1.7970672951034303,0.5446801576520175,0.5681810471169504,0.025146139244138867,0.03308171721919684,0.025146139244138867,0.03308171721919684,0.04525362669672192,0.05933911227185694,0.9809679396733518,1.0,STRONG_DEPENDENCE,True,No proof from configured rules,mlb-official-batting-v1
mlb,total_bases>=2,home_runs>=1,6863,2181,564,564,1617,0.3177910534751566,0.08217980475010928,0.08217980475010928,0.2585969738651995,1.0,3.146721687299404,3.1467216872994044,0.3068796786974051,0.3289062914610614,0.07591356395214373,0.08891352075749447,0.07591356395214373,0.08891352075749447,0.24065632733296577,0.2773865055925981,0.9932349800089056,1.0,STRONG_DEPENDENCE,True,No proof from configured rules,mlb-official-batting-v1
mlb,total_bases>=2,home_runs>=2,6863,2181,27,27,2154,0.3177910534751566,0.003934139589100976,0.003934139589100976,0.012379642365887207,1.0,3.1467216872994044,3.146721687299404,0.3068796786974051,0.3289062914610614,0.0027052645438885347,0.0057180344601091134,0.0027052645438885347,0.0057180344601091134,0.008521923088491892,0.01795206136798901,0.8754449702581328,1.0,WEAK_OR_NONE,False,No proof from configured rules,mlb-official-batting-v1
mlb,total_bases>=2,hits>=1,6863,2181,3819,2181,0,0.3177910534751566,0.5564621885472826,0.3177910534751566,1.0,0.5710919088766693,1.79706729510343,1.79706729510343,0.3068796786974051,0.3289062914610614,0.5446801576520175,0.5681810471169504,0.3068796786974051,0.3289062914610614,0.9982417677011823,1.0,0.5553314956834727,0.5867094458123092,EXACT_IMPLICATION,True,"At most four TB per hit, so hits >= ceil(TB/4); HRR includes nonnegative hits",mlb-official-batting-v1
mlb,total_bases>=2,hits>=2,6863,2181,1371,1371,810,0.3177910534751566,0.19976686580212735,0.19976686580212735,0.6286107290233838,1.0,3.146721687299404,3.146721687299404,0.3068796786974051,0.3289062914610614,0.1904766321191096,0.20939301323196607,0.1904766321191096,0.20939301323196607,0.6081231410030822,0.6486460619681985,0.9972058895983621,1.0,STRONG_DEPENDENCE,True,No proof from configured rules,mlb-official-batting-v1
mlb,total_bases>=2,hits>=3,6863,2181,303,303,1878,0.3177910534751566,0.044149788722133175,0.044149788722133175,0.13892709766162312,1.0,3.146721687299404,3.1467216872994044,0.3068796786974051,0.3289062914610614,0.03953931593249423,0.04927028633920693,0.03953931593249423,0.04927028633920693,0.12504526891039291,0.1540786264910915,0.987480639560709,1.0,STRONG_DEPENDENCE,True,No proof from configured rules,mlb-official-batting-v1
mlb,total_bases>=2,total_bases>=1,6863,2181,3819,2181,0,0.3177910534751566,0.5564621885472826,0.3177910534751566,1.0,0.5710919088766693,1.79706729510343,1.79706729510343,0.3068796786974051,0.3289062914610614,0.5446801576520175,0.5681810471169504,0.3068796786974051,0.3289062914610614,0.9982417677011823,1.0,0.5553314956834727,0.5867094458123092,EXACT_IMPLICATION,True,Threshold monotonicity,mlb-official-batting-v1
mlb,total_bases>=2,total_bases>=3,6863,2181,1215,1215,966,0.3177910534751566,0.17703628150954392,0.17703628150954392,0.5570839064649243,1.0,3.146721687299404,3.146721687299404,0.3068796786974051,0.3289062914610614,0.16818715677568946,0.18624675194581464,0.16818715677568946,0.18624675194581464,0.5361547418200798,0.5778123375735902,0.9968482703038252,1.0,STRONG_DEPENDENCE,True,No proof from configured rules,mlb-official-batting-v1
mlb,total_bases>=2,total_bases>=4,6863,2181,791,791,1390,0.3177910534751566,0.11525571907329156,0.11525571907329156,0.3626776707932141,1.0,3.146721687299404,3.146721687299404,0.3068796786974051,0.3289062914610614,0.10791505722010244,0.12302684938000205,0.10791505722010244,0.12302684938000205,0.34275824627992896,0.3830799844156196,0.9951670125179508,1.0,STRONG_DEPENDENCE,True,No proof from configured rules,mlb-official-batting-v1
mlb,total_bases>=2,total_bases>=5,6863,2181,359,359,1822,0.3177910534751566,0.05230948564767594,0.05230948564767594,0.1646033929390188,1.0,3.1467216872994044,3.146721687299404,0.3068796786974051,0.3289062914610614,0.047287833167272794,0.05783203353555663,0.047287833167272794,0.05783203353555663,0.14963286925637898,0.18075332691655543,0.9894128448463978,1.0,STRONG_DEPENDENCE,True,No proof from configured rules,mlb-official-batting-v1
mlb,total_bases>=2,total_bases>=6,6863,2181,162,162,2019,0.3177910534751566,0.023604837534605856,0.023604837534605856,0.07427785419532325,1.0,3.146721687299404,3.1467216872994044,0.3068796786974051,0.3289062914610614,0.020270735508846068,0.027471950963050044,0.020270735508846068,0.027471950963050044,0.06400559753209563,0.08604714771270223,0.9768365591570956,1.0,STRONG_DEPENDENCE,True,No proof from configured rules,mlb-official-batting-v1
mlb,total_bases>=2,hits_plus_runs_plus_RBI>=1,6863,2181,4254,2181,0,0.3177910534751566,0.6198455485939094,0.3177910534751566,1.0,0.5126939351198871,1.6133051245886225,1.6133051245886225,0.3068796786974051,0.3289062914610614,0.6082970007577593,0.631260008074437,0.3068796786974051,0.3289062914610614,0.9982417677011823,1.0,0.4976689298601497,0.5276960352388357,EXACT_IMPLICATION,True,"At most four TB per hit, so hits >= ceil(TB/4); HRR includes nonnegative hits",mlb-official-batting-v1
mlb,total_bases>=2,hits_plus_runs_plus_RBI>=2,6863,2181,2787,2010,171,0.3177910534751566,0.406090630919423,0.29287483607751713,0.921595598349381,0.721205597416577,2.2694332943924658,2.2694332943924658,0.3068796786974051,0.3289062914610614,0.394527460255928,0.4177588714251049,0.28222645280215375,0.30375495989697465,0.9095585694040099,0.9321501012986376,0.704262211206537,0.7375400259298642,STRONG_DEPENDENCE,True,No proof from configured rules,mlb-official-batting-v1
mlb,total_bases>=2,hits_plus_runs_plus_RBI>=3,6863,2181,1770,1592,589,0.3177910534751566,0.25790470639661955,0.2319685268832872,0.7299403943145346,0.8994350282485876,2.830271709706583,2.8302717097065826,0.3068796786974051,0.3289062914610614,0.24769190548167133,0.26838837394119314,0.22213405499782432,0.24210288391181103,0.7109146332033156,0.7481575781695802,0.8845474596986754,0.9125925513032503,STRONG_DEPENDENCE,True,No proof from configured rules,mlb-official-batting-v1
mlb,total_bases>=2,hits_plus_runs_plus_RBI>=4,6863,2181,1017,987,1194,0.3177910534751566,0.14818592452280344,0.14381465831269125,0.45254470426409904,0.9705014749262537,3.0538980387065013,3.0538980387065013,0.3068796786974051,0.3289062914610614,0.13997721764333465,0.1567882561252517,0.13571196481444647,0.1523158672946069,0.43175697765702487,0.4734993057385987,0.958201758400638,0.9792601674752511,STRONG_DEPENDENCE,True,No proof from configured rules,mlb-official-batting-v1
mlb,total_bases>=2,hits_plus_runs_plus_RBI>=5,6863,2181,554,549,1632,0.3177910534751566,0.08072271601340522,0.07999417164505318,0.2517193947730399,0.9909747292418772,3.11832167207107,3.11832167207107,0.3068796786974051,0.3289062914610614,0.07450996230136143,0.08740457518843243,0.07380839283435443,0.08664987104551726,0.23395248313817185,0.2703593763664679,0.9790485106757101,0.9961389577316118,STRONG_DEPENDENCE,True,No proof from configured rules,mlb-official-batting-v1
mlb,total_bases>=2,hits_plus_runs_plus_RBI>=6,6863,2181,293,293,1888,0.3177910534751566,0.042692699985429114,0.042692699985429114,0.13434204493351673,1.0,3.1467216872994044,3.146721687299404,0.3068796786974051,0.3289062914610614,0.038160101529856244,0.04773695352200061,0.038160101529856244,0.04773695352200061,0.12067112900532849,0.14929878411553982,0.9870588871380849,1.0,STRONG_DEPENDENCE,True,No proof from configured rules,mlb-official-batting-v1
mlb,total_bases>=2,runs>=1,6863,2181,2252,1485,696,0.3177910534751566,0.3281363835057555,0.2163776774005537,0.6808803301237965,0.6594138543516874,2.074991876394145,2.074991876394145,0.3068796786974051,0.3289062914610614,0.3171266314954659,0.3393384239238954,0.20679571667445754,0.22627696698284347,0.661014054744721,0.700110546225583,0.6395842218220453,0.6787005570982585,STRONG_DEPENDENCE,True,No proof from configured rules,mlb-official-batting-v1
mlb,total_bases>=2,runs>=2,6863,2181,458,382,1799,0.3177910534751566,0.06673466414104619,0.05566078974209529,0.17514901421366347,0.834061135371179,2.624558263206053,2.6245582632060533,0.3068796786974051,0.3289062914610614,0.061069406236753686,0.0728846779425346,0.0504810595468948,0.06133766576157658,0.15977209701334708,0.19166825840500432,0.7972396491666957,0.8653253807926479,STRONG_DEPENDENCE,True,No proof from configured rules,mlb-official-batting-v1
mlb,total_bases>=2,RBI>=1,6863,2181,1778,1262,919,0.3177910534751566,0.2590703773859828,0.18388459857205303,0.5786336542870243,0.7097862767154106,2.2334998702878783,2.2334998702878783,0.3068796786974051,0.3289062914610614,0.24884172496455845,0.26956859223418156,0.17489714831247632,0.19322573234229612,0.5577901910580767,0.5992006050544889,0.6882556636725113,0.7304123363939693,STRONG_DEPENDENCE,True,No proof from configured rules,mlb-official-batting-v1
mlb,total_bases>=2,RBI>=2,6863,2181,593,534,1647,0.3177910534751566,0.08640536208655107,0.07780853853999709,0.24484181568088034,0.9005059021922428,2.8336414519694464,2.8336414519694464,0.3068796786974051,0.3289062914610614,0.07998737687584612,0.09328609477134064,0.07170463316807026,0.08438480988203496,0.227254689707148,0.2633261963765677,0.8737763790007608,0.9220798621835528,STRONG_DEPENDENCE,True,No proof from configured rules,mlb-official-batting-v1
mlb,total_bases>=2,RBI>=3,6863,2181,198,194,1987,0.3177910534751566,0.028850356986740492,0.028267521492058866,0.08895002292526365,0.9797979797979798,3.0831515522024464,3.0831515522024464,0.3068796786974051,0.3289062914610614,0.025146139244138867,0.03308171721919684,0.024602539298165197,0.03246029827723278,0.07771424068213661,0.10163124786063266,0.9492164061101024,0.9921164652936191,STRONG_DEPENDENCE,True,No proof from configured rules,mlb-official-batting-v1
mlb,total_bases>=3,home_runs>=1,6863,1215,564,564,651,0.17703628150954392,0.08217980475010928,0.08217980475010928,0.4641975308641975,1.0,5.648559670781893,5.648559670781894,0.16818715677568946,0.18624675194581464,0.07591356395214373,0.08891352075749447,0.07591356395214373,0.08891352075749447,0.43631206317800986,0.4923086779607285,0.9932349800089056,1.0,STRONG_DEPENDENCE,True,No proof from configured rules,mlb-official-batting-v1
mlb,total_bases>=3,home_runs>=2,6863,1215,27,27,1188,0.17703628150954392,0.003934139589100976,0.003934139589100976,0.022222222222222223,1.0,5.648559670781894,5.648559670781894,0.16818715677568946,0.18624675194581464,0.0027052645438885347,0.0057180344601091134,0.0027052645438885347,0.0057180344601091134,0.015316773988158476,0.032139323277075166,0.8754449702581328,1.0,WEAK_OR_NONE,False,No proof from configured rules,mlb-official-batting-v1
mlb,total_bases>=3,hits>=1,6863,1215,3819,1215,0,0.17703628150954392,0.5564621885472826,0.17703628150954392,1.0,0.31814611154752553,1.7970672951034299,1.79706729510343,0.16818715677568946,0.18624675194581464,0.5446801576520175,0.5681810471169504,0.16818715677568946,0.18624675194581464,0.9968482703038252,1.0,0.30356338429653074,0.33309431784409327,EXACT_IMPLICATION,True,"At most four TB per hit, so hits >= ceil(TB/4); HRR includes nonnegative hits",mlb-official-batting-v1
mlb,total_bases>=3,hits>=2,6863,1215,1371,888,327,0.17703628150954392,0.19976686580212735,0.129389479819321,0.7308641975308642,0.6477024070021882,3.6585856948609203,3.6585856948609194,0.16818715677568946,0.18624675194581464,0.1904766321191096,0.20939301323196607,0.12165573617989746,0.13753787845269705,0.705227138162436,0.7550460138050092,0.6220361638121021,0.6725432565287706,STRONG_DEPENDENCE,True,No proof from configured rules,mlb-official-batting-v1
mlb,total_bases>=3,hits>=3,6863,1215,303,303,912,0.17703628150954392,0.044149788722133175,0.044149788722133175,0.24938271604938272,1.0,5.648559670781894,5.648559670781894,0.16818715677568946,0.18624675194581464,0.03953931593249423,0.04927028633920693,0.03953931593249423,0.04927028633920693,0.2258703457732408,0.27447484219792834,0.987480639560709,1.0,STRONG_DEPENDENCE,True,No proof from configured rules,mlb-official-batting-v1
mlb,total_bases>=3,total_bases>=1,6863,1215,3819,1215,0,0.17703628150954392,0.5564621885472826,0.17703628150954392,1.0,0.31814611154752553,1.7970672951034299,1.79706729510343,0.16818715677568946,0.18624675194581464,0.5446801576520175,0.5681810471169504,0.16818715677568946,0.18624675194581464,0.9968482703038252,1.0,0.30356338429653074,0.33309431784409327,EXACT_IMPLICATION,True,Threshold monotonicity,mlb-official-batting-v1
mlb,total_bases>=3,total_bases>=2,6863,1215,2181,1215,0,0.17703628150954392,0.3177910534751566,0.17703628150954392,1.0,0.5570839064649243,3.146721687299404,3.146721687299404,0.16818715677568946,0.18624675194581464,0.3068796786974051,0.3289062914610614,0.16818715677568946,0.18624675194581464,0.9968482703038252,1.0,0.5361547418200798,0.5778123375735902,EXACT_IMPLICATION,True,Threshold monotonicity,mlb-official-batting-v1
mlb,total_bases>=3,total_bases>=4,6863,1215,791,791,424,0.17703628150954392,0.11525571907329156,0.11525571907329156,0.6510288065843621,1.0,5.648559670781894,5.648559670781893,0.16818715677568946,0.18624675194581464,0.10791505722010244,0.12302684938000205,0.10791505722010244,0.12302684938000205,0.623789602414225,0.6773160068051197,0.9951670125179508,1.0,STRONG_DEPENDENCE,True,No proof from configured rules,mlb-official-batting-v1
mlb,total_bases>=3,total_bases>=5,6863,1215,359,359,856,0.17703628150954392,0.05230948564767594,0.05230948564767594,0.29547325102880656,1.0,5.648559670781894,5.648559670781893,0.16818715677568946,0.18624675194581464,0.047287833167272794,0.05783203353555663,0.047287833167272794,0.05783203353555663,0.27049546481438935,0.32174026330001293,0.9894128448463978,1.0,STRONG_DEPENDENCE,True,No proof from configured rules,mlb-official-batting-v1
mlb,total_bases>=3,total_bases>=6,6863,1215,162,162,1053,0.17703628150954392,0.023604837534605856,0.023604837534605856,0.13333333333333333,1.0,5.648559670781893,5.648559670781893,0.16818715677568946,0.18624675194581464,0.020270735508846068,0.027471950963050044,0.020270735508846068,0.027471950963050044,0.11536998833415207,0.15360794677637607,0.9768365591570956,1.0,STRONG_DEPENDENCE,True,No proof from configured rules,mlb-official-batting-v1
mlb,total_bases>=3,hits_plus_runs_plus_RBI>=1,6863,1215,4254,1215,0,0.17703628150954392,0.6198455485939094,0.17703628150954392,1.0,0.2856135401974612,1.6133051245886225,1.6133051245886225,0.16818715677568946,0.18624675194581464,0.6082970007577593,0.631260008074437,0.16818715677568946,0.18624675194581464,0.9968482703038252,1.0,0.272237785317016,0.299376137455675,EXACT_IMPLICATION,True,"At most four TB per hit, so hits >= ceil(TB/4); HRR includes nonnegative hits",mlb-official-batting-v1
mlb,total_bases>=3,hits_plus_runs_plus_RBI>=2,6863,1215,2787,1205,10,0.17703628150954392,0.406090630919423,0.17557919277283987,0.9917695473251029,0.43236454969501253,2.4422369584830217,2.4422369584830217,0.16818715677568946,0.18624675194581464,0.394527460255928,0.4177588714251049,0.16676013414692334,0.1847612273547364,0.9849159513291701,0.9955232939490779,0.41407763112745777,0.45083766214065,EMPIRICAL_NEAR_IMPLICATION,True,No proof from configured rules,mlb-official-batting-v1
mlb,total_bases>=3,hits_plus_runs_plus_RBI>=3,6863,1215,1770,1135,80,0.17703628150954392,0.25790470639661955,0.1653795716159114,0.934156378600823,0.6412429378531074,3.622098997930762,3.622098997930762,0.16818715677568946,0.18624675194581464,0.24769190548167133,0.26838837394119314,0.1567774806586179,0.17435605030413154,0.9187976916929006,0.9467783784063055,0.6186145516139858,0.6632595682593967,STRONG_DEPENDENCE,True,No proof from configured rules,mlb-official-batting-v1
mlb,total_bases>=3,hits_plus_runs_plus_RBI>=4,6863,1215,1017,802,413,0.17703628150954392,0.14818592452280344,0.11685851668366604,0.660082304526749,0.7885939036381514,4.454419720714925,4.454419720714925,0.16818715677568946,0.18624675194581464,0.13997721764333465,0.1567882561252517,0.10947155852109457,0.12467415002083869,0.6329804062736626,0.6861751304738173,0.7624374592032372,0.812578372028891,STRONG_DEPENDENCE,True,No proof from configured rules,mlb-official-batting-v1
mlb,total_bases>=3,hits_plus_runs_plus_RBI>=5,6863,1215,554,500,715,0.17703628150954392,0.08072271601340522,0.07285443683520326,0.411522633744856,0.9025270758122743,5.097978042221925,5.097978042221925,0.16818715677568946,0.18624675194581464,0.07450996230136143,0.08740457518843243,0.06694163067602266,0.07924515182661182,0.38417292420236904,0.4394300567726742,0.8749865472071572,0.9245237669650221,STRONG_DEPENDENCE,True,No proof from configured rules,mlb-official-batting-v1
mlb,total_bases>=3,hits_plus_runs_plus_RBI>=6,6863,1215,293,283,932,0.17703628150954392,0.042692699985429114,0.041235611248725046,0.23292181069958848,0.9658703071672355,5.455776064270565,5.455776064270565,0.16818715677568946,0.18624675194581464,0.038160101529856244,0.04773695352200061,0.03678239970590614,0.046202108126106374,0.21001855455716079,0.25750858336285354,0.9383251695926287,0.98135768429371,STRONG_DEPENDENCE,True,No proof from configured rules,mlb-official-batting-v1
mlb,total_bases>=3,runs>=1,6863,1215,2252,1007,208,0.17703628150954392,0.3281363835057555,0.14672883578609938,0.8288065843621399,0.447158081705151,2.5257991067839103,2.5257991067839103,0.16818715677568946,0.18624675194581464,0.3171266314954659,0.3393384239238954,0.13855518252610943,0.15529774402263258,0.8065981001711493,0.8489424496006668,0.42673035029752593,0.4677657814809807,STRONG_DEPENDENCE,True,No proof from configured rules,mlb-official-batting-v1
mlb,total_bases>=3,runs>=2,6863,1215,458,299,916,0.17703628150954392,0.06673466414104619,0.04356695322745155,0.24609053497942388,0.6528384279475983,3.6875968156414545,3.6875968156414545,0.16818715677568946,0.18624675194581464,0.061069406236753686,0.0728846779425346,0.038987453322523256,0.04865713006124018,0.22269614566373647,0.27108543229720167,0.6081305069578223,0.6950038204745571,STRONG_DEPENDENCE,True,No proof from configured rules,mlb-official-batting-v1
mlb,total_bases>=3,RBI>=1,6863,1215,1778,915,300,0.17703628150954392,0.2590703773859828,0.13332361940842197,0.7530864197530864,0.5146231721034871,2.9068796955936063,2.9068796955936063,0.16818715677568946,0.18624675194581464,0.24884172496455845,0.26956859223418156,0.12548621193176537,0.14157128019440882,0.728067038612375,0.7765104809241291,0.49138576033850556,0.5377975318913296,STRONG_DEPENDENCE,True,No proof from configured rules,mlb-official-batting-v1
mlb,total_bases>=3,RBI>=2,6863,1215,593,446,769,0.17703628150954392,0.08640536208655107,0.06498615765700132,0.36707818930041153,0.7521079258010118,4.248326497755016,4.2483264977550155,0.16818715677568946,0.18624675194581464,0.07998737687584612,0.09328609477134064,0.059394162238131085,0.07106486527734403,0.340433817238156,0.3945604285987695,0.7158063304329951,0.7851642298072361,STRONG_DEPENDENCE,True,No proof from configured rules,mlb-official-batting-v1
mlb,total_bases>=3,RBI>=3,6863,1215,198,171,1044,0.17703628150954392,0.028850356986740492,0.024916217397639516,0.14074074074074075,0.8636363636363636,4.87830153385709,4.87830153385709,0.16818715677568946,0.18624675194581464,0.025146139244138867,0.03308171721919684,0.021485774678963912,0.028878204290792096,0.1223172234161505,0.16142883421739732,0.8088692376042381,0.9045619912491087,STRONG_DEPENDENCE,True,No proof from configured rules,mlb-official-batting-v1
mlb,total_bases>=4,home_runs>=1,6863,791,564,564,227,0.11525571907329156,0.08217980475010928,0.08217980475010928,0.7130214917825537,1.0,8.676359039190897,8.676359039190897,0.10791505722010244,0.12302684938000205,0.07591356395214373,0.08891352075749447,0.07591356395214373,0.08891352075749447,0.6805277796698896,0.7434561434888327,0.9932349800089056,1.0,STRONG_DEPENDENCE,True,No proof from configured rules,mlb-official-batting-v1
mlb,total_bases>=4,home_runs>=2,6863,791,27,27,764,0.11525571907329156,0.003934139589100976,0.003934139589100976,0.03413400758533502,1.0,8.676359039190897,8.676359039190897,0.10791505722010244,0.12302684938000205,0.0027052645438885347,0.0057180344601091134,0.0027052645438885347,0.0057180344601091134,0.02356338200248509,0.04920768218748993,0.8754449702581328,1.0,WEAK_OR_NONE,False,No proof from configured rules,mlb-official-batting-v1
mlb,total_bases>=4,hits>=1,6863,791,3819,791,0,0.11525571907329156,0.5564621885472826,0.11525571907329156,1.0,0.2071222833202409,1.7970672951034299,1.79706729510343,0.10791505722010244,0.12302684938000205,0.5446801576520175,0.5681810471169504,0.10791505722010244,0.12302684938000205,0.9951670125179508,1.0,0.19456711159190096,0.2202660631298959,EXACT_IMPLICATION,True,"At most four TB per hit, so hits >= ceil(TB/4); HRR includes nonnegative hits",mlb-official-batting-v1
mlb,total_bases>=4,hits>=2,6863,791,1371,517,274,0.11525571907329156,0.19976686580212735,0.07533148768760017,0.6536030341340076,0.3770970094821298,3.271829046872133,3.2718290468721327,0.10791505722010244,0.12302684938000205,0.1904766321191096,0.20939301323196607,0.06932214756520125,0.0818159652111686,0.6197733791704131,0.6859479660152531,0.35181932729839566,0.4030615007142609,STRONG_DEPENDENCE,True,No proof from configured rules,mlb-official-batting-v1
mlb,total_bases>=4,hits>=3,6863,791,303,225,566,0.11525571907329156,0.044149788722133175,0.03278449657584147,0.28445006321112515,0.7425742574257426,6.44284087068631,6.44284087068631,0.10791505722010244,0.12302684938000205,0.03953931593249423,0.04927028633920693,0.028825986902752152,0.037265747054163245,0.2541105620167489,0.3168730646980155,0.6905231489601619,0.7885516167673109,STRONG_DEPENDENCE,True,No proof from configured rules,mlb-official-batting-v1
mlb,total_bases>=4,total_bases>=1,6863,791,3819,791,0,0.11525571907329156,0.5564621885472826,0.11525571907329156,1.0,0.2071222833202409,1.7970672951034299,1.79706729510343,0.10791505722010244,0.12302684938000205,0.5446801576520175,0.5681810471169504,0.10791505722010244,0.12302684938000205,0.9951670125179508,1.0,0.19456711159190096,0.2202660631298959,EXACT_IMPLICATION,True,Threshold monotonicity,mlb-official-batting-v1
mlb,total_bases>=4,total_bases>=2,6863,791,2181,791,0,0.11525571907329156,0.3177910534751566,0.11525571907329156,1.0,0.3626776707932141,3.146721687299404,3.146721687299404,0.10791505722010244,0.12302684938000205,0.3068796786974051,0.3289062914610614,0.10791505722010244,0.12302684938000205,0.9951670125179508,1.0,0.34275824627992896,0.3830799844156196,EXACT_IMPLICATION,True,Threshold monotonicity,mlb-official-batting-v1
mlb,total_bases>=4,total_bases>=3,6863,791,1215,791,0,0.11525571907329156,0.17703628150954392,0.11525571907329156,1.0,0.6510288065843621,5.648559670781894,5.648559670781893,0.10791505722010244,0.12302684938000205,0.16818715677568946,0.18624675194581464,0.10791505722010244,0.12302684938000205,0.9951670125179508,1.0,0.623789602414225,0.6773160068051197,EXACT_IMPLICATION,True,Threshold monotonicity,mlb-official-batting-v1
mlb,total_bases>=4,total_bases>=5,6863,791,359,359,432,0.11525571907329156,0.05230948564767594,0.05230948564767594,0.4538558786346397,1.0,8.6763590391909,8.676359039190897,0.10791505722010244,0.12302684938000205,0.047287833167272794,0.05783203353555663,0.047287833167272794,0.05783203353555663,0.4194666718858281,0.4886911133053091,0.9894128448463978,1.0,STRONG_DEPENDENCE,True,No proof from configured rules,mlb-official-batting-v1
mlb,total_bases>=4,total_bases>=6,6863,791,162,162,629,0.11525571907329156,0.023604837534605856,0.023604837534605856,0.20480404551201012,1.0,8.6763590391909,8.6763590391909,0.10791505722010244,0.12302684938000205,0.020270735508846068,0.027471950963050044,0.020270735508846068,0.027471950963050044,0.17813921974816876,0.23432222798143548,0.9768365591570956,1.0,STRONG_DEPENDENCE,True,No proof from configured rules,mlb-official-batting-v1
mlb,total_bases>=4,hits_plus_runs_plus_RBI>=1,6863,791,4254,791,0,0.11525571907329156,0.6198455485939094,0.11525571907329156,1.0,0.1859426422190879,1.6133051245886225,1.6133051245886225,0.10791505722010244,0.12302684938000205,0.6082970007577593,0.631260008074437,0.10791505722010244,0.12302684938000205,0.9951670125179508,1.0,0.17453643254485393,0.1979155420432109,EXACT_IMPLICATION,True,"At most four TB per hit, so hits >= ceil(TB/4); HRR includes nonnegative hits",mlb-official-batting-v1
mlb,total_bases>=4,hits_plus_runs_plus_RBI>=2,6863,791,2787,791,0,0.11525571907329156,0.406090630919423,0.11525571907329156,1.0,0.2838177251524937,2.4625044851094366,2.4625044851094366,0.10791505722010244,0.12302684938000205,0.394527460255928,0.4177588714251049,0.10791505722010244,0.12302684938000205,0.9951670125179508,1.0,0.2673858744278672,0.3008447048508325,EMPIRICAL_NEAR_IMPLICATION,True,No proof from configured rules,mlb-official-batting-v1
mlb,total_bases>=4,hits_plus_runs_plus_RBI>=3,6863,791,1770,788,3,0.11525571907329156,0.25790470639661955,0.11481859245228035,0.9962073324905183,0.44519774011299434,3.8626954366567388,3.8626954366567383,0.10791505722010244,0.12302684938000205,0.24769190548167133,0.26838837394119314,0.10749063733176285,0.12257750510238836,0.9889090069255616,0.9987093304026194,0.42218821220317465,0.46844462928595293,EMPIRICAL_NEAR_IMPLICATION,True,No proof from configured rules,mlb-official-batting-v1
mlb,total_bases>=4,hits_plus_runs_plus_RBI>=4,6863,791,1017,598,193,0.11525571907329156,0.14818592452280344,0.0871339064549031,0.7560050568900126,0.5880039331366765,5.101733240350203,5.101733240350203,0.10791505722010244,0.12302684938000205,0.13997721764333465,0.1567882561252517,0.08069024746144843,0.09403949779566048,0.724884171328982,0.7846514039804617,0.5574780024166401,0.6178675406677738,STRONG_DEPENDENCE,True,No proof from configured rules,mlb-official-batting-v1
mlb,total_bases>=4,hits_plus_runs_plus_RBI>=5,6863,791,554,412,379,0.11525571907329156,0.08072271601340522,0.06003205595220749,0.5208596713021492,0.7436823104693141,6.4524547367268035,6.452454736726804,0.10791505722010244,0.12302684938000205,0.07450996230136143,0.08740457518843243,0.05465432962484785,0.06590203734315653,0.48602912777612495,0.5554885857676074,0.7057347874375665,0.7782736987204794,STRONG_DEPENDENCE,True,No proof from configured rules,mlb-official-batting-v1
mlb,total_bases>=4,hits_plus_runs_plus_RBI>=6,6863,791,293,252,539,0.11525571907329156,0.042692699985429114,0.03671863616494245,0.3185840707964602,0.8600682593856656,7.462261016642001,7.4622610166420005,0.10791505722010244,0.12302684938000205,0.038160101529856244,0.04773695352200061,0.03252200960078229,0.0414336018497128,0.28705786433512925,0.351863839087561,0.8156695949258763,0.8951475558800484,STRONG_DEPENDENCE,True,No proof from configured rules,mlb-official-batting-v1
mlb,total_bases>=4,runs>=1,6863,791,2252,742,49,0.11525571907329156,0.3281363835057555,0.10811598426344164,0.9380530973451328,0.32948490230905864,2.8587293104261304,2.8587293104261304,0.10791505722010244,0.12302684938000205,0.3171266314954659,0.3393384239238954,0.10098733174014456,0.11568309348272272,0.9190444398097135,0.9528275446086683,0.3103769342391361,0.34917360864276753,STRONG_DEPENDENCE,True,No proof from configured rules,mlb-official-batting-v1
mlb,total_bases>=4,runs>=2,6863,791,458,230,561,0.11525571907329156,0.06673466414104619,0.0335130409441935,0.29077117572692796,0.5021834061135371,4.357123534964861,4.357123534964861,0.10791505722010244,0.12302684938000205,0.061069406236753686,0.0728846779425346,0.02950929770782857,0.038038709859009,0.26019603167103666,0.3233687203600104,0.4565649629447017,0.5477655274471893,STRONG_DEPENDENCE,True,No proof from configured rules,mlb-official-batting-v1
mlb,total_bases>=4,RBI>=1,6863,791,1778,704,87,0.11525571907329156,0.2590703773859828,0.1025790470639662,0.8900126422250316,0.39595050618672667,3.4354087534254174,3.435408753425417,0.10791505722010244,0.12302684938000205,0.24884172496455845,0.26956859223418156,0.09562168883018762,0.1099810569572712,0.8662952914331097,0.9099601405815245,0.37346616798811466,0.41888348345344334,STRONG_DEPENDENCE,True,No proof from configured rules,mlb-official-batting-v1
mlb,total_bases>=4,RBI>=2,6863,791,593,372,419,0.11525571907329156,0.08640536208655107,0.05420370100539123,0.47029077117572693,0.627318718381113,5.442842432679619,5.442842432679619,0.10791505722010244,0.12302684938000205,0.07998737687584612,0.09328609477134064,0.049091997062882656,0.0598141810257444,0.43573562776021935,0.5051330832532525,0.5876995525442986,0.6652989578111358,STRONG_DEPENDENCE,True,No proof from configured rules,mlb-official-batting-v1
mlb,total_bases>=4,RBI>=3,6863,791,198,160,631,0.11525571907329156,0.028850356986740492,0.023313419787265043,0.202275600505689,0.8080808080808081,7.011199223588605,7.011199223588604,0.10791505722010244,0.12302684938000205,0.025146139244138867,0.03308171721919684,0.020001110107398655,0.027159066920528593,0.17575162756572976,0.23167737003736144,0.7475731843408006,0.8568616067710627,STRONG_DEPENDENCE,True,No proof from configured rules,mlb-official-batting-v1
mlb,total_bases>=5,home_runs>=1,6863,359,564,290,69,0.05230948564767594,0.08217980475010928,0.042255573364417896,0.807799442896936,0.5141843971631206,9.829658823761829,9.829658823761829,0.047287833167272794,0.05783203353555663,0.07591356395214373,0.08891352075749447,0.03774662878526612,0.047276662100637426,0.763866704861821,0.8452147400157665,0.47298000838629556,0.5551968704792054,STRONG_DEPENDENCE,True,No proof from configured rules,mlb-official-batting-v1
mlb,total_bases>=5,home_runs>=2,6863,359,27,27,332,0.05230948564767594,0.003934139589100976,0.003934139589100976,0.07520891364902507,1.0,19.11699164345404,19.11699164345404,0.047287833167272794,0.05783203353555663,0.0027052645438885347,0.0057180344601091134,0.0027052645438885347,0.0057180344601091134,0.0522000720781507,0.10721241349802962,0.8754449702581328,1.0,WEAK_OR_NONE,False,No proof from configured rules,mlb-official-batting-v1
mlb,total_bases>=5,hits>=1,6863,359,3819,359,0,0.05230948564767594,0.5564621885472826,0.05230948564767594,1.0,0.09400366588112072,1.79706729510343,1.79706729510343,0.047287833167272794,0.05783203353555663,0.5446801576520175,0.5681810471169504,0.047287833167272794,0.05783203353555663,0.9894128448463978,1.0,0.085151607841117,0.1036716710199882,EXACT_IMPLICATION,True,"At most four TB per hit, so hits >= ceil(TB/4); HRR includes nonnegative hits",mlb-official-batting-v1
mlb,total_bases>=5,hits>=2,6863,359,1371,359,0,0.05230948564767594,0.19976686580212735,0.05230948564767594,1.0,0.2618526622902991,5.00583515681984,5.005835156819839,0.047287833167272794,0.05783203353555663,0.1904766321191096,0.20939301323196607,0.047287833167272794,0.05783203353555663,0.9894128448463978,1.0,0.23926931395593226,0.28576683053150015,EXACT_IMPLICATION,True,"At most four TB per hit, so hits >= ceil(TB/4); HRR includes nonnegative hits",mlb-official-batting-v1
mlb,total_bases>=5,hits>=3,6863,359,303,136,223,0.05230948564767594,0.044149788722133175,0.01981640681917529,0.3788300835654596,0.44884488448844884,8.580563905972772,8.58056390597277,0.047287833167272794,0.05783203353555663,0.03953931593249423,0.04927028633920693,0.01677773621477049,0.023392327485530367,0.3301830545155457,0.4300428020258566,0.3938302239946725,0.5051404036410305,STRONG_DEPENDENCE,True,No proof from configured rules,mlb-official-batting-v1
mlb,total_bases>=5,total_bases>=1,6863,359,3819,359,0,0.05230948564767594,0.5564621885472826,0.05230948564767594,1.0,0.09400366588112072,1.79706729510343,1.79706729510343,0.047287833167272794,0.05783203353555663,0.5446801576520175,0.5681810471169504,0.047287833167272794,0.05783203353555663,0.9894128448463978,1.0,0.085151607841117,0.1036716710199882,EXACT_IMPLICATION,True,Threshold monotonicity,mlb-official-batting-v1
mlb,total_bases>=5,total_bases>=2,6863,359,2181,359,0,0.05230948564767594,0.3177910534751566,0.05230948564767594,1.0,0.1646033929390188,3.1467216872994044,3.146721687299404,0.047287833167272794,0.05783203353555663,0.3068796786974051,0.3289062914610614,0.047287833167272794,0.05783203353555663,0.9894128448463978,1.0,0.14963286925637898,0.18075332691655543,EXACT_IMPLICATION,True,Threshold monotonicity,mlb-official-batting-v1
mlb,total_bases>=5,total_bases>=3,6863,359,1215,359,0,0.05230948564767594,0.17703628150954392,0.05230948564767594,1.0,0.29547325102880656,5.648559670781894,5.648559670781893,0.047287833167272794,0.05783203353555663,0.16818715677568946,0.18624675194581464,0.047287833167272794,0.05783203353555663,0.9894128448463978,1.0,0.27049546481438935,0.32174026330001293,EXACT_IMPLICATION,True,Threshold monotonicity,mlb-official-batting-v1
mlb,total_bases>=5,total_bases>=4,6863,359,791,359,0,0.05230948564767594,0.11525571907329156,0.05230948564767594,1.0,0.4538558786346397,8.6763590391909,8.676359039190897,0.047287833167272794,0.05783203353555663,0.10791505722010244,0.12302684938000205,0.047287833167272794,0.05783203353555663,0.9894128448463978,1.0,0.4194666718858281,0.4886911133053091,EXACT_IMPLICATION,True,Threshold monotonicity,mlb-official-batting-v1
mlb,total_bases>=5,total_bases>=6,6863,359,162,162,197,0.05230948564767594,0.023604837534605856,0.023604837534605856,0.45125348189415043,1.0,19.11699164345404,19.11699164345404,0.047287833167272794,0.05783203353555663,0.020270735508846068,0.027471950963050044,0.020270735508846068,0.027471950963050044,0.4005650993885408,0.5029740383005292,0.9768365591570956,1.0,STRONG_DEPENDENCE,True,No proof from configured rules,mlb-official-batting-v1
mlb,total_bases>=5,hits_plus_runs_plus_RBI>=1,6863,359,4254,359,0,0.05230948564767594,0.6198455485939094,0.05230948564767594,1.0,0.08439116125999059,1.6133051245886223,1.6133051245886225,0.047287833167272794,0.05783203353555663,0.6082970007577593,0.631260008074437,0.047287833167272794,0.05783203353555663,0.9894128448463978,1.0,0.07640828164997983,0.09312397214620176,EXACT_IMPLICATION,True,"At most four TB per hit, so hits >= ceil(TB/4); HRR includes nonnegative hits",mlb-official-batting-v1
mlb,total_bases>=5,hits_plus_runs_plus_RBI>=2,6863,359,2787,359,0,0.05230948564767594,0.406090630919423,0.05230948564767594,1.0,0.12881234302116973,2.4625044851094366,2.4625044851094366,0.047287833167272794,0.05783203353555663,0.394527460255928,0.4177588714251049,0.047287833167272794,0.05783203353555663,0.9894128448463978,1.0,0.11688437093810816,0.1417621589603396,EXACT_IMPLICATION,True,"At most four TB per hit, so hits >= ceil(TB/4); HRR includes nonnegative hits",mlb-official-batting-v1
mlb,total_bases>=5,hits_plus_runs_plus_RBI>=3,6863,359,1770,359,0,0.05230948564767594,0.25790470639661955,0.05230948564767594,1.0,0.20282485875706216,3.877401129943503,3.877401129943503,0.047287833167272794,0.05783203353555663,0.24769190548167133,0.26838837394119314,0.047287833167272794,0.05783203353555663,0.9894128448463978,1.0,0.18474501978924565,0.2221918319971576,EMPIRICAL_NEAR_IMPLICATION,True,No proof from configured rules,mlb-official-batting-v1
mlb,total_bases>=5,hits_plus_runs_plus_RBI>=4,6863,359,1017,354,5,0.05230948564767594,0.14818592452280344,0.05158094127932391,0.9860724233983287,0.3480825958702065,6.654292076482527,6.654292076482527,0.047287833167272794,0.05783203353555663,0.13997721764333465,0.1567882561252517,0.046594428580757165,0.0570691645121501,0.967815908716709,0.9940366897551373,0.31942691364003967,0.37788161813044147,STRONG_DEPENDENCE,True,No proof from configured rules,mlb-official-batting-v1
mlb,total_bases>=5,hits_plus_runs_plus_RBI>=5,6863,359,554,288,71,0.05230948564767594,0.08072271601340522,0.04196415561707708,0.8022284122562674,0.51985559566787,9.938075078185493,9.938075078185493,0.047287833167272794,0.05783203353555663,0.07450996230136143,0.08740457518843243,0.03747105688746667,0.046969724554468004,0.757919367001721,0.8401379793260457,0.4782595269081303,0.5611782015936364,STRONG_DEPENDENCE,True,No proof from configured rules,mlb-official-batting-v1
mlb,total_bases>=5,hits_plus_runs_plus_RBI>=6,6863,359,293,198,161,0.05230948564767594,0.042692699985429114,0.028850356986740492,0.5515320334261838,0.6757679180887372,12.918649643016721,12.918649643016723,0.047287833167272794,0.05783203353555663,0.038160101529856244,0.04773695352200061,0.025146139244138867,0.03308171721919684,0.4998105657809174,0.6021623458049229,0.6201955862783824,0.7267909849681115,STRONG_DEPENDENCE,True,No proof from configured rules,mlb-official-batting-v1
mlb,total_bases>=5,runs>=1,6863,359,2252,347,12,0.05230948564767594,0.3281363835057555,0.050560979163631066,0.9665738161559888,0.15408525754884547,2.945646580940742,2.9456465809407417,0.047287833167272794,0.05783203353555663,0.3171266314954659,0.3393384239238954,0.04562414884935173,0.0560006611896645,0.9424909923937228,0.9807772611537513,0.1397643411553709,0.16958428620140742,STRONG_DEPENDENCE,True,No proof from configured rules,mlb-official-batting-v1
mlb,total_bases>=5,runs>=2,6863,359,458,163,196,0.05230948564767594,0.06673466414104619,0.023750546408276264,0.45403899721448465,0.3558951965065502,6.8036454975611536,6.8036454975611536,0.047287833167272794,0.05783203353555663,0.061069406236753686,0.0728846779425346,0.02040560171825424,0.027628339475626307,0.40329414696794064,0.5057570399960396,0.31341161502751924,0.40077601910766614,STRONG_DEPENDENCE,True,No proof from configured rules,mlb-official-batting-v1
mlb,total_bases>=5,RBI>=1,6863,359,1778,336,23,0.05230948564767594,0.2590703773859828,0.0489581815532566,0.935933147632312,0.1889763779527559,3.612659838133047,3.6126598381330464,0.047287833167272794,0.05783203353555663,0.24884172496455845,0.26956859223418156,0.0441006070717204,0.05432040102546707,0.9057028016906022,0.9569329098328586,0.17145705166769032,0.20783677129004774,STRONG_DEPENDENCE,True,No proof from configured rules,mlb-official-batting-v1
mlb,total_bases>=5,RBI>=2,6863,359,593,216,143,0.05230948564767594,0.08640536208655107,0.03147311671280781,0.6016713091922006,0.3642495784148398,6.963356146688148,6.96335614668815,0.047287833167272794,0.05783203353555663,0.07998737687584612,0.09328609477134064,0.027597431698025185,0.035873009761030306,0.5502112963747404,0.6509785021594853,0.32650683377112805,0.4037397876379782,STRONG_DEPENDENCE,True,No proof from configured rules,mlb-official-batting-v1
mlb,total_bases>=5,RBI>=3,6863,359,198,111,248,0.05230948564767594,0.028850356986740492,0.016173684977415125,0.30919220055710306,0.5606060606060606,10.71710137587575,10.71710137587575,0.047287833167272794,0.05783203353555663,0.025146139244138867,0.03308171721919684,0.013448546153955125,0.019440149496734907,0.2636159200639713,0.35880870460467373,0.4909731238009158,0.6279320810079752,STRONG_DEPENDENCE,True,No proof from configured rules,mlb-official-batting-v1
mlb,total_bases>=6,home_runs>=1,6863,162,564,144,18,0.023604837534605856,0.08217980475010928,0.02098207780853854,0.8888888888888888,0.2553191489361702,10.816390858944052,10.81639085894405,0.020270735508846068,0.027471950963050044,0.07591356395214373,0.08891352075749447,0.017849557953351892,0.024650543522824427,0.8312096257219821,0.9285521425113143,0.22107202655966593,0.292876813010444,STRONG_DEPENDENCE,True,No proof from configured rules,mlb-official-batting-v1
mlb,total_bases>=6,home_runs>=2,6863,162,27,27,135,0.023604837534605856,0.003934139589100976,0.003934139589100976,0.16666666666666666,1.0,42.364197530864196,42.364197530864196,0.020270735508846068,0.027471950963050044,0.0027052645438885347,0.0057180344601091134,0.0027052645438885347,0.0057180344601091134,0.11714481690988812,0.23163081031871482,0.8754449702581328,1.0,WEAK_OR_NONE,False,No proof from configured rules,mlb-official-batting-v1
mlb,total_bases>=6,hits>=1,6863,162,3819,162,0,0.023604837534605856,0.5564621885472826,0.023604837534605856,1.0,0.04241948153967007,1.79706729510343,1.79706729510343,0.020270735508846068,0.027471950963050044,0.5446801576520175,0.5681810471169504,0.020270735508846068,0.027471950963050044,0.9768365591570956,1.0,0.0364738775876844,0.04928470339250349,EXACT_IMPLICATION,True,"At most four TB per hit, so hits >= ceil(TB/4); HRR includes nonnegative hits",mlb-official-batting-v1
mlb,total_bases>=6,hits>=2,6863,162,1371,162,0,0.023604837534605856,0.19976686580212735,0.023604837534605856,1.0,0.11816192560175055,5.005835156819839,5.005835156819839,0.020270735508846068,0.027471950963050044,0.1904766321191096,0.20939301323196607,0.020270735508846068,0.027471950963050044,0.9768365591570956,1.0,0.102132516884731,0.13632512978960534,EXACT_IMPLICATION,True,"At most four TB per hit, so hits >= ceil(TB/4); HRR includes nonnegative hits",mlb-official-batting-v1
mlb,total_bases>=6,hits>=3,6863,162,303,94,68,0.023604837534605856,0.044149788722133175,0.013696634125018214,0.5802469135802469,0.3102310231023102,13.142688342908366,13.142688342908366,0.020270735508846068,0.027471950963050044,0.03953931593249423,0.04927028633920693,0.011206209895173036,0.01673115548178163,0.5032538870943596,0.6535223507950508,0.26079335596202924,0.3644202626865465,STRONG_DEPENDENCE,True,No proof from configured rules,mlb-official-batting-v1
mlb,total_bases>=6,total_bases>=1,6863,162,3819,162,0,0.023604837534605856,0.5564621885472826,0.023604837534605856,1.0,0.04241948153967007,1.79706729510343,1.79706729510343,0.020270735508846068,0.027471950963050044,0.5446801576520175,0.5681810471169504,0.020270735508846068,0.027471950963050044,0.9768365591570956,1.0,0.0364738775876844,0.04928470339250349,EXACT_IMPLICATION,True,Threshold monotonicity,mlb-official-batting-v1
mlb,total_bases>=6,total_bases>=2,6863,162,2181,162,0,0.023604837534605856,0.3177910534751566,0.023604837534605856,1.0,0.07427785419532325,3.146721687299404,3.146721687299404,0.020270735508846068,0.027471950963050044,0.3068796786974051,0.3289062914610614,0.020270735508846068,0.027471950963050044,0.9768365591570956,1.0,0.06400559753209563,0.08604714771270223,EXACT_IMPLICATION,True,Threshold monotonicity,mlb-official-batting-v1
mlb,total_bases>=6,total_bases>=3,6863,162,1215,162,0,0.023604837534605856,0.17703628150954392,0.023604837534605856,1.0,0.13333333333333333,5.648559670781893,5.648559670781893,0.020270735508846068,0.027471950963050044,0.16818715677568946,0.18624675194581464,0.020270735508846068,0.027471950963050044,0.9768365591570956,1.0,0.11536998833415207,0.15360794677637607,EXACT_IMPLICATION,True,Threshold monotonicity,mlb-official-batting-v1
mlb,total_bases>=6,total_bases>=4,6863,162,791,162,0,0.023604837534605856,0.11525571907329156,0.023604837534605856,1.0,0.20480404551201012,8.6763590391909,8.676359039190897,0.020270735508846068,0.027471950963050044,0.10791505722010244,0.12302684938000205,0.020270735508846068,0.027471950963050044,0.9768365591570956,1.0,0.17813921974816876,0.23432222798143548,EXACT_IMPLICATION,True,Threshold monotonicity,mlb-official-batting-v1
mlb,total_bases>=6,total_bases>=5,6863,162,359,162,0,0.023604837534605856,0.05230948564767594,0.023604837534605856,1.0,0.45125348189415043,19.11699164345404,19.11699164345404,0.020270735508846068,0.027471950963050044,0.047287833167272794,0.05783203353555663,0.020270735508846068,0.027471950963050044,0.9768365591570956,1.0,0.4005650993885408,0.5029740383005292,EXACT_IMPLICATION,True,Threshold monotonicity,mlb-official-batting-v1
mlb,total_bases>=6,hits_plus_runs_plus_RBI>=1,6863,162,4254,162,0,0.023604837534605856,0.6198455485939094,0.023604837534605856,1.0,0.0380818053596615,1.6133051245886223,1.6133051245886225,0.020270735508846068,0.027471950963050044,0.6082970007577593,0.631260008074437,0.020270735508846068,0.027471950963050044,0.9768365591570956,1.0,0.03273461334733862,0.04426248999513701,EXACT_IMPLICATION,True,"At most four TB per hit, so hits >= ceil(TB/4); HRR includes nonnegative hits",mlb-official-batting-v1
mlb,total_bases>=6,hits_plus_runs_plus_RBI>=2,6863,162,2787,162,0,0.023604837534605856,0.406090630919423,0.023604837534605856,1.0,0.0581270182992465,2.4625044851094366,2.4625044851094366,0.020270735508846068,0.027471950963050044,0.394527460255928,0.4177588714251049,0.020270735508846068,0.027471950963050044,0.9768365591570956,1.0,0.05003303537754876,0.06743743496555261,EXACT_IMPLICATION,True,"At most four TB per hit, so hits >= ceil(TB/4); HRR includes nonnegative hits",mlb-official-batting-v1
mlb,total_bases>=6,hits_plus_runs_plus_RBI>=3,6863,162,1770,162,0,0.023604837534605856,0.25790470639661955,0.023604837534605856,1.0,0.09152542372881356,3.877401129943503,3.877401129943503,0.020270735508846068,0.027471950963050044,0.24769190548167133,0.26838837394119314,0.020270735508846068,0.027471950963050044,0.9768365591570956,1.0,0.07896196509022929,0.10585808023594856,EMPIRICAL_NEAR_IMPLICATION,True,No proof from configured rules,mlb-official-batting-v1
mlb,total_bases>=6,hits_plus_runs_plus_RBI>=4,6863,162,1017,162,0,0.023604837534605856,0.14818592452280344,0.023604837534605856,1.0,0.1592920353982301,6.748279252704031,6.748279252704031,0.020270735508846068,0.027471950963050044,0.13997721764333465,0.1567882561252517,0.020270735508846068,0.027471950963050044,0.9768365591570956,1.0,0.13808898485832904,0.18305927571430303,EMPIRICAL_NEAR_IMPLICATION,True,No proof from configured rules,mlb-official-batting-v1
mlb,total_bases>=6,hits_plus_runs_plus_RBI>=5,6863,162,554,152,10,0.023604837534605856,0.08072271601340522,0.02214774879790179,0.9382716049382716,0.2743682310469314,11.623389936265989,11.623389936265989,0.020270735508846068,0.027471950963050044,0.07450996230136143,0.08740457518843243,0.01892408430418215,0.02590605494786963,0.8901112957855875,0.9661281573027307,0.2388624769674625,0.31298151733064333,STRONG_DEPENDENCE,True,No proof from configured rules,mlb-official-batting-v1
mlb,total_bases>=6,hits_plus_runs_plus_RBI>=6,6863,162,293,121,41,0.023604837534605856,0.042692699985429114,0.01763077371411919,0.7469135802469136,0.4129692832764505,17.495112290902963,17.495112290902963,0.020270735508846068,0.027471950963050044,0.038160101529856244,0.04773695352200061,0.014776208061218446,0.02102503480931591,0.6747759787549614,0.8076124455201474,0.3580730063645115,0.47011810884353517,STRONG_DEPENDENCE,True,No proof from configured rules,mlb-official-batting-v1
mlb,total_bases>=6,runs>=1,6863,162,2252,158,4,0.023604837534605856,0.3281363835057555,0.02302200203992423,0.9753086419753086,0.07015985790408526,2.9722660789860313,2.9722660789860313,0.020270735508846068,0.027471950963050044,0.3171266314954659,0.3393384239238954,0.01973162956660213,0.026846038017356248,0.9382406494946496,0.9903570672349351,0.06032640310375987,0.0814572570777054,STRONG_DEPENDENCE,True,No proof from configured rules,mlb-official-batting-v1
mlb,total_bases>=6,runs>=2,6863,162,458,92,70,0.023604837534605856,0.06673466414104619,0.0134052163776774,0.5679012345679012,0.20087336244541484,8.509838805326433,8.509838805326433,0.020270735508846068,0.027471950963050044,0.061069406236753686,0.0728846779425346,0.010943797121918508,0.01641105881106729,0.4909192765944283,0.6417375400812267,0.16673662572114417,0.23998619058977072,STRONG_DEPENDENCE,True,No proof from configured rules,mlb-official-batting-v1
mlb,total_bases>=6,RBI>=1,6863,162,1778,157,5,0.023604837534605856,0.2590703773859828,0.022876293166253826,0.9691358024691358,0.08830146231721035,3.7408205918704605,3.7408205918704605,0.020270735508846068,0.027471950963050044,0.24884172496455845,0.26956859223418156,0.019596944452113615,0.026689468409860334,0.9297919442305332,0.9867460618921736,0.07598500858247058,0.10239307171601818,STRONG_DEPENDENCE,True,No proof from configured rules,mlb-official-batting-v1
mlb,total_bases>=6,RBI>=2,6863,162,593,120,42,0.023604837534605856,0.08640536208655107,0.017485064840448785,0.7407407407407407,0.20236087689713322,8.572856161389046,8.572856161389044,0.020270735508846068,0.027471950963050044,0.07998737687584612,0.09328609477134064,0.014643185494291729,0.0208668026542582,0.6682353386442115,0.8020933750240196,0.17198785600684036,0.23656529528144854,STRONG_DEPENDENCE,True,No proof from configured rules,mlb-official-batting-v1
mlb,total_bases>=6,RBI>=3,6863,162,198,71,91,0.023604837534605856,0.028850356986740492,0.010345330030598864,0.4382716049382716,0.35858585858585856,15.19120214490585,15.19120214490585,0.020270735508846068,0.027471950963050044,0.025146139244138867,0.03308171721919684,0.008210402707148129,0.013028104064164573,0.36417236114160734,0.5152305327896155,0.29506052329790333,0.427493998814684,STRONG_DEPENDENCE,True,No proof from configured rules,mlb-official-batting-v1
mlb,hits_plus_runs_plus_RBI>=1,home_runs>=1,6863,4254,564,564,3690,0.6198455485939094,0.08217980475010928,0.08217980475010928,0.1325811001410437,1.0,1.6133051245886223,1.6133051245886225,0.6082970007577593,0.631260008074437,0.07591356395214373,0.08891352075749447,0.07591356395214373,0.08891352075749447,0.12272108049575309,0.14310409636139165,0.9932349800089056,1.0,STRONG_DEPENDENCE,True,No proof from configured rules,mlb-official-batting-v1
mlb,hits_plus_runs_plus_RBI>=1,home_runs>=2,6863,4254,27,27,4227,0.6198455485939094,0.003934139589100976,0.003934139589100976,0.006346967559943582,1.0,1.6133051245886223,1.6133051245886225,0.6082970007577593,0.631260008074437,0.0027052645438885347,0.0057180344601091134,0.0027052645438885347,0.0057180344601091134,0.004365762931304107,0.009218927663708002,0.8754449702581328,1.0,WEAK_OR_NONE,False,No proof from configured rules,mlb-official-batting-v1
mlb,hits_plus_runs_plus_RBI>=1,hits>=1,6863,4254,3819,3819,435,0.6198455485939094,0.5564621885472826,0.5564621885472826,0.8977433004231312,1.0,1.6133051245886225,1.6133051245886225,0.6082970007577593,0.631260008074437,0.5446801576520175,0.5681810471169504,0.5446801576520175,0.5681810471169504,0.8882766702403981,0.9064922361944778,0.9989951299675713,1.0,STRONG_DEPENDENCE,True,No proof from configured rules,mlb-official-batting-v1
mlb,hits_plus_runs_plus_RBI>=1,hits>=2,6863,4254,1371,1371,2883,0.6198455485939094,0.19976686580212735,0.19976686580212735,0.3222849083215797,1.0,1.6133051245886223,1.6133051245886225,0.6082970007577593,0.631260008074437,0.1904766321191096,0.20939301323196607,0.1904766321191096,0.20939301323196607,0.3084065978395247,0.3364838907746797,0.9972058895983621,1.0,STRONG_DEPENDENCE,True,No proof from configured rules,mlb-official-batting-v1
mlb,hits_plus_runs_plus_RBI>=1,hits>=3,6863,4254,303,303,3951,0.6198455485939094,0.044149788722133175,0.044149788722133175,0.07122708039492243,1.0,1.6133051245886225,1.6133051245886225,0.6082970007577593,0.631260008074437,0.03953931593249423,0.04927028633920693,0.03953931593249423,0.04927028633920693,0.0638786708270657,0.07934917471831622,0.987480639560709,1.0,STRONG_DEPENDENCE,True,No proof from configured rules,mlb-official-batting-v1
mlb,hits_plus_runs_plus_RBI>=1,total_bases>=1,6863,4254,3819,3819,435,0.6198455485939094,0.5564621885472826,0.5564621885472826,0.8977433004231312,1.0,1.6133051245886225,1.6133051245886225,0.6082970007577593,0.631260008074437,0.5446801576520175,0.5681810471169504,0.5446801576520175,0.5681810471169504,0.8882766702403981,0.9064922361944778,0.9989951299675713,1.0,STRONG_DEPENDENCE,True,No proof from configured rules,mlb-official-batting-v1
mlb,hits_plus_runs_plus_RBI>=1,total_bases>=2,6863,4254,2181,2181,2073,0.6198455485939094,0.3177910534751566,0.3177910534751566,0.5126939351198871,1.0,1.6133051245886225,1.6133051245886225,0.6082970007577593,0.631260008074437,0.3068796786974051,0.3289062914610614,0.3068796786974051,0.3289062914610614,0.4976689298601497,0.5276960352388357,0.9982417677011823,1.0,STRONG_DEPENDENCE,True,No proof from configured rules,mlb-official-batting-v1
mlb,hits_plus_runs_plus_RBI>=1,total_bases>=3,6863,4254,1215,1215,3039,0.6198455485939094,0.17703628150954392,0.17703628150954392,0.2856135401974612,1.0,1.6133051245886225,1.6133051245886225,0.6082970007577593,0.631260008074437,0.16818715677568946,0.18624675194581464,0.16818715677568946,0.18624675194581464,0.272237785317016,0.299376137455675,0.9968482703038252,1.0,STRONG_DEPENDENCE,True,No proof from configured rules,mlb-official-batting-v1
mlb,hits_plus_runs_plus_RBI>=1,total_bases>=4,6863,4254,791,791,3463,0.6198455485939094,0.11525571907329156,0.11525571907329156,0.1859426422190879,1.0,1.6133051245886225,1.6133051245886225,0.6082970007577593,0.631260008074437,0.10791505722010244,0.12302684938000205,0.10791505722010244,0.12302684938000205,0.17453643254485393,0.1979155420432109,0.9951670125179508,1.0,STRONG_DEPENDENCE,True,No proof from configured rules,mlb-official-batting-v1
mlb,hits_plus_runs_plus_RBI>=1,total_bases>=5,6863,4254,359,359,3895,0.6198455485939094,0.05230948564767594,0.05230948564767594,0.08439116125999059,1.0,1.6133051245886223,1.6133051245886223,0.6082970007577593,0.631260008074437,0.047287833167272794,0.05783203353555663,0.047287833167272794,0.05783203353555663,0.07640828164997983,0.09312397214620176,0.9894128448463978,1.0,STRONG_DEPENDENCE,True,No proof from configured rules,mlb-official-batting-v1
mlb,hits_plus_runs_plus_RBI>=1,total_bases>=6,6863,4254,162,162,4092,0.6198455485939094,0.023604837534605856,0.023604837534605856,0.0380818053596615,1.0,1.6133051245886223,1.6133051245886227,0.6082970007577593,0.631260008074437,0.020270735508846068,0.027471950963050044,0.020270735508846068,0.027471950963050044,0.03273461334733862,0.04426248999513701,0.9768365591570956,1.0,STRONG_DEPENDENCE,True,No proof from configured rules,mlb-official-batting-v1
mlb,hits_plus_runs_plus_RBI>=1,hits_plus_runs_plus_RBI>=2,6863,4254,2787,2787,1467,0.6198455485939094,0.406090630919423,0.406090630919423,0.655148095909732,1.0,1.6133051245886223,1.6133051245886225,0.6082970007577593,0.631260008074437,0.394527460255928,0.4177588714251049,0.394527460255928,0.4177588714251049,0.6407303535429805,0.6692858865557301,0.9986235481744933,1.0,STRONG_DEPENDENCE,True,No proof from configured rules,mlb-official-batting-v1
mlb,hits_plus_runs_plus_RBI>=1,hits_plus_runs_plus_RBI>=3,6863,4254,1770,1770,2484,0.6198455485939094,0.25790470639661955,0.25790470639661955,0.41607898448519043,1.0,1.6133051245886225,1.6133051245886225,0.6082970007577593,0.631260008074437,0.24769190548167133,0.26838837394119314,0.24769190548167133,0.26838837394119314,0.40134916830892187,0.4309602290922302,0.9978343843517742,1.0,STRONG_DEPENDENCE,True,No proof from configured rules,mlb-official-batting-v1
mlb,hits_plus_runs_plus_RBI>=1,hits_plus_runs_plus_RBI>=4,6863,4254,1017,1017,3237,0.6198455485939094,0.14818592452280344,0.14818592452280344,0.2390691114245416,1.0,1.6133051245886223,1.6133051245886225,0.6082970007577593,0.631260008074437,0.13997721764333465,0.1567882561252517,0.13997721764333465,0.1567882561252517,0.22649122522156856,0.25211782552150924,0.9962369682505531,1.0,STRONG_DEPENDENCE,True,No proof from configured rules,mlb-official-batting-v1
mlb,hits_plus_runs_plus_RBI>=1,hits_plus_runs_plus_RBI>=5,6863,4254,554,554,3700,0.6198455485939094,0.08072271601340522,0.08072271601340522,0.13023037141513868,1.0,1.6133051245886225,1.6133051245886223,0.6082970007577593,0.631260008074437,0.07450996230136143,0.08740457518843243,0.07450996230136143,0.08740457518843243,0.12044939796248882,0.14067856313558452,0.9931137086353976,1.0,STRONG_DEPENDENCE,True,No proof from configured rules,mlb-official-batting-v1
mlb,hits_plus_runs_plus_RBI>=1,hits_plus_runs_plus_RBI>=6,6863,4254,293,293,3961,0.6198455485939094,0.042692699985429114,0.042692699985429114,0.0688763516690174,1.0,1.6133051245886225,1.6133051245886225,0.6082970007577593,0.631260008074437,0.038160101529856244,0.04773695352200061,0.038160101529856244,0.04773695352200061,0.06164875008264695,0.07688187970366361,0.9870588871380849,1.0,STRONG_DEPENDENCE,True,No proof from configured rules,mlb-official-batting-v1
mlb,hits_plus_runs_plus_RBI>=1,runs>=1,6863,4254,2252,2252,2002,0.6198455485939094,0.3281363835057555,0.3281363835057555,0.5293841090738128,1.0,1.6133051245886225,1.6133051245886223,0.6082970007577593,0.631260008074437,0.3171266314954659,0.3393384239238954,0.3171266314954659,0.3393384239238954,0.5143651429105496,0.5443500540778425,0.9982971060285847,1.0,STRONG_DEPENDENCE,True,No proof from configured rules,mlb-official-batting-v1
mlb,hits_plus_runs_plus_RBI>=1,runs>=2,6863,4254,458,458,3796,0.6198455485939094,0.06673466414104619,0.06673466414104619,0.1076633756464504,1.0,1.6133051245886225,1.6133051245886225,0.6082970007577593,0.631260008074437,0.061069406236753686,0.0728846779425346,0.061069406236753686,0.0728846779425346,0.0987005750039634,0.1173341148070248,0.9916822997430694,1.0,STRONG_DEPENDENCE,True,No proof from configured rules,mlb-official-batting-v1
mlb,hits_plus_runs_plus_RBI>=1,RBI>=1,6863,4254,1778,1778,2476,0.6198455485939094,0.2590703773859828,0.2590703773859828,0.41795956746591445,1.0,1.6133051245886223,1.6133051245886225,0.6082970007577593,0.631260008074437,0.24884172496455845,0.26956859223418156,0.24884172496455845,0.26956859223418156,0.4032185568530537,0.43284861315535555,0.997844107397054,1.0,STRONG_DEPENDENCE,True,No proof from configured rules,mlb-official-batting-v1
mlb,hits_plus_runs_plus_RBI>=1,RBI>=2,6863,4254,593,593,3661,0.6198455485939094,0.08640536208655107,0.08640536208655107,0.13939821344616832,1.0,1.6133051245886225,1.6133051245886225,0.6082970007577593,0.631260008074437,0.07998737687584612,0.09328609477134064,0.07998737687584612,0.09328609477134064,0.1293148793057525,0.15013222325269923,0.9935636863627325,1.0,STRONG_DEPENDENCE,True,No proof from configured rules,mlb-official-batting-v1
mlb,hits_plus_runs_plus_RBI>=1,RBI>=3,6863,4254,198,198,4056,0.6198455485939094,0.028850356986740492,0.028850356986740492,0.0465444287729196,1.0,1.6133051245886223,1.6133051245886223,0.6082970007577593,0.631260008074437,0.025146139244138867,0.03308171721919684,0.025146139244138867,0.03308171721919684,0.040612751348379154,0.0532943287267534,0.9809679396733518,1.0,STRONG_DEPENDENCE,True,No proof from configured rules,mlb-official-batting-v1
mlb,hits_plus_runs_plus_RBI>=2,home_runs>=1,6863,2787,564,564,2223,0.406090630919423,0.08217980475010928,0.08217980475010928,0.2023681377825619,1.0,2.4625044851094366,2.462504485109437,0.394527460255928,0.4177588714251049,0.07591356395214373,0.08891352075749447,0.07591356395214373,0.08891352075749447,0.1878664695734981,0.2176891578317822,0.9932349800089056,1.0,STRONG_DEPENDENCE,True,No proof from configured rules,mlb-official-batting-v1
mlb,hits_plus_runs_plus_RBI>=2,home_runs>=2,6863,2787,27,27,2760,0.406090630919423,0.003934139589100976,0.003934139589100976,0.00968783638320775,1.0,2.4625044851094366,2.4625044851094366,0.394527460255928,0.4177588714251049,0.0027052645438885347,0.0057180344601091134,0.0027052645438885347,0.0057180344601091134,0.006666630556991741,0.014058824354780917,0.8754449702581328,1.0,WEAK_OR_NONE,False,No proof from configured rules,mlb-official-batting-v1
mlb,hits_plus_runs_plus_RBI>=2,hits>=1,6863,2787,3819,2742,45,0.406090630919423,0.5564621885472826,0.3995337316042547,0.9838536060279871,0.7179890023566379,1.7680511385624704,1.7680511385624704,0.394527460255928,0.4177588714251049,0.5446801576520175,0.5681810471169504,0.3880049429454243,0.41117492624630914,0.9784643176748461,0.9879108920225376,0.7035040880774329,0.7320358154041086,STRONG_DEPENDENCE,True,No proof from configured rules,mlb-official-batting-v1
mlb,hits_plus_runs_plus_RBI>=2,hits>=2,6863,2787,1371,1371,1416,0.406090630919423,0.19976686580212735,0.19976686580212735,0.49192680301399355,1.0,2.4625044851094366,2.4625044851094366,0.394527460255928,0.4177588714251049,0.1904766321191096,0.20939301323196607,0.1904766321191096,0.20939301323196607,0.4733900484538807,0.5104857823075647,0.9972058895983621,1.0,STRONG_DEPENDENCE,True,No proof from configured rules,mlb-official-batting-v1
mlb,hits_plus_runs_plus_RBI>=2,hits>=3,6863,2787,303,303,2484,0.406090630919423,0.044149788722133175,0.044149788722133175,0.10871905274488698,1.0,2.4625044851094366,2.462504485109437,0.394527460255928,0.4177588714251049,0.03953931593249423,0.04927028633920693,0.03953931593249423,0.04927028633920693,0.09769617994227496,0.12081908429576978,0.987480639560709,1.0,STRONG_DEPENDENCE,True,No proof from configured rules,mlb-official-batting-v1
mlb,hits_plus_runs_plus_RBI>=2,total_bases>=1,6863,2787,3819,2742,45,0.406090630919423,0.5564621885472826,0.3995337316042547,0.9838536060279871,0.7179890023566379,1.7680511385624704,1.7680511385624704,0.394527460255928,0.4177588714251049,0.5446801576520175,0.5681810471169504,0.3880049429454243,0.41117492624630914,0.9784643176748461,0.9879108920225376,0.7035040880774329,0.7320358154041086,STRONG_DEPENDENCE,True,No proof from configured rules,mlb-official-batting-v1
mlb,hits_plus_runs_plus_RBI>=2,total_bases>=2,6863,2787,2181,2010,777,0.406090630919423,0.3177910534751566,0.29287483607751713,0.721205597416577,0.921595598349381,2.2694332943924658,2.2694332943924658,0.394527460255928,0.4177588714251049,0.3068796786974051,0.3289062914610614,0.28222645280215375,0.30375495989697465,0.704262211206537,0.7375400259298642,0.9095585694040099,0.9321501012986376,STRONG_DEPENDENCE,True,No proof from configured rules,mlb-official-batting-v1
mlb,hits_plus_runs_plus_RBI>=2,total_bases>=3,6863,2787,1215,1205,1582,0.406090630919423,0.17703628150954392,0.17557919277283987,0.43236454969501253,0.9917695473251029,2.4422369584830217,2.4422369584830217,0.394527460255928,0.4177588714251049,0.16818715677568946,0.18624675194581464,0.16676013414692334,0.1847612273547364,0.41407763112745777,0.45083766214065,0.9849159513291701,0.9955232939490779,STRONG_DEPENDENCE,True,No proof from configured rules,mlb-official-batting-v1
mlb,hits_plus_runs_plus_RBI>=2,total_bases>=4,6863,2787,791,791,1996,0.406090630919423,0.11525571907329156,0.11525571907329156,0.2838177251524937,1.0,2.4625044851094366,2.4625044851094366,0.394527460255928,0.4177588714251049,0.10791505722010244,0.12302684938000205,0.10791505722010244,0.12302684938000205,0.2673858744278672,0.3008447048508325,0.9951670125179508,1.0,STRONG_DEPENDENCE,True,No proof from configured rules,mlb-official-batting-v1
mlb,hits_plus_runs_plus_RBI>=2,total_bases>=5,6863,2787,359,359,2428,0.406090630919423,0.05230948564767594,0.05230948564767594,0.12881234302116973,1.0,2.4625044851094366,2.462504485109437,0.394527460255928,0.4177588714251049,0.047287833167272794,0.05783203353555663,0.047287833167272794,0.05783203353555663,0.11688437093810816,0.1417621589603396,0.9894128448463978,1.0,STRONG_DEPENDENCE,True,No proof from configured rules,mlb-official-batting-v1
mlb,hits_plus_runs_plus_RBI>=2,total_bases>=6,6863,2787,162,162,2625,0.406090630919423,0.023604837534605856,0.023604837534605856,0.0581270182992465,1.0,2.4625044851094366,2.4625044851094366,0.394527460255928,0.4177588714251049,0.020270735508846068,0.027471950963050044,0.020270735508846068,0.027471950963050044,0.05003303537754876,0.06743743496555261,0.9768365591570956,1.0,STRONG_DEPENDENCE,True,No proof from configured rules,mlb-official-batting-v1
mlb,hits_plus_runs_plus_RBI>=2,hits_plus_runs_plus_RBI>=1,6863,2787,4254,2787,0,0.406090630919423,0.6198455485939094,0.406090630919423,1.0,0.655148095909732,1.6133051245886223,1.6133051245886225,0.394527460255928,0.4177588714251049,0.6082970007577593,0.631260008074437,0.394527460255928,0.4177588714251049,0.9986235481744933,1.0,0.6407303535429805,0.6692858865557301,EXACT_IMPLICATION,True,Threshold monotonicity,mlb-official-batting-v1
mlb,hits_plus_runs_plus_RBI>=2,hits_plus_runs_plus_RBI>=3,6863,2787,1770,1770,1017,0.406090630919423,0.25790470639661955,0.25790470639661955,0.635091496232508,1.0,2.4625044851094366,2.4625044851094366,0.394527460255928,0.4177588714251049,0.24769190548167133,0.26838837394119314,0.24769190548167133,0.26838837394119314,0.6170442032448725,0.6527668953469442,0.9978343843517742,1.0,STRONG_DEPENDENCE,True,No proof from configured rules,mlb-official-batting-v1
mlb,hits_plus_runs_plus_RBI>=2,hits_plus_runs_plus_RBI>=4,6863,2787,1017,1017,1770,0.406090630919423,0.14818592452280344,0.14818592452280344,0.36490850376749195,1.0,2.4625044851094366,2.462504485109437,0.394527460255928,0.4177588714251049,0.13997721764333465,0.1567882561252517,0.13997721764333465,0.1567882561252517,0.3472331046530558,0.3829557967551276,0.9962369682505531,1.0,STRONG_DEPENDENCE,True,No proof from configured rules,mlb-official-batting-v1
mlb,hits_plus_runs_plus_RBI>=2,hits_plus_runs_plus_RBI>=5,6863,2787,554,554,2233,0.406090630919423,0.08072271601340522,0.08072271601340522,0.1987800502332257,1.0,2.4625044851094366,2.4625044851094366,0.394527460255928,0.4177588714251049,0.07450996230136143,0.08740457518843243,0.07450996230136143,0.08740457518843243,0.18438268916339176,0.21400664080253082,0.9931137086353976,1.0,STRONG_DEPENDENCE,True,No proof from configured rules,mlb-official-batting-v1
mlb,hits_plus_runs_plus_RBI>=2,hits_plus_runs_plus_RBI>=6,6863,2787,293,293,2494,0.406090630919423,0.042692699985429114,0.042692699985429114,0.10513096519555078,1.0,2.4625044851094366,2.4625044851094366,0.394527460255928,0.4177588714251049,0.038160101529856244,0.04773695352200061,0.038160101529856244,0.04773695352200061,0.0942819481290757,0.11706701866961136,0.9870588871380849,1.0,STRONG_DEPENDENCE,True,No proof from configured rules,mlb-official-batting-v1
mlb,hits_plus_runs_plus_RBI>=2,runs>=1,6863,2787,2252,2006,781,0.406090630919423,0.3281363835057555,0.2922920005828355,0.7197703623968424,0.8907637655417406,2.1935097678195072,2.193509767819507,0.394527460255928,0.4177588714251049,0.3171266314954659,0.3393384239238954,0.28165022435265424,0.3031661694585364,0.7028028297933214,0.7361328883673367,0.8772087806105554,0.9029878919517488,STRONG_DEPENDENCE,True,No proof from configured rules,mlb-official-batting-v1
mlb,hits_plus_runs_plus_RBI>=2,runs>=2,6863,2787,458,458,2329,0.406090630919423,0.06673466414104619,0.06673466414104619,0.16433440975959812,1.0,2.4625044851094366,2.4625044851094366,0.394527460255928,0.4177588714251049,0.061069406236753686,0.0728846779425346,0.061069406236753686,0.0728846779425346,0.15103999560270637,0.1785528789453824,0.9916822997430694,1.0,STRONG_DEPENDENCE,True,No proof from configured rules,mlb-official-batting-v1
mlb,hits_plus_runs_plus_RBI>=2,RBI>=1,6863,2787,1778,1634,1153,0.406090630919423,0.2590703773859828,0.23808829957744426,0.5862935055615357,0.9190101237345332,2.2630665515572663,2.2630665515572663,0.394527460255928,0.4177588714251049,0.24884172496455845,0.26956859223418156,0.22816000870402398,0.24830962852895755,0.5679024192141919,0.6044470342023602,0.9054071677969319,0.9308063980194968,STRONG_DEPENDENCE,True,No proof from configured rules,mlb-official-batting-v1
mlb,hits_plus_runs_plus_RBI>=2,RBI>=2,6863,2787,593,593,2194,0.406090630919423,0.08640536208655107,0.08640536208655107,0.2127735916756369,1.0,2.4625044851094366,2.4625044851094366,0.394527460255928,0.4177588714251049,0.07998737687584612,0.09328609477134064,0.07998737687584612,0.09328609477134064,0.1979796939153575,0.22835819606406002,0.9935636863627325,1.0,STRONG_DEPENDENCE,True,No proof from configured rules,mlb-official-batting-v1
mlb,hits_plus_runs_plus_RBI>=2,RBI>=3,6863,2787,198,198,2589,0.406090630919423,0.028850356986740492,0.028850356986740492,0.07104413347685684,1.0,2.4625044851094366,2.462504485109437,0.394527460255928,0.4177588714251049,0.025146139244138867,0.03308171721919684,0.025146139244138867,0.03308171721919684,0.06208521871661506,0.081183922408174,0.9809679396733518,1.0,STRONG_DEPENDENCE,True,No proof from configured rules,mlb-official-batting-v1
mlb,hits_plus_runs_plus_RBI>=3,home_runs>=1,6863,1770,564,564,1206,0.25790470639661955,0.08217980475010928,0.08217980475010928,0.31864406779661014,1.0,3.877401129943503,3.877401129943503,0.24769190548167133,0.26838837394119314,0.07591356395214373,0.08891352075749447,0.07591356395214373,0.08891352075749447,0.29734969628900226,0.3407239337935745,0.9932349800089056,1.0,STRONG_DEPENDENCE,True,No proof from configured rules,mlb-official-batting-v1
mlb,hits_plus_runs_plus_RBI>=3,home_runs>=2,6863,1770,27,27,1743,0.25790470639661955,0.003934139589100976,0.003934139589100976,0.015254237288135594,1.0,3.877401129943503,3.8774011299435034,0.24769190548167133,0.26838837394119314,0.0027052645438885347,0.0057180344601091134,0.0027052645438885347,0.0057180344601091134,0.010504620895166922,0.022103399699384383,0.8754449702581328,1.0,WEAK_OR_NONE,False,No proof from configured rules,mlb-official-batting-v1
mlb,hits_plus_runs_plus_RBI>=3,hits>=1,6863,1770,3819,1765,5,0.25790470639661955,0.5564621885472826,0.25717616202826754,0.9971751412429378,0.46216286986122024,1.7919908338178272,1.7919908338178272,0.24769190548167133,0.26838837394119314,0.5446801576520175,0.5681810471169504,0.24697331696725122,0.2676506888456911,0.9934040978045824,0.9987928041497238,0.4463964509611111,0.47800533155770836,EMPIRICAL_NEAR_IMPLICATION,True,No proof from configured rules,mlb-official-batting-v1
mlb,hits_plus_runs_plus_RBI>=3,hits>=2,6863,1770,1371,1179,591,0.25790470639661955,0.19976686580212735,0.17179076205740929,0.6661016949152543,0.8599562363238512,3.3343952824240626,3.3343952824240626,0.24769190548167133,0.26838837394119314,0.1904766321191096,0.20939301323196607,0.16305094655019958,0.1808977921798649,0.6437923934043738,0.6876915715667241,0.840579020641333,0.8773219370782754,STRONG_DEPENDENCE,True,No proof from configured rules,mlb-official-batting-v1
mlb,hits_plus_runs_plus_RBI>=3,hits>=3,6863,1770,303,303,1467,0.25790470639661955,0.044149788722133175,0.044149788722133175,0.1711864406779661,1.0,3.877401129943503,3.877401129943503,0.24769190548167133,0.26838837394119314,0.03953931593249423,0.04927028633920693,0.03953931593249423,0.04927028633920693,0.15435520180472767,0.18944184713003787,0.987480639560709,1.0,STRONG_DEPENDENCE,True,No proof from configured rules,mlb-official-batting-v1
mlb,hits_plus_runs_plus_RBI>=3,total_bases>=1,6863,1770,3819,1765,5,0.25790470639661955,0.5564621885472826,0.25717616202826754,0.9971751412429378,0.46216286986122024,1.7919908338178272,1.7919908338178272,0.24769190548167133,0.26838837394119314,0.5446801576520175,0.5681810471169504,0.24697331696725122,0.2676506888456911,0.9934040978045824,0.9987928041497238,0.4463964509611111,0.47800533155770836,EMPIRICAL_NEAR_IMPLICATION,True,No proof from configured rules,mlb-official-batting-v1
mlb,hits_plus_runs_plus_RBI>=3,total_bases>=2,6863,1770,2181,1592,178,0.25790470639661955,0.3177910534751566,0.2319685268832872,0.8994350282485876,0.7299403943145346,2.830271709706583,2.8302717097065826,0.24769190548167133,0.26838837394119314,0.3068796786974051,0.3289062914610614,0.22213405499782432,0.24210288391181103,0.8845474596986754,0.9125925513032503,0.7109146332033156,0.7481575781695802,STRONG_DEPENDENCE,True,No proof from configured rules,mlb-official-batting-v1
mlb,hits_plus_runs_plus_RBI>=3,total_bases>=3,6863,1770,1215,1135,635,0.25790470639661955,0.17703628150954392,0.1653795716159114,0.6412429378531074,0.934156378600823,3.622098997930762,3.6220989979307623,0.24769190548167133,0.26838837394119314,0.16818715677568946,0.18624675194581464,0.1567774806586179,0.17435605030413154,0.6186145516139858,0.6632595682593967,0.9187976916929006,0.9467783784063055,STRONG_DEPENDENCE,True,No proof from configured rules,mlb-official-batting-v1
mlb,hits_plus_runs_plus_RBI>=3,total_bases>=4,6863,1770,791,788,982,0.25790470639661955,0.11525571907329156,0.11481859245228035,0.44519774011299434,0.9962073324905183,3.8626954366567388,3.8626954366567388,0.24769190548167133,0.26838837394119314,0.10791505722010244,0.12302684938000205,0.10749063733176285,0.12257750510238836,0.42218821220317465,0.46844462928595293,0.9889090069255616,0.9987093304026194,STRONG_DEPENDENCE,True,No proof from configured rules,mlb-official-batting-v1
mlb,hits_plus_runs_plus_RBI>=3,total_bases>=5,6863,1770,359,359,1411,0.25790470639661955,0.05230948564767594,0.05230948564767594,0.20282485875706216,1.0,3.877401129943503,3.877401129943503,0.24769190548167133,0.26838837394119314,0.047287833167272794,0.05783203353555663,0.047287833167272794,0.05783203353555663,0.18474501978924565,0.2221918319971576,0.9894128448463978,1.0,STRONG_DEPENDENCE,True,No proof from configured rules,mlb-official-batting-v1
mlb,hits_plus_runs_plus_RBI>=3,total_bases>=6,6863,1770,162,162,1608,0.25790470639661955,0.023604837534605856,0.023604837534605856,0.09152542372881356,1.0,3.877401129943503,3.877401129943503,0.24769190548167133,0.26838837394119314,0.020270735508846068,0.027471950963050044,0.020270735508846068,0.027471950963050044,0.07896196509022929,0.10585808023594856,0.9768365591570956,1.0,STRONG_DEPENDENCE,True,No proof from configured rules,mlb-official-batting-v1
mlb,hits_plus_runs_plus_RBI>=3,hits_plus_runs_plus_RBI>=1,6863,1770,4254,1770,0,0.25790470639661955,0.6198455485939094,0.25790470639661955,1.0,0.41607898448519043,1.6133051245886225,1.6133051245886225,0.24769190548167133,0.26838837394119314,0.6082970007577593,0.631260008074437,0.24769190548167133,0.26838837394119314,0.9978343843517742,1.0,0.40134916830892187,0.4309602290922302,EXACT_IMPLICATION,True,Threshold monotonicity,mlb-official-batting-v1
mlb,hits_plus_runs_plus_RBI>=3,hits_plus_runs_plus_RBI>=2,6863,1770,2787,1770,0,0.25790470639661955,0.406090630919423,0.25790470639661955,1.0,0.635091496232508,2.4625044851094366,2.4625044851094366,0.24769190548167133,0.26838837394119314,0.394527460255928,0.4177588714251049,0.24769190548167133,0.26838837394119314,0.9978343843517742,1.0,0.6170442032448725,0.6527668953469442,EXACT_IMPLICATION,True,Threshold monotonicity,mlb-official-batting-v1
mlb,hits_plus_runs_plus_RBI>=3,hits_plus_runs_plus_RBI>=4,6863,1770,1017,1017,753,0.25790470639661955,0.14818592452280344,0.14818592452280344,0.5745762711864407,1.0,3.8774011299435034,3.8774011299435034,0.24769190548167133,0.26838837394119314,0.13997721764333465,0.1567882561252517,0.13997721764333465,0.1567882561252517,0.5514063851814117,0.5974231501117344,0.9962369682505531,1.0,STRONG_DEPENDENCE,True,No proof from configured rules,mlb-official-batting-v1
mlb,hits_plus_runs_plus_RBI>=3,hits_plus_runs_plus_RBI>=5,6863,1770,554,554,1216,0.25790470639661955,0.08072271601340522,0.08072271601340522,0.3129943502824859,1.0,3.877401129943503,3.877401129943503,0.24769190548167133,0.26838837394119314,0.07450996230136143,0.08740457518843243,0.07450996230136143,0.08740457518843243,0.2918161462904595,0.3349825189971821,0.9931137086353976,1.0,STRONG_DEPENDENCE,True,No proof from configured rules,mlb-official-batting-v1
mlb,hits_plus_runs_plus_RBI>=3,hits_plus_runs_plus_RBI>=6,6863,1770,293,293,1477,0.25790470639661955,0.042692699985429114,0.042692699985429114,0.1655367231638418,1.0,3.877401129943503,3.8774011299435025,0.24769190548167133,0.26838837394119314,0.038160101529856244,0.04773695352200061,0.038160101529856244,0.04773695352200061,0.14895004917133972,0.18357203496849053,0.9870588871380849,1.0,STRONG_DEPENDENCE,True,No proof from configured rules,mlb-official-batting-v1
mlb,hits_plus_runs_plus_RBI>=3,runs>=1,6863,1770,2252,1477,293,0.25790470639661955,0.3281363835057555,0.21521200641119045,0.8344632768361582,0.6558614564831261,2.5430379524540645,2.5430379524540645,0.24769190548167133,0.26838837394119314,0.3171266314954659,0.3393384239238954,0.20564973230065467,0.2250929135807709,0.8164279650315095,0.8510499508286603,0.635989259303867,0.675202822593143,STRONG_DEPENDENCE,True,No proof from configured rules,mlb-official-batting-v1
mlb,hits_plus_runs_plus_RBI>=3,runs>=2,6863,1770,458,440,1330,0.25790470639661955,0.06673466414104619,0.06411190441497887,0.24858757062146894,0.9606986899563319,3.7250141859719235,3.7250141859719244,0.24769190548167133,0.26838837394119314,0.061069406236753686,0.0728846779425346,0.05855698866039115,0.07015451052317735,0.22901200190682763,0.26925206471855156,0.9387357428864033,0.9749977298026259,STRONG_DEPENDENCE,True,No proof from configured rules,mlb-official-batting-v1
mlb,hits_plus_runs_plus_RBI>=3,RBI>=1,6863,1770,1778,1319,451,0.25790470639661955,0.2590703773859828,0.1921900043712662,0.7451977401129943,0.7418447694038245,2.8764297471290665,2.876429747129066,0.24769190548167133,0.26838837394119314,0.24884172496455845,0.26956859223418156,0.18304117406203216,0.20168322574585298,0.724381645930557,0.7649518261696351,0.7209973054134255,0.7616494506953857,STRONG_DEPENDENCE,True,No proof from configured rules,mlb-official-batting-v1
mlb,hits_plus_runs_plus_RBI>=3,RBI>=2,6863,1770,593,590,1180,0.25790470639661955,0.08640536208655107,0.08596823546553985,0.3333333333333333,0.9949409780775716,3.85778527262507,3.85778527262507,0.24769190548167133,0.26838837394119314,0.07998737687584612,0.09328609477134064,0.07956572218469093,0.09283398529654252,0.3117539366295101,0.3556346019198985,0.9852327497658682,0.9982780156555888,STRONG_DEPENDENCE,True,No proof from configured rules,mlb-official-batting-v1
mlb,hits_plus_runs_plus_RBI>=3,RBI>=3,6863,1770,198,198,1572,0.25790470639661955,0.028850356986740492,0.028850356986740492,0.11186440677966102,1.0,3.877401129943503,3.877401129943503,0.24769190548167133,0.26838837394119314,0.025146139244138867,0.03308171721919684,0.025146139244138867,0.03308171721919684,0.09801271331826494,0.12739720526968,0.9809679396733518,1.0,STRONG_DEPENDENCE,True,No proof from configured rules,mlb-official-batting-v1
mlb,hits_plus_runs_plus_RBI>=4,home_runs>=1,6863,1017,564,414,603,0.14818592452280344,0.08217980475010928,0.060323473699548304,0.40707964601769914,0.7340425531914894,4.9535241323040236,4.9535241323040236,0.13997721764333465,0.1567882561252517,0.07591356395214373,0.08891352075749447,0.05493285623116256,0.06620602018081068,0.37728980823542774,0.4375688082843811,0.6960834114994608,0.7688350897813035,STRONG_DEPENDENCE,True,No proof from configured rules,mlb-official-batting-v1
mlb,hits_plus_runs_plus_RBI>=4,home_runs>=2,6863,1017,27,27,990,0.14818592452280344,0.003934139589100976,0.003934139589100976,0.02654867256637168,1.0,6.748279252704032,6.748279252704032,0.13997721764333465,0.1567882561252517,0.0027052645438885347,0.0057180344601091134,0.0027052645438885347,0.0057180344601091134,0.018309040749908693,0.03835152913673587,0.8754449702581328,1.0,WEAK_OR_NONE,False,No proof from configured rules,mlb-official-batting-v1
mlb,hits_plus_runs_plus_RBI>=4,hits>=1,6863,1017,3819,1017,0,0.14818592452280344,0.5564621885472826,0.14818592452280344,1.0,0.2663000785545954,1.79706729510343,1.79706729510343,0.13997721764333465,0.1567882561252517,0.5446801576520175,0.5681810471169504,0.13997721764333465,0.1567882561252517,0.9962369682505531,1.0,0.2525209584272756,0.2805488747771979,EMPIRICAL_NEAR_IMPLICATION,True,No proof from configured rules,mlb-official-batting-v1
mlb,hits_plus_runs_plus_RBI>=4,hits>=2,6863,1017,1371,827,190,0.14818592452280344,0.19976686580212735,0.1205012385254262,0.8131760078662733,0.6032093362509118,4.070625048859398,4.070625048859397,0.13997721764333465,0.1567882561252517,0.1904766321191096,0.20939301323196607,0.11301074991172619,0.1284163266798179,0.7880586028736457,0.8359364303373692,0.5770588731443611,0.6287830427975327,STRONG_DEPENDENCE,True,No proof from configured rules,mlb-official-batting-v1
mlb,hits_plus_runs_plus_RBI>=4,hits>=3,6863,1017,303,277,740,0.14818592452280344,0.044149788722133175,0.04036135800670261,0.2723697148475909,0.9141914191419142,6.1692189867954355,6.169218986795435,0.13997721764333465,0.1567882561252517,0.03953931593249423,0.04927028633920693,0.03595653640290284,0.045280443097203076,0.24590399407035293,0.30054859560515745,0.8772416314105945,0.9407703835390356,STRONG_DEPENDENCE,True,No proof from configured rules,mlb-official-batting-v1
mlb,hits_plus_runs_plus_RBI>=4,total_bases>=1,6863,1017,3819,1017,0,0.14818592452280344,0.5564621885472826,0.14818592452280344,1.0,0.2663000785545954,1.79706729510343,1.79706729510343,0.13997721764333465,0.1567882561252517,0.5446801576520175,0.5681810471169504,0.13997721764333465,0.1567882561252517,0.9962369682505531,1.0,0.2525209584272756,0.2805488747771979,EMPIRICAL_NEAR_IMPLICATION,True,No proof from configured rules,mlb-official-batting-v1
mlb,hits_plus_runs_plus_RBI>=4,total_bases>=2,6863,1017,2181,987,30,0.14818592452280344,0.3177910534751566,0.14381465831269125,0.9705014749262537,0.45254470426409904,3.0538980387065013,3.0538980387065013,0.13997721764333465,0.1567882561252517,0.3068796786974051,0.3289062914610614,0.13571196481444647,0.1523158672946069,0.958201758400638,0.9792601674752511,0.43175697765702487,0.4734993057385987,STRONG_DEPENDENCE,True,No proof from configured rules,mlb-official-batting-v1
mlb,hits_plus_runs_plus_RBI>=4,total_bases>=3,6863,1017,1215,802,215,0.14818592452280344,0.17703628150954392,0.11685851668366604,0.7885939036381514,0.660082304526749,4.454419720714925,4.454419720714925,0.13997721764333465,0.1567882561252517,0.16818715677568946,0.18624675194581464,0.10947155852109457,0.12467415002083869,0.7624374592032372,0.812578372028891,0.6329804062736626,0.6861751304738173,STRONG_DEPENDENCE,True,No proof from configured rules,mlb-official-batting-v1
mlb,hits_plus_runs_plus_RBI>=4,total_bases>=4,6863,1017,791,598,419,0.14818592452280344,0.11525571907329156,0.0871339064549031,0.5880039331366765,0.7560050568900126,5.101733240350203,5.101733240350204,0.13997721764333465,0.1567882561252517,0.10791505722010244,0.12302684938000205,0.08069024746144843,0.09403949779566048,0.5574780024166401,0.6178675406677738,0.724884171328982,0.7846514039804617,STRONG_DEPENDENCE,True,No proof from configured rules,mlb-official-batting-v1
mlb,hits_plus_runs_plus_RBI>=4,total_bases>=5,6863,1017,359,354,663,0.14818592452280344,0.05230948564767594,0.05158094127932391,0.3480825958702065,0.9860724233983287,6.654292076482527,6.654292076482527,0.13997721764333465,0.1567882561252517,0.047287833167272794,0.05783203353555663,0.046594428580757165,0.0570691645121501,0.31942691364003967,0.37788161813044147,0.967815908716709,0.9940366897551373,STRONG_DEPENDENCE,True,No proof from configured rules,mlb-official-batting-v1
mlb,hits_plus_runs_plus_RBI>=4,total_bases>=6,6863,1017,162,162,855,0.14818592452280344,0.023604837534605856,0.023604837534605856,0.1592920353982301,1.0,6.748279252704031,6.748279252704032,0.13997721764333465,0.1567882561252517,0.020270735508846068,0.027471950963050044,0.020270735508846068,0.027471950963050044,0.13808898485832904,0.18305927571430303,0.9768365591570956,1.0,STRONG_DEPENDENCE,True,No proof from configured rules,mlb-official-batting-v1
mlb,hits_plus_runs_plus_RBI>=4,hits_plus_runs_plus_RBI>=1,6863,1017,4254,1017,0,0.14818592452280344,0.6198455485939094,0.14818592452280344,1.0,0.2390691114245416,1.6133051245886223,1.6133051245886225,0.13997721764333465,0.1567882561252517,0.6082970007577593,0.631260008074437,0.13997721764333465,0.1567882561252517,0.9962369682505531,1.0,0.22649122522156856,0.25211782552150924,EXACT_IMPLICATION,True,Threshold monotonicity,mlb-official-batting-v1
mlb,hits_plus_runs_plus_RBI>=4,hits_plus_runs_plus_RBI>=2,6863,1017,2787,1017,0,0.14818592452280344,0.406090630919423,0.14818592452280344,1.0,0.36490850376749195,2.4625044851094366,2.4625044851094366,0.13997721764333465,0.1567882561252517,0.394527460255928,0.4177588714251049,0.13997721764333465,0.1567882561252517,0.9962369682505531,1.0,0.3472331046530558,0.3829557967551276,EXACT_IMPLICATION,True,Threshold monotonicity,mlb-official-batting-v1
mlb,hits_plus_runs_plus_RBI>=4,hits_plus_runs_plus_RBI>=3,6863,1017,1770,1017,0,0.14818592452280344,0.25790470639661955,0.14818592452280344,1.0,0.5745762711864407,3.8774011299435034,3.877401129943503,0.13997721764333465,0.1567882561252517,0.24769190548167133,0.26838837394119314,0.13997721764333465,0.1567882561252517,0.9962369682505531,1.0,0.5514063851814117,0.5974231501117344,EXACT_IMPLICATION,True,Threshold monotonicity,mlb-official-batting-v1
mlb,hits_plus_runs_plus_RBI>=4,hits_plus_runs_plus_RBI>=5,6863,1017,554,554,463,0.14818592452280344,0.08072271601340522,0.08072271601340522,0.5447394296951819,1.0,6.748279252704032,6.74827925270403,0.13997721764333465,0.1567882561252517,0.07450996230136143,0.08740457518843243,0.07450996230136143,0.08740457518843243,0.5140218653925828,0.5751202822089907,0.9931137086353976,1.0,STRONG_DEPENDENCE,True,No proof from configured rules,mlb-official-batting-v1
mlb,hits_plus_runs_plus_RBI>=4,hits_plus_runs_plus_RBI>=6,6863,1017,293,293,724,0.14818592452280344,0.042692699985429114,0.042692699985429114,0.288102261553589,1.0,6.748279252704031,6.748279252704031,0.13997721764333465,0.1567882561252517,0.038160101529856244,0.04773695352200061,0.038160101529856244,0.04773695352200061,0.26110699347392485,0.31669228546807293,0.9870588871380849,1.0,STRONG_DEPENDENCE,True,No proof from configured rules,mlb-official-batting-v1
mlb,hits_plus_runs_plus_RBI>=4,runs>=1,6863,1017,2252,913,104,0.14818592452280344,0.3281363835057555,0.13303220166108115,0.8977384464110127,0.40541740674955595,2.7358698746530994,2.7358698746530994,0.13997721764333465,0.1567882561252517,0.3171266314954659,0.3393384239238954,0.1252023921159519,0.14127259056625335,0.8775949757261439,0.914888512292241,0.38531728701229584,0.42583965474251007,STRONG_DEPENDENCE,True,No proof from configured rules,mlb-official-batting-v1
mlb,hits_plus_runs_plus_RBI>=4,runs>=2,6863,1017,458,370,647,0.14818592452280344,0.06673466414104619,0.05391228325805041,0.3638151425762045,0.8078602620087336,5.45166664519758,5.45166664519758,0.13997721764333465,0.1567882561252517,0.061069406236753686,0.0728846779425346,0.04881431257262368,0.0595093560720345,0.33481100185319196,0.3938442191837765,0.7692766953034917,0.841322449953158,STRONG_DEPENDENCE,True,No proof from configured rules,mlb-official-batting-v1
mlb,hits_plus_runs_plus_RBI>=4,RBI>=1,6863,1017,1778,877,140,0.14818592452280344,0.2590703773859828,0.1277866822089465,0.8623402163225172,0.4932508436445444,3.3285944345452387,3.328594434545239,0.13997721764333465,0.1567882561252517,0.24884172496455845,0.26956859223418156,0.12009585967959253,0.13589395301117316,0.8397973182610414,0.8821561189077467,0.4700517093621035,0.516479078839511,STRONG_DEPENDENCE,True,No proof from configured rules,mlb-official-batting-v1
mlb,hits_plus_runs_plus_RBI>=4,RBI>=2,6863,1017,593,534,483,0.14818592452280344,0.08640536208655107,0.07780853853999709,0.5250737463126843,0.9005059021922428,6.076865296701438,6.076865296701437,0.13997721764333465,0.1567882561252517,0.07998737687584612,0.09328609477134064,0.07170463316807026,0.08438480988203496,0.49434606068783565,0.5556127253306286,0.8737763790007608,0.9220798621835528,STRONG_DEPENDENCE,True,No proof from configured rules,mlb-official-batting-v1
mlb,hits_plus_runs_plus_RBI>=4,RBI>=3,6863,1017,198,198,819,0.14818592452280344,0.028850356986740492,0.028850356986740492,0.19469026548672566,1.0,6.748279252704032,6.748279252704031,0.13997721764333465,0.1567882561252517,0.025146139244138867,0.03308171721919684,0.025146139244138867,0.03308171721919684,0.17152227851200738,0.22015603291022137,0.9809679396733518,1.0,STRONG_DEPENDENCE,True,No proof from configured rules,mlb-official-batting-v1
mlb,hits_plus_runs_plus_RBI>=5,home_runs>=1,6863,554,564,280,274,0.08072271601340522,0.08217980475010928,0.04079848462771383,0.5054151624548736,0.49645390070921985,6.150113936042195,6.150113936042195,0.07450996230136143,0.08740457518843243,0.07591356395214373,0.08891352075749447,0.03636939544811399,0.04574134821794523,0.46388844813625807,0.5468672960005873,0.455354046640061,0.5376017336435638,STRONG_DEPENDENCE,True,No proof from configured rules,mlb-official-batting-v1
mlb,hits_plus_runs_plus_RBI>=5,home_runs>=2,6863,554,27,27,527,0.08072271601340522,0.003934139589100976,0.003934139589100976,0.048736462093862815,1.0,12.388086642599276,12.388086642599278,0.07450996230136143,0.08740457518843243,0.0027052645438885347,0.0057180344601091134,0.0027052645438885347,0.0057180344601091134,0.03370801842397453,0.06997997017223698,0.8754449702581328,1.0,WEAK_OR_NONE,False,No proof from configured rules,mlb-official-batting-v1
mlb,hits_plus_runs_plus_RBI>=5,hits>=1,6863,554,3819,554,0,0.08072271601340522,0.5564621885472826,0.08072271601340522,1.0,0.14506415291961247,1.79706729510343,1.79706729510343,0.07450996230136143,0.08740457518843243,0.5446801576520175,0.5681810471169504,0.07450996230136143,0.08740457518843243,0.9931137086353976,1.0,0.13425158555964892,0.1565900490719074,EMPIRICAL_NEAR_IMPLICATION,True,No proof from configured rules,mlb-official-batting-v1
mlb,hits_plus_runs_plus_RBI>=5,hits>=2,6863,554,1371,496,58,0.08072271601340522,0.19976686580212735,0.07227160134052164,0.8953068592057761,0.36177972283005105,4.481758551954225,4.481758551954225,0.07450996230136143,0.08740457518843243,0.1904766321191096,0.20939301323196607,0.06638180505468812,0.07863995856000865,0.8670331526370931,0.9181361693526255,0.33676325429193216,0.38756859679648575,STRONG_DEPENDENCE,True,No proof from configured rules,mlb-official-batting-v1
mlb,hits_plus_runs_plus_RBI>=5,hits>=3,6863,554,303,221,333,0.08072271601340522,0.044149788722133175,0.03220166108115984,0.3989169675090253,0.7293729372937293,9.03553514196185,9.03553514196185,0.07450996230136143,0.08740457518843243,0.03953931593249423,0.04927028633920693,0.028279735124432992,0.036646979944544675,0.3589720068510039,0.4402541025945475,0.6767075770179919,0.7762950926154687,STRONG_DEPENDENCE,True,No proof from configured rules,mlb-official-batting-v1
mlb,hits_plus_runs_plus_RBI>=5,total_bases>=1,6863,554,3819,554,0,0.08072271601340522,0.5564621885472826,0.08072271601340522,1.0,0.14506415291961247,1.79706729510343,1.79706729510343,0.07450996230136143,0.08740457518843243,0.5446801576520175,0.5681810471169504,0.07450996230136143,0.08740457518843243,0.9931137086353976,1.0,0.13425158555964892,0.1565900490719074,EMPIRICAL_NEAR_IMPLICATION,True,No proof from configured rules,mlb-official-batting-v1
mlb,hits_plus_runs_plus_RBI>=5,total_bases>=2,6863,554,2181,549,5,0.08072271601340522,0.3177910534751566,0.07999417164505318,0.9909747292418772,0.2517193947730399,3.11832167207107,3.11832167207107,0.07450996230136143,0.08740457518843243,0.3068796786974051,0.3289062914610614,0.07380839283435443,0.08664987104551726,0.9790485106757101,0.9961389577316118,0.23395248313817185,0.2703593763664679,EMPIRICAL_NEAR_IMPLICATION,True,No proof from configured rules,mlb-official-batting-v1
mlb,hits_plus_runs_plus_RBI>=5,total_bases>=3,6863,554,1215,500,54,0.08072271601340522,0.17703628150954392,0.07285443683520326,0.9025270758122743,0.411522633744856,5.097978042221925,5.097978042221925,0.07450996230136143,0.08740457518843243,0.16818715677568946,0.18624675194581464,0.06694163067602266,0.07924515182661182,0.8749865472071572,0.9245237669650221,0.38417292420236904,0.4394300567726742,STRONG_DEPENDENCE,True,No proof from configured rules,mlb-official-batting-v1
mlb,hits_plus_runs_plus_RBI>=5,total_bases>=4,6863,554,791,412,142,0.08072271601340522,0.11525571907329156,0.06003205595220749,0.7436823104693141,0.5208596713021492,6.4524547367268035,6.452454736726805,0.07450996230136143,0.08740457518843243,0.10791505722010244,0.12302684938000205,0.05465432962484785,0.06590203734315653,0.7057347874375665,0.7782736987204794,0.48602912777612495,0.5554885857676074,STRONG_DEPENDENCE,True,No proof from configured rules,mlb-official-batting-v1
mlb,hits_plus_runs_plus_RBI>=5,total_bases>=5,6863,554,359,288,266,0.08072271601340522,0.05230948564767594,0.04196415561707708,0.51985559566787,0.8022284122562674,9.938075078185493,9.938075078185491,0.07450996230136143,0.08740457518843243,0.047287833167272794,0.05783203353555663,0.03747105688746667,0.046969724554468004,0.4782595269081303,0.5611782015936364,0.757919367001721,0.8401379793260457,STRONG_DEPENDENCE,True,No proof from configured rules,mlb-official-batting-v1
mlb,hits_plus_runs_plus_RBI>=5,total_bases>=6,6863,554,162,152,402,0.08072271601340522,0.023604837534605856,0.02214774879790179,0.2743682310469314,0.9382716049382716,11.623389936265989,11.62338993626599,0.07450996230136143,0.08740457518843243,0.020270735508846068,0.027471950963050044,0.01892408430418215,0.02590605494786963,0.2388624769674625,0.31298151733064333,0.8901112957855875,0.9661281573027307,STRONG_DEPENDENCE,True,No proof from configured rules,mlb-official-batting-v1
mlb,hits_plus_runs_plus_RBI>=5,hits_plus_runs_plus_RBI>=1,6863,554,4254,554,0,0.08072271601340522,0.6198455485939094,0.08072271601340522,1.0,0.13023037141513868,1.6133051245886225,1.6133051245886225,0.07450996230136143,0.08740457518843243,0.6082970007577593,0.631260008074437,0.07450996230136143,0.08740457518843243,0.9931137086353976,1.0,0.12044939796248882,0.14067856313558452,EXACT_IMPLICATION,True,Threshold monotonicity,mlb-official-batting-v1
mlb,hits_plus_runs_plus_RBI>=5,hits_plus_runs_plus_RBI>=2,6863,554,2787,554,0,0.08072271601340522,0.406090630919423,0.08072271601340522,1.0,0.1987800502332257,2.4625044851094366,2.4625044851094366,0.07450996230136143,0.08740457518843243,0.394527460255928,0.4177588714251049,0.07450996230136143,0.08740457518843243,0.9931137086353976,1.0,0.18438268916339176,0.21400664080253082,EXACT_IMPLICATION,True,Threshold monotonicity,mlb-official-batting-v1
mlb,hits_plus_runs_plus_RBI>=5,hits_plus_runs_plus_RBI>=3,6863,554,1770,554,0,0.08072271601340522,0.25790470639661955,0.08072271601340522,1.0,0.3129943502824859,3.877401129943503,3.877401129943503,0.07450996230136143,0.08740457518843243,0.24769190548167133,0.26838837394119314,0.07450996230136143,0.08740457518843243,0.9931137086353976,1.0,0.2918161462904595,0.3349825189971821,EXACT_IMPLICATION,True,Threshold monotonicity,mlb-official-batting-v1
mlb,hits_plus_runs_plus_RBI>=5,hits_plus_runs_plus_RBI>=4,6863,554,1017,554,0,0.08072271601340522,0.14818592452280344,0.08072271601340522,1.0,0.5447394296951819,6.748279252704032,6.748279252704031,0.07450996230136143,0.08740457518843243,0.13997721764333465,0.1567882561252517,0.07450996230136143,0.08740457518843243,0.9931137086353976,1.0,0.5140218653925828,0.5751202822089907,EXACT_IMPLICATION,True,Threshold monotonicity,mlb-official-batting-v1
mlb,hits_plus_runs_plus_RBI>=5,hits_plus_runs_plus_RBI>=6,6863,554,293,293,261,0.08072271601340522,0.042692699985429114,0.042692699985429114,0.5288808664259927,1.0,12.388086642599276,12.388086642599276,0.07450996230136143,0.08740457518843243,0.038160101529856244,0.04773695352200061,0.038160101529856244,0.04773695352200061,0.4872589411524233,0.5701050275774191,0.9870588871380849,1.0,STRONG_DEPENDENCE,True,No proof from configured rules,mlb-official-batting-v1
mlb,hits_plus_runs_plus_RBI>=5,runs>=1,6863,554,2252,524,30,0.08072271601340522,0.3281363835057555,0.07635144980329302,0.9458483754512635,0.23268206039076378,2.8824855242992986,2.882485524299299,0.07450996230136143,0.08740457518843243,0.3171266314954659,0.3393384239238954,0.07030293765499848,0.08287395817526239,0.9237482387502831,0.9618080285166599,0.21569468824089963,0.25057986075625127,STRONG_DEPENDENCE,True,No proof from configured rules,mlb-official-batting-v1
mlb,hits_plus_runs_plus_RBI>=5,runs>=2,6863,554,458,282,272,0.08072271601340522,0.06673466414104619,0.04108990237505464,0.5090252707581228,0.6157205240174672,7.627599199155013,7.627599199155014,0.07450996230136143,0.08740457518843243,0.061069406236753686,0.0728846779425346,0.03664471562208334,0.04604853748794474,0.4674779929301604,0.5504482472979154,0.5703849494238206,0.6591310413464094,STRONG_DEPENDENCE,True,No proof from configured rules,mlb-official-batting-v1
mlb,hits_plus_runs_plus_RBI>=5,RBI>=1,6863,554,1778,519,35,0.08072271601340522,0.2590703773859828,0.07562290543494099,0.9368231046931408,0.29190101237345334,3.6160950323447834,3.6160950323447834,0.07450996230136143,0.08740457518843243,0.24884172496455845,0.26956859223418156,0.06960233952406827,0.08211828269627044,0.9134037977800141,0.9542262292588531,0.2712353650016223,0.31346393788149357,STRONG_DEPENDENCE,True,No proof from configured rules,mlb-official-batting-v1
mlb,hits_plus_runs_plus_RBI>=5,RBI>=2,6863,554,593,381,173,0.08072271601340522,0.08640536208655107,0.05551508086842489,0.6877256317689531,0.642495784148398,7.9592934415351175,7.9592934415351175,0.07450996230136143,0.08740457518843243,0.07998737687584612,0.09328609477134064,0.050342105951406084,0.061185364635080876,0.6479547902177125,0.7249110065262636,0.603117878557644,0.6800393946216171,STRONG_DEPENDENCE,True,No proof from configured rules,mlb-official-batting-v1
mlb,hits_plus_runs_plus_RBI>=5,RBI>=3,6863,554,198,186,368,0.08072271601340522,0.028850356986740492,0.027101850502695615,0.33574007220216606,0.9393939393939394,11.637293512744776,11.637293512744776,0.07450996230136143,0.08740457518843243,0.025146139244138867,0.03308171721919684,0.023516666965516485,0.031216132834006025,0.2976659710977506,0.3760764567512703,0.8970683838507462,0.9649943510137146,STRONG_DEPENDENCE,True,No proof from configured rules,mlb-official-batting-v1
mlb,hits_plus_runs_plus_RBI>=6,home_runs>=1,6863,293,564,171,122,0.042692699985429114,0.08217980475010928,0.024916217397639516,0.5836177474402731,0.30319148936170215,7.101717377096798,7.101717377096798,0.038160101529856244,0.04773695352200061,0.07591356395214373,0.08891352075749447,0.021485774678963912,0.028878204290792096,0.5264467305542441,0.6386245509125347,0.2666944195547353,0.34235138618644023,STRONG_DEPENDENCE,True,No proof from configured rules,mlb-official-batting-v1
mlb,hits_plus_runs_plus_RBI>=6,home_runs>=2,6863,293,27,27,266,0.042692699985429114,0.003934139589100976,0.003934139589100976,0.09215017064846416,1.0,23.423208191126278,23.42320819112628,0.038160101529856244,0.04773695352200061,0.0027052645438885347,0.0057180344601091134,0.0027052645438885347,0.0057180344601091134,0.0641041572351027,0.1307522454065277,0.8754449702581328,1.0,WEAK_OR_NONE,False,No proof from configured rules,mlb-official-batting-v1
mlb,hits_plus_runs_plus_RBI>=6,hits>=1,6863,293,3819,293,0,0.042692699985429114,0.5564621885472826,0.042692699985429114,1.0,0.07672165488347735,1.79706729510343,1.79706729510343,0.038160101529856244,0.04773695352200061,0.5446801576520175,0.5681810471169504,0.038160101529856244,0.04773695352200061,0.9870588871380849,1.0,0.06869943121130159,0.08559455800442012,EMPIRICAL_NEAR_IMPLICATION,True,No proof from configured rules,mlb-official-batting-v1
mlb,hits_plus_runs_plus_RBI>=6,hits>=2,6863,293,1371,278,15,0.042692699985429114,0.19976686580212735,0.04050706688037301,0.9488054607508533,0.20277169948942378,4.749563732409268,4.749563732409268,0.038160101529856244,0.04773695352200061,0.1904766321191096,0.20939301323196607,0.036094139811855074,0.045434094410235264,0.9172616352003818,0.9687332020600835,0.182333136219725,0.2248712401313582,STRONG_DEPENDENCE,True,No proof from configured rules,mlb-official-batting-v1
mlb,hits_plus_runs_plus_RBI>=6,hits>=3,6863,293,303,157,136,0.042692699985429114,0.044149788722133175,0.022876293166253826,0.5358361774744027,0.5181518151815182,12.136777841606687,12.136777841606687,0.038160101529856244,0.04773695352200061,0.03953931593249423,0.04927028633920693,0.019596944452113615,0.026689468409860334,0.47863729691839324,0.5921075379959403,0.46201600886616867,0.5738331232630982,STRONG_DEPENDENCE,True,No proof from configured rules,mlb-official-batting-v1
mlb,hits_plus_runs_plus_RBI>=6,total_bases>=1,6863,293,3819,293,0,0.042692699985429114,0.5564621885472826,0.042692699985429114,1.0,0.07672165488347735,1.79706729510343,1.79706729510343,0.038160101529856244,0.04773695352200061,0.5446801576520175,0.5681810471169504,0.038160101529856244,0.04773695352200061,0.9870588871380849,1.0,0.06869943121130159,0.08559455800442012,EMPIRICAL_NEAR_IMPLICATION,True,No proof from configured rules,mlb-official-batting-v1
mlb,hits_plus_runs_plus_RBI>=6,total_bases>=2,6863,293,2181,293,0,0.042692699985429114,0.3177910534751566,0.042692699985429114,1.0,0.13434204493351673,3.1467216872994044,3.146721687299404,0.038160101529856244,0.04773695352200061,0.3068796786974051,0.3289062914610614,0.038160101529856244,0.04773695352200061,0.9870588871380849,1.0,0.12067112900532849,0.14929878411553982,EMPIRICAL_NEAR_IMPLICATION,True,No proof from configured rules,mlb-official-batting-v1
mlb,hits_plus_runs_plus_RBI>=6,total_bases>=3,6863,293,1215,283,10,0.042692699985429114,0.17703628150954392,0.041235611248725046,0.9658703071672355,0.23292181069958848,5.455776064270565,5.455776064270566,0.038160101529856244,0.04773695352200061,0.16818715677568946,0.18624675194581464,0.03678239970590614,0.046202108126106374,0.9383251695926287,0.98135768429371,0.21001855455716079,0.25750858336285354,STRONG_DEPENDENCE,True,No proof from configured rules,mlb-official-batting-v1
mlb,hits_plus_runs_plus_RBI>=6,total_bases>=4,6863,293,791,252,41,0.042692699985429114,0.11525571907329156,0.03671863616494245,0.8600682593856656,0.3185840707964602,7.462261016642001,7.462261016642001,0.038160101529856244,0.04773695352200061,0.10791505722010244,0.12302684938000205,0.03252200960078229,0.0414336018497128,0.8156695949258763,0.8951475558800484,0.28705786433512925,0.351863839087561,STRONG_DEPENDENCE,True,No proof from configured rules,mlb-official-batting-v1
mlb,hits_plus_runs_plus_RBI>=6,total_bases>=5,6863,293,359,198,95,0.042692699985429114,0.05230948564767594,0.028850356986740492,0.6757679180887372,0.5515320334261838,12.918649643016721,12.918649643016721,0.038160101529856244,0.04773695352200061,0.047287833167272794,0.05783203353555663,0.025146139244138867,0.03308171721919684,0.6201955862783824,0.7267909849681115,0.4998105657809174,0.6021623458049229,STRONG_DEPENDENCE,True,No proof from configured rules,mlb-official-batting-v1
mlb,hits_plus_runs_plus_RBI>=6,total_bases>=6,6863,293,162,121,172,0.042692699985429114,0.023604837534605856,0.01763077371411919,0.4129692832764505,0.7469135802469136,17.495112290902963,17.495112290902963,0.038160101529856244,0.04773695352200061,0.020270735508846068,0.027471950963050044,0.014776208061218446,0.02102503480931591,0.3580730063645115,0.47011810884353517,0.6747759787549614,0.8076124455201474,STRONG_DEPENDENCE,True,No proof from configured rules,mlb-official-batting-v1
mlb,hits_plus_runs_plus_RBI>=6,hits_plus_runs_plus_RBI>=1,6863,293,4254,293,0,0.042692699985429114,0.6198455485939094,0.042692699985429114,1.0,0.0688763516690174,1.6133051245886225,1.6133051245886225,0.038160101529856244,0.04773695352200061,0.6082970007577593,0.631260008074437,0.038160101529856244,0.04773695352200061,0.9870588871380849,1.0,0.06164875008264695,0.07688187970366361,EXACT_IMPLICATION,True,Threshold monotonicity,mlb-official-batting-v1
mlb,hits_plus_runs_plus_RBI>=6,hits_plus_runs_plus_RBI>=2,6863,293,2787,293,0,0.042692699985429114,0.406090630919423,0.042692699985429114,1.0,0.10513096519555078,2.4625044851094366,2.4625044851094366,0.038160101529856244,0.04773695352200061,0.394527460255928,0.4177588714251049,0.038160101529856244,0.04773695352200061,0.9870588871380849,1.0,0.0942819481290757,0.11706701866961136,EXACT_IMPLICATION,True,Threshold monotonicity,mlb-official-batting-v1
mlb,hits_plus_runs_plus_RBI>=6,hits_plus_runs_plus_RBI>=3,6863,293,1770,293,0,0.042692699985429114,0.25790470639661955,0.042692699985429114,1.0,0.1655367231638418,3.877401129943503,3.877401129943503,0.038160101529856244,0.04773695352200061,0.24769190548167133,0.26838837394119314,0.038160101529856244,0.04773695352200061,0.9870588871380849,1.0,0.14895004917133972,0.18357203496849053,EXACT_IMPLICATION,True,Threshold monotonicity,mlb-official-batting-v1
mlb,hits_plus_runs_plus_RBI>=6,hits_plus_runs_plus_RBI>=4,6863,293,1017,293,0,0.042692699985429114,0.14818592452280344,0.042692699985429114,1.0,0.288102261553589,6.748279252704031,6.748279252704031,0.038160101529856244,0.04773695352200061,0.13997721764333465,0.1567882561252517,0.038160101529856244,0.04773695352200061,0.9870588871380849,1.0,0.26110699347392485,0.31669228546807293,EXACT_IMPLICATION,True,Threshold monotonicity,mlb-official-batting-v1
mlb,hits_plus_runs_plus_RBI>=6,hits_plus_runs_plus_RBI>=5,6863,293,554,293,0,0.042692699985429114,0.08072271601340522,0.042692699985429114,1.0,0.5288808664259927,12.388086642599276,12.388086642599276,0.038160101529856244,0.04773695352200061,0.07450996230136143,0.08740457518843243,0.038160101529856244,0.04773695352200061,0.9870588871380849,1.0,0.4872589411524233,0.5701050275774191,EXACT_IMPLICATION,True,Threshold monotonicity,mlb-official-batting-v1
mlb,hits_plus_runs_plus_RBI>=6,runs>=1,6863,293,2252,285,8,0.042692699985429114,0.3281363835057555,0.04152702899606586,0.9726962457337884,0.12655417406749556,2.964304766638983,2.964304766638983,0.038160101529856244,0.04773695352200061,0.3171266314954659,0.3393384239238954,0.037057815463872254,0.04650920181210913,0.9470568952501355,0.9861011652865523,0.1134555112243726,0.14092471420187974,STRONG_DEPENDENCE,True,No proof from configured rules,mlb-official-batting-v1
mlb,hits_plus_runs_plus_RBI>=6,runs>=2,6863,293,458,194,99,0.042692699985429114,0.06673466414104619,0.028267521492058866,0.6621160409556314,0.42358078602620086,9.921620936852616,9.921620936852616,0.038160101529856244,0.04773695352200061,0.061069406236753686,0.0728846779425346,0.024602539298165197,0.03246029827723278,0.6061704572125677,0.7138657007332276,0.3791469763241884,0.46928585995962196,STRONG_DEPENDENCE,True,No proof from configured rules,mlb-official-batting-v1
mlb,hits_plus_runs_plus_RBI>=6,RBI>=1,6863,293,1778,280,13,0.042692699985429114,0.2590703773859828,0.04079848462771383,0.9556313993174061,0.15748031496062992,3.688694203326973,3.688694203326973,0.038160101529856244,0.04773695352200061,0.24884172496455845,0.26956859223418156,0.03636939544811399,0.04574134821794523,0.9255798814440617,0.9738901624667529,0.14128979052195437,0.17514771070998505,STRONG_DEPENDENCE,True,No proof from configured rules,mlb-official-batting-v1
mlb,hits_plus_runs_plus_RBI>=6,RBI>=2,6863,293,593,241,52,0.042692699985429114,0.08640536208655107,0.03511583855456797,0.8225255972696246,0.40640809443507586,9.519381406511691,9.519381406511693,0.038160101529856244,0.04773695352200061,0.07998737687584612,0.09328609477134064,0.03101444228921787,0.03973736721944844,0.7746879406507481,0.8620155735782555,0.36760156421464596,0.44641939837175637,STRONG_DEPENDENCE,True,No proof from configured rules,mlb-official-batting-v1
mlb,hits_plus_runs_plus_RBI>=6,RBI>=3,6863,293,198,146,147,0.042692699985429114,0.028850356986740492,0.021273495555879353,0.49829351535836175,0.7373737373737373,17.271658565173922,17.271658565173922,0.038160101529856244,0.04773695352200061,0.025146139244138867,0.03308171721919684,0.01811794447131765,0.024964666448827534,0.4414364200476055,0.5551947782898071,0.6719787825216692,0.7937332696464876,STRONG_DEPENDENCE,True,No proof from configured rules,mlb-official-batting-v1
mlb,runs>=1,home_runs>=1,6863,2252,564,564,1688,0.3281363835057555,0.08217980475010928,0.08217980475010928,0.25044404973357015,1.0,3.047513321492007,3.047513321492007,0.3171266314954659,0.3393384239238954,0.07591356395214373,0.08891352075749447,0.07591356395214373,0.08891352075749447,0.23298463935177333,0.26875339476184595,0.9932349800089056,1.0,STRONG_DEPENDENCE,True,No proof from configured rules,mlb-official-batting-v1
mlb,runs>=1,home_runs>=2,6863,2252,27,27,2225,0.3281363835057555,0.003934139589100976,0.003934139589100976,0.011989342806394316,1.0,3.0475133214920067,3.047513321492007,0.3171266314954659,0.3393384239238954,0.0027052645438885347,0.0057180344601091134,0.0027052645438885347,0.0057180344601091134,0.008252834515302104,0.017387911909729208,0.8754449702581328,1.0,WEAK_OR_NONE,False,No proof from configured rules,mlb-official-batting-v1
mlb,runs>=1,hits>=1,6863,2252,3819,1964,288,0.3281363835057555,0.5564621885472826,0.2861722278886784,0.872113676731794,0.5142707515056297,1.567246966067112,1.5672469660671122,0.3171266314954659,0.3393384239238954,0.5446801576520175,0.5681810471169504,0.27560112095070594,0.29698257453713856,0.8576840758086898,0.8852759373813227,0.4984130193329754,0.5300998031772276,STRONG_DEPENDENCE,True,No proof from configured rules,mlb-official-batting-v1
mlb,runs>=1,hits>=2,6863,2252,1371,953,1299,0.3281363835057555,0.19976686580212735,0.13886055660789742,0.4231793960923623,0.6951130561633844,2.1183662986009355,2.1183662986009355,0.3171266314954659,0.3393384239238954,0.1904766321191096,0.20939301323196607,0.13088117451235382,0.1472439970492288,0.40292170837226554,0.4436987184990087,0.6702274794097494,0.7189082980775765,STRONG_DEPENDENCE,True,No proof from configured rules,mlb-official-batting-v1
mlb,runs>=1,hits>=3,6863,2252,303,241,2011,0.3281363835057555,0.044149788722133175,0.03511583855456797,0.10701598579040852,0.7953795379537953,2.4239297375563487,2.423929737556349,0.3171266314954659,0.3393384239238954,0.03953931593249423,0.04927028633920693,0.03101444228921787,0.03973736721944844,0.0949109068710067,0.12045948492713043,0.7463912618923856,0.8369718882111354,STRONG_DEPENDENCE,True,No proof from configured rules,mlb-official-batting-v1
mlb,runs>=1,total_bases>=1,6863,2252,3819,1964,288,0.3281363835057555,0.5564621885472826,0.2861722278886784,0.872113676731794,0.5142707515056297,1.567246966067112,1.5672469660671122,0.3171266314954659,0.3393384239238954,0.5446801576520175,0.5681810471169504,0.27560112095070594,0.29698257453713856,0.8576840758086898,0.8852759373813227,0.4984130193329754,0.5300998031772276,STRONG_DEPENDENCE,True,No proof from configured rules,mlb-official-batting-v1
mlb,runs>=1,total_bases>=2,6863,2252,2181,1485,767,0.3281363835057555,0.3177910534751566,0.2163776774005537,0.6594138543516874,0.6808803301237965,2.074991876394145,2.0749918763941455,0.3171266314954659,0.3393384239238954,0.3068796786974051,0.3289062914610614,0.20679571667445754,0.22627696698284347,0.6395842218220453,0.6787005570982585,0.661014054744721,0.700110546225583,STRONG_DEPENDENCE,True,No proof from configured rules,mlb-official-batting-v1
mlb,runs>=1,total_bases>=3,6863,2252,1215,1007,1245,0.3281363835057555,0.17703628150954392,0.14672883578609938,0.447158081705151,0.8288065843621399,2.5257991067839103,2.5257991067839107,0.3171266314954659,0.3393384239238954,0.16818715677568946,0.18624675194581464,0.13855518252610943,0.15529774402263258,0.42673035029752593,0.4677657814809807,0.8065981001711493,0.8489424496006668,STRONG_DEPENDENCE,True,No proof from configured rules,mlb-official-batting-v1
mlb,runs>=1,total_bases>=4,6863,2252,791,742,1510,0.3281363835057555,0.11525571907329156,0.10811598426344164,0.32948490230905864,0.9380530973451328,2.8587293104261304,2.858729310426131,0.3171266314954659,0.3393384239238954,0.10791505722010244,0.12302684938000205,0.10098733174014456,0.11568309348272272,0.3103769342391361,0.34917360864276753,0.9190444398097135,0.9528275446086683,STRONG_DEPENDENCE,True,No proof from configured rules,mlb-official-batting-v1
mlb,runs>=1,total_bases>=5,6863,2252,359,347,1905,0.3281363835057555,0.05230948564767594,0.050560979163631066,0.15408525754884547,0.9665738161559888,2.945646580940742,2.945646580940742,0.3171266314954659,0.3393384239238954,0.047287833167272794,0.05783203353555663,0.04562414884935173,0.0560006611896645,0.1397643411553709,0.16958428620140742,0.9424909923937228,0.9807772611537513,STRONG_DEPENDENCE,True,No proof from configured rules,mlb-official-batting-v1
mlb,runs>=1,total_bases>=6,6863,2252,162,158,2094,0.3281363835057555,0.023604837534605856,0.02302200203992423,0.07015985790408526,0.9753086419753086,2.9722660789860313,2.972266078986032,0.3171266314954659,0.3393384239238954,0.020270735508846068,0.027471950963050044,0.01973162956660213,0.026846038017356248,0.06032640310375987,0.0814572570777054,0.9382406494946496,0.9903570672349351,STRONG_DEPENDENCE,True,No proof from configured rules,mlb-official-batting-v1
mlb,runs>=1,hits_plus_runs_plus_RBI>=1,6863,2252,4254,2252,0,0.3281363835057555,0.6198455485939094,0.3281363835057555,1.0,0.5293841090738128,1.6133051245886225,1.6133051245886225,0.3171266314954659,0.3393384239238954,0.6082970007577593,0.631260008074437,0.3171266314954659,0.3393384239238954,0.9982971060285847,1.0,0.5143651429105496,0.5443500540778425,EXACT_IMPLICATION,True,HRR includes nonnegative runs,mlb-official-batting-v1
mlb,runs>=1,hits_plus_runs_plus_RBI>=2,6863,2252,2787,2006,246,0.3281363835057555,0.406090630919423,0.2922920005828355,0.8907637655417406,0.7197703623968424,2.1935097678195072,2.193509767819507,0.3171266314954659,0.3393384239238954,0.394527460255928,0.4177588714251049,0.28165022435265424,0.3031661694585364,0.8772087806105554,0.9029878919517488,0.7028028297933214,0.7361328883673367,STRONG_DEPENDENCE,True,No proof from configured rules,mlb-official-batting-v1
mlb,runs>=1,hits_plus_runs_plus_RBI>=3,6863,2252,1770,1477,775,0.3281363835057555,0.25790470639661955,0.21521200641119045,0.6558614564831261,0.8344632768361582,2.5430379524540645,2.5430379524540645,0.3171266314954659,0.3393384239238954,0.24769190548167133,0.26838837394119314,0.20564973230065467,0.2250929135807709,0.635989259303867,0.675202822593143,0.8164279650315095,0.8510499508286603,STRONG_DEPENDENCE,True,No proof from configured rules,mlb-official-batting-v1
mlb,runs>=1,hits_plus_runs_plus_RBI>=4,6863,2252,1017,913,1339,0.3281363835057555,0.14818592452280344,0.13303220166108115,0.40541740674955595,0.8977384464110127,2.7358698746530994,2.7358698746531,0.3171266314954659,0.3393384239238954,0.13997721764333465,0.1567882561252517,0.1252023921159519,0.14127259056625335,0.38531728701229584,0.42583965474251007,0.8775949757261439,0.914888512292241,STRONG_DEPENDENCE,True,No proof from configured rules,mlb-official-batting-v1
mlb,runs>=1,hits_plus_runs_plus_RBI>=5,6863,2252,554,524,1728,0.3281363835057555,0.08072271601340522,0.07635144980329302,0.23268206039076378,0.9458483754512635,2.8824855242992986,2.882485524299299,0.3171266314954659,0.3393384239238954,0.07450996230136143,0.08740457518843243,0.07030293765499848,0.08287395817526239,0.21569468824089963,0.25057986075625127,0.9237482387502831,0.9618080285166599,STRONG_DEPENDENCE,True,No proof from configured rules,mlb-official-batting-v1
mlb,runs>=1,hits_plus_runs_plus_RBI>=6,6863,2252,293,285,1967,0.3281363835057555,0.042692699985429114,0.04152702899606586,0.12655417406749556,0.9726962457337884,2.964304766638983,2.964304766638983,0.3171266314954659,0.3393384239238954,0.038160101529856244,0.04773695352200061,0.037057815463872254,0.04650920181210913,0.1134555112243726,0.14092471420187974,0.9470568952501355,0.9861011652865523,STRONG_DEPENDENCE,True,No proof from configured rules,mlb-official-batting-v1
mlb,runs>=1,runs>=2,6863,2252,458,458,1794,0.3281363835057555,0.06673466414104619,0.06673466414104619,0.2033747779751332,1.0,3.047513321492007,3.047513321492007,0.3171266314954659,0.3393384239238954,0.061069406236753686,0.0728846779425346,0.061069406236753686,0.0728846779425346,0.1872622303096977,0.22049756824528036,0.9916822997430694,1.0,STRONG_DEPENDENCE,True,No proof from configured rules,mlb-official-batting-v1
mlb,runs>=1,RBI>=1,6863,2252,1778,1073,1179,0.3281363835057555,0.2590703773859828,0.1563456214483462,0.47646536412078155,0.6034870641169854,1.8391348672446137,1.839134867244614,0.3171266314954659,0.3393384239238954,0.24884172496455845,0.26956859223418156,0.14794568721421644,0.16513005098549818,0.45589520332271355,0.4971156788979659,0.5805497712569394,0.6259781429849705,STRONG_DEPENDENCE,True,No proof from configured rules,mlb-official-batting-v1
mlb,runs>=1,RBI>=2,6863,2252,593,454,1798,0.3281363835057555,0.08640536208655107,0.06615182864636457,0.20159857904085257,0.7655986509274874,2.3331720876178266,2.3331720876178266,0.3171266314954659,0.3393384239238954,0.07998737687584612,0.09328609477134064,0.06051086061584552,0.07227820467550505,0.18554320418633863,0.21867024585699263,0.7298602731584773,0.7979180762584885,STRONG_DEPENDENCE,True,No proof from configured rules,mlb-official-batting-v1
mlb,runs>=1,RBI>=3,6863,2252,198,169,2083,0.3281363835057555,0.028850356986740492,0.024624799650298703,0.07504440497335702,0.8535353535353535,2.6011603602633793,2.6011603602633797,0.3171266314954659,0.3393384239238954,0.025146139244138867,0.03308171721919684,0.02121552842055115,0.028565941105235994,0.06487190327927937,0.08666421530921468,0.7975674011063304,0.896046293612201,STRONG_DEPENDENCE,True,No proof from configured rules,mlb-official-batting-v1
mlb,runs>=2,home_runs>=1,6863,458,564,162,296,0.06673466414104619,0.08217980475010928,0.023604837534605856,0.3537117903930131,0.2872340425531915,4.304120598346186,4.304120598346186,0.061069406236753686,0.0728846779425346,0.07591356395214373,0.08891352075749447,0.020270735508846068,0.027471950963050044,0.3113062743919509,0.3985508693513433,0.25142990308191493,0.3259169139355721,STRONG_DEPENDENCE,True,No proof from configured rules,mlb-official-batting-v1
mlb,runs>=2,home_runs>=2,6863,458,27,27,431,0.06673466414104619,0.003934139589100976,0.003934139589100976,0.05895196506550218,1.0,14.98471615720524,14.984716157205241,0.061069406236753686,0.0728846779425346,0.0027052645438885347,0.0057180344601091134,0.0027052645438885347,0.0057180344601091134,0.04082836362648218,0.08441257721150908,0.8754449702581328,1.0,WEAK_OR_NONE,False,No proof from configured rules,mlb-official-batting-v1
mlb,runs>=2,hits>=1,6863,458,3819,437,21,0.06673466414104619,0.5564621885472826,0.06367477779396766,0.9541484716157205,0.11442786069651742,1.7146690130135351,1.7146690130135347,0.061069406236753686,0.0728846779425346,0.5446801576520175,0.5681810471169504,0.05813851645306437,0.06969921856455086,0.9309246197793237,0.9698173817340319,0.10471690757795309,0.12491371359133256,STRONG_DEPENDENCE,True,No proof from configured rules,mlb-official-batting-v1
mlb,runs>=2,hits>=2,6863,458,1371,327,131,0.06673466414104619,0.19976686580212735,0.04764680169022294,0.7139737991266376,0.23851203501094093,3.5740351447163485,3.5740351447163485,0.061069406236753686,0.0728846779425346,0.1904766321191096,0.20939301323196607,0.0428551898679147,0.05294452573141287,0.6709415321508349,0.7534465262544966,0.21670355200571004,0.2617817705019301,STRONG_DEPENDENCE,True,No proof from configured rules,mlb-official-batting-v1
mlb,runs>=2,hits>=3,6863,458,303,110,348,0.06673466414104619,0.044149788722133175,0.016027976103744717,0.24017467248908297,0.36303630363036304,5.439995964661969,5.439995964661969,0.061069406236753686,0.0728846779425346,0.03953931593249423,0.04927028633920693,0.013316106853557576,0.01928133407514802,0.20331564314502015,0.2813560002199352,0.3109185861979296,0.4185834168266947,STRONG_DEPENDENCE,True,No proof from configured rules,mlb-official-batting-v1
mlb,runs>=2,total_bases>=1,6863,458,3819,437,21,0.06673466414104619,0.5564621885472826,0.06367477779396766,0.9541484716157205,0.11442786069651742,1.7146690130135351,1.7146690130135347,0.061069406236753686,0.0728846779425346,0.5446801576520175,0.5681810471169504,0.05813851645306437,0.06969921856455086,0.9309246197793237,0.9698173817340319,0.10471690757795309,0.12491371359133256,STRONG_DEPENDENCE,True,No proof from configured rules,mlb-official-batting-v1
mlb,runs>=2,total_bases>=2,6863,458,2181,382,76,0.06673466414104619,0.3177910534751566,0.05566078974209529,0.834061135371179,0.17514901421366347,2.624558263206053,2.624558263206053,0.061069406236753686,0.0728846779425346,0.3068796786974051,0.3289062914610614,0.0504810595468948,0.06133766576157658,0.7972396491666957,0.8653253807926479,0.15977209701334708,0.19166825840500432,STRONG_DEPENDENCE,True,No proof from configured rules,mlb-official-batting-v1
mlb,runs>=2,total_bases>=3,6863,458,1215,299,159,0.06673466414104619,0.17703628150954392,0.04356695322745155,0.6528384279475983,0.24609053497942388,3.6875968156414545,3.6875968156414545,0.061069406236753686,0.0728846779425346,0.16818715677568946,0.18624675194581464,0.038987453322523256,0.04865713006124018,0.6081305069578223,0.6950038204745571,0.22269614566373647,0.27108543229720167,STRONG_DEPENDENCE,True,No proof from configured rules,mlb-official-batting-v1
mlb,runs>=2,total_bases>=4,6863,458,791,230,228,0.06673466414104619,0.11525571907329156,0.0335130409441935,0.5021834061135371,0.29077117572692796,4.357123534964861,4.357123534964861,0.061069406236753686,0.0728846779425346,0.10791505722010244,0.12302684938000205,0.02950929770782857,0.038038709859009,0.4565649629447017,0.5477655274471893,0.26019603167103666,0.3233687203600104,STRONG_DEPENDENCE,True,No proof from configured rules,mlb-official-batting-v1
mlb,runs>=2,total_bases>=5,6863,458,359,163,295,0.06673466414104619,0.05230948564767594,0.023750546408276264,0.3558951965065502,0.45403899721448465,6.8036454975611536,6.8036454975611536,0.061069406236753686,0.0728846779425346,0.047287833167272794,0.05783203353555663,0.02040560171825424,0.027628339475626307,0.31341161502751924,0.40077601910766614,0.40329414696794064,0.5057570399960396,STRONG_DEPENDENCE,True,No proof from configured rules,mlb-official-batting-v1
mlb,runs>=2,total_bases>=6,6863,458,162,92,366,0.06673466414104619,0.023604837534605856,0.0134052163776774,0.20087336244541484,0.5679012345679012,8.509838805326433,8.509838805326433,0.061069406236753686,0.0728846779425346,0.020270735508846068,0.027471950963050044,0.010943797121918508,0.01641105881106729,0.16673662572114417,0.23998619058977072,0.4909192765944283,0.6417375400812267,STRONG_DEPENDENCE,True,No proof from configured rules,mlb-official-batting-v1
mlb,runs>=2,hits_plus_runs_plus_RBI>=1,6863,458,4254,458,0,0.06673466414104619,0.6198455485939094,0.06673466414104619,1.0,0.1076633756464504,1.6133051245886225,1.6133051245886225,0.061069406236753686,0.0728846779425346,0.6082970007577593,0.631260008074437,0.061069406236753686,0.0728846779425346,0.9916822997430694,1.0,0.0987005750039634,0.1173341148070248,EXACT_IMPLICATION,True,HRR includes nonnegative runs,mlb-official-batting-v1
mlb,runs>=2,hits_plus_runs_plus_RBI>=2,6863,458,2787,458,0,0.06673466414104619,0.406090630919423,0.06673466414104619,1.0,0.16433440975959812,2.4625044851094366,2.4625044851094366,0.061069406236753686,0.0728846779425346,0.394527460255928,0.4177588714251049,0.061069406236753686,0.0728846779425346,0.9916822997430694,1.0,0.15103999560270637,0.1785528789453824,EXACT_IMPLICATION,True,HRR includes nonnegative runs,mlb-official-batting-v1
mlb,runs>=2,hits_plus_runs_plus_RBI>=3,6863,458,1770,440,18,0.06673466414104619,0.25790470639661955,0.06411190441497887,0.9606986899563319,0.24858757062146894,3.7250141859719235,3.7250141859719244,0.061069406236753686,0.0728846779425346,0.24769190548167133,0.26838837394119314,0.05855698866039115,0.07015451052317735,0.9387357428864033,0.9749977298026259,0.22901200190682763,0.26925206471855156,STRONG_DEPENDENCE,True,No proof from configured rules,mlb-official-batting-v1
mlb,runs>=2,hits_plus_runs_plus_RBI>=4,6863,458,1017,370,88,0.06673466414104619,0.14818592452280344,0.05391228325805041,0.8078602620087336,0.3638151425762045,5.45166664519758,5.45166664519758,0.061069406236753686,0.0728846779425346,0.13997721764333465,0.1567882561252517,0.04881431257262368,0.0595093560720345,0.7692766953034917,0.841322449953158,0.33481100185319196,0.3938442191837765,STRONG_DEPENDENCE,True,No proof from configured rules,mlb-official-batting-v1
mlb,runs>=2,hits_plus_runs_plus_RBI>=5,6863,458,554,282,176,0.06673466414104619,0.08072271601340522,0.04108990237505464,0.6157205240174672,0.5090252707581228,7.627599199155013,7.627599199155013,0.061069406236753686,0.0728846779425346,0.07450996230136143,0.08740457518843243,0.03664471562208334,0.04604853748794474,0.5703849494238206,0.6591310413464094,0.4674779929301604,0.5504482472979154,STRONG_DEPENDENCE,True,No proof from configured rules,mlb-official-batting-v1
mlb,runs>=2,hits_plus_runs_plus_RBI>=6,6863,458,293,194,264,0.06673466414104619,0.042692699985429114,0.028267521492058866,0.42358078602620086,0.6621160409556314,9.921620936852616,9.921620936852616,0.061069406236753686,0.0728846779425346,0.038160101529856244,0.04773695352200061,0.024602539298165197,0.03246029827723278,0.3791469763241884,0.46928585995962196,0.6061704572125677,0.7138657007332276,STRONG_DEPENDENCE,True,No proof from configured rules,mlb-official-batting-v1
mlb,runs>=2,runs>=1,6863,458,2252,458,0,0.06673466414104619,0.3281363835057555,0.06673466414104619,1.0,0.2033747779751332,3.047513321492007,3.0475133214920067,0.061069406236753686,0.0728846779425346,0.3171266314954659,0.3393384239238954,0.061069406236753686,0.0728846779425346,0.9916822997430694,1.0,0.1872622303096977,0.22049756824528036,EXACT_IMPLICATION,True,Threshold monotonicity,mlb-official-batting-v1
mlb,runs>=2,RBI>=1,6863,458,1778,275,183,0.06673466414104619,0.2590703773859828,0.040069940259361794,0.6004366812227074,0.1546681664791901,2.31765857324603,2.31765857324603,0.061069406236753686,0.0728846779425346,0.24884172496455845,0.26956859223418156,0.03568137882492861,0.044973091231208434,0.5549222242371861,0.6442803337898062,0.13860705713447632,0.1722182725148025,STRONG_DEPENDENCE,True,No proof from configured rules,mlb-official-batting-v1
mlb,runs>=2,RBI>=2,6863,458,593,156,302,0.06673466414104619,0.08640536208655107,0.022730584292583417,0.3406113537117904,0.2630691399662732,3.9420163921147005,3.942016392114701,0.061069406236753686,0.0728846779425346,0.07998737687584612,0.09328609477134064,0.01946229656309198,0.026532861576897535,0.29869506498800674,0.3851791364039407,0.2292374397131579,0.2999507628704374,STRONG_DEPENDENCE,True,No proof from configured rules,mlb-official-batting-v1
mlb,runs>=2,RBI>=3,6863,458,198,77,381,0.06673466414104619,0.028850356986740492,0.011219583272621302,0.16812227074235808,0.3888888888888889,5.827389616690927,5.827389616690927,0.061069406236753686,0.0728846779425346,0.025146139244138867,0.03308171721919684,0.00898686051783468,0.013999174585384619,0.13666416538913867,0.20510129504340924,0.32371668970981005,0.45829043480722287,STRONG_DEPENDENCE,True,No proof from configured rules,mlb-official-batting-v1
mlb,RBI>=1,home_runs>=1,6863,1778,564,564,1214,0.2590703773859828,0.08217980475010928,0.08217980475010928,0.3172103487064117,1.0,3.8599550056242964,3.8599550056242973,0.24884172496455845,0.26956859223418156,0.07591356395214373,0.08891352075749447,0.07591356395214373,0.08891352075749447,0.2959920280458379,0.33921681908122336,0.9932349800089056,1.0,STRONG_DEPENDENCE,True,No proof from configured rules,mlb-official-batting-v1
mlb,RBI>=1,home_runs>=2,6863,1778,27,27,1751,0.2590703773859828,0.003934139589100976,0.003934139589100976,0.015185601799775027,1.0,3.859955005624297,3.859955005624297,0.24884172496455845,0.26956859223418156,0.0027052645438885347,0.0057180344601091134,0.0027052645438885347,0.0057180344601091134,0.010457263726933287,0.022004355422379974,0.8754449702581328,1.0,WEAK_OR_NONE,False,No proof from configured rules,mlb-official-batting-v1
mlb,RBI>=1,hits>=1,6863,1778,3819,1608,170,0.2590703773859828,0.5564621885472826,0.2342998688620137,0.9043869516310461,0.42105263157894735,1.6252442128944409,1.6252442128944407,0.24884172496455845,0.26956859223418156,0.5446801576520175,0.5681810471169504,0.22442931380413114,0.24446770065725518,0.8898336651172056,0.9171966084693881,0.40548074106622545,0.43678318578099995,STRONG_DEPENDENCE,True,No proof from configured rules,mlb-official-batting-v1
mlb,RBI>=1,hits>=2,6863,1778,1371,797,981,0.2590703773859828,0.19976686580212735,0.11612997231531401,0.4482564679415073,0.5813274981765135,2.2438979864934825,2.2438979864934825,0.24884172496455845,0.26956859223418156,0.1904766321191096,0.20939301323196607,0.10876400073583303,0.12392543419617807,0.4252766069545101,0.471459435924535,0.555021561220455,0.6071789591153838,STRONG_DEPENDENCE,True,No proof from configured rules,mlb-official-batting-v1
mlb,RBI>=1,hits>=3,6863,1778,303,209,1569,0.2590703773859828,0.044149788722133175,0.030453154597114965,0.11754780652418448,0.6897689768976898,2.6624772151005875,2.662477215100588,0.24884172496455845,0.26956859223418156,0.03953931593249423,0.04927028633920693,0.02664319575624274,0.034788462648921735,0.1033953075797481,0.13334935717841084,0.6355797373134535,0.7392066440379708,STRONG_DEPENDENCE,True,No proof from configured rules,mlb-official-batting-v1
mlb,RBI>=1,total_bases>=1,6863,1778,3819,1608,170,0.2590703773859828,0.5564621885472826,0.2342998688620137,0.9043869516310461,0.42105263157894735,1.6252442128944409,1.6252442128944407,0.24884172496455845,0.26956859223418156,0.5446801576520175,0.5681810471169504,0.22442931380413114,0.24446770065725518,0.8898336651172056,0.9171966084693881,0.40548074106622545,0.43678318578099995,STRONG_DEPENDENCE,True,No proof from configured rules,mlb-official-batting-v1
mlb,RBI>=1,total_bases>=2,6863,1778,2181,1262,516,0.2590703773859828,0.3177910534751566,0.18388459857205303,0.7097862767154106,0.5786336542870243,2.2334998702878783,2.2334998702878788,0.24884172496455845,0.26956859223418156,0.3068796786974051,0.3289062914610614,0.17489714831247632,0.19322573234229612,0.6882556636725113,0.7304123363939693,0.5577901910580767,0.5992006050544889,STRONG_DEPENDENCE,True,No proof from configured rules,mlb-official-batting-v1
mlb,RBI>=1,total_bases>=3,6863,1778,1215,915,863,0.2590703773859828,0.17703628150954392,0.13332361940842197,0.5146231721034871,0.7530864197530864,2.9068796955936063,2.9068796955936067,0.24884172496455845,0.26956859223418156,0.16818715677568946,0.18624675194581464,0.12548621193176537,0.14157128019440882,0.49138576033850556,0.5377975318913296,0.728067038612375,0.7765104809241291,STRONG_DEPENDENCE,True,No proof from configured rules,mlb-official-batting-v1
mlb,RBI>=1,total_bases>=4,6863,1778,791,704,1074,0.2590703773859828,0.11525571907329156,0.1025790470639662,0.39595050618672667,0.8900126422250316,3.4354087534254174,3.4354087534254174,0.24884172496455845,0.26956859223418156,0.10791505722010244,0.12302684938000205,0.09562168883018762,0.1099810569572712,0.37346616798811466,0.41888348345344334,0.8662952914331097,0.9099601405815245,STRONG_DEPENDENCE,True,No proof from configured rules,mlb-official-batting-v1
mlb,RBI>=1,total_bases>=5,6863,1778,359,336,1442,0.2590703773859828,0.05230948564767594,0.0489581815532566,0.1889763779527559,0.935933147632312,3.612659838133047,3.612659838133047,0.24884172496455845,0.26956859223418156,0.047287833167272794,0.05783203353555663,0.0441006070717204,0.05432040102546707,0.17145705166769032,0.20783677129004774,0.9057028016906022,0.9569329098328586,STRONG_DEPENDENCE,True,No proof from configured rules,mlb-official-batting-v1
mlb,RBI>=1,total_bases>=6,6863,1778,162,157,1621,0.2590703773859828,0.023604837534605856,0.022876293166253826,0.08830146231721035,0.9691358024691358,3.7408205918704605,3.740820591870461,0.24884172496455845,0.26956859223418156,0.020270735508846068,0.027471950963050044,0.019596944452113615,0.026689468409860334,0.07598500858247058,0.10239307171601818,0.9297919442305332,0.9867460618921736,STRONG_DEPENDENCE,True,No proof from configured rules,mlb-official-batting-v1
mlb,RBI>=1,hits_plus_runs_plus_RBI>=1,6863,1778,4254,1778,0,0.2590703773859828,0.6198455485939094,0.2590703773859828,1.0,0.41795956746591445,1.6133051245886223,1.6133051245886225,0.24884172496455845,0.26956859223418156,0.6082970007577593,0.631260008074437,0.24884172496455845,0.26956859223418156,0.997844107397054,1.0,0.4032185568530537,0.43284861315535555,EXACT_IMPLICATION,True,HRR includes nonnegative RBI,mlb-official-batting-v1
mlb,RBI>=1,hits_plus_runs_plus_RBI>=2,6863,1778,2787,1634,144,0.2590703773859828,0.406090630919423,0.23808829957744426,0.9190101237345332,0.5862935055615357,2.2630665515572663,2.2630665515572663,0.24884172496455845,0.26956859223418156,0.394527460255928,0.4177588714251049,0.22816000870402398,0.24830962852895755,0.9054071677969319,0.9308063980194968,0.5679024192141919,0.6044470342023602,STRONG_DEPENDENCE,True,No proof from configured rules,mlb-official-batting-v1
mlb,RBI>=1,hits_plus_runs_plus_RBI>=3,6863,1778,1770,1319,459,0.2590703773859828,0.25790470639661955,0.1921900043712662,0.7418447694038245,0.7451977401129943,2.8764297471290665,2.8764297471290665,0.24884172496455845,0.26956859223418156,0.24769190548167133,0.26838837394119314,0.18304117406203216,0.20168322574585298,0.7209973054134255,0.7616494506953857,0.724381645930557,0.7649518261696351,STRONG_DEPENDENCE,True,No proof from configured rules,mlb-official-batting-v1
mlb,RBI>=1,hits_plus_runs_plus_RBI>=4,6863,1778,1017,877,901,0.2590703773859828,0.14818592452280344,0.1277866822089465,0.4932508436445444,0.8623402163225172,3.3285944345452387,3.328594434545239,0.24884172496455845,0.26956859223418156,0.13997721764333465,0.1567882561252517,0.12009585967959253,0.13589395301117316,0.4700517093621035,0.516479078839511,0.8397973182610414,0.8821561189077467,STRONG_DEPENDENCE,True,No proof from configured rules,mlb-official-batting-v1
mlb,RBI>=1,hits_plus_runs_plus_RBI>=5,6863,1778,554,519,1259,0.2590703773859828,0.08072271601340522,0.07562290543494099,0.29190101237345334,0.9368231046931408,3.6160950323447834,3.616095032344784,0.24884172496455845,0.26956859223418156,0.07450996230136143,0.08740457518843243,0.06960233952406827,0.08211828269627044,0.2712353650016223,0.31346393788149357,0.9134037977800141,0.9542262292588531,STRONG_DEPENDENCE,True,No proof from configured rules,mlb-official-batting-v1
mlb,RBI>=1,hits_plus_runs_plus_RBI>=6,6863,1778,293,280,1498,0.2590703773859828,0.042692699985429114,0.04079848462771383,0.15748031496062992,0.9556313993174061,3.688694203326973,3.688694203326973,0.24884172496455845,0.26956859223418156,0.038160101529856244,0.04773695352200061,0.03636939544811399,0.04574134821794523,0.14128979052195437,0.17514771070998505,0.9255798814440617,0.9738901624667529,STRONG_DEPENDENCE,True,No proof from configured rules,mlb-official-batting-v1
mlb,RBI>=1,runs>=1,6863,1778,2252,1073,705,0.2590703773859828,0.3281363835057555,0.1563456214483462,0.6034870641169854,0.47646536412078155,1.8391348672446137,1.839134867244614,0.24884172496455845,0.26956859223418156,0.3171266314954659,0.3393384239238954,0.14794568721421644,0.16513005098549818,0.5805497712569394,0.6259781429849705,0.45589520332271355,0.4971156788979659,STRONG_DEPENDENCE,True,No proof from configured rules,mlb-official-batting-v1
mlb,RBI>=1,runs>=2,6863,1778,458,275,1503,0.2590703773859828,0.06673466414104619,0.040069940259361794,0.1546681664791901,0.6004366812227074,2.31765857324603,2.31765857324603,0.24884172496455845,0.26956859223418156,0.061069406236753686,0.0728846779425346,0.03568137882492861,0.044973091231208434,0.13860705713447632,0.1722182725148025,0.5549222242371861,0.6442803337898062,STRONG_DEPENDENCE,True,No proof from configured rules,mlb-official-batting-v1
mlb,RBI>=1,RBI>=2,6863,1778,593,593,1185,0.2590703773859828,0.08640536208655107,0.08640536208655107,0.33352080989876265,1.0,3.859955005624297,3.859955005624297,0.24884172496455845,0.26956859223418156,0.07998737687584612,0.09328609477134064,0.07998737687584612,0.09328609477134064,0.3119856417466936,0.3557738005597992,0.9935636863627325,1.0,STRONG_DEPENDENCE,True,No proof from configured rules,mlb-official-batting-v1
mlb,RBI>=1,RBI>=3,6863,1778,198,198,1580,0.2590703773859828,0.028850356986740492,0.028850356986740492,0.11136107986501688,1.0,3.8599550056242964,3.8599550056242973,0.24884172496455845,0.26956859223418156,0.025146139244138867,0.03308171721919684,0.025146139244138867,0.03308171721919684,0.09756854055323862,0.12682934672306703,0.9809679396733518,1.0,STRONG_DEPENDENCE,True,No proof from configured rules,mlb-official-batting-v1
mlb,RBI>=2,home_runs>=1,6863,593,564,303,290,0.08640536208655107,0.08217980475010928,0.044149788722133175,0.5109612141652614,0.5372340425531915,6.217600731943597,6.217600731943598,0.07998737687584612,0.09328609477134064,0.07591356395214373,0.08891352075749447,0.03953931593249423,0.04927028633920693,0.4707869229441496,0.5509944057619475,0.495970696592855,0.5779936104290848,STRONG_DEPENDENCE,True,No proof from configured rules,mlb-official-batting-v1
mlb,RBI>=2,home_runs>=2,6863,593,27,27,566,0.08640536208655107,0.003934139589100976,0.003934139589100976,0.045531197301854974,1.0,11.573355817875212,11.57335581787521,0.07998737687584612,0.09328609477134064,0.0027052645438885347,0.0057180344601091134,0.0027052645438885347,0.0057180344601091134,0.03147789591417159,0.06543470619457555,0.8754449702581328,1.0,WEAK_OR_NONE,False,No proof from configured rules,mlb-official-batting-v1
mlb,RBI>=2,hits>=1,6863,593,3819,588,5,0.08640536208655107,0.5564621885472826,0.08567681771819904,0.9915682967959528,0.1539670070699136,1.781914957033418,1.781914957033418,0.07998737687584612,0.09328609477134064,0.5446801576520175,0.5681810471169504,0.07928464746485434,0.09253255057241028,0.9804155611447366,0.9963932569825368,0.14286848343258407,0.16576096707689703,EMPIRICAL_NEAR_IMPLICATION,True,No proof from configured rules,mlb-official-batting-v1
mlb,RBI>=2,hits>=2,6863,593,1371,368,225,0.08640536208655107,0.19976686580212735,0.0536208655107096,0.6205733558178752,0.2684172137126185,3.1064879219387875,3.1064879219387875,0.07998737687584612,0.09328609477134064,0.1904766321191096,0.20939301323196607,0.048536671508713096,0.05920448769197623,0.5808600512262636,0.6587345645408034,0.2456314730349793,0.29249709013426956,STRONG_DEPENDENCE,True,No proof from configured rules,mlb-official-batting-v1
mlb,RBI>=2,hits>=3,6863,593,303,117,476,0.08640536208655107,0.044149788722133175,0.017047938219437564,0.1973018549747049,0.38613861386138615,4.468919573238943,4.468919573238943,0.07998737687584612,0.09328609477134064,0.03953931593249423,0.04927028633920693,0.014244451093881224,0.020391772888715406,0.1672635652045724,0.23123666514244098,0.3330703621757897,0.44205780901335573,STRONG_DEPENDENCE,True,No proof from configured rules,mlb-official-batting-v1
mlb,RBI>=2,total_bases>=1,6863,593,3819,588,5,0.08640536208655107,0.5564621885472826,0.08567681771819904,0.9915682967959528,0.1539670070699136,1.781914957033418,1.781914957033418,0.07998737687584612,0.09328609477134064,0.5446801576520175,0.5681810471169504,0.07928464746485434,0.09253255057241028,0.9804155611447366,0.9963932569825368,0.14286848343258407,0.16576096707689703,EMPIRICAL_NEAR_IMPLICATION,True,No proof from configured rules,mlb-official-batting-v1
mlb,RBI>=2,total_bases>=2,6863,593,2181,534,59,0.08640536208655107,0.3177910534751566,0.07780853853999709,0.9005059021922428,0.24484181568088034,2.8336414519694464,2.8336414519694464,0.07998737687584612,0.09328609477134064,0.3068796786974051,0.3289062914610614,0.07170463316807026,0.08438480988203496,0.8737763790007608,0.9220798621835528,0.227254689707148,0.2633261963765677,STRONG_DEPENDENCE,True,No proof from configured rules,mlb-official-batting-v1
mlb,RBI>=2,total_bases>=3,6863,593,1215,446,147,0.08640536208655107,0.17703628150954392,0.06498615765700132,0.7521079258010118,0.36707818930041153,4.248326497755016,4.2483264977550155,0.07998737687584612,0.09328609477134064,0.16818715677568946,0.18624675194581464,0.059394162238131085,0.07106486527734403,0.7158063304329951,0.7851642298072361,0.340433817238156,0.3945604285987695,STRONG_DEPENDENCE,True,No proof from configured rules,mlb-official-batting-v1
mlb,RBI>=2,total_bases>=4,6863,593,791,372,221,0.08640536208655107,0.11525571907329156,0.05420370100539123,0.627318718381113,0.47029077117572693,5.442842432679619,5.442842432679619,0.07998737687584612,0.09328609477134064,0.10791505722010244,0.12302684938000205,0.049091997062882656,0.0598141810257444,0.5876995525442986,0.6652989578111358,0.43573562776021935,0.5051330832532525,STRONG_DEPENDENCE,True,No proof from configured rules,mlb-official-batting-v1
mlb,RBI>=2,total_bases>=5,6863,593,359,216,377,0.08640536208655107,0.05230948564767594,0.03147311671280781,0.3642495784148398,0.6016713091922006,6.963356146688148,6.963356146688149,0.07998737687584612,0.09328609477134064,0.047287833167272794,0.05783203353555663,0.027597431698025185,0.035873009761030306,0.32650683377112805,0.4037397876379782,0.5502112963747404,0.6509785021594853,STRONG_DEPENDENCE,True,No proof from configured rules,mlb-official-batting-v1
mlb,RBI>=2,total_bases>=6,6863,593,162,120,473,0.08640536208655107,0.023604837534605856,0.017485064840448785,0.20236087689713322,0.7407407407407407,8.572856161389046,8.572856161389046,0.07998737687584612,0.09328609477134064,0.020270735508846068,0.027471950963050044,0.014643185494291729,0.0208668026542582,0.17198785600684036,0.23656529528144854,0.6682353386442115,0.8020933750240196,STRONG_DEPENDENCE,True,No proof from configured rules,mlb-official-batting-v1
mlb,RBI>=2,hits_plus_runs_plus_RBI>=1,6863,593,4254,593,0,0.08640536208655107,0.6198455485939094,0.08640536208655107,1.0,0.13939821344616832,1.6133051245886225,1.6133051245886225,0.07998737687584612,0.09328609477134064,0.6082970007577593,0.631260008074437,0.07998737687584612,0.09328609477134064,0.9935636863627325,1.0,0.1293148793057525,0.15013222325269923,EXACT_IMPLICATION,True,HRR includes nonnegative RBI,mlb-official-batting-v1
mlb,RBI>=2,hits_plus_runs_plus_RBI>=2,6863,593,2787,593,0,0.08640536208655107,0.406090630919423,0.08640536208655107,1.0,0.2127735916756369,2.4625044851094366,2.4625044851094366,0.07998737687584612,0.09328609477134064,0.394527460255928,0.4177588714251049,0.07998737687584612,0.09328609477134064,0.9935636863627325,1.0,0.1979796939153575,0.22835819606406002,EXACT_IMPLICATION,True,HRR includes nonnegative RBI,mlb-official-batting-v1
mlb,RBI>=2,hits_plus_runs_plus_RBI>=3,6863,593,1770,590,3,0.08640536208655107,0.25790470639661955,0.08596823546553985,0.9949409780775716,0.3333333333333333,3.85778527262507,3.8577852726250703,0.07998737687584612,0.09328609477134064,0.24769190548167133,0.26838837394119314,0.07956572218469093,0.09283398529654252,0.9852327497658682,0.9982780156555888,0.3117539366295101,0.3556346019198985,EMPIRICAL_NEAR_IMPLICATION,True,No proof from configured rules,mlb-official-batting-v1
mlb,RBI>=2,hits_plus_runs_plus_RBI>=4,6863,593,1017,534,59,0.08640536208655107,0.14818592452280344,0.07780853853999709,0.9005059021922428,0.5250737463126843,6.076865296701438,6.076865296701438,0.07998737687584612,0.09328609477134064,0.13997721764333465,0.1567882561252517,0.07170463316807026,0.08438480988203496,0.8737763790007608,0.9220798621835528,0.49434606068783565,0.5556127253306286,STRONG_DEPENDENCE,True,No proof from configured rules,mlb-official-batting-v1
mlb,RBI>=2,hits_plus_runs_plus_RBI>=5,6863,593,554,381,212,0.08640536208655107,0.08072271601340522,0.05551508086842489,0.642495784148398,0.6877256317689531,7.9592934415351175,7.959293441535118,0.07998737687584612,0.09328609477134064,0.07450996230136143,0.08740457518843243,0.050342105951406084,0.061185364635080876,0.603117878557644,0.6800393946216171,0.6479547902177125,0.7249110065262636,STRONG_DEPENDENCE,True,No proof from configured rules,mlb-official-batting-v1
mlb,RBI>=2,hits_plus_runs_plus_RBI>=6,6863,593,293,241,352,0.08640536208655107,0.042692699985429114,0.03511583855456797,0.40640809443507586,0.8225255972696246,9.519381406511691,9.519381406511691,0.07998737687584612,0.09328609477134064,0.038160101529856244,0.04773695352200061,0.03101444228921787,0.03973736721944844,0.36760156421464596,0.44641939837175637,0.7746879406507481,0.8620155735782555,STRONG_DEPENDENCE,True,No proof from configured rules,mlb-official-batting-v1
mlb,RBI>=2,runs>=1,6863,593,2252,454,139,0.08640536208655107,0.3281363835057555,0.06615182864636457,0.7655986509274874,0.20159857904085257,2.3331720876178266,2.3331720876178266,0.07998737687584612,0.09328609477134064,0.3171266314954659,0.3393384239238954,0.06051086061584552,0.07227820467550505,0.7298602731584773,0.7979180762584885,0.18554320418633863,0.21867024585699263,STRONG_DEPENDENCE,True,No proof from configured rules,mlb-official-batting-v1
mlb,RBI>=2,runs>=2,6863,593,458,156,437,0.08640536208655107,0.06673466414104619,0.022730584292583417,0.2630691399662732,0.3406113537117904,3.9420163921147005,3.9420163921147005,0.07998737687584612,0.09328609477134064,0.061069406236753686,0.0728846779425346,0.01946229656309198,0.026532861576897535,0.2292374397131579,0.2999507628704374,0.29869506498800674,0.3851791364039407,STRONG_DEPENDENCE,True,No proof from configured rules,mlb-official-batting-v1
mlb,RBI>=2,RBI>=1,6863,593,1778,593,0,0.08640536208655107,0.2590703773859828,0.08640536208655107,1.0,0.33352080989876265,3.859955005624297,3.859955005624297,0.07998737687584612,0.09328609477134064,0.24884172496455845,0.26956859223418156,0.07998737687584612,0.09328609477134064,0.9935636863627325,1.0,0.3119856417466936,0.3557738005597992,EXACT_IMPLICATION,True,Threshold monotonicity,mlb-official-batting-v1
mlb,RBI>=2,RBI>=3,6863,593,198,198,395,0.08640536208655107,0.028850356986740492,0.028850356986740492,0.33389544688026984,1.0,11.573355817875212,11.573355817875212,0.07998737687584612,0.09328609477134064,0.025146139244138867,0.03308171721919684,0.025146139244138867,0.03308171721919684,0.2971143319983134,0.3728147637631396,0.9809679396733518,1.0,STRONG_DEPENDENCE,True,No proof from configured rules,mlb-official-batting-v1
mlb,RBI>=3,home_runs>=1,6863,198,564,135,63,0.028850356986740492,0.08217980475010928,0.01967069794550488,0.6818181818181818,0.2393617021276596,8.296663442940039,8.296663442940039,0.025146139244138867,0.03308171721919684,0.07591356395214373,0.08891352075749447,0.01664396002131897,0.023234848956997452,0.614008523961655,0.7427070904650183,0.20598519811006522,0.27626465273635625,STRONG_DEPENDENCE,True,No proof from configured rules,mlb-official-batting-v1
mlb,RBI>=3,home_runs>=2,6863,198,27,22,176,0.028850356986740492,0.003934139589100976,0.0032055952207489437,0.1111111111111111,0.8148148148148148,28.24279835390947,28.242798353909464,0.025146139244138867,0.03308171721919684,0.0027052645438885347,0.0057180344601091134,0.002117947423068498,0.004849077971006987,0.07452963324992465,0.1624953025596906,0.6330131638145156,0.9181929285702346,WEAK_OR_NONE,False,No proof from configured rules,mlb-official-batting-v1
mlb,RBI>=3,hits>=1,6863,198,3819,198,0,0.028850356986740492,0.5564621885472826,0.028850356986740492,1.0,0.051846032992930086,1.7970672951034299,1.79706729510343,0.025146139244138867,0.03308171721919684,0.5446801576520175,0.5681810471169504,0.025146139244138867,0.03308171721919684,0.9809679396733518,1.0,0.04525362669672192,0.05933911227185694,EMPIRICAL_NEAR_IMPLICATION,True,No proof from configured rules,mlb-official-batting-v1
mlb,RBI>=3,hits>=2,6863,198,1371,141,57,0.028850356986740492,0.19976686580212735,0.02054495118752732,0.7121212121212122,0.10284463894967177,3.564761399553522,3.564761399553522,0.025146139244138867,0.03308171721919684,0.1904766321191096,0.20939301323196607,0.017447295930026453,0.024179041380196567,0.6454905148416947,0.7706777019894242,0.08785969789383315,0.1200489718562645,STRONG_DEPENDENCE,True,No proof from configured rules,mlb-official-batting-v1
mlb,RBI>=3,hits>=3,6863,198,303,61,137,0.028850356986740492,0.044149788722133175,0.008888241293894799,0.30808080808080807,0.20132013201320131,6.978081141447479,6.978081141447478,0.025146139244138867,0.03308171721919684,0.03953931593249423,0.04927028633920693,0.00692611593600116,0.011399843615467213,0.24793413675994133,0.37553271467856997,0.1600374805133543,0.2500813453596215,STRONG_DEPENDENCE,True,No proof from configured rules,mlb-official-batting-v1
mlb,RBI>=3,total_bases>=1,6863,198,3819,198,0,0.028850356986740492,0.5564621885472826,0.028850356986740492,1.0,0.051846032992930086,1.7970672951034299,1.79706729510343,0.025146139244138867,0.03308171721919684,0.5446801576520175,0.5681810471169504,0.025146139244138867,0.03308171721919684,0.9809679396733518,1.0,0.04525362669672192,0.05933911227185694,EMPIRICAL_NEAR_IMPLICATION,True,No proof from configured rules,mlb-official-batting-v1
mlb,RBI>=3,total_bases>=2,6863,198,2181,194,4,0.028850356986740492,0.3177910534751566,0.028267521492058866,0.9797979797979798,0.08895002292526365,3.0831515522024464,3.0831515522024464,0.025146139244138867,0.03308171721919684,0.3068796786974051,0.3289062914610614,0.024602539298165197,0.03246029827723278,0.9492164061101024,0.9921164652936191,0.07771424068213661,0.10163124786063266,STRONG_DEPENDENCE,True,No proof from configured rules,mlb-official-batting-v1
mlb,RBI>=3,total_bases>=3,6863,198,1215,171,27,0.028850356986740492,0.17703628150954392,0.024916217397639516,0.8636363636363636,0.14074074074074075,4.87830153385709,4.87830153385709,0.025146139244138867,0.03308171721919684,0.16818715677568946,0.18624675194581464,0.021485774678963912,0.028878204290792096,0.8088692376042381,0.9045619912491087,0.1223172234161505,0.16142883421739732,STRONG_DEPENDENCE,True,No proof from configured rules,mlb-official-batting-v1
mlb,RBI>=3,total_bases>=4,6863,198,791,160,38,0.028850356986740492,0.11525571907329156,0.023313419787265043,0.8080808080808081,0.202275600505689,7.011199223588605,7.011199223588604,0.025146139244138867,0.03308171721919684,0.10791505722010244,0.12302684938000205,0.020001110107398655,0.027159066920528593,0.7475731843408006,0.8568616067710627,0.17575162756572976,0.23167737003736144,STRONG_DEPENDENCE,True,No proof from configured rules,mlb-official-batting-v1
mlb,RBI>=3,total_bases>=5,6863,198,359,111,87,0.028850356986740492,0.05230948564767594,0.016173684977415125,0.5606060606060606,0.30919220055710306,10.71710137587575,10.717101375875748,0.025146139244138867,0.03308171721919684,0.047287833167272794,0.05783203353555663,0.013448546153955125,0.019440149496734907,0.4909731238009158,0.6279320810079752,0.2636159200639713,0.35880870460467373,STRONG_DEPENDENCE,True,No proof from configured rules,mlb-official-batting-v1
mlb,RBI>=3,total_bases>=6,6863,198,162,71,127,0.028850356986740492,0.023604837534605856,0.010345330030598864,0.35858585858585856,0.4382716049382716,15.19120214490585,15.191202144905848,0.025146139244138867,0.03308171721919684,0.020270735508846068,0.027471950963050044,0.008210402707148129,0.013028104064164573,0.29506052329790333,0.427493998814684,0.36417236114160734,0.5152305327896155,STRONG_DEPENDENCE,True,No proof from configured rules,mlb-official-batting-v1
mlb,RBI>=3,hits_plus_runs_plus_RBI>=1,6863,198,4254,198,0,0.028850356986740492,0.6198455485939094,0.028850356986740492,1.0,0.0465444287729196,1.6133051245886223,1.6133051245886225,0.025146139244138867,0.03308171721919684,0.6082970007577593,0.631260008074437,0.025146139244138867,0.03308171721919684,0.9809679396733518,1.0,0.040612751348379154,0.0532943287267534,EXACT_IMPLICATION,True,HRR includes nonnegative RBI,mlb-official-batting-v1
mlb,RBI>=3,hits_plus_runs_plus_RBI>=2,6863,198,2787,198,0,0.028850356986740492,0.406090630919423,0.028850356986740492,1.0,0.07104413347685684,2.4625044851094366,2.4625044851094366,0.025146139244138867,0.03308171721919684,0.394527460255928,0.4177588714251049,0.025146139244138867,0.03308171721919684,0.9809679396733518,1.0,0.06208521871661506,0.081183922408174,EXACT_IMPLICATION,True,HRR includes nonnegative RBI,mlb-official-batting-v1
mlb,RBI>=3,hits_plus_runs_plus_RBI>=3,6863,198,1770,198,0,0.028850356986740492,0.25790470639661955,0.028850356986740492,1.0,0.11186440677966102,3.877401129943503,3.877401129943503,0.025146139244138867,0.03308171721919684,0.24769190548167133,0.26838837394119314,0.025146139244138867,0.03308171721919684,0.9809679396733518,1.0,0.09801271331826494,0.12739720526968,EXACT_IMPLICATION,True,HRR includes nonnegative RBI,mlb-official-batting-v1
mlb,RBI>=3,hits_plus_runs_plus_RBI>=4,6863,198,1017,198,0,0.028850356986740492,0.14818592452280344,0.028850356986740492,1.0,0.19469026548672566,6.748279252704032,6.748279252704031,0.025146139244138867,0.03308171721919684,0.13997721764333465,0.1567882561252517,0.025146139244138867,0.03308171721919684,0.9809679396733518,1.0,0.17152227851200738,0.22015603291022137,EMPIRICAL_NEAR_IMPLICATION,True,No proof from configured rules,mlb-official-batting-v1
mlb,RBI>=3,hits_plus_runs_plus_RBI>=5,6863,198,554,186,12,0.028850356986740492,0.08072271601340522,0.027101850502695615,0.9393939393939394,0.33574007220216606,11.637293512744776,11.637293512744776,0.025146139244138867,0.03308171721919684,0.07450996230136143,0.08740457518843243,0.023516666965516485,0.031216132834006025,0.8970683838507462,0.9649943510137146,0.2976659710977506,0.3760764567512703,STRONG_DEPENDENCE,True,No proof from configured rules,mlb-official-batting-v1
mlb,RBI>=3,hits_plus_runs_plus_RBI>=6,6863,198,293,146,52,0.028850356986740492,0.042692699985429114,0.021273495555879353,0.7373737373737373,0.49829351535836175,17.271658565173922,17.271658565173922,0.025146139244138867,0.03308171721919684,0.038160101529856244,0.04773695352200061,0.01811794447131765,0.024964666448827534,0.6719787825216692,0.7937332696464876,0.4414364200476055,0.5551947782898071,STRONG_DEPENDENCE,True,No proof from configured rules,mlb-official-batting-v1
mlb,RBI>=3,runs>=1,6863,198,2252,169,29,0.028850356986740492,0.3281363835057555,0.024624799650298703,0.8535353535353535,0.07504440497335702,2.6011603602633793,2.6011603602633793,0.025146139244138867,0.03308171721919684,0.3171266314954659,0.3393384239238954,0.02121552842055115,0.028565941105235994,0.7975674011063304,0.896046293612201,0.06487190327927937,0.08666421530921468,STRONG_DEPENDENCE,True,No proof from configured rules,mlb-official-batting-v1
mlb,RBI>=3,runs>=2,6863,198,458,77,121,0.028850356986740492,0.06673466414104619,0.011219583272621302,0.3888888888888889,0.16812227074235808,5.827389616690927,5.827389616690927,0.025146139244138867,0.03308171721919684,0.061069406236753686,0.0728846779425346,0.00898686051783468,0.013999174585384619,0.32371668970981005,0.45829043480722287,0.13666416538913867,0.20510129504340924,STRONG_DEPENDENCE,True,No proof from configured rules,mlb-official-batting-v1
mlb,RBI>=3,RBI>=1,6863,198,1778,198,0,0.028850356986740492,0.2590703773859828,0.028850356986740492,1.0,0.11136107986501688,3.8599550056242964,3.859955005624297,0.025146139244138867,0.03308171721919684,0.24884172496455845,0.26956859223418156,0.025146139244138867,0.03308171721919684,0.9809679396733518,1.0,0.09756854055323862,0.12682934672306703,EXACT_IMPLICATION,True,Threshold monotonicity,mlb-official-batting-v1
mlb,RBI>=3,RBI>=2,6863,198,593,198,0,0.028850356986740492,0.08640536208655107,0.028850356986740492,1.0,0.33389544688026984,11.573355817875212,11.57335581787521,0.025146139244138867,0.03308171721919684,0.07998737687584612,0.09328609477134064,0.025146139244138867,0.03308171721919684,0.9809679396733518,1.0,0.2971143319983134,0.3728147637631396,EXACT_IMPLICATION,True,Threshold monotonicity,mlb-official-batting-v1
