sport,anchor,guard,n,n_anchor,n_guard,n_joint,n_violations,P_anchor,P_guard,joint_prob,P_guard_given_anchor,P_anchor_given_guard,dependency_ratio,conditional_lift,P_anchor_ci_low,P_anchor_ci_high,P_guard_ci_low,P_guard_ci_high,joint_prob_ci_low,joint_prob_ci_high,P_guard_given_anchor_ci_low,P_guard_given_anchor_ci_high,P_anchor_given_guard_ci_low,P_anchor_given_guard_ci_high,type,eligible,proof,rule_version
mlb,hits>=1,total_bases>=1,8936,5098,5098,5098,0,0.5705013428827216,0.5705013428827216,0.5705013428827216,1.0,1.0,1.7528442526480972,1.7528442526480972,0.5602099390317292,0.5807321577385431,0.5602099390317292,0.5807321577385431,0.5602099390317292,0.5807321577385431,0.9992470446501132,1.0,0.9992470446501132,1.0,EXACT_IMPLICATION,True,Each hit contributes at least one TB; HRR includes nonnegative hits,mlb-official-batting-v1
mlb,total_bases>=1,hits>=1,8936,5098,5098,5098,0,0.5705013428827216,0.5705013428827216,0.5705013428827216,1.0,1.0,1.7528442526480972,1.7528442526480972,0.5602099390317292,0.5807321577385431,0.5602099390317292,0.5807321577385431,0.5602099390317292,0.5807321577385431,0.9992470446501132,1.0,0.9992470446501132,1.0,EXACT_IMPLICATION,True,"At most four TB per hit, so hits >= ceil(TB/4); HRR includes nonnegative hits",mlb-official-batting-v1
mlb,hits>=1,hits_plus_runs_plus_RBI>=1,8936,5098,5585,5098,0,0.5705013428827216,0.625,0.5705013428827216,1.0,0.9128021486123545,1.6,1.6,0.5602099390317292,0.5807321577385431,0.6149106480291481,0.6349819267206841,0.5602099390317292,0.5807321577385431,0.9992470446501132,1.0,0.9051164345040558,0.919920388238984,EXACT_IMPLICATION,True,Each hit contributes at least one TB; HRR includes nonnegative hits,mlb-official-batting-v1
mlb,total_bases>=1,hits_plus_runs_plus_RBI>=1,8936,5098,5585,5098,0,0.5705013428827216,0.625,0.5705013428827216,1.0,0.9128021486123545,1.6,1.6,0.5602099390317292,0.5807321577385431,0.6149106480291481,0.6349819267206841,0.5602099390317292,0.5807321577385431,0.9992470446501132,1.0,0.9051164345040558,0.919920388238984,EXACT_IMPLICATION,True,"At most four TB per hit, so hits >= ceil(TB/4); HRR includes nonnegative hits",mlb-official-batting-v1
mlb,hits_plus_runs_plus_RBI>=2,hits_plus_runs_plus_RBI>=1,8936,3651,5585,3651,0,0.4085720680393912,0.625,0.4085720680393912,1.0,0.653715308863026,1.6,1.6,0.39842141387600194,0.41880129555048584,0.6149106480291481,0.6349819267206841,0.39842141387600194,0.41880129555048584,0.9989489396834375,1.0,0.641135423475965,0.6660838835398233,EXACT_IMPLICATION,True,Threshold monotonicity,mlb-official-batting-v1
mlb,total_bases>=2,hits>=1,8936,2869,5098,2869,0,0.32106087735004474,0.5705013428827216,0.32106087735004474,1.0,0.5627697136131816,1.7528442526480972,1.7528442526480972,0.31145931346104544,0.33081622187916765,0.5602099390317292,0.5807321577385431,0.31145931346104544,0.33081622187916765,0.998662836471919,1.0,0.5491108969298606,0.5763340047131509,EXACT_IMPLICATION,True,"At most four TB per hit, so hits >= ceil(TB/4); HRR includes nonnegative hits",mlb-official-batting-v1
mlb,total_bases>=2,total_bases>=1,8936,2869,5098,2869,0,0.32106087735004474,0.5705013428827216,0.32106087735004474,1.0,0.5627697136131816,1.7528442526480972,1.7528442526480972,0.31145931346104544,0.33081622187916765,0.5602099390317292,0.5807321577385431,0.31145931346104544,0.33081622187916765,0.998662836471919,1.0,0.5491108969298606,0.5763340047131509,EXACT_IMPLICATION,True,Threshold monotonicity,mlb-official-batting-v1
mlb,total_bases>=2,hits_plus_runs_plus_RBI>=1,8936,2869,5585,2869,0,0.32106087735004474,0.625,0.32106087735004474,1.0,0.5136974037600717,1.6,1.6,0.31145931346104544,0.33081622187916765,0.6149106480291481,0.6349819267206841,0.31145931346104544,0.33081622187916765,0.998662836471919,1.0,0.5005842784884008,0.5267916993644913,EXACT_IMPLICATION,True,"At most four TB per hit, so hits >= ceil(TB/4); HRR includes nonnegative hits",mlb-official-batting-v1
mlb,runs>=1,hits_plus_runs_plus_RBI>=1,8936,2839,5585,2839,0,0.31770367054610565,0.625,0.31770367054610565,1.0,0.5083258728737691,1.6,1.6,0.30813049667220965,0.32743351025037154,0.6149106480291481,0.6349819267206841,0.30813049667220965,0.32743351025037154,0.9986487256231702,1.0,0.495213339562066,0.5214269607014567,EXACT_IMPLICATION,True,HRR includes nonnegative runs,mlb-official-batting-v1
mlb,RBI>=1,hits_plus_runs_plus_RBI>=1,8936,2277,5585,2277,0,0.2548119964189794,0.625,0.2548119964189794,1.0,0.40769919427036705,1.5999999999999999,1.6,0.24588386360445064,0.2639508442944906,0.6149106480291481,0.6349819267206841,0.24588386360445064,0.2639508442944906,0.9983157712230114,1.0,0.3948791459612652,0.4206461274614037,EXACT_IMPLICATION,True,HRR includes nonnegative RBI,mlb-official-batting-v1
mlb,hits_plus_runs_plus_RBI>=3,hits_plus_runs_plus_RBI>=2,8936,2229,3651,2229,0,0.24944046553267682,0.4085720680393912,0.24944046553267682,1.0,0.610517666392769,2.4475486168173104,2.4475486168173104,0.2405781714197765,0.2585180910109535,0.39842141387600194,0.41880129555048584,0.2405781714197765,0.2585180910109535,0.9982795648990131,1.0,0.5945919908257994,0.6262110204928896,EXACT_IMPLICATION,True,Threshold monotonicity,mlb-official-batting-v1
mlb,hits_plus_runs_plus_RBI>=3,hits_plus_runs_plus_RBI>=1,8936,2229,5585,2229,0,0.24944046553267682,0.625,0.24944046553267682,1.0,0.3991047448522829,1.5999999999999999,1.6,0.2405781714197765,0.2585180910109535,0.6149106480291481,0.6349819267206841,0.2405781714197765,0.2585180910109535,0.9982795648990131,1.0,0.38633494193159224,0.41201324734808564,EXACT_IMPLICATION,True,Threshold monotonicity,mlb-official-batting-v1
mlb,hits>=2,total_bases>=2,8936,1785,2869,1785,0,0.1997538048343778,0.32106087735004474,0.1997538048343778,1.0,0.622168002788428,3.1146741024747304,3.11467410247473,0.19159395459537898,0.2081716872543971,0.31145931346104544,0.33081622187916765,0.19159395459537898,0.2081716872543971,0.9978525437222221,1.0,0.6042744334069087,0.639734854974693,EXACT_IMPLICATION,True,Each hit contributes at least one TB; HRR includes nonnegative hits,mlb-official-batting-v1
mlb,hits>=2,hits_plus_runs_plus_RBI>=2,8936,1785,3651,1785,0,0.1997538048343778,0.4085720680393912,0.1997538048343778,1.0,0.48890714872637636,2.4475486168173104,2.4475486168173104,0.19159395459537898,0.2081716872543971,0.39842141387600194,0.41880129555048584,0.19159395459537898,0.2081716872543971,0.9978525437222221,1.0,0.47271276340956114,0.505124852554734,EXACT_IMPLICATION,True,Each hit contributes at least one TB; HRR includes nonnegative hits,mlb-official-batting-v1
mlb,hits>=2,hits>=1,8936,1785,5098,1785,0,0.1997538048343778,0.5705013428827216,0.1997538048343778,1.0,0.35013730874852883,1.7528442526480972,1.7528442526480972,0.19159395459537898,0.2081716872543971,0.5602099390317292,0.5807321577385431,0.19159395459537898,0.2081716872543971,0.9978525437222221,1.0,0.3371604169262673,0.3633398804010429,EXACT_IMPLICATION,True,Threshold monotonicity,mlb-official-batting-v1
mlb,hits>=2,total_bases>=1,8936,1785,5098,1785,0,0.1997538048343778,0.5705013428827216,0.1997538048343778,1.0,0.35013730874852883,1.7528442526480972,1.7528442526480972,0.19159395459537898,0.2081716872543971,0.5602099390317292,0.5807321577385431,0.19159395459537898,0.2081716872543971,0.9978525437222221,1.0,0.3371604169262673,0.3633398804010429,EXACT_IMPLICATION,True,Each hit contributes at least one TB; HRR includes nonnegative hits,mlb-official-batting-v1
mlb,hits>=2,hits_plus_runs_plus_RBI>=1,8936,1785,5585,1785,0,0.1997538048343778,0.625,0.1997538048343778,1.0,0.3196060877350045,1.6,1.6,0.19159395459537898,0.2081716872543971,0.6149106480291481,0.6349819267206841,0.19159395459537898,0.2081716872543971,0.9978525437222221,1.0,0.3075037181621652,0.3319564427948452,EXACT_IMPLICATION,True,Each hit contributes at least one TB; HRR includes nonnegative hits,mlb-official-batting-v1
mlb,total_bases>=3,total_bases>=2,8936,1572,2869,1572,0,0.17591763652641002,0.32106087735004474,0.17591763652641002,1.0,0.547926106657372,3.11467410247473,3.11467410247473,0.1681630104383539,0.1839507796462348,0.31145931346104544,0.33081622187916765,0.1681630104383539,0.1839507796462348,0.9975622809012976,1.0,0.5296624710067341,0.5660615722242794,EXACT_IMPLICATION,True,Threshold monotonicity,mlb-official-batting-v1
mlb,total_bases>=3,hits>=1,8936,1572,5098,1572,0,0.17591763652641002,0.5705013428827216,0.17591763652641002,1.0,0.30835621812475483,1.7528442526480972,1.7528442526480972,0.1681630104383539,0.1839507796462348,0.5602099390317292,0.5807321577385431,0.1681630104383539,0.1839507796462348,0.9975622809012976,1.0,0.2958274903393337,0.32117354433184714,EXACT_IMPLICATION,True,"At most four TB per hit, so hits >= ceil(TB/4); HRR includes nonnegative hits",mlb-official-batting-v1
mlb,total_bases>=3,total_bases>=1,8936,1572,5098,1572,0,0.17591763652641002,0.5705013428827216,0.17591763652641002,1.0,0.30835621812475483,1.7528442526480972,1.7528442526480972,0.1681630104383539,0.1839507796462348,0.5602099390317292,0.5807321577385431,0.1681630104383539,0.1839507796462348,0.9975622809012976,1.0,0.2958274903393337,0.32117354433184714,EXACT_IMPLICATION,True,Threshold monotonicity,mlb-official-batting-v1
mlb,total_bases>=3,hits_plus_runs_plus_RBI>=1,8936,1572,5585,1572,0,0.17591763652641002,0.625,0.17591763652641002,1.0,0.28146821844225606,1.6,1.6,0.1681630104383539,0.1839507796462348,0.6149106480291481,0.6349819267206841,0.1681630104383539,0.1839507796462348,0.9975622809012976,1.0,0.26982716790150363,0.29340968217098395,EXACT_IMPLICATION,True,"At most four TB per hit, so hits >= ceil(TB/4); HRR includes nonnegative hits",mlb-official-batting-v1
mlb,hits_plus_runs_plus_RBI>=4,hits_plus_runs_plus_RBI>=3,8936,1265,2229,1265,0,0.14156222023276635,0.24944046553267682,0.14156222023276635,1.0,0.5675190668461193,4.0089726334679225,4.0089726334679225,0.13448837845788977,0.14894410415293133,0.2405781714197765,0.2585180910109535,0.13448837845788977,0.14894410415293133,0.9969724674473797,1.0,0.546853473844403,0.5879523355026598,EXACT_IMPLICATION,True,Threshold monotonicity,mlb-official-batting-v1
mlb,hits_plus_runs_plus_RBI>=4,hits_plus_runs_plus_RBI>=2,8936,1265,3651,1265,0,0.14156222023276635,0.4085720680393912,0.14156222023276635,1.0,0.3464804163242947,2.4475486168173104,2.4475486168173104,0.13448837845788977,0.14894410415293133,0.39842141387600194,0.41880129555048584,0.13448837845788977,0.14894410415293133,0.9969724674473797,1.0,0.3312138956763349,0.36206965365668803,EXACT_IMPLICATION,True,Threshold monotonicity,mlb-official-batting-v1
mlb,hits_plus_runs_plus_RBI>=4,hits_plus_runs_plus_RBI>=1,8936,1265,5585,1265,0,0.14156222023276635,0.625,0.14156222023276635,1.0,0.22649955237242614,1.6,1.6,0.13448837845788977,0.14894410415293133,0.6149106480291481,0.6349819267206841,0.13448837845788977,0.14894410415293133,0.9969724674473797,1.0,0.2157122800030758,0.23766280273819812,EXACT_IMPLICATION,True,Threshold monotonicity,mlb-official-batting-v1
mlb,total_bases>=4,total_bases>=3,8936,1047,1572,1047,0,0.11716651745747537,0.17591763652641002,0.11716651745747537,1.0,0.666030534351145,5.684478371501273,5.684478371501273,0.11066208600890284,0.12399995676712555,0.1681630104383539,0.1839507796462348,0.11066208600890284,0.12399995676712555,0.9963443973508572,1.0,0.6423364214865289,0.6889151756066499,EXACT_IMPLICATION,True,Threshold monotonicity,mlb-official-batting-v1
mlb,total_bases>=4,total_bases>=2,8936,1047,2869,1047,0,0.11716651745747537,0.32106087735004474,0.11716651745747537,1.0,0.3649355176019519,3.1146741024747304,3.11467410247473,0.11066208600890284,0.12399995676712555,0.31145931346104544,0.33081622187916765,0.11066208600890284,0.12399995676712555,0.9963443973508572,1.0,0.3475112804206518,0.3827209613828557,EXACT_IMPLICATION,True,Threshold monotonicity,mlb-official-batting-v1
mlb,total_bases>=4,hits>=1,8936,1047,5098,1047,0,0.11716651745747537,0.5705013428827216,0.11716651745747537,1.0,0.20537465672812869,1.7528442526480972,1.7528442526480972,0.11066208600890284,0.12399995676712555,0.5602099390317292,0.5807321577385431,0.11066208600890284,0.12399995676712555,0.9963443973508572,1.0,0.19450918640419748,0.21668380650891758,EXACT_IMPLICATION,True,"At most four TB per hit, so hits >= ceil(TB/4); HRR includes nonnegative hits",mlb-official-batting-v1
mlb,total_bases>=4,total_bases>=1,8936,1047,5098,1047,0,0.11716651745747537,0.5705013428827216,0.11716651745747537,1.0,0.20537465672812869,1.7528442526480972,1.7528442526480972,0.11066208600890284,0.12399995676712555,0.5602099390317292,0.5807321577385431,0.11066208600890284,0.12399995676712555,0.9963443973508572,1.0,0.19450918640419748,0.21668380650891758,EXACT_IMPLICATION,True,Threshold monotonicity,mlb-official-batting-v1
mlb,total_bases>=4,hits_plus_runs_plus_RBI>=1,8936,1047,5585,1047,0,0.11716651745747537,0.625,0.11716651745747537,1.0,0.1874664279319606,1.6,1.6,0.11066208600890284,0.12399995676712555,0.6149106480291481,0.6349819267206841,0.11066208600890284,0.12399995676712555,0.9963443973508572,1.0,0.17744677761874247,0.1979157146397804,EXACT_IMPLICATION,True,"At most four TB per hit, so hits >= ceil(TB/4); HRR includes nonnegative hits",mlb-official-batting-v1
mlb,home_runs>=1,total_bases>=4,8936,803,1047,803,0,0.08986123545210385,0.11716651745747537,0.08986123545210385,1.0,0.766953199617956,8.534861509073544,8.534861509073544,0.08410664886919957,0.0959682961100884,0.11066208600890284,0.12399995676712555,0.08410664886919957,0.0959682961100884,0.9952388926241978,1.0,0.740397252719699,0.791557396868772,EXACT_IMPLICATION,True,"Each credited HR is a hit; Each credited HR contributes four TB; The credited HR batter scores; The credited HR includes the batter's RBI; HRR includes nonnegative hits; hits_plus_runs_plus_RBI is the sum of hits, runs, RBI",mlb-official-batting-v1
mlb,home_runs>=1,total_bases>=3,8936,803,1572,803,0,0.08986123545210385,0.17591763652641002,0.08986123545210385,1.0,0.5108142493638677,5.684478371501272,5.684478371501273,0.08410664886919957,0.0959682961100884,0.1681630104383539,0.1839507796462348,0.08410664886919957,0.0959682961100884,0.9952388926241978,1.0,0.48610701646484317,0.5354687580584673,EXACT_IMPLICATION,True,"Each credited HR is a hit; Each credited HR contributes four TB; The credited HR batter scores; The credited HR includes the batter's RBI; HRR includes nonnegative hits; hits_plus_runs_plus_RBI is the sum of hits, runs, RBI",mlb-official-batting-v1
mlb,home_runs>=1,hits_plus_runs_plus_RBI>=3,8936,803,2229,803,0,0.08986123545210385,0.24944046553267682,0.08986123545210385,1.0,0.36025123373710183,4.0089726334679225,4.0089726334679225,0.08410664886919957,0.0959682961100884,0.2405781714197765,0.2585180910109535,0.08410664886919957,0.0959682961100884,0.9952388926241978,1.0,0.3405776731308857,0.3804056517089146,EXACT_IMPLICATION,True,"Each credited HR is a hit; Each credited HR contributes four TB; The credited HR batter scores; The credited HR includes the batter's RBI; HRR includes nonnegative hits; hits_plus_runs_plus_RBI is the sum of hits, runs, RBI",mlb-official-batting-v1
mlb,home_runs>=1,RBI>=1,8936,803,2277,803,0,0.08986123545210385,0.2548119964189794,0.08986123545210385,1.0,0.3526570048309179,3.9244620114185333,3.9244620114185333,0.08410664886919957,0.0959682961100884,0.24588386360445064,0.2639508442944906,0.08410664886919957,0.0959682961100884,0.9952388926241978,1.0,0.3332951095565721,0.3725152187303666,EXACT_IMPLICATION,True,"Each credited HR is a hit; Each credited HR contributes four TB; The credited HR batter scores; The credited HR includes the batter's RBI; HRR includes nonnegative hits; hits_plus_runs_plus_RBI is the sum of hits, runs, RBI",mlb-official-batting-v1
mlb,home_runs>=1,runs>=1,8936,803,2839,803,0,0.08986123545210385,0.31770367054610565,0.08986123545210385,1.0,0.28284607256076083,3.147587178584008,3.147587178584008,0.08410664886919957,0.0959682961100884,0.30813049667220965,0.32743351025037154,0.08410664886919957,0.0959682961100884,0.9952388926241978,1.0,0.2665809976347908,0.299698016562684,EXACT_IMPLICATION,True,"Each credited HR is a hit; Each credited HR contributes four TB; The credited HR batter scores; The credited HR includes the batter's RBI; HRR includes nonnegative hits; hits_plus_runs_plus_RBI is the sum of hits, runs, RBI",mlb-official-batting-v1
mlb,home_runs>=1,total_bases>=2,8936,803,2869,803,0,0.08986123545210385,0.32106087735004474,0.08986123545210385,1.0,0.27988846287905195,3.11467410247473,3.11467410247473,0.08410664886919957,0.0959682961100884,0.31145931346104544,0.33081622187916765,0.08410664886919957,0.0959682961100884,0.9952388926241978,1.0,0.2637634958451836,0.29660208015201633,EXACT_IMPLICATION,True,"Each credited HR is a hit; Each credited HR contributes four TB; The credited HR batter scores; The credited HR includes the batter's RBI; HRR includes nonnegative hits; hits_plus_runs_plus_RBI is the sum of hits, runs, RBI",mlb-official-batting-v1
mlb,home_runs>=1,hits_plus_runs_plus_RBI>=2,8936,803,3651,803,0,0.08986123545210385,0.4085720680393912,0.08986123545210385,1.0,0.21993974253629142,2.44754861681731,2.4475486168173104,0.08410664886919957,0.0959682961100884,0.39842141387600194,0.41880129555048584,0.08410664886919957,0.0959682961100884,0.9952388926241978,1.0,0.20680230737364025,0.23366589814467542,EXACT_IMPLICATION,True,"Each credited HR is a hit; Each credited HR contributes four TB; The credited HR batter scores; The credited HR includes the batter's RBI; HRR includes nonnegative hits; hits_plus_runs_plus_RBI is the sum of hits, runs, RBI",mlb-official-batting-v1
mlb,home_runs>=1,hits>=1,8936,803,5098,803,0,0.08986123545210385,0.5705013428827216,0.08986123545210385,1.0,0.15751275009807766,1.7528442526480974,1.7528442526480972,0.08410664886919957,0.0959682961100884,0.5602099390317292,0.5807321577385431,0.08410664886919957,0.0959682961100884,0.9952388926241978,1.0,0.14777135043771322,0.16776990497260558,EXACT_IMPLICATION,True,"Each credited HR is a hit; Each credited HR contributes four TB; The credited HR batter scores; The credited HR includes the batter's RBI; HRR includes nonnegative hits; hits_plus_runs_plus_RBI is the sum of hits, runs, RBI",mlb-official-batting-v1
mlb,home_runs>=1,total_bases>=1,8936,803,5098,803,0,0.08986123545210385,0.5705013428827216,0.08986123545210385,1.0,0.15751275009807766,1.7528442526480974,1.7528442526480972,0.08410664886919957,0.0959682961100884,0.5602099390317292,0.5807321577385431,0.08410664886919957,0.0959682961100884,0.9952388926241978,1.0,0.14777135043771322,0.16776990497260558,EXACT_IMPLICATION,True,"Each credited HR is a hit; Each credited HR contributes four TB; The credited HR batter scores; The credited HR includes the batter's RBI; HRR includes nonnegative hits; hits_plus_runs_plus_RBI is the sum of hits, runs, RBI",mlb-official-batting-v1
mlb,home_runs>=1,hits_plus_runs_plus_RBI>=1,8936,803,5585,803,0,0.08986123545210385,0.625,0.08986123545210385,1.0,0.14377797672336615,1.6,1.6,0.08410664886919957,0.0959682961100884,0.6149106480291481,0.6349819267206841,0.08410664886919957,0.0959682961100884,0.9952388926241978,1.0,0.13482086330935558,0.1532247845556293,EXACT_IMPLICATION,True,"Each credited HR is a hit; Each credited HR contributes four TB; The credited HR batter scores; The credited HR includes the batter's RBI; HRR includes nonnegative hits; hits_plus_runs_plus_RBI is the sum of hits, runs, RBI",mlb-official-batting-v1
mlb,RBI>=2,RBI>=1,8936,732,2277,732,0,0.0819158460161146,0.2548119964189794,0.0819158460161146,1.0,0.3214756258234519,3.9244620114185333,3.9244620114185333,0.0764079482162345,0.08778304617465768,0.24588386360445064,0.2639508442944906,0.0764079482162345,0.08778304617465768,0.9947795020589754,1.0,0.30260680444577104,0.3409457989778968,EXACT_IMPLICATION,True,Threshold monotonicity,mlb-official-batting-v1
mlb,RBI>=2,hits_plus_runs_plus_RBI>=2,8936,732,3651,732,0,0.0819158460161146,0.4085720680393912,0.0819158460161146,1.0,0.20049301561216104,2.4475486168173104,2.4475486168173104,0.0764079482162345,0.08778304617465768,0.39842141387600194,0.41880129555048584,0.0764079482162345,0.08778304617465768,0.9947795020589754,1.0,0.1878240022244018,0.21379162881156707,EXACT_IMPLICATION,True,HRR includes nonnegative RBI,mlb-official-batting-v1
mlb,RBI>=2,hits_plus_runs_plus_RBI>=1,8936,732,5585,732,0,0.0819158460161146,0.625,0.0819158460161146,1.0,0.13106535362578334,1.6,1.6,0.0764079482162345,0.08778304617465768,0.6149106480291481,0.6349819267206841,0.0764079482162345,0.08778304617465768,0.9947795020589754,1.0,0.12246772125595987,0.14017015631418409,EXACT_IMPLICATION,True,HRR includes nonnegative RBI,mlb-official-batting-v1
mlb,hits_plus_runs_plus_RBI>=5,hits_plus_runs_plus_RBI>=4,8936,707,1265,707,0,0.07911817367949865,0.14156222023276635,0.07911817367949865,1.0,0.5588932806324111,7.064031620553359,7.064031620553359,0.07370080647829455,0.08489724756457093,0.13448837845788977,0.14894410415293133,0.07370080647829455,0.08489724756457093,0.9945958993063416,1.0,0.531394397696651,0.5860355609196807,EXACT_IMPLICATION,True,Threshold monotonicity,mlb-official-batting-v1
mlb,hits_plus_runs_plus_RBI>=5,hits_plus_runs_plus_RBI>=3,8936,707,2229,707,0,0.07911817367949865,0.24944046553267682,0.07911817367949865,1.0,0.3171825930910722,4.0089726334679225,4.0089726334679225,0.07370080647829455,0.08489724756457093,0.2405781714197765,0.2585180910109535,0.07370080647829455,0.08489724756457093,0.9945958993063416,1.0,0.2981914984567392,0.3368027386932404,EXACT_IMPLICATION,True,Threshold monotonicity,mlb-official-batting-v1
mlb,hits_plus_runs_plus_RBI>=5,hits_plus_runs_plus_RBI>=2,8936,707,3651,707,0,0.07911817367949865,0.4085720680393912,0.07911817367949865,1.0,0.19364557655436868,2.44754861681731,2.4475486168173104,0.07370080647829455,0.08489724756457093,0.39842141387600194,0.41880129555048584,0.07370080647829455,0.08489724756457093,0.9945958993063416,1.0,0.18115259936601666,0.2067825476972949,EXACT_IMPLICATION,True,Threshold monotonicity,mlb-official-batting-v1
mlb,hits_plus_runs_plus_RBI>=5,hits_plus_runs_plus_RBI>=1,8936,707,5585,707,0,0.07911817367949865,0.625,0.07911817367949865,1.0,0.12658907788719787,1.6,1.6,0.07370080647829455,0.08489724756457093,0.6149106480291481,0.6349819267206841,0.07370080647829455,0.08489724756457093,0.9945958993063416,1.0,0.11812440874978877,0.13556707082921401,EXACT_IMPLICATION,True,Threshold monotonicity,mlb-official-batting-v1
mlb,runs>=2,runs>=1,8936,559,2839,559,0,0.06255595344673232,0.31770367054610565,0.06255595344673232,1.0,0.19690031701303276,3.147587178584008,3.147587178584008,0.057720561939596675,0.06776728524295084,0.30813049667220965,0.32743351025037154,0.057720561939596675,0.06776728524295084,0.9931748829790489,1.0,0.18268642888150433,0.21193334681505233,EXACT_IMPLICATION,True,Threshold monotonicity,mlb-official-batting-v1
mlb,runs>=2,hits_plus_runs_plus_RBI>=2,8936,559,3651,559,0,0.06255595344673232,0.4085720680393912,0.06255595344673232,1.0,0.15310873733223773,2.4475486168173104,2.4475486168173104,0.057720561939596675,0.06776728524295084,0.39842141387600194,0.41880129555048584,0.057720561939596675,0.06776728524295084,0.9931748829790489,1.0,0.14179343524608243,0.16515324669909778,EXACT_IMPLICATION,True,HRR includes nonnegative runs,mlb-official-batting-v1
mlb,runs>=2,hits_plus_runs_plus_RBI>=1,8936,559,5585,559,0,0.06255595344673232,0.625,0.06255595344673232,1.0,0.10008952551477171,1.6,1.6,0.057720561939596675,0.06776728524295084,0.6149106480291481,0.6349819267206841,0.057720561939596675,0.06776728524295084,0.9931748829790489,1.0,0.092491297241697,0.10823750622975001,EXACT_IMPLICATION,True,HRR includes nonnegative runs,mlb-official-batting-v1
mlb,total_bases>=5,total_bases>=4,8936,515,1047,515,0,0.05763205013428827,0.11716651745747537,0.05763205013428827,1.0,0.4918815663801337,8.534861509073544,8.534861509073544,0.05298752642990828,0.06265674574011228,0.11066208600890284,0.12399995676712555,0.05298752642990828,0.06265674574011228,0.9925960835330591,1.0,0.46168442482978683,0.522138063465376,EXACT_IMPLICATION,True,Threshold monotonicity,mlb-official-batting-v1
mlb,total_bases>=5,total_bases>=3,8936,515,1572,515,0,0.05763205013428827,0.17591763652641002,0.05763205013428827,1.0,0.3276081424936387,5.684478371501273,5.684478371501273,0.05298752642990828,0.06265674574011228,0.1681630104383539,0.1839507796462348,0.05298752642990828,0.06265674574011228,0.9925960835330591,1.0,0.3048516746797759,0.35120509615450946,EXACT_IMPLICATION,True,Threshold monotonicity,mlb-official-batting-v1
mlb,total_bases>=5,hits>=2,8936,515,1785,515,0,0.05763205013428827,0.1997538048343778,0.05763205013428827,1.0,0.28851540616246496,5.006162464985994,5.006162464985994,0.05298752642990828,0.06265674574011228,0.19159395459537898,0.2081716872543971,0.05298752642990828,0.06265674574011228,0.9925960835330591,1.0,0.2679689941794334,0.30997012598287615,EXACT_IMPLICATION,True,"At most four TB per hit, so hits >= ceil(TB/4); HRR includes nonnegative hits",mlb-official-batting-v1
mlb,total_bases>=5,total_bases>=2,8936,515,2869,515,0,0.05763205013428827,0.32106087735004474,0.05763205013428827,1.0,0.17950505402579295,3.1146741024747304,3.11467410247473,0.05298752642990828,0.06265674574011228,0.31145931346104544,0.33081622187916765,0.05298752642990828,0.06265674574011228,0.9925960835330591,1.0,0.1658934835113623,0.19397373284560565,EXACT_IMPLICATION,True,Threshold monotonicity,mlb-official-batting-v1
mlb,total_bases>=5,hits_plus_runs_plus_RBI>=2,8936,515,3651,515,0,0.05763205013428827,0.4085720680393912,0.05763205013428827,1.0,0.14105724459052316,2.4475486168173104,2.4475486168173104,0.05298752642990828,0.06265674574011228,0.39842141387600194,0.41880129555048584,0.05298752642990828,0.06265674574011228,0.9925960835330591,1.0,0.13014341662102297,0.15272561353228042,EXACT_IMPLICATION,True,"At most four TB per hit, so hits >= ceil(TB/4); HRR includes nonnegative hits",mlb-official-batting-v1
mlb,total_bases>=5,hits>=1,8936,515,5098,515,0,0.05763205013428827,0.5705013428827216,0.05763205013428827,1.0,0.1010200078462142,1.7528442526480972,1.7528442526480972,0.05298752642990828,0.06265674574011228,0.5602099390317292,0.5807321577385431,0.05298752642990828,0.06265674574011228,0.9925960835330591,1.0,0.09304577012792829,0.10959507380368023,EXACT_IMPLICATION,True,"At most four TB per hit, so hits >= ceil(TB/4); HRR includes nonnegative hits",mlb-official-batting-v1
mlb,total_bases>=5,total_bases>=1,8936,515,5098,515,0,0.05763205013428827,0.5705013428827216,0.05763205013428827,1.0,0.1010200078462142,1.7528442526480972,1.7528442526480972,0.05298752642990828,0.06265674574011228,0.5602099390317292,0.5807321577385431,0.05298752642990828,0.06265674574011228,0.9925960835330591,1.0,0.09304577012792829,0.10959507380368023,EXACT_IMPLICATION,True,Threshold monotonicity,mlb-official-batting-v1
mlb,total_bases>=5,hits_plus_runs_plus_RBI>=1,8936,515,5585,515,0,0.05763205013428827,0.625,0.05763205013428827,1.0,0.09221128021486123,1.6,1.6,0.05298752642990828,0.06265674574011228,0.6149106480291481,0.6349819267206841,0.05298752642990828,0.06265674574011228,0.9925960835330591,1.0,0.08490111467798717,0.10008202832905136,EXACT_IMPLICATION,True,"At most four TB per hit, so hits >= ceil(TB/4); HRR includes nonnegative hits",mlb-official-batting-v1
mlb,hits>=3,total_bases>=3,8936,403,1572,403,0,0.04509847806624888,0.17591763652641002,0.04509847806624888,1.0,0.25636132315521626,5.684478371501273,5.684478371501273,0.040987778184133315,0.049600121226727696,0.1681630104383539,0.1839507796462348,0.040987778184133315,0.049600121226727696,0.990557848180396,1.0,0.23538953254179606,0.27852095908009067,EXACT_IMPLICATION,True,Each hit contributes at least one TB; HRR includes nonnegative hits,mlb-official-batting-v1
mlb,hits>=3,hits>=2,8936,403,1785,403,0,0.04509847806624888,0.1997538048343778,0.04509847806624888,1.0,0.2257703081232493,5.006162464985994,5.006162464985994,0.040987778184133315,0.049600121226727696,0.19159395459537898,0.2081716872543971,0.040987778184133315,0.049600121226727696,0.990557848180396,1.0,0.2069757572142817,0.24574265157896466,EXACT_IMPLICATION,True,Threshold monotonicity,mlb-official-batting-v1
mlb,hits>=3,hits_plus_runs_plus_RBI>=3,8936,403,2229,403,0,0.04509847806624888,0.24944046553267682,0.04509847806624888,1.0,0.18079856437864514,4.0089726334679225,4.0089726334679225,0.040987778184133315,0.049600121226727696,0.2405781714197765,0.2585180910109535,0.040987778184133315,0.049600121226727696,0.990557848180396,1.0,0.16537537898525922,0.19732008048028793,EXACT_IMPLICATION,True,Each hit contributes at least one TB; HRR includes nonnegative hits,mlb-official-batting-v1
mlb,hits>=3,total_bases>=2,8936,403,2869,403,0,0.04509847806624888,0.32106087735004474,0.04509847806624888,1.0,0.14046706169397002,3.11467410247473,3.11467410247473,0.040987778184133315,0.049600121226727696,0.31145931346104544,0.33081622187916765,0.040987778184133315,0.049600121226727696,0.990557848180396,1.0,0.12823266801008068,0.15366296404235266,EXACT_IMPLICATION,True,Each hit contributes at least one TB; HRR includes nonnegative hits,mlb-official-batting-v1
mlb,hits>=3,hits_plus_runs_plus_RBI>=2,8936,403,3651,403,0,0.04509847806624888,0.4085720680393912,0.04509847806624888,1.0,0.11038071761161326,2.4475486168173104,2.4475486168173104,0.040987778184133315,0.049600121226727696,0.39842141387600194,0.41880129555048584,0.040987778184133315,0.049600121226727696,0.990557848180396,1.0,0.1006227103146796,0.12095775164111898,EXACT_IMPLICATION,True,Each hit contributes at least one TB; HRR includes nonnegative hits,mlb-official-batting-v1
mlb,hits>=3,hits>=1,8936,403,5098,403,0,0.04509847806624888,0.5705013428827216,0.04509847806624888,1.0,0.07905060808160062,1.7528442526480972,1.7528442526480972,0.040987778184133315,0.049600121226727696,0.5602099390317292,0.5807321577385431,0.040987778184133315,0.049600121226727696,0.990557848180396,1.0,0.07195697564037372,0.08677815271618076,EXACT_IMPLICATION,True,Threshold monotonicity,mlb-official-batting-v1
mlb,hits>=3,total_bases>=1,8936,403,5098,403,0,0.04509847806624888,0.5705013428827216,0.04509847806624888,1.0,0.07905060808160062,1.7528442526480972,1.7528442526480972,0.040987778184133315,0.049600121226727696,0.5602099390317292,0.5807321577385431,0.040987778184133315,0.049600121226727696,0.990557848180396,1.0,0.07195697564037372,0.08677815271618076,EXACT_IMPLICATION,True,Each hit contributes at least one TB; HRR includes nonnegative hits,mlb-official-batting-v1
mlb,hits>=3,hits_plus_runs_plus_RBI>=1,8936,403,5585,403,0,0.04509847806624888,0.625,0.04509847806624888,1.0,0.07215756490599821,1.5999999999999999,1.6,0.040987778184133315,0.049600121226727696,0.6149106480291481,0.6349819267206841,0.040987778184133315,0.049600121226727696,0.990557848180396,1.0,0.06566159053459054,0.07924168947213549,EXACT_IMPLICATION,True,Each hit contributes at least one TB; HRR includes nonnegative hits,mlb-official-batting-v1
mlb,hits_plus_runs_plus_RBI>=6,hits_plus_runs_plus_RBI>=5,8936,367,707,367,0,0.041069829901521936,0.07911817367949865,0.041069829901521936,1.0,0.5190947666195191,12.63932107496464,12.63932107496464,0.03714855648467591,0.04538550882502669,0.07370080647829455,0.08489724756457093,0.03714855648467591,0.04538550882502669,0.9896412368970012,1.0,0.48226195049986215,0.5557212026561086,EXACT_IMPLICATION,True,Threshold monotonicity,mlb-official-batting-v1
mlb,hits_plus_runs_plus_RBI>=6,hits_plus_runs_plus_RBI>=4,8936,367,1265,367,0,0.041069829901521936,0.14156222023276635,0.041069829901521936,1.0,0.2901185770750988,7.06403162055336,7.064031620553359,0.03714855648467591,0.04538550882502669,0.13448837845788977,0.14894410415293133,0.03714855648467591,0.04538550882502669,0.9896412368970012,1.0,0.2657755401848061,0.3157324596455825,EXACT_IMPLICATION,True,Threshold monotonicity,mlb-official-batting-v1
mlb,hits_plus_runs_plus_RBI>=6,hits_plus_runs_plus_RBI>=3,8936,367,2229,367,0,0.041069829901521936,0.24944046553267682,0.041069829901521936,1.0,0.16464782413638404,4.0089726334679225,4.0089726334679225,0.03714855648467591,0.04538550882502669,0.2405781714197765,0.2585180910109535,0.03714855648467591,0.04538550882502669,0.9896412368970012,1.0,0.14983128184908762,0.18061826973277678,EXACT_IMPLICATION,True,Threshold monotonicity,mlb-official-batting-v1
mlb,hits_plus_runs_plus_RBI>=6,hits_plus_runs_plus_RBI>=2,8936,367,3651,367,0,0.041069829901521936,0.4085720680393912,0.041069829901521936,1.0,0.10052040536839223,2.44754861681731,2.4475486168173104,0.03714855648467591,0.04538550882502669,0.39842141387600194,0.41880129555048584,0.03714855648467591,0.04538550882502669,0.9896412368970012,1.0,0.09118277143093845,0.1106977936042336,EXACT_IMPLICATION,True,Threshold monotonicity,mlb-official-batting-v1
mlb,hits_plus_runs_plus_RBI>=6,hits_plus_runs_plus_RBI>=1,8936,367,5585,367,0,0.041069829901521936,0.625,0.041069829901521936,1.0,0.06571172784243509,1.5999999999999999,1.6,0.03714855648467591,0.04538550882502669,0.6149106480291481,0.6349819267206841,0.03714855648467591,0.04538550882502669,0.9896412368970012,1.0,0.059507332669800184,0.07251313422968253,EXACT_IMPLICATION,True,Threshold monotonicity,mlb-official-batting-v1
mlb,total_bases>=6,total_bases>=5,8936,253,515,253,0,0.028312444046553267,0.05763205013428827,0.028312444046553267,1.0,0.4912621359223301,17.351456310679612,17.351456310679612,0.025070927645477685,0.031959329677223224,0.05298752642990828,0.06265674574011228,0.025070927645477685,0.031959329677223224,0.9850434628492905,1.0,0.4483103449970731,0.534343315679048,EXACT_IMPLICATION,True,Threshold monotonicity,mlb-official-batting-v1
mlb,total_bases>=6,total_bases>=4,8936,253,1047,253,0,0.028312444046553267,0.11716651745747537,0.028312444046553267,1.0,0.24164278892072588,8.534861509073544,8.534861509073544,0.025070927645477685,0.031959329677223224,0.11066208600890284,0.12399995676712555,0.025070927645477685,0.031959329677223224,0.9850434628492905,1.0,0.21668768723118076,0.2684867932207642,EXACT_IMPLICATION,True,Threshold monotonicity,mlb-official-batting-v1
mlb,total_bases>=6,total_bases>=3,8936,253,1572,253,0,0.028312444046553267,0.17591763652641002,0.028312444046553267,1.0,0.16094147582697202,5.684478371501272,5.684478371501273,0.025070927645477685,0.031959329677223224,0.1681630104383539,0.1839507796462348,0.025070927645477685,0.031959329677223224,0.9850434628492905,1.0,0.14360565207428674,0.1799303584595661,EXACT_IMPLICATION,True,Threshold monotonicity,mlb-official-batting-v1
mlb,total_bases>=6,hits>=2,8936,253,1785,253,0,0.028312444046553267,0.1997538048343778,0.028312444046553267,1.0,0.14173669467787114,5.006162464985994,5.006162464985994,0.025070927645477685,0.031959329677223224,0.19159395459537898,0.2081716872543971,0.025070927645477685,0.031959329677223224,0.9850434628492905,1.0,0.12632506097835905,0.1586870379456063,EXACT_IMPLICATION,True,"At most four TB per hit, so hits >= ceil(TB/4); HRR includes nonnegative hits",mlb-official-batting-v1
mlb,total_bases>=6,total_bases>=2,8936,253,2869,253,0,0.028312444046553267,0.32106087735004474,0.028312444046553267,1.0,0.08818403624956431,3.1146741024747304,3.11467410247473,0.025070927645477685,0.031959329677223224,0.31145931346104544,0.33081622187916765,0.025070927645477685,0.031959329677223224,0.9850434628492905,1.0,0.07835099514602009,0.09911840792712576,EXACT_IMPLICATION,True,Threshold monotonicity,mlb-official-batting-v1
mlb,total_bases>=6,hits_plus_runs_plus_RBI>=2,8936,253,3651,253,0,0.028312444046553267,0.4085720680393912,0.028312444046553267,1.0,0.06929608326485895,2.4475486168173104,2.4475486168173104,0.025070927645477685,0.031959329677223224,0.39842141387600194,0.41880129555048584,0.025070927645477685,0.031959329677223224,0.9850434628492905,1.0,0.061503043155956276,0.07799451496389839,EXACT_IMPLICATION,True,"At most four TB per hit, so hits >= ceil(TB/4); HRR includes nonnegative hits",mlb-official-batting-v1
mlb,total_bases>=6,hits>=1,8936,253,5098,253,0,0.028312444046553267,0.5705013428827216,0.028312444046553267,1.0,0.049627304825421735,1.7528442526480974,1.7528442526480972,0.025070927645477685,0.031959329677223224,0.5602099390317292,0.5807321577385431,0.025070927645477685,0.031959329677223224,0.9850434628492905,1.0,0.04399752015293215,0.05593531055846074,EXACT_IMPLICATION,True,"At most four TB per hit, so hits >= ceil(TB/4); HRR includes nonnegative hits",mlb-official-batting-v1
mlb,total_bases>=6,total_bases>=1,8936,253,5098,253,0,0.028312444046553267,0.5705013428827216,0.028312444046553267,1.0,0.049627304825421735,1.7528442526480974,1.7528442526480972,0.025070927645477685,0.031959329677223224,0.5602099390317292,0.5807321577385431,0.025070927645477685,0.031959329677223224,0.9850434628492905,1.0,0.04399752015293215,0.05593531055846074,EXACT_IMPLICATION,True,Threshold monotonicity,mlb-official-batting-v1
mlb,total_bases>=6,hits_plus_runs_plus_RBI>=1,8936,253,5585,253,0,0.028312444046553267,0.625,0.028312444046553267,1.0,0.04529991047448523,1.6,1.6,0.025070927645477685,0.031959329677223224,0.6149106480291481,0.6349819267206841,0.025070927645477685,0.031959329677223224,0.9850434628492905,1.0,0.04015132610715603,0.05107356595272291,EXACT_IMPLICATION,True,"At most four TB per hit, so hits >= ceil(TB/4); HRR includes nonnegative hits",mlb-official-batting-v1
mlb,RBI>=3,RBI>=2,8936,229,732,229,0,0.02562667860340197,0.0819158460161146,0.02562667860340197,1.0,0.3128415300546448,12.207650273224044,12.207650273224044,0.022548572207873433,0.029112462380721866,0.0764079482162345,0.08778304617465768,0.022548572207873433,0.029112462380721866,0.9835018263493515,1.0,0.2803042054683608,0.3473329754549191,EXACT_IMPLICATION,True,Threshold monotonicity,mlb-official-batting-v1
mlb,RBI>=3,hits_plus_runs_plus_RBI>=3,8936,229,2229,229,0,0.02562667860340197,0.24944046553267682,0.02562667860340197,1.0,0.10273665320771647,4.0089726334679225,4.0089726334679225,0.022548572207873433,0.029112462380721866,0.2405781714197765,0.2585180910109535,0.022548572207873433,0.029112462380721866,0.9835018263493515,1.0,0.09080822037873877,0.11603201764900821,EXACT_IMPLICATION,True,HRR includes nonnegative RBI,mlb-official-batting-v1
mlb,RBI>=3,RBI>=1,8936,229,2277,229,0,0.02562667860340197,0.2548119964189794,0.02562667860340197,1.0,0.10057092665788318,3.9244620114185333,3.9244620114185333,0.022548572207873433,0.029112462380721866,0.24588386360445064,0.2639508442944906,0.022548572207873433,0.029112462380721866,0.9835018263493515,1.0,0.08888235151277026,0.11360496168237337,EXACT_IMPLICATION,True,Threshold monotonicity,mlb-official-batting-v1
mlb,RBI>=3,hits_plus_runs_plus_RBI>=2,8936,229,3651,229,0,0.02562667860340197,0.4085720680393912,0.02562667860340197,1.0,0.06272254176937825,2.4475486168173104,2.4475486168173104,0.022548572207873433,0.029112462380721866,0.39842141387600194,0.41880129555048584,0.022548572207873433,0.029112462380721866,0.9835018263493515,1.0,0.055308048910710575,0.07105624459539304,EXACT_IMPLICATION,True,HRR includes nonnegative RBI,mlb-official-batting-v1
mlb,RBI>=3,hits_plus_runs_plus_RBI>=1,8936,229,5585,229,0,0.02562667860340197,0.625,0.02562667860340197,1.0,0.04100268576544315,1.6,1.6,0.022548572207873433,0.029112462380721866,0.6149106480291481,0.6349819267206841,0.022548572207873433,0.029112462380721866,0.9835018263493515,1.0,0.03610982379918877,0.04652652618919463,EXACT_IMPLICATION,True,HRR includes nonnegative RBI,mlb-official-batting-v1
mlb,hits_plus_runs_plus_RBI>=4,hits>=1,8936,1265,5098,1265,0,0.14156222023276635,0.5705013428827216,0.14156222023276635,1.0,0.24813652412710868,1.7528442526480974,1.7528442526480972,0.13448837845788977,0.14894410415293133,0.5602099390317292,0.5807321577385431,0.13448837845788977,0.14894410415293133,0.9969724674473797,1.0,0.23647243584555605,0.26017989631186056,EMPIRICAL_NEAR_IMPLICATION,True,No proof from configured rules,mlb-official-batting-v1
mlb,hits_plus_runs_plus_RBI>=4,total_bases>=1,8936,1265,5098,1265,0,0.14156222023276635,0.5705013428827216,0.14156222023276635,1.0,0.24813652412710868,1.7528442526480974,1.7528442526480972,0.13448837845788977,0.14894410415293133,0.5602099390317292,0.5807321577385431,0.13448837845788977,0.14894410415293133,0.9969724674473797,1.0,0.23647243584555605,0.26017989631186056,EMPIRICAL_NEAR_IMPLICATION,True,No proof from configured rules,mlb-official-batting-v1
mlb,total_bases>=4,hits_plus_runs_plus_RBI>=2,8936,1047,3651,1047,0,0.11716651745747537,0.4085720680393912,0.11716651745747537,1.0,0.2867707477403451,2.4475486168173104,2.4475486168173104,0.11066208600890284,0.12399995676712555,0.39842141387600194,0.41880129555048584,0.11066208600890284,0.12399995676712555,0.9963443973508572,1.0,0.27233106392470624,0.30165866516674483,EMPIRICAL_NEAR_IMPLICATION,True,No proof from configured rules,mlb-official-batting-v1
mlb,hits_plus_runs_plus_RBI>=3,hits>=1,8936,2229,5098,2224,5,0.24944046553267682,0.5705013428827216,0.24888093106535364,0.9977568416330193,0.4362495096116124,1.7489123453967559,1.7489123453967557,0.2405781714197765,0.2585180910109535,0.5602099390317292,0.5807321577385431,0.24002560056013117,0.25795207380099355,0.9947594785767423,0.9990414880050925,0.4226893869536849,0.44990563481513174,EMPIRICAL_NEAR_IMPLICATION,True,No proof from configured rules,mlb-official-batting-v1
mlb,hits_plus_runs_plus_RBI>=3,total_bases>=1,8936,2229,5098,2224,5,0.24944046553267682,0.5705013428827216,0.24888093106535364,0.9977568416330193,0.4362495096116124,1.7489123453967559,1.7489123453967557,0.2405781714197765,0.2585180910109535,0.5602099390317292,0.5807321577385431,0.24002560056013117,0.25795207380099355,0.9947594785767423,0.9990414880050925,0.4226893869536849,0.44990563481513174,EMPIRICAL_NEAR_IMPLICATION,True,No proof from configured rules,mlb-official-batting-v1
mlb,hits_plus_runs_plus_RBI>=5,hits>=1,8936,707,5098,707,0,0.07911817367949865,0.5705013428827216,0.07911817367949865,1.0,0.13868183601412318,1.7528442526480972,1.7528442526480972,0.07370080647829455,0.08489724756457093,0.5602099390317292,0.5807321577385431,0.07370080647829455,0.08489724756457093,0.9945958993063416,1.0,0.12946632600977132,0.14844145890764404,EMPIRICAL_NEAR_IMPLICATION,True,No proof from configured rules,mlb-official-batting-v1
mlb,hits_plus_runs_plus_RBI>=5,total_bases>=1,8936,707,5098,707,0,0.07911817367949865,0.5705013428827216,0.07911817367949865,1.0,0.13868183601412318,1.7528442526480972,1.7528442526480972,0.07370080647829455,0.08489724756457093,0.5602099390317292,0.5807321577385431,0.07370080647829455,0.08489724756457093,0.9945958993063416,1.0,0.12946632600977132,0.14844145890764404,EMPIRICAL_NEAR_IMPLICATION,True,No proof from configured rules,mlb-official-batting-v1
mlb,total_bases>=3,hits_plus_runs_plus_RBI>=2,8936,1572,3651,1564,8,0.17591763652641002,0.4085720680393912,0.17502238137869292,0.9949109414758269,0.42837578745549165,2.4350928986655687,2.435092898665568,0.1681630104383539,0.1839507796462348,0.39842141387600194,0.41880129555048584,0.16728396434136836,0.18304008483185183,0.9899899092132024,0.9974190660300667,0.41240803987714164,0.4444940977688628,EMPIRICAL_NEAR_IMPLICATION,True,No proof from configured rules,mlb-official-batting-v1
mlb,hits_plus_runs_plus_RBI>=6,hits>=1,8936,367,5098,367,0,0.041069829901521936,0.5705013428827216,0.041069829901521936,1.0,0.0719890153001177,1.7528442526480974,1.7528442526480972,0.03714855648467591,0.04538550882502669,0.5602099390317292,0.5807321577385431,0.03714855648467591,0.04538550882502669,0.9896412368970012,1.0,0.06521155293119671,0.07941102399051903,EMPIRICAL_NEAR_IMPLICATION,True,No proof from configured rules,mlb-official-batting-v1
mlb,hits_plus_runs_plus_RBI>=6,total_bases>=1,8936,367,5098,367,0,0.041069829901521936,0.5705013428827216,0.041069829901521936,1.0,0.0719890153001177,1.7528442526480974,1.7528442526480972,0.03714855648467591,0.04538550882502669,0.5602099390317292,0.5807321577385431,0.03714855648467591,0.04538550882502669,0.9896412368970012,1.0,0.06521155293119671,0.07941102399051903,EMPIRICAL_NEAR_IMPLICATION,True,No proof from configured rules,mlb-official-batting-v1
mlb,RBI>=2,hits_plus_runs_plus_RBI>=3,8936,732,2229,729,3,0.0819158460161146,0.24944046553267682,0.08158012533572068,0.9959016393442623,0.32705248990578734,3.9925424177569884,3.992542417756989,0.0764079482162345,0.08778304617465768,0.2405781714197765,0.2585180910109535,0.07608298572285696,0.087436855826272,0.988020342249901,0.9986052294643286,0.3078888517876919,0.3468112179578716,EMPIRICAL_NEAR_IMPLICATION,True,No proof from configured rules,mlb-official-batting-v1
mlb,RBI>=2,hits>=1,8936,732,5098,728,4,0.0819158460161146,0.5705013428827216,0.08146821844225605,0.994535519125683,0.14280109846998823,1.7432658687538454,1.7432658687538454,0.0764079482162345,0.08778304617465768,0.5602099390317292,0.5807321577385431,0.07597467120053755,0.08732145273467037,0.9860346158562232,0.9978729790764245,0.13346584554322033,0.1526742610445177,EMPIRICAL_NEAR_IMPLICATION,True,No proof from configured rules,mlb-official-batting-v1
mlb,RBI>=2,total_bases>=1,8936,732,5098,728,4,0.0819158460161146,0.5705013428827216,0.08146821844225605,0.994535519125683,0.14280109846998823,1.7432658687538454,1.7432658687538454,0.0764079482162345,0.08778304617465768,0.5602099390317292,0.5807321577385431,0.07597467120053755,0.08732145273467037,0.9860346158562232,0.9978729790764245,0.13346584554322033,0.1526742610445177,EMPIRICAL_NEAR_IMPLICATION,True,No proof from configured rules,mlb-official-batting-v1
mlb,hits_plus_runs_plus_RBI>=5,total_bases>=2,8936,707,2869,703,4,0.07911817367949865,0.32106087735004474,0.0786705461056401,0.9943422913719944,0.24503311258278146,3.0970521839317326,3.097052183931733,0.07370080647829455,0.08489724756457093,0.31145931346104544,0.33081622187916765,0.07326785228724522,0.084435331299936,0.985543938579946,0.9977976931246266,0.22964252765033724,0.26110556236067095,EMPIRICAL_NEAR_IMPLICATION,True,No proof from configured rules,mlb-official-batting-v1
mlb,hits_plus_runs_plus_RBI>=6,total_bases>=2,8936,367,2869,366,1,0.041069829901521936,0.32106087735004474,0.0409579230080573,0.997275204359673,0.12757058208434996,3.1061872520592675,3.1061872520592675,0.03714855648467591,0.04538550882502669,0.31145931346104544,0.33081622187916765,0.03704205789329258,0.04526828980248894,0.9847292520201814,0.9995188446212502,0.11585918332254565,0.1402779789149968,EMPIRICAL_NEAR_IMPLICATION,True,No proof from configured rules,mlb-official-batting-v1
mlb,RBI>=3,hits_plus_runs_plus_RBI>=4,8936,229,1265,229,0,0.02562667860340197,0.14156222023276635,0.02562667860340197,1.0,0.18102766798418973,7.064031620553359,7.064031620553359,0.022548572207873433,0.029112462380721866,0.13448837845788977,0.14894410415293133,0.022548572207873433,0.029112462380721866,0.9835018263493515,1.0,0.16078524570860248,0.20320148849690328,EMPIRICAL_NEAR_IMPLICATION,True,No proof from configured rules,mlb-official-batting-v1
mlb,RBI>=3,hits>=1,8936,229,5098,229,0,0.02562667860340197,0.5705013428827216,0.02562667860340197,1.0,0.04491957630443311,1.7528442526480974,1.7528442526480972,0.022548572207873433,0.029112462380721866,0.5602099390317292,0.5807321577385431,0.022548572207873433,0.029112462380721866,0.9835018263493515,1.0,0.03956832616698169,0.050956136921185335,EMPIRICAL_NEAR_IMPLICATION,True,No proof from configured rules,mlb-official-batting-v1
mlb,RBI>=3,total_bases>=1,8936,229,5098,229,0,0.02562667860340197,0.5705013428827216,0.02562667860340197,1.0,0.04491957630443311,1.7528442526480974,1.7528442526480972,0.022548572207873433,0.029112462380721866,0.5602099390317292,0.5807321577385431,0.022548572207873433,0.029112462380721866,0.9835018263493515,1.0,0.03956832616698169,0.050956136921185335,EMPIRICAL_NEAR_IMPLICATION,True,No proof from configured rules,mlb-official-batting-v1
mlb,total_bases>=5,hits_plus_runs_plus_RBI>=3,8936,515,2229,512,3,0.05763205013428827,0.24944046553267682,0.05729632945389436,0.9941747572815534,0.22969941677882458,3.985619394826362,3.9856193948263616,0.05298752642990828,0.06265674574011228,0.2405781714197765,0.2585180910109535,0.05266516719087905,0.06230795213737832,0.9830149022668048,0.9980169550503352,0.21271091576500814,0.247617987015023,EMPIRICAL_NEAR_IMPLICATION,True,No proof from configured rules,mlb-official-batting-v1
mlb,total_bases>=6,hits_plus_runs_plus_RBI>=4,8936,253,1265,252,1,0.028312444046553267,0.14156222023276635,0.02820053715308863,0.9960474308300395,0.1992094861660079,7.036110546954333,7.036110546954334,0.025070927645477685,0.031959329677223224,0.13448837845788977,0.14894410415293133,0.02496565859939917,0.03184088110938067,0.9779546245934474,0.9993019334111846,0.1781247619584702,0.22211551651784928,EMPIRICAL_NEAR_IMPLICATION,True,No proof from configured rules,mlb-official-batting-v1
mlb,total_bases>=6,hits_plus_runs_plus_RBI>=3,8936,253,2229,252,1,0.028312444046553267,0.24944046553267682,0.02820053715308863,0.9960474308300395,0.11305518169582772,3.993126891833662,3.993126891833662,0.025070927645477685,0.031959329677223224,0.2405781714197765,0.2585180910109535,0.02496565859939917,0.03184088110938067,0.9779546245934474,0.9993019334111846,0.1005695613466163,0.12687222894015024,EMPIRICAL_NEAR_IMPLICATION,True,No proof from configured rules,mlb-official-batting-v1
mlb,RBI>=3,total_bases>=2,8936,229,2869,227,2,0.02562667860340197,0.32106087735004474,0.025402864816472696,0.9912663755458515,0.07912164517253398,3.087471708566654,3.0874717085666536,0.022548572207873433,0.029112462380721866,0.31145931346104544,0.33081622187916765,0.022338782326750045,0.028874817034003117,0.9687211065562046,0.9976016485905382,0.0697978543533789,0.08957100236335713,EMPIRICAL_NEAR_IMPLICATION,True,No proof from configured rules,mlb-official-batting-v1
mlb,hits_plus_runs_plus_RBI>=2,hits>=1,8936,3651,5098,3601,50,0.4085720680393912,0.5705013428827216,0.40297672336615936,0.9863051218844152,0.7063554335033346,1.7288392642524784,1.7288392642524784,0.39842141387600194,0.41880129555048584,0.5602099390317292,0.5807321577385431,0.3928507208719819,0.41318610785845256,0.9819915817715628,0.9895963899665601,0.6937020488653783,0.7186980652860219,STRONG_DEPENDENCE,True,No proof from configured rules,mlb-official-batting-v1
mlb,hits_plus_runs_plus_RBI>=2,total_bases>=1,8936,3651,5098,3601,50,0.4085720680393912,0.5705013428827216,0.40297672336615936,0.9863051218844152,0.7063554335033346,1.7288392642524784,1.7288392642524784,0.39842141387600194,0.41880129555048584,0.5602099390317292,0.5807321577385431,0.3928507208719819,0.41318610785845256,0.9819915817715628,0.9895963899665601,0.6937020488653783,0.7186980652860219,STRONG_DEPENDENCE,True,No proof from configured rules,mlb-official-batting-v1
mlb,total_bases>=4,hits_plus_runs_plus_RBI>=3,8936,1047,2229,1035,12,0.11716651745747537,0.24944046553267682,0.11582363473589972,0.9885386819484241,0.46433378196500674,3.963024523055683,3.963024523055683,0.11066208600890284,0.12399995676712555,0.2405781714197765,0.2585180910109535,0.10935303221237784,0.12262439919659775,0.9800739113311392,0.9934316459658301,0.4437088191298005,0.4850814676270668,STRONG_DEPENDENCE,True,No proof from configured rules,mlb-official-batting-v1
mlb,total_bases>=5,hits_plus_runs_plus_RBI>=4,8936,515,1265,506,9,0.05763205013428827,0.14156222023276635,0.056624888093106535,0.9825242718446602,0.4,6.940582524271844,6.940582524271844,0.05298752642990828,0.06265674574011228,0.13448837845788977,0.14894410415293133,0.05202058830146513,0.06161022534326583,0.9671241532650603,0.9907792516202414,0.37334538928616284,0.42726011722436136,STRONG_DEPENDENCE,True,No proof from configured rules,mlb-official-batting-v1
mlb,hits_plus_runs_plus_RBI>=4,total_bases>=2,8936,1265,2869,1231,34,0.14156222023276635,0.32106087735004474,0.13775738585496866,0.9731225296442688,0.4290693621470896,3.0309595416177015,3.030959541617702,0.13448837845788977,0.14894410415293133,0.31145931346104544,0.33081622187916765,0.13076711732241672,0.14505896641508806,0.9626769740808949,0.9807032974878904,0.4110652467053944,0.44726316931270577,STRONG_DEPENDENCE,True,No proof from configured rules,mlb-official-batting-v1
mlb,total_bases>=6,runs>=1,8936,253,2839,248,5,0.028312444046553267,0.31770367054610565,0.02775290957923008,0.9802371541501976,0.08735470235998591,3.0853818983748384,3.085381898374838,0.025070927645477685,0.031959329677223224,0.30813049667220965,0.32743351025037154,0.02454472548533582,0.03136694376775975,0.9545792663702994,0.991529672255699,0.07751808360974352,0.09830651514506888,STRONG_DEPENDENCE,True,No proof from configured rules,mlb-official-batting-v1
mlb,runs>=2,hits_plus_runs_plus_RBI>=3,8936,559,2229,542,17,0.06255595344673232,0.24944046553267682,0.060653536257833485,0.9695885509838998,0.24315836698070883,3.8870539666182724,3.8870539666182724,0.057720561939596675,0.06776728524295084,0.2405781714197765,0.2585180910109535,0.055890786754644345,0.06579386099124504,0.9518397771220263,0.9809273312214454,0.2258010605180269,0.2613994321650733,STRONG_DEPENDENCE,True,No proof from configured rules,mlb-official-batting-v1
mlb,hits_plus_runs_plus_RBI>=6,total_bases>=3,8936,367,1572,357,10,0.041069829901521936,0.17591763652641002,0.03995076096687556,0.9727520435967303,0.22709923664122136,5.529587952659276,5.529587952659276,0.03714855648467591,0.04538550882502669,0.1681630104383539,0.1839507796462348,0.036083948210531194,0.04421294095996073,0.9505764306251482,0.985133403716158,0.20706851098136927,0.24846047310685368,STRONG_DEPENDENCE,True,No proof from configured rules,mlb-official-batting-v1
mlb,hits_plus_runs_plus_RBI>=6,runs>=1,8936,367,2839,356,11,0.041069829901521936,0.31770367054610565,0.03983885407341092,0.9700272479564033,0.12539626629094752,3.0532453285447057,3.0532453285447057,0.03714855648467591,0.04538550882502669,0.30813049667220965,0.32743351025037154,0.03597753415336645,0.04409563740320441,0.9471338949043339,0.9831827991814027,0.11371831935890855,0.13808659807663823,STRONG_DEPENDENCE,True,No proof from configured rules,mlb-official-batting-v1
mlb,RBI>=3,hits_plus_runs_plus_RBI>=5,8936,229,707,223,6,0.02562667860340197,0.07911817367949865,0.024955237242614146,0.9737991266375546,0.31541725601131543,12.308159824092204,12.308159824092204,0.022548572207873433,0.029112462380721866,0.07370080647829455,0.08489724756457093,0.02191940209524865,0.028399326809820238,0.9440268178483754,0.9879377948931499,0.2822402339908027,0.35058928550148144,STRONG_DEPENDENCE,True,No proof from configured rules,mlb-official-batting-v1
mlb,runs>=2,hits>=1,8936,559,5098,538,21,0.06255595344673232,0.5705013428827216,0.060205908683974935,0.962432915921288,0.10553158101216163,1.6869950052319793,1.686995005231979,0.057720561939596675,0.06776728524295084,0.5602099390317292,0.5807321577385431,0.055460449131605576,0.06532932815859953,0.9432539954603407,0.9752995188512303,0.09739277046245498,0.114264425774745,STRONG_DEPENDENCE,True,No proof from configured rules,mlb-official-batting-v1
mlb,runs>=2,total_bases>=1,8936,559,5098,538,21,0.06255595344673232,0.5705013428827216,0.060205908683974935,0.962432915921288,0.10553158101216163,1.6869950052319793,1.686995005231979,0.057720561939596675,0.06776728524295084,0.5602099390317292,0.5807321577385431,0.055460449131605576,0.06532932815859953,0.9432539954603407,0.9752995188512303,0.09739277046245498,0.114264425774745,STRONG_DEPENDENCE,True,No proof from configured rules,mlb-official-batting-v1
mlb,total_bases>=5,runs>=1,8936,515,2839,494,21,0.05763205013428827,0.31770367054610565,0.055282005371530885,0.9592233009708738,0.1740049313138429,3.019238963534952,3.019238963534952,0.05298752642990828,0.06265674574011228,0.30813049667220965,0.32743351025037154,0.050731999859525284,0.06021420241815287,0.9384693790329086,0.9731771209887166,0.16050237905836967,0.18838850113589317,STRONG_DEPENDENCE,True,No proof from configured rules,mlb-official-batting-v1
mlb,hits_plus_runs_plus_RBI>=6,RBI>=1,8936,367,2277,352,15,0.041069829901521936,0.2548119964189794,0.03939122649955237,0.9591280653950953,0.15458937198067632,3.764061656728402,3.7640616567284026,0.03714855648467591,0.04538550882502669,0.24588386360445064,0.2639508442944906,0.03555196467776794,0.043626336423118646,0.9336670491741038,0.9750770838893549,0.1403234689619853,0.17001877603854296,STRONG_DEPENDENCE,True,No proof from configured rules,mlb-official-batting-v1
mlb,hits_plus_runs_plus_RBI>=5,runs>=1,8936,707,2839,671,36,0.07911817367949865,0.31770367054610565,0.07508952551477172,0.9490806223479491,0.2363508277562522,2.9873139983449364,2.987313998344936,0.07370080647829455,0.08489724756457093,0.30813049667220965,0.32743351025037154,0.0698061663758318,0.08073805356587528,0.9303120345472741,0.9629954563431459,0.22108603901374937,0.2523281412406059,STRONG_DEPENDENCE,True,No proof from configured rules,mlb-official-batting-v1
mlb,hits_plus_runs_plus_RBI>=6,hits>=2,8936,367,1785,350,17,0.041069829901521936,0.1997538048343778,0.0391674127126231,0.9536784741144414,0.19607843137254902,4.774269380776834,4.7742693807768335,0.03714855648467591,0.04538550882502669,0.19159395459537898,0.2081716872543971,0.03533923248670261,0.043391633386341846,0.9270770351857849,0.9708808173665349,0.17832095375219367,0.21514122555390672,STRONG_DEPENDENCE,True,No proof from configured rules,mlb-official-batting-v1
mlb,RBI>=1,hits_plus_runs_plus_RBI>=2,8936,2277,3651,2128,149,0.2548119964189794,0.4085720680393912,0.23813786929274844,0.9345630215195433,0.5828540125992878,2.2873884306487646,2.2873884306487646,0.24588386360445064,0.2639508442944906,0.39842141387600194,0.41880129555048584,0.22942018498129846,0.2470805984434038,0.9236559196693069,0.9440063162772631,0.5667807666053818,0.5987530894637717,STRONG_DEPENDENCE,True,No proof from configured rules,mlb-official-batting-v1
mlb,total_bases>=6,RBI>=1,8936,253,2277,240,13,0.028312444046553267,0.2548119964189794,0.02685765443151298,0.9486166007905138,0.10540184453227931,3.7228098132033516,3.7228098132033516,0.025070927645477685,0.031959329677223224,0.24588386360445064,0.2639508442944906,0.023703563678726898,0.030418364663000137,0.914085106225668,0.969728593643063,0.09344694989906549,0.11868592630306374,STRONG_DEPENDENCE,True,No proof from configured rules,mlb-official-batting-v1
mlb,hits_plus_runs_plus_RBI>=5,RBI>=1,8936,707,2277,659,48,0.07911817367949865,0.2548119964189794,0.07374664279319607,0.9321074964639321,0.2894158981115503,3.658020460431137,3.6580204604311364,0.07370080647829455,0.08489724756457093,0.24588386360445064,0.2639508442944906,0.06850895596660633,0.07935065260804794,0.9111325681967124,0.9484121198884004,0.27115620065596857,0.3083849391758856,STRONG_DEPENDENCE,True,No proof from configured rules,mlb-official-batting-v1
mlb,total_bases>=4,runs>=1,8936,1047,2839,971,76,0.11716651745747537,0.31770367054610565,0.10866159355416294,0.9274116523400191,0.34202183867559,2.919109026174854,2.919109026174854,0.11066208600890284,0.12399995676712555,0.30813049667220965,0.32743351025037154,0.10237633078562111,0.11528317333240617,0.9100842510824481,0.9416141592604528,0.32479569253329865,0.3596749285008741,STRONG_DEPENDENCE,True,No proof from configured rules,mlb-official-batting-v1
mlb,RBI>=1,hits>=1,8936,2277,5098,2095,182,0.2548119964189794,0.5705013428827216,0.2344449418084154,0.9200702678963548,0.41094546881129856,1.612739881114521,1.6127398811145206,0.24588386360445064,0.2639508442944906,0.5602099390317292,0.5807321577385431,0.2257763421535317,0.24334176001177532,0.9082110755479236,0.9305144713776894,0.39751171315991307,0.42451333263406454,STRONG_DEPENDENCE,True,No proof from configured rules,mlb-official-batting-v1
mlb,RBI>=1,total_bases>=1,8936,2277,5098,2095,182,0.2548119964189794,0.5705013428827216,0.2344449418084154,0.9200702678963548,0.41094546881129856,1.612739881114521,1.6127398811145206,0.24588386360445064,0.2639508442944906,0.5602099390317292,0.5807321577385431,0.2257763421535317,0.24334176001177532,0.9082110755479236,0.9305144713776894,0.39751171315991307,0.42451333263406454,STRONG_DEPENDENCE,True,No proof from configured rules,mlb-official-batting-v1
mlb,hits_plus_runs_plus_RBI>=5,total_bases>=3,8936,707,1572,656,51,0.07911817367949865,0.17591763652641002,0.07341092211280215,0.9278642149929278,0.4173027989821883,5.274424061817306,5.274424061817305,0.07370080647829455,0.08489724756457093,0.1681630104383539,0.1839507796462348,0.06818473447529667,0.07900372125759438,0.9063933197058794,0.9447106676779063,0.3931569219494691,0.4418518611075682,STRONG_DEPENDENCE,True,No proof from configured rules,mlb-official-batting-v1
mlb,hits_plus_runs_plus_RBI>=1,hits>=1,8936,5585,5098,5098,487,0.625,0.5705013428827216,0.5705013428827216,0.9128021486123545,1.0,1.6,1.6,0.6149106480291481,0.6349819267206841,0.5602099390317292,0.5807321577385431,0.5602099390317292,0.5807321577385431,0.9051164345040558,0.919920388238984,0.9992470446501132,1.0,STRONG_DEPENDENCE,True,No proof from configured rules,mlb-official-batting-v1
mlb,hits_plus_runs_plus_RBI>=1,total_bases>=1,8936,5585,5098,5098,487,0.625,0.5705013428827216,0.5705013428827216,0.9128021486123545,1.0,1.6,1.6,0.6149106480291481,0.6349819267206841,0.5602099390317292,0.5807321577385431,0.5602099390317292,0.5807321577385431,0.9051164345040558,0.919920388238984,0.9992470446501132,1.0,STRONG_DEPENDENCE,True,No proof from configured rules,mlb-official-batting-v1
mlb,total_bases>=6,hits_plus_runs_plus_RBI>=5,8936,253,707,238,15,0.028312444046553267,0.07911817367949865,0.026633840644583705,0.9407114624505929,0.33663366336633666,11.889954212812587,11.889954212812587,0.025070927645477685,0.031959329677223224,0.07370080647829455,0.08489724756457093,0.023493424102108095,0.030181069011776803,0.9044952065607044,0.9637446836187098,0.30276630388959436,0.37226671910932385,STRONG_DEPENDENCE,True,No proof from configured rules,mlb-official-batting-v1
mlb,total_bases>=2,hits_plus_runs_plus_RBI>=2,8936,2869,3651,2622,247,0.32106087735004474,0.4085720680393912,0.2934198746642793,0.9139072847682119,0.7181594083812654,2.2368325107337013,2.236832510733701,0.31145931346104544,0.33081622187916765,0.39842141387600194,0.41880129555048584,0.284069601612974,0.30294768308873554,0.903081755967627,0.9236258901183987,0.7033426496934304,0.7325175696754317,STRONG_DEPENDENCE,True,No proof from configured rules,mlb-official-batting-v1
mlb,total_bases>=3,hits_plus_runs_plus_RBI>=3,8936,1572,2229,1442,130,0.17591763652641002,0.24944046553267682,0.16136974037600715,0.9173027989821882,0.6469268730372364,3.6774418177231203,3.67744181772312,0.1681630104383539,0.1839507796462348,0.2405781714197765,0.2585180910109535,0.15388816583399506,0.1691423344408549,0.9026489547268578,0.929922109231477,0.6268490408160508,0.666499148959119,STRONG_DEPENDENCE,True,No proof from configured rules,mlb-official-batting-v1
mlb,RBI>=3,total_bases>=3,8936,229,1572,213,16,0.02562667860340197,0.17591763652641002,0.02383616830796777,0.9301310043668122,0.13549618320610687,5.2873095769858995,5.2873095769858995,0.022548572207873433,0.029112462380721866,0.1681630104383539,0.1839507796462348,0.02087215686280152,0.027209395903056696,0.889530440153192,0.9565388165752893,0.1194632589730447,0.15330622327066573,STRONG_DEPENDENCE,True,No proof from configured rules,mlb-official-batting-v1
mlb,hits_plus_runs_plus_RBI>=4,runs>=1,8936,1265,2839,1147,118,0.14156222023276635,0.31770367054610565,0.1283572068039391,0.9067193675889328,0.40401549841493484,2.853978255996725,2.8539782559967253,0.13448837845788977,0.14894410415293133,0.30813049667220965,0.32743351025037154,0.12158140262238189,0.13545240154575322,0.8894386192147972,0.921537403712755,0.3861067383298821,0.4221836612951169,STRONG_DEPENDENCE,True,No proof from configured rules,mlb-official-batting-v1
mlb,total_bases>=5,RBI>=1,8936,515,2277,472,43,0.05763205013428827,0.2548119964189794,0.052820053715308866,0.916504854368932,0.207290294246816,3.596788484251549,3.596788484251549,0.05298752642990828,0.06265674574011228,0.24588386360445064,0.2639508442944906,0.0483716357405792,0.05765277903083548,0.8894193216814484,0.9374228527567697,0.1911400501895933,0.22442651852350537,STRONG_DEPENDENCE,True,No proof from configured rules,mlb-official-batting-v1
mlb,runs>=1,hits_plus_runs_plus_RBI>=2,8936,2839,3651,2551,288,0.31770367054610565,0.4085720680393912,0.28547448522829005,0.8985558295174357,0.698712681457135,2.199259077668531,2.199259077668531,0.30813049667220965,0.32743351025037154,0.39842141387600194,0.41880129555048584,0.27620406093046507,0.2949292731828486,0.8869058763142794,0.909128666160266,0.6836274732091793,0.7133801716773361,STRONG_DEPENDENCE,True,No proof from configured rules,mlb-official-batting-v1
mlb,RBI>=2,total_bases>=2,8936,732,2869,665,67,0.0819158460161146,0.32106087735004474,0.07441808415398389,0.9084699453551912,0.23178807947019867,2.8295878116744473,2.8295878116744473,0.0764079482162345,0.08778304617465768,0.31145931346104544,0.33081622187916765,0.0691574966864607,0.08004441757171998,0.8853937080240968,0.9272813496688912,0.21671211460500583,0.24758133073124955,STRONG_DEPENDENCE,True,No proof from configured rules,mlb-official-batting-v1
mlb,hits_plus_runs_plus_RBI>=3,total_bases>=2,8936,2229,2869,2002,227,0.24944046553267682,0.32106087735004474,0.22403760071620413,0.8981606101390758,0.6978041129313349,2.797477592263082,2.797477592263082,0.2405781714197765,0.2585180910109535,0.31145931346104544,0.33081622187916765,0.21551237926325484,0.2327999848073929,0.8849123917859136,0.9100388095132106,0.6807454997894538,0.7143337331821837,STRONG_DEPENDENCE,True,No proof from configured rules,mlb-official-batting-v1
mlb,runs>=1,hits>=1,8936,2839,5098,2504,335,0.31770367054610565,0.5705013428827216,0.2802148612354521,0.8820007044734062,0.4911730090231463,1.5460098656677825,1.546009865667783,0.30813049667220965,0.32743351025037154,0.5602099390317292,0.5807321577385431,0.2709992416556025,0.28961936460342097,0.8696143459200961,0.8933546874989445,0.47746177597812545,0.5048975347283261,STRONG_DEPENDENCE,True,No proof from configured rules,mlb-official-batting-v1
mlb,runs>=1,total_bases>=1,8936,2839,5098,2504,335,0.31770367054610565,0.5705013428827216,0.2802148612354521,0.8820007044734062,0.4911730090231463,1.5460098656677825,1.546009865667783,0.30813049667220965,0.32743351025037154,0.5602099390317292,0.5807321577385431,0.2709992416556025,0.28961936460342097,0.8696143459200961,0.8933546874989445,0.47746177597812545,0.5048975347283261,STRONG_DEPENDENCE,True,No proof from configured rules,mlb-official-batting-v1
mlb,hits>=3,hits_plus_runs_plus_RBI>=4,8936,403,1265,363,40,0.04509847806624888,0.14156222023276635,0.040622202327663386,0.9007444168734491,0.28695652173913044,6.362887042830942,6.362887042830941,0.040987778184133315,0.049600121226727696,0.13448837845788977,0.14894410415293133,0.03672261207382753,0.0449165827801908,0.8676606444104839,0.9262604100864588,0.26270398875442763,0.31249904685494995,STRONG_DEPENDENCE,True,No proof from configured rules,mlb-official-batting-v1
mlb,hits_plus_runs_plus_RBI>=5,hits>=2,8936,707,1785,630,77,0.07911817367949865,0.1997538048343778,0.07050134288272157,0.8910891089108911,0.35294117647058826,4.46093684998752,4.46093684998752,0.07370080647829455,0.08489724756457093,0.19159395459537898,0.2081716872543971,0.06537621379671431,0.075995583974229,0.8659771228170323,0.9119741251552547,0.33110924146080284,0.3754047162679555,STRONG_DEPENDENCE,True,No proof from configured rules,mlb-official-batting-v1
mlb,total_bases>=4,RBI>=1,8936,1047,2277,927,120,0.11716651745747537,0.2548119964189794,0.10373769024171889,0.8853868194842407,0.40711462450592883,3.4746669384765814,3.4746669384765814,0.11066208600890284,0.12399995676712555,0.24588386360445064,0.2639508442944906,0.09758491530994351,0.1102310137955568,0.8646662308911655,0.9032897659208132,0.38710796330532143,0.4274341661512732,STRONG_DEPENDENCE,True,No proof from configured rules,mlb-official-batting-v1
mlb,RBI>=2,hits_plus_runs_plus_RBI>=4,8936,732,1265,650,82,0.0819158460161146,0.14156222023276635,0.07273948075201432,0.8879781420765027,0.5138339920948617,6.2727056739886375,6.272705673988638,0.0764079482162345,0.08778304617465768,0.13448837845788977,0.14894410415293133,0.0675363902600445,0.07830975978932016,0.8630747486832268,0.9088306572860326,0.4862911004309527,0.541293118035971,STRONG_DEPENDENCE,True,No proof from configured rules,mlb-official-batting-v1
mlb,hits_plus_runs_plus_RBI>=4,RBI>=1,8936,1265,2277,1101,164,0.14156222023276635,0.2548119964189794,0.1232094897045658,0.8703557312252964,0.48353096179183136,3.4156780036140746,3.415678003614075,0.13448837845788977,0.14894410415293133,0.24588386360445064,0.2639508442944906,0.11655624140662244,0.1301865525211436,0.8507176151226564,0.8877513192632681,0.46305013653592314,0.5040672623038985,STRONG_DEPENDENCE,True,No proof from configured rules,mlb-official-batting-v1
mlb,hits_plus_runs_plus_RBI>=6,total_bases>=4,8936,367,1047,323,44,0.041069829901521936,0.11716651745747537,0.036145926589077886,0.8801089918256131,0.30850047755491883,7.511608358121947,7.511608358121947,0.03714855648467591,0.04538550882502669,0.11066208600890284,0.12399995676712555,0.0324709384595397,0.040219551837635925,0.8428769268301763,0.9094661388217673,0.28126609654701945,0.33713495088593787,STRONG_DEPENDENCE,True,No proof from configured rules,mlb-official-batting-v1
mlb,total_bases>=6,home_runs>=1,8936,253,803,223,30,0.028312444046553267,0.08986123545210385,0.024955237242614146,0.8814229249011858,0.2777085927770859,9.808711403383558,9.808711403383557,0.025070927645477685,0.031959329677223224,0.08410664886919957,0.0959682961100884,0.02191940209524865,0.028399326809820238,0.8357713183913673,0.9156649991181705,0.2478455275623405,0.3096883645088442,STRONG_DEPENDENCE,True,No proof from configured rules,mlb-official-batting-v1
mlb,RBI>=3,runs>=1,8936,229,2839,202,27,0.02562667860340197,0.31770367054610565,0.022605192479856758,0.8820960698689956,0.07115181401902078,2.7764742797989936,2.776474279798994,0.022548572207873433,0.029112462380721866,0.30813049667220965,0.32743351025037154,0.0197222912807183,0.025898367732008175,0.8338923992507233,0.9176919658634098,0.062263438975274435,0.08119917219329927,STRONG_DEPENDENCE,True,No proof from configured rules,mlb-official-batting-v1
mlb,runs>=2,hits_plus_runs_plus_RBI>=4,8936,559,1265,482,77,0.06255595344673232,0.14156222023276635,0.053939122649955235,0.8622540250447227,0.38102766798418974,6.0909896978653295,6.0909896978653295,0.057720561939596675,0.06776728524295084,0.13448837845788977,0.14894410415293133,0.04944419232403021,0.05881739858659512,0.8312028334704579,0.888360364394506,0.35466408985685643,0.40811163132760125,STRONG_DEPENDENCE,True,No proof from configured rules,mlb-official-batting-v1
mlb,hits_plus_runs_plus_RBI>=3,runs>=1,8936,2229,2839,1861,368,0.24944046553267682,0.31770367054610565,0.20825872873769025,0.8349035441902198,0.6555125044029588,2.627931691047483,2.627931691047483,0.2405781714197765,0.2585180910109535,0.30813049667220965,0.32743351025037154,0.19996578653078823,0.21680239397698903,0.8189171049050845,0.8497376238496157,0.6378328667614953,0.6727718619194697,STRONG_DEPENDENCE,True,No proof from configured rules,mlb-official-batting-v1
mlb,runs>=2,total_bases>=2,8936,559,2869,475,84,0.06255595344673232,0.32106087735004474,0.05315577439570277,0.8497316636851521,0.16556291390728478,2.6466372069329105,2.64663720693291,0.057720561939596675,0.06776728524295084,0.31145931346104544,0.33081622187916765,0.04869334278049142,0.05800222483268644,0.8177274540584091,0.8769619542507289,0.15241115584055367,0.17960906612193764,STRONG_DEPENDENCE,True,No proof from configured rules,mlb-official-batting-v1
mlb,RBI>=3,total_bases>=4,8936,229,1047,197,32,0.02562667860340197,0.11716651745747537,0.02204565801253357,0.8602620087336245,0.18815663801337154,7.3422171060589,7.3422171060589,0.022548572207873433,0.029112462380721866,0.11066208600890284,0.12399995676712555,0.01920039918054104,0.025301671762580094,0.8093895798104052,0.8992471072972061,0.16563849773031772,0.21295472913681726,STRONG_DEPENDENCE,True,No proof from configured rules,mlb-official-batting-v1
mlb,total_bases>=3,runs>=1,8936,1572,2839,1292,280,0.17591763652641002,0.31770367054610565,0.14458370635631154,0.821882951653944,0.4550898203592814,2.5869482409227347,2.5869482409227342,0.1681630104383539,0.1839507796462348,0.30813049667220965,0.32743351025037154,0.137444760885686,0.1520280973010039,0.802191236691911,0.84000534617839,0.4368448553227626,0.4734561573458148,STRONG_DEPENDENCE,True,No proof from configured rules,mlb-official-batting-v1
mlb,hits>=2,hits_plus_runs_plus_RBI>=3,8936,1785,2229,1458,327,0.1997538048343778,0.24944046553267682,0.16316025067144135,0.8168067226890756,0.6541049798115747,3.2745557980931266,3.2745557980931266,0.19159395459537898,0.2081716872543971,0.2405781714197765,0.2585180910109535,0.15564392796854715,0.17096605412903992,0.7981877696604881,0.8340650185467012,0.6341086185308809,0.6735710858592592,STRONG_DEPENDENCE,True,No proof from configured rules,mlb-official-batting-v1
mlb,total_bases>=5,home_runs>=1,8936,515,803,425,90,0.05763205013428827,0.08986123545210385,0.047560429722470904,0.8252427184466019,0.5292652552926526,9.183522953971153,9.183522953971151,0.05298752642990828,0.06265674574011228,0.08410664886919957,0.0959682961100884,0.043338670946615095,0.0521710159705094,0.7900692596112349,0.8556000374442501,0.494684396157427,0.563567444382221,STRONG_DEPENDENCE,True,No proof from configured rules,mlb-official-batting-v1
mlb,hits_plus_runs_plus_RBI>=4,total_bases>=3,8936,1265,1572,1022,243,0.14156222023276635,0.17591763652641002,0.11436884512085944,0.807905138339921,0.6501272264631043,4.592519285118024,4.5925192851180245,0.13448837845788977,0.14894410415293133,0.1681630104383539,0.1839507796462348,0.10793521211009197,0.12113389031790975,0.7852767440107408,0.8286691470102147,0.6262108456067775,0.6733116713050623,STRONG_DEPENDENCE,True,No proof from configured rules,mlb-official-batting-v1
mlb,hits_plus_runs_plus_RBI>=4,hits>=2,8936,1265,1785,1015,250,0.14156222023276635,0.1997538048343778,0.11358549686660699,0.8023715415019763,0.5686274509803921,4.016802294040145,4.016802294040146,0.13448837845788977,0.14894410415293133,0.19159395459537898,0.2081716872543971,0.10717191089490807,0.12033116823564619,0.7795262532243292,0.8233859504098568,0.5455285655600853,0.5914315874998274,STRONG_DEPENDENCE,True,No proof from configured rules,mlb-official-batting-v1
mlb,total_bases>=5,hits_plus_runs_plus_RBI>=5,8936,515,707,419,96,0.05763205013428827,0.07911817367949865,0.04688898836168308,0.8135922330097087,0.5926449787835927,10.283253457107154,10.283253457107154,0.05298752642990828,0.06265674574011228,0.07370080647829455,0.08489724756457093,0.04269718593174474,0.05147019530185335,0.7776807197189701,0.8448601249046765,0.5560210278956503,0.6282676040833182,STRONG_DEPENDENCE,True,No proof from configured rules,mlb-official-batting-v1
mlb,hits_plus_runs_plus_RBI>=6,RBI>=2,8936,367,732,298,69,0.041069829901521936,0.0819158460161146,0.033348254252461955,0.8119891008174387,0.40710382513661203,9.912478968448951,9.912478968448951,0.03714855648467591,0.04538550882502669,0.0764079482162345,0.08778304617465768,0.029821562383998662,0.037275987565150284,0.7688593792094135,0.8486551800532928,0.37208796763053165,0.44308961122189927,STRONG_DEPENDENCE,True,No proof from configured rules,mlb-official-batting-v1
mlb,hits_plus_runs_plus_RBI>=5,total_bases>=4,8936,707,1047,549,158,0.07911817367949865,0.11716651745747537,0.06143688451208595,0.7765205091937766,0.5243553008595988,6.627495004924152,6.627495004924152,0.07370080647829455,0.08489724756457093,0.11066208600890284,0.12399995676712555,0.056644060376548476,0.06660661066678837,0.7443660717455203,0.8056862572909431,0.49407123226418875,0.5544613028503228,STRONG_DEPENDENCE,True,No proof from configured rules,mlb-official-batting-v1
mlb,hits_plus_runs_plus_RBI>=3,RBI>=1,8936,2229,2277,1698,531,0.24944046553267682,0.2548119964189794,0.19001790510295435,0.7617765814266487,0.7457180500658761,2.9895632549971602,2.9895632549971602,0.2405781714197765,0.2585180910109535,0.24588386360445064,0.2639508442944906,0.18201762476394617,0.19828458467469712,0.7436509356080546,0.7790014880066373,0.7274285459295902,0.7631798633802691,STRONG_DEPENDENCE,True,No proof from configured rules,mlb-official-batting-v1
mlb,total_bases>=4,home_runs>=1,8936,1047,803,803,244,0.11716651745747537,0.08986123545210385,0.08986123545210385,0.766953199617956,1.0,8.534861509073544,8.534861509073544,0.11066208600890284,0.12399995676712555,0.08410664886919957,0.0959682961100884,0.08410664886919957,0.0959682961100884,0.740397252719699,0.791557396868772,0.9952388926241978,1.0,STRONG_DEPENDENCE,True,No proof from configured rules,mlb-official-batting-v1
mlb,RBI>=2,runs>=1,8936,732,2839,564,168,0.0819158460161146,0.31770367054610565,0.06311548791405551,0.7704918032786885,0.19866150052835505,2.425190121204072,2.425190121204072,0.0764079482162345,0.08778304617465768,0.30813049667220965,0.32743351025037154,0.05825898438680295,0.06834745086534992,0.7386633155437868,0.7994960872094293,0.18439619766877147,0.21374118537411546,STRONG_DEPENDENCE,True,No proof from configured rules,mlb-official-batting-v1
mlb,RBI>=1,hits_plus_runs_plus_RBI>=3,8936,2277,2229,1698,579,0.2548119964189794,0.24944046553267682,0.19001790510295435,0.7457180500658761,0.7617765814266487,2.9895632549971602,2.9895632549971594,0.24588386360445064,0.2639508442944906,0.2405781714197765,0.2585180910109535,0.18201762476394617,0.19828458467469712,0.7274285459295902,0.7631798633802691,0.7436509356080546,0.7790014880066373,STRONG_DEPENDENCE,True,No proof from configured rules,mlb-official-batting-v1
mlb,RBI>=2,total_bases>=3,8936,732,1572,556,176,0.0819158460161146,0.17591763652641002,0.06222023276633841,0.7595628415300546,0.35368956743002544,4.317718544473644,4.317718544473644,0.0764079482162345,0.08778304617465768,0.1681630104383539,0.1839507796462348,0.05739756308237027,0.06741913125841406,0.7273008255208682,0.7891147629796926,0.3304374752005875,0.3776549871310938,STRONG_DEPENDENCE,True,No proof from configured rules,mlb-official-batting-v1
mlb,hits>=3,runs>=1,8936,403,2839,310,93,0.04509847806624888,0.31770367054610565,0.0346911369740376,0.7692307692307693,0.10919337794998239,2.421220906603083,2.4212209066030836,0.040987778184133315,0.049600121226727696,0.30813049667220965,0.32743351025037154,0.031092441514432884,0.03868971980176886,0.7256693390586622,0.8077079638077049,0.09824463682015332,0.12119829302915473,STRONG_DEPENDENCE,True,No proof from configured rules,mlb-official-batting-v1
mlb,total_bases>=4,hits_plus_runs_plus_RBI>=4,8936,1047,1265,782,265,0.11716651745747537,0.14156222023276635,0.08751119068934646,0.7468958930276982,0.6181818181818182,5.276096205609099,5.276096205609099,0.11066208600890284,0.12399995676712555,0.13448837845788977,0.14894410415293133,0.08182803458784009,0.09354884049910546,0.7196897550771635,0.7722969244170039,0.5910896629597292,0.6445583748005604,STRONG_DEPENDENCE,True,No proof from configured rules,mlb-official-batting-v1
mlb,total_bases>=6,hits_plus_runs_plus_RBI>=6,8936,253,367,196,57,0.028312444046553267,0.041069829901521936,0.021933751119068933,0.7747035573122529,0.5340599455040872,18.863081711559378,18.863081711559378,0.025070927645477685,0.031959329677223224,0.03714855648467591,0.04538550882502669,0.019096081226382608,0.02518227210281746,0.7193371232088468,0.8218527634949135,0.48293510414209234,0.5844791490525264,STRONG_DEPENDENCE,True,No proof from configured rules,mlb-official-batting-v1
mlb,home_runs>=1,hits_plus_runs_plus_RBI>=4,8936,803,1265,602,201,0.08986123545210385,0.14156222023276635,0.06736794986571172,0.7496886674968867,0.4758893280632411,5.29582445276852,5.295824452768521,0.08410664886919957,0.0959682961100884,0.13448837845788977,0.14894410415293133,0.062354577082914586,0.07275312749823884,0.7185856364013573,0.7784141094794687,0.44848272260575256,0.5034419252090379,STRONG_DEPENDENCE,True,No proof from configured rules,mlb-official-batting-v1
mlb,total_bases>=3,RBI>=1,8936,1572,2277,1163,409,0.17591763652641002,0.2548119964189794,0.1301477170993733,0.739821882951654,0.5107597716293368,2.9034028748598946,2.9034028748598946,0.1681630104383539,0.1839507796462348,0.24588386360445064,0.2639508442944906,0.12333015375389778,0.13728313223697441,0.7175677636135126,0.7609067655210794,0.49022671527512873,0.5312565841495209,STRONG_DEPENDENCE,True,No proof from configured rules,mlb-official-batting-v1
mlb,hits_plus_runs_plus_RBI>=6,total_bases>=5,8936,367,515,280,87,0.041069829901521936,0.05763205013428827,0.03133393017009848,0.7629427792915532,0.5436893203883495,13.238168302425862,13.238168302425862,0.03714855648467591,0.04538550882502669,0.05298752642990828,0.06265674574011228,0.027918288578614257,0.035152344319955474,0.7168494875321891,0.8035885471302666,0.5005061764066137,0.5862255202127797,STRONG_DEPENDENCE,True,No proof from configured rules,mlb-official-batting-v1
mlb,RBI>=3,home_runs>=1,8936,229,803,177,52,0.02562667860340197,0.08986123545210385,0.019807520143240824,0.7729257641921398,0.22042341220423411,8.601325814222864,8.601325814222864,0.022548572207873433,0.029112462380721866,0.08410664886919957,0.0959682961100884,0.01711812123667212,0.022909597428027673,0.7144239629970677,0.8224220120844561,0.19312050744258188,0.2503885052743983,STRONG_DEPENDENCE,True,No proof from configured rules,mlb-official-batting-v1
mlb,hits_plus_runs_plus_RBI>=2,total_bases>=2,8936,3651,2869,2622,1029,0.4085720680393912,0.32106087735004474,0.2934198746642793,0.7181594083812654,0.9139072847682119,2.2368325107337013,2.236832510733701,0.39842141387600194,0.41880129555048584,0.31145931346104544,0.33081622187916765,0.284069601612974,0.30294768308873554,0.7033426496934304,0.7325175696754317,0.903081755967627,0.9236258901183987,STRONG_DEPENDENCE,True,No proof from configured rules,mlb-official-batting-v1
mlb,total_bases>=3,hits>=2,8936,1572,1785,1137,435,0.17591763652641002,0.1997538048343778,0.12723813786929275,0.7232824427480916,0.6369747899159663,3.6208694164688775,3.6208694164688775,0.1681630104383539,0.1839507796462348,0.19159395459537898,0.2081716872543971,0.12048865784190949,0.13430797018701496,0.700643043159905,0.7448332425860943,0.614394776673626,0.6589665084133021,STRONG_DEPENDENCE,True,No proof from configured rules,mlb-official-batting-v1
mlb,runs>=2,hits>=2,8936,559,1785,412,147,0.06255595344673232,0.1997538048343778,0.046105640107430616,0.7370304114490162,0.230812324929972,3.689693981349248,3.689693981349248,0.057720561939596675,0.06776728524295084,0.19159395459537898,0.2081716872543971,0.04194909862084786,0.05065225931530276,0.6990060856039221,0.7718192167027828,0.21185608421759697,0.25092470316780624,STRONG_DEPENDENCE,True,No proof from configured rules,mlb-official-batting-v1
mlb,hits>=1,hits_plus_runs_plus_RBI>=2,8936,5098,3651,3601,1497,0.5705013428827216,0.4085720680393912,0.40297672336615936,0.7063554335033346,0.9863051218844152,1.7288392642524784,1.7288392642524784,0.5602099390317292,0.5807321577385431,0.39842141387600194,0.41880129555048584,0.3928507208719819,0.41318610785845256,0.6937020488653783,0.7186980652860219,0.9819915817715628,0.9895963899665601,STRONG_DEPENDENCE,True,No proof from configured rules,mlb-official-batting-v1
mlb,total_bases>=1,hits_plus_runs_plus_RBI>=2,8936,5098,3651,3601,1497,0.5705013428827216,0.4085720680393912,0.40297672336615936,0.7063554335033346,0.9863051218844152,1.7288392642524784,1.7288392642524784,0.5602099390317292,0.5807321577385431,0.39842141387600194,0.41880129555048584,0.3928507208719819,0.41318610785845256,0.6937020488653783,0.7186980652860219,0.9819915817715628,0.9895963899665601,STRONG_DEPENDENCE,True,No proof from configured rules,mlb-official-batting-v1
mlb,RBI>=1,total_bases>=2,8936,2277,2869,1618,659,0.2548119964189794,0.32106087735004474,0.18106535362578335,0.7105841018884497,0.5639595677936563,2.2132378997822197,2.2132378997822193,0.24588386360445064,0.2639508442944906,0.31145931346104544,0.33081622187916765,0.17321897087406465,0.1891858294508932,0.6916150608241144,0.7288437993440314,0.5457404256424474,0.5820076611422142,STRONG_DEPENDENCE,True,No proof from configured rules,mlb-official-batting-v1
mlb,hits>=3,total_bases>=4,8936,403,1047,294,109,0.04509847806624888,0.11716651745747537,0.032900626678603405,0.7295285359801489,0.2808022922636103,6.2264250215077475,6.226425021507747,0.040987778184133315,0.049600121226727696,0.11066208600890284,0.12399995676712555,0.029398288631369205,0.036804390862095485,0.6841433482712757,0.7705792371217101,0.2544208827478201,0.30878630122157485,STRONG_DEPENDENCE,True,No proof from configured rules,mlb-official-batting-v1
mlb,hits_plus_runs_plus_RBI>=2,runs>=1,8936,3651,2839,2551,1100,0.4085720680393912,0.31770367054610565,0.28547448522829005,0.698712681457135,0.8985558295174357,2.199259077668531,2.199259077668531,0.39842141387600194,0.41880129555048584,0.30813049667220965,0.32743351025037154,0.27620406093046507,0.2949292731828486,0.6836274732091793,0.7133801716773361,0.8869058763142794,0.909128666160266,STRONG_DEPENDENCE,True,No proof from configured rules,mlb-official-batting-v1
mlb,runs>=2,total_bases>=3,8936,559,1572,403,156,0.06255595344673232,0.17591763652641002,0.04509847806624888,0.7209302325581395,0.25636132315521626,4.098112314338127,4.098112314338127,0.057720561939596675,0.06776728524295084,0.1681630104383539,0.1839507796462348,0.040987778184133315,0.049600121226727696,0.6823357317707004,0.756508983964228,0.23538953254179606,0.27852095908009067,STRONG_DEPENDENCE,True,No proof from configured rules,mlb-official-batting-v1
mlb,RBI>=3,hits_plus_runs_plus_RBI>=6,8936,229,367,170,59,0.02562667860340197,0.041069829901521936,0.01902417188898836,0.74235807860262,0.46321525885558584,18.075508965648535,18.075508965648535,0.022548572207873433,0.029112462380721866,0.03714855648467591,0.04538550882502669,0.016391498537186376,0.02207019683006594,0.6820438009108449,0.794675424961548,0.41284377279346074,0.5143488337563512,STRONG_DEPENDENCE,True,No proof from configured rules,mlb-official-batting-v1
mlb,total_bases>=2,hits_plus_runs_plus_RBI>=3,8936,2869,2229,2002,867,0.32106087735004474,0.24944046553267682,0.22403760071620413,0.6978041129313349,0.8981606101390758,2.797477592263082,2.7974775922630815,0.31145931346104544,0.33081622187916765,0.2405781714197765,0.2585180910109535,0.21551237926325484,0.2327999848073929,0.6807454997894538,0.7143337331821837,0.8849123917859136,0.9100388095132106,STRONG_DEPENDENCE,True,No proof from configured rules,mlb-official-batting-v1
mlb,hits>=3,hits_plus_runs_plus_RBI>=5,8936,403,707,291,112,0.04509847806624888,0.07911817367949865,0.03256490599820949,0.7220843672456576,0.4115983026874116,9.126656160830548,9.126656160830548,0.040987778184133315,0.049600121226727696,0.07370080647829455,0.08489724756457093,0.029080952610651432,0.036450574041050045,0.6764072064090717,0.7635676194576552,0.3758956375951719,0.44825643112718644,STRONG_DEPENDENCE,True,No proof from configured rules,mlb-official-batting-v1
mlb,RBI>=3,hits>=2,8936,229,1785,166,63,0.02562667860340197,0.1997538048343778,0.01857654431512981,0.7248908296943232,0.09299719887955182,3.6289212628282748,3.6289212628282757,0.022548572207873433,0.029112462380721866,0.19159395459537898,0.2081716872543971,0.015976836347698194,0.021589988563869855,0.663700980918294,0.7786601025488816,0.08038422214869162,0.10735821705109075,STRONG_DEPENDENCE,True,No proof from configured rules,mlb-official-batting-v1
mlb,hits_plus_runs_plus_RBI>=6,home_runs>=1,8936,367,803,256,111,0.041069829901521936,0.08986123545210385,0.02864816472694718,0.6975476839237057,0.31880448318804483,7.762498260949233,7.762498260949233,0.03714855648467591,0.04538550882502669,0.08410664886919957,0.0959682961100884,0.025386819318692643,0.032314590845771464,0.6487078872126666,0.7422947813161211,0.28750033937080605,0.3518340096283949,STRONG_DEPENDENCE,True,No proof from configured rules,mlb-official-batting-v1
mlb,total_bases>=3,total_bases>=4,8936,1572,1047,1047,525,0.17591763652641002,0.11716651745747537,0.11716651745747537,0.666030534351145,1.0,5.684478371501273,5.684478371501272,0.1681630104383539,0.1839507796462348,0.11066208600890284,0.12399995676712555,0.11066208600890284,0.12399995676712555,0.6423364214865289,0.6889151756066499,0.9963443973508572,1.0,STRONG_DEPENDENCE,True,No proof from configured rules,mlb-official-batting-v1
mlb,runs>=1,total_bases>=2,8936,2839,2869,1873,966,0.31770367054610565,0.32106087735004474,0.2096016114592659,0.6597393448397323,0.6528407110491461,2.0548730517559597,2.0548730517559597,0.30813049667220965,0.32743351025037154,0.31145931346104544,0.33081622187916765,0.20128817278533553,0.2181646190894945,0.6421055374887955,0.6769414488233619,0.6352266817391573,0.6700459943102931,STRONG_DEPENDENCE,True,No proof from configured rules,mlb-official-batting-v1
mlb,hits_plus_runs_plus_RBI>=1,hits_plus_runs_plus_RBI>=2,8936,5585,3651,3651,1934,0.625,0.4085720680393912,0.4085720680393912,0.653715308863026,1.0,1.6,1.6,0.6149106480291481,0.6349819267206841,0.39842141387600194,0.41880129555048584,0.39842141387600194,0.41880129555048584,0.641135423475965,0.6660838835398233,0.9989489396834375,1.0,STRONG_DEPENDENCE,True,No proof from configured rules,mlb-official-batting-v1
mlb,runs>=1,hits_plus_runs_plus_RBI>=3,8936,2839,2229,1861,978,0.31770367054610565,0.24944046553267682,0.20825872873769025,0.6555125044029588,0.8349035441902198,2.627931691047483,2.627931691047483,0.30813049667220965,0.32743351025037154,0.2405781714197765,0.2585180910109535,0.19996578653078823,0.21680239397698903,0.6378328667614953,0.6727718619194697,0.8189171049050845,0.8497376238496157,STRONG_DEPENDENCE,True,No proof from configured rules,mlb-official-batting-v1
mlb,hits>=2,runs>=1,8936,1785,2839,1174,611,0.1997538048343778,0.31770367054610565,0.13137869292748433,0.657703081232493,0.41352588939767526,2.070177785802591,2.0701777858025916,0.19159395459537898,0.2081716872543971,0.30813049667220965,0.32743351025037154,0.12453267333417704,0.13854150640982688,0.6353741738211254,0.6793546677002253,0.3955394878194466,0.4317459914757361,STRONG_DEPENDENCE,True,No proof from configured rules,mlb-official-batting-v1
mlb,total_bases>=2,runs>=1,8936,2869,2839,1873,996,0.32106087735004474,0.31770367054610565,0.2096016114592659,0.6528407110491461,0.6597393448397323,2.0548730517559597,2.0548730517559597,0.31145931346104544,0.33081622187916765,0.30813049667220965,0.32743351025037154,0.20128817278533553,0.2181646190894945,0.6352266817391573,0.6700459943102931,0.6421055374887955,0.6769414488233619,STRONG_DEPENDENCE,True,No proof from configured rules,mlb-official-batting-v1
mlb,hits_plus_runs_plus_RBI>=3,hits>=2,8936,2229,1785,1458,771,0.24944046553267682,0.1997538048343778,0.16316025067144135,0.6541049798115747,0.8168067226890756,3.2745557980931266,3.2745557980931266,0.2405781714197765,0.2585180910109535,0.19159395459537898,0.2081716872543971,0.15564392796854715,0.17096605412903992,0.6341086185308809,0.6735710858592592,0.7981877696604881,0.8340650185467012,STRONG_DEPENDENCE,True,No proof from configured rules,mlb-official-batting-v1
mlb,hits_plus_runs_plus_RBI>=5,RBI>=2,8936,707,732,473,234,0.07911817367949865,0.0819158460161146,0.0529319606087735,0.669024045261669,0.6461748633879781,8.167211568932068,8.16721156893207,0.07370080647829455,0.08489724756457093,0.0764079482162345,0.08778304617465768,0.04847886566144039,0.05776926672389534,0.6335061562436509,0.7027150883592,0.6108551381530134,0.6799683774762499,STRONG_DEPENDENCE,True,No proof from configured rules,mlb-official-batting-v1
mlb,hits>=3,RBI>=1,8936,403,2277,273,130,0.04509847806624888,0.2548119964189794,0.030550581915846017,0.6774193548387096,0.11989459815546773,2.658506523864168,2.6585065238641676,0.040987778184133315,0.049600121226727696,0.24588386360445064,0.2639508442944906,0.027179175717227336,0.034325433883894925,0.6302894560357856,0.7211988126733871,0.10718826769364106,0.13388129752944503,STRONG_DEPENDENCE,True,No proof from configured rules,mlb-official-batting-v1
mlb,hits_plus_runs_plus_RBI>=3,total_bases>=3,8936,2229,1572,1442,787,0.24944046553267682,0.17591763652641002,0.16136974037600715,0.6469268730372364,0.9173027989821882,3.6774418177231203,3.6774418177231203,0.2405781714197765,0.2585180910109535,0.1681630104383539,0.1839507796462348,0.15388816583399506,0.1691423344408549,0.6268490408160508,0.666499148959119,0.9026489547268578,0.929922109231477,STRONG_DEPENDENCE,True,No proof from configured rules,mlb-official-batting-v1
mlb,total_bases>=3,hits_plus_runs_plus_RBI>=4,8936,1572,1265,1022,550,0.17591763652641002,0.14156222023276635,0.11436884512085944,0.6501272264631043,0.807905138339921,4.592519285118024,4.592519285118023,0.1681630104383539,0.1839507796462348,0.13448837845788977,0.14894410415293133,0.10793521211009197,0.12113389031790975,0.6262108456067775,0.6733116713050623,0.7852767440107408,0.8286691470102147,STRONG_DEPENDENCE,True,No proof from configured rules,mlb-official-batting-v1
mlb,runs>=2,hits_plus_runs_plus_RBI>=5,8936,559,707,371,188,0.06255595344673232,0.07911817367949865,0.041517457475380486,0.6636851520572451,0.5247524752475248,8.38852972953825,8.38852972953825,0.057720561939596675,0.06776728524295084,0.07370080647829455,0.08489724756457093,0.037574633245941264,0.0458543025194456,0.6235210467579564,0.701614916721768,0.48790724003438024,0.5613301807233595,STRONG_DEPENDENCE,True,No proof from configured rules,mlb-official-batting-v1
mlb,RBI>=2,total_bases>=4,8936,732,1047,482,250,0.0819158460161146,0.11716651745747537,0.053939122649955235,0.6584699453551912,0.4603629417382999,5.619949791493781,5.619949791493781,0.0764079482162345,0.08778304617465768,0.11066208600890284,0.12399995676712555,0.04944419232403021,0.05881739858659512,0.623368640208091,0.6919166664554092,0.43037184143931473,0.49064383670765643,STRONG_DEPENDENCE,True,No proof from configured rules,mlb-official-batting-v1
mlb,runs>=2,RBI>=1,8936,559,2277,370,189,0.06255595344673232,0.2548119964189794,0.04140555058191585,0.6618962432915921,0.16249451032059728,2.5975866622984927,2.5975866622984927,0.057720561939596675,0.06776728524295084,0.24588386360445064,0.2639508442944906,0.03746810176016163,0.045737116391304164,0.6216938248934702,0.699888740078279,0.14791270291571565,0.1782131906416982,STRONG_DEPENDENCE,True,No proof from configured rules,mlb-official-batting-v1
mlb,total_bases>=6,RBI>=2,8936,253,732,172,81,0.028312444046553267,0.0819158460161146,0.019247985675917637,0.6798418972332015,0.23497267759562843,8.299272122508045,8.299272122508045,0.025070927645477685,0.031959329677223224,0.0764079482162345,0.08778304617465768,0.016598981978668995,0.022310148616425458,0.6200326622498162,0.7342715081821418,0.2056910651705817,0.26702143920252985,STRONG_DEPENDENCE,True,No proof from configured rules,mlb-official-batting-v1
mlb,hits>=2,total_bases>=3,8936,1785,1572,1137,648,0.1997538048343778,0.17591763652641002,0.12723813786929275,0.6369747899159663,0.7232824427480916,3.6208694164688775,3.6208694164688775,0.19159395459537898,0.2081716872543971,0.1681630104383539,0.1839507796462348,0.12048865784190949,0.13430797018701496,0.614394776673626,0.6589665084133021,0.700643043159905,0.7448332425860943,STRONG_DEPENDENCE,True,No proof from configured rules,mlb-official-batting-v1
mlb,RBI>=2,hits_plus_runs_plus_RBI>=5,8936,732,707,473,259,0.0819158460161146,0.07911817367949865,0.0529319606087735,0.6461748633879781,0.669024045261669,8.167211568932068,8.16721156893207,0.0764079482162345,0.08778304617465768,0.07370080647829455,0.08489724756457093,0.04847886566144039,0.05776926672389534,0.6108551381530134,0.6799683774762499,0.6335061562436509,0.7027150883592,STRONG_DEPENDENCE,True,No proof from configured rules,mlb-official-batting-v1
mlb,total_bases>=4,hits>=2,8936,1047,1785,669,378,0.11716651745747537,0.1997538048343778,0.07486571172784244,0.6389684813753582,0.37478991596638656,3.198780027770421,3.198780027770421,0.11066208600890284,0.12399995676712555,0.19159395459537898,0.2081716872543971,0.06958992891465718,0.08050685579920777,0.6094163484791313,0.6675045871742589,0.35262513065733686,0.39749246763743457,STRONG_DEPENDENCE,True,No proof from configured rules,mlb-official-batting-v1
mlb,total_bases>=2,hits>=2,8936,2869,1785,1785,1084,0.32106087735004474,0.1997538048343778,0.1997538048343778,0.622168002788428,1.0,3.1146741024747304,3.1146741024747295,0.31145931346104544,0.33081622187916765,0.19159395459537898,0.2081716872543971,0.19159395459537898,0.2081716872543971,0.6042744334069087,0.639734854974693,0.9978525437222221,1.0,STRONG_DEPENDENCE,True,No proof from configured rules,mlb-official-batting-v1
mlb,hits_plus_runs_plus_RBI>=6,runs>=2,8936,367,559,240,127,0.041069829901521936,0.06255595344673232,0.02685765443151298,0.6539509536784741,0.4293381037567084,10.453856390108845,10.453856390108847,0.03714855648467591,0.04538550882502669,0.057720561939596675,0.06776728524295084,0.023703563678726898,0.030418364663000137,0.6039132353538154,0.7007991890858608,0.3889249845083638,0.47071577442661855,STRONG_DEPENDENCE,True,No proof from configured rules,mlb-official-batting-v1
mlb,hits_plus_runs_plus_RBI>=2,hits_plus_runs_plus_RBI>=3,8936,3651,2229,2229,1422,0.4085720680393912,0.24944046553267682,0.24944046553267682,0.610517666392769,1.0,2.4475486168173104,2.44754861681731,0.39842141387600194,0.41880129555048584,0.2405781714197765,0.2585180910109535,0.2405781714197765,0.2585180910109535,0.5945919908257994,0.6262110204928896,0.9982795648990131,1.0,STRONG_DEPENDENCE,True,No proof from configured rules,mlb-official-batting-v1
mlb,RBI>=1,runs>=1,8936,2277,2839,1398,879,0.2548119964189794,0.31770367054610565,0.1564458370635631,0.613965744400527,0.4924269108841141,1.932510705164885,1.932510705164885,0.24588386360445064,0.2639508442944906,0.30813049667220965,0.32743351025037154,0.14906155283539055,0.16412537242693245,0.5937933357547157,0.6337542642737176,0.47405940764523735,0.5108148807655424,STRONG_DEPENDENCE,True,No proof from configured rules,mlb-official-batting-v1
mlb,hits_plus_runs_plus_RBI>=4,total_bases>=4,8936,1265,1047,782,483,0.14156222023276635,0.11716651745747537,0.08751119068934646,0.6181818181818182,0.7468958930276982,5.276096205609099,5.276096205609099,0.13448837845788977,0.14894410415293133,0.11066208600890284,0.12399995676712555,0.08182803458784009,0.09354884049910546,0.5910896629597292,0.6445583748005604,0.7196897550771635,0.7722969244170039,STRONG_DEPENDENCE,True,No proof from configured rules,mlb-official-batting-v1
mlb,RBI>=2,hits>=2,8936,732,1785,442,290,0.0819158460161146,0.1997538048343778,0.04946284691136974,0.6038251366120219,0.24761904761904763,3.0228467343221443,3.0228467343221443,0.0764079482162345,0.08778304617465768,0.19159395459537898,0.2081716872543971,0.04515750781782539,0.054155378535957255,0.5679398993664383,0.6386263360337862,0.2281516988074177,0.26817035055184174,STRONG_DEPENDENCE,True,No proof from configured rules,mlb-official-batting-v1
mlb,hits_plus_runs_plus_RBI>=2,RBI>=1,8936,3651,2277,2128,1523,0.4085720680393912,0.2548119964189794,0.23813786929274844,0.5828540125992878,0.9345630215195433,2.2873884306487646,2.287388430648764,0.39842141387600194,0.41880129555048584,0.24588386360445064,0.2639508442944906,0.22942018498129846,0.2470805984434038,0.5667807666053818,0.5987530894637717,0.9236559196693069,0.9440063162772631,STRONG_DEPENDENCE,True,No proof from configured rules,mlb-official-batting-v1
mlb,total_bases>=6,hits>=3,8936,253,403,158,95,0.028312444046553267,0.04509847806624888,0.01768128916741271,0.6245059288537549,0.3920595533498759,13.847605410017751,13.847605410017751,0.025070927645477685,0.031959329677223224,0.040987778184133315,0.049600121226727696,0.015148782005801732,0.020628301994397774,0.5633921703345449,0.6818953322721953,0.3456280862172461,0.44052940065199825,STRONG_DEPENDENCE,True,No proof from configured rules,mlb-official-batting-v1
mlb,hits_plus_runs_plus_RBI>=5,home_runs>=1,8936,707,803,421,286,0.07911817367949865,0.08986123545210385,0.047112802148612354,0.5954738330975955,0.5242839352428393,6.626592991980216,6.626592991980216,0.07370080647829455,0.08489724756457093,0.08410664886919957,0.0959682961100884,0.04291098713120216,0.051703829330238066,0.5588742074394163,0.6310415583404368,0.48970844825824816,0.5586281853810342,STRONG_DEPENDENCE,True,No proof from configured rules,mlb-official-batting-v1
mlb,hits_plus_runs_plus_RBI>=5,total_bases>=5,8936,707,515,419,288,0.07911817367949865,0.05763205013428827,0.04688898836168308,0.5926449787835927,0.8135922330097087,10.283253457107154,10.283253457107154,0.07370080647829455,0.08489724756457093,0.05298752642990828,0.06265674574011228,0.04269718593174474,0.05147019530185335,0.5560210278956503,0.6282676040833182,0.7776807197189701,0.8448601249046765,STRONG_DEPENDENCE,True,No proof from configured rules,mlb-official-batting-v1
mlb,total_bases>=6,runs>=2,8936,253,559,156,97,0.028312444046553267,0.06255595344673232,0.017457475380483437,0.616600790513834,0.27906976744186046,9.856788307748873,9.856788307748875,0.025070927645477685,0.031959329677223224,0.057720561939596675,0.06776728524295084,0.014942044356072375,0.020387604416284996,0.5553687772926545,0.674344915624769,0.243491016035772,0.31766426822929955,STRONG_DEPENDENCE,True,No proof from configured rules,mlb-official-batting-v1
mlb,hits>=1,total_bases>=2,8936,5098,2869,2869,2229,0.5705013428827216,0.32106087735004474,0.32106087735004474,0.5627697136131816,1.0,1.7528442526480972,1.7528442526480974,0.5602099390317292,0.5807321577385431,0.31145931346104544,0.33081622187916765,0.31145931346104544,0.33081622187916765,0.5491108969298606,0.5763340047131509,0.998662836471919,1.0,STRONG_DEPENDENCE,True,No proof from configured rules,mlb-official-batting-v1
mlb,total_bases>=1,total_bases>=2,8936,5098,2869,2869,2229,0.5705013428827216,0.32106087735004474,0.32106087735004474,0.5627697136131816,1.0,1.7528442526480972,1.7528442526480974,0.5602099390317292,0.5807321577385431,0.31145931346104544,0.33081622187916765,0.31145931346104544,0.33081622187916765,0.5491108969298606,0.5763340047131509,0.998662836471919,1.0,STRONG_DEPENDENCE,True,No proof from configured rules,mlb-official-batting-v1
mlb,hits_plus_runs_plus_RBI>=3,hits_plus_runs_plus_RBI>=4,8936,2229,1265,1265,964,0.24944046553267682,0.14156222023276635,0.14156222023276635,0.5675190668461193,1.0,4.0089726334679225,4.0089726334679225,0.2405781714197765,0.2585180910109535,0.13448837845788977,0.14894410415293133,0.13448837845788977,0.14894410415293133,0.546853473844403,0.5879523355026598,0.9969724674473797,1.0,STRONG_DEPENDENCE,True,No proof from configured rules,mlb-official-batting-v1
mlb,RBI>=2,home_runs>=1,8936,732,803,426,306,0.0819158460161146,0.08986123545210385,0.04767233661593554,0.5819672131147541,0.5305105853051059,6.476287691648122,6.476287691648122,0.0764079482162345,0.08778304617465768,0.08410664886919957,0.0959682961100884,0.04344560872958277,0.05228779580146279,0.5458989747586477,0.6171796321362663,0.4959289181451766,0.5648017241195628,STRONG_DEPENDENCE,True,No proof from configured rules,mlb-official-batting-v1
mlb,total_bases>=2,RBI>=1,8936,2869,2277,1618,1251,0.32106087735004474,0.2548119964189794,0.18106535362578335,0.5639595677936563,0.7105841018884497,2.2132378997822197,2.2132378997822193,0.31145931346104544,0.33081622187916765,0.24588386360445064,0.2639508442944906,0.17321897087406465,0.1891858294508932,0.5457404256424474,0.5820076611422142,0.6916150608241144,0.7288437993440314,STRONG_DEPENDENCE,True,No proof from configured rules,mlb-official-batting-v1
mlb,hits>=2,hits_plus_runs_plus_RBI>=4,8936,1785,1265,1015,770,0.1997538048343778,0.14156222023276635,0.11358549686660699,0.5686274509803921,0.8023715415019763,4.016802294040145,4.016802294040145,0.19159395459537898,0.2081716872543971,0.13448837845788977,0.14894410415293133,0.10717191089490807,0.12033116823564619,0.5455285655600853,0.5914315874998274,0.7795262532243292,0.8233859504098568,STRONG_DEPENDENCE,True,No proof from configured rules,mlb-official-batting-v1
mlb,hits_plus_runs_plus_RBI>=4,hits_plus_runs_plus_RBI>=5,8936,1265,707,707,558,0.14156222023276635,0.07911817367949865,0.07911817367949865,0.5588932806324111,1.0,7.064031620553359,7.06403162055336,0.13448837845788977,0.14894410415293133,0.07370080647829455,0.08489724756457093,0.07370080647829455,0.08489724756457093,0.531394397696651,0.5860355609196807,0.9945958993063416,1.0,STRONG_DEPENDENCE,True,No proof from configured rules,mlb-official-batting-v1
mlb,total_bases>=2,total_bases>=3,8936,2869,1572,1572,1297,0.32106087735004474,0.17591763652641002,0.17591763652641002,0.547926106657372,1.0,3.11467410247473,3.1146741024747304,0.31145931346104544,0.33081622187916765,0.1681630104383539,0.1839507796462348,0.1681630104383539,0.1839507796462348,0.5296624710067341,0.5660615722242794,0.9975622809012976,1.0,STRONG_DEPENDENCE,True,No proof from configured rules,mlb-official-batting-v1
mlb,hits>=2,RBI>=1,8936,1785,2277,985,800,0.1997538048343778,0.2548119964189794,0.11022829006266786,0.5518207282913166,0.432586736934563,2.16559948529258,2.16559948529258,0.19159395459537898,0.2081716872543971,0.24588386360445064,0.2639508442944906,0.10390175717507331,0.11688979353784894,0.5286636281300569,0.5747552629559999,0.412367641764142,0.45303291082019503,STRONG_DEPENDENCE,True,No proof from configured rules,mlb-official-batting-v1
mlb,runs>=2,total_bases>=4,8936,559,1047,318,241,0.06255595344673232,0.11716651745747537,0.0355863921217547,0.5688729874776386,0.3037249283667622,4.8552521643745745,4.855252164374574,0.057720561939596675,0.06776728524295084,0.11066208600890284,0.12399995676712555,0.031940543139901266,0.03963135908766902,0.5274868443157443,0.6093189982412981,0.2766289930347404,0.33225587104243026,STRONG_DEPENDENCE,True,No proof from configured rules,mlb-official-batting-v1
mlb,total_bases>=5,RBI>=2,8936,515,732,291,224,0.05763205013428827,0.0819158460161146,0.03256490599820949,0.5650485436893203,0.3975409836065574,6.89791500875378,6.897915008753779,0.05298752642990828,0.06265674574011228,0.0764079482162345,0.08778304617465768,0.029080952610651432,0.036450574041050045,0.5219068455459995,0.6072270138650974,0.36271195426548164,0.43343978711587594,STRONG_DEPENDENCE,True,No proof from configured rules,mlb-official-batting-v1
mlb,RBI>=3,total_bases>=5,8936,229,515,131,98,0.02562667860340197,0.05763205013428827,0.014659803043867502,0.5720524017467249,0.2543689320388349,9.925942256327637,9.925942256327637,0.022548572207873433,0.029112462380721866,0.05298752642990828,0.06265674574011228,0.012368258481916786,0.017368449942413905,0.5073002717859897,0.6344270656355325,0.21866991422452534,0.29370521367088426,STRONG_DEPENDENCE,True,No proof from configured rules,mlb-official-batting-v1
mlb,hits_plus_runs_plus_RBI>=1,total_bases>=2,8936,5585,2869,2869,2716,0.625,0.32106087735004474,0.32106087735004474,0.5136974037600717,1.0,1.6,1.6000000000000003,0.6149106480291481,0.6349819267206841,0.31145931346104544,0.33081622187916765,0.31145931346104544,0.33081622187916765,0.5005842784884008,0.5267916993644913,0.998662836471919,1.0,STRONG_DEPENDENCE,True,No proof from configured rules,mlb-official-batting-v1
mlb,total_bases>=5,hits_plus_runs_plus_RBI>=6,8936,515,367,280,235,0.05763205013428827,0.041069829901521936,0.03133393017009848,0.5436893203883495,0.7629427792915532,13.238168302425862,13.23816830242586,0.05298752642990828,0.06265674574011228,0.03714855648467591,0.04538550882502669,0.027918288578614257,0.035152344319955474,0.5005061764066137,0.5862255202127797,0.7168494875321891,0.8035885471302666,STRONG_DEPENDENCE,True,No proof from configured rules,mlb-official-batting-v1
mlb,home_runs>=1,RBI>=2,8936,803,732,426,377,0.08986123545210385,0.0819158460161146,0.04767233661593554,0.5305105853051059,0.5819672131147541,6.476287691648122,6.476287691648123,0.08410664886919957,0.0959682961100884,0.0764079482162345,0.08778304617465768,0.04344560872958277,0.05228779580146279,0.4959289181451766,0.5648017241195628,0.5458989747586477,0.6171796321362663,STRONG_DEPENDENCE,True,No proof from configured rules,mlb-official-batting-v1
mlb,hits_plus_runs_plus_RBI>=1,runs>=1,8936,5585,2839,2839,2746,0.625,0.31770367054610565,0.31770367054610565,0.5083258728737691,1.0,1.6,1.6,0.6149106480291481,0.6349819267206841,0.30813049667220965,0.32743351025037154,0.30813049667220965,0.32743351025037154,0.495213339562066,0.5214269607014567,0.9986487256231702,1.0,STRONG_DEPENDENCE,True,No proof from configured rules,mlb-official-batting-v1
mlb,home_runs>=1,total_bases>=5,8936,803,515,425,378,0.08986123545210385,0.05763205013428827,0.047560429722470904,0.5292652552926526,0.8252427184466019,9.183522953971153,9.183522953971153,0.08410664886919957,0.0959682961100884,0.05298752642990828,0.06265674574011228,0.043338670946615095,0.0521710159705094,0.494684396157427,0.563567444382221,0.7900692596112349,0.8556000374442501,STRONG_DEPENDENCE,True,No proof from configured rules,mlb-official-batting-v1
mlb,home_runs>=1,hits>=2,8936,803,1785,425,378,0.08986123545210385,0.1997538048343778,0.047560429722470904,0.5292652552926526,0.23809523809523808,2.6495878550673067,2.649587855067307,0.08410664886919957,0.0959682961100884,0.19159395459537898,0.2081716872543971,0.043338670946615095,0.0521710159705094,0.494684396157427,0.563567444382221,0.21891234980366955,0.25840298443707127,STRONG_DEPENDENCE,True,No proof from configured rules,mlb-official-batting-v1
mlb,total_bases>=4,hits_plus_runs_plus_RBI>=5,8936,1047,707,549,498,0.11716651745747537,0.07911817367949865,0.06143688451208595,0.5243553008595988,0.7765205091937766,6.627495004924152,6.6274950049241514,0.11066208600890284,0.12399995676712555,0.07370080647829455,0.08489724756457093,0.056644060376548476,0.06660661066678837,0.49407123226418875,0.5544613028503228,0.7443660717455203,0.8056862572909431,STRONG_DEPENDENCE,True,No proof from configured rules,mlb-official-batting-v1
mlb,hits_plus_runs_plus_RBI>=6,hits>=3,8936,367,403,199,168,0.041069829901521936,0.04509847806624888,0.022269471799462846,0.5422343324250681,0.49379652605459057,12.023339936849649,12.02333993684965,0.03714855648467591,0.04538550882502669,0.040987778184133315,0.049600121226727696,0.019409095998548585,0.025540410172414686,0.4910878155941273,0.5925058583671997,0.44527343675672304,0.542436763638061,STRONG_DEPENDENCE,True,No proof from configured rules,mlb-official-batting-v1
mlb,RBI>=1,total_bases>=3,8936,2277,1572,1163,1114,0.2548119964189794,0.17591763652641002,0.1301477170993733,0.5107597716293368,0.739821882951654,2.9034028748598946,2.9034028748598946,0.24588386360445064,0.2639508442944906,0.1681630104383539,0.1839507796462348,0.12333015375389778,0.13728313223697441,0.49022671527512873,0.5312565841495209,0.7175677636135126,0.7609067655210794,STRONG_DEPENDENCE,True,No proof from configured rules,mlb-official-batting-v1
mlb,home_runs>=1,hits_plus_runs_plus_RBI>=5,8936,803,707,421,382,0.08986123545210385,0.07911817367949865,0.047112802148612354,0.5242839352428393,0.5954738330975955,6.626592991980216,6.626592991980216,0.08410664886919957,0.0959682961100884,0.07370080647829455,0.08489724756457093,0.04291098713120216,0.051703829330238066,0.48970844825824816,0.5586281853810342,0.5588742074394163,0.6310415583404368,STRONG_DEPENDENCE,True,No proof from configured rules,mlb-official-batting-v1
mlb,hits_plus_runs_plus_RBI>=5,runs>=2,8936,707,559,371,336,0.07911817367949865,0.06255595344673232,0.041517457475380486,0.5247524752475248,0.6636851520572451,8.38852972953825,8.38852972953825,0.07370080647829455,0.08489724756457093,0.057720561939596675,0.06776728524295084,0.037574633245941264,0.0458543025194456,0.48790724003438024,0.5613301807233595,0.6235210467579564,0.701614916721768,STRONG_DEPENDENCE,True,No proof from configured rules,mlb-official-batting-v1
mlb,hits_plus_runs_plus_RBI>=4,RBI>=2,8936,1265,732,650,615,0.14156222023276635,0.0819158460161146,0.07273948075201432,0.5138339920948617,0.8879781420765027,6.2727056739886375,6.272705673988639,0.13448837845788977,0.14894410415293133,0.0764079482162345,0.08778304617465768,0.0675363902600445,0.07830975978932016,0.4862911004309527,0.541293118035971,0.8630747486832268,0.9088306572860326,STRONG_DEPENDENCE,True,No proof from configured rules,mlb-official-batting-v1
mlb,total_bases>=3,home_runs>=1,8936,1572,803,803,769,0.17591763652641002,0.08986123545210385,0.08986123545210385,0.5108142493638677,1.0,5.684478371501272,5.684478371501272,0.1681630104383539,0.1839507796462348,0.08410664886919957,0.0959682961100884,0.08410664886919957,0.0959682961100884,0.48610701646484317,0.5354687580584673,0.9952388926241978,1.0,STRONG_DEPENDENCE,True,No proof from configured rules,mlb-official-batting-v1
mlb,hits_plus_runs_plus_RBI>=6,total_bases>=6,8936,367,253,196,171,0.041069829901521936,0.028312444046553267,0.021933751119068933,0.5340599455040872,0.7747035573122529,18.863081711559378,18.86308171155938,0.03714855648467591,0.04538550882502669,0.025070927645477685,0.031959329677223224,0.019096081226382608,0.02518227210281746,0.48293510414209234,0.5844791490525264,0.7193371232088468,0.8218527634949135,STRONG_DEPENDENCE,True,No proof from configured rules,mlb-official-batting-v1
mlb,hits_plus_runs_plus_RBI>=5,hits_plus_runs_plus_RBI>=6,8936,707,367,367,340,0.07911817367949865,0.041069829901521936,0.041069829901521936,0.5190947666195191,1.0,12.63932107496464,12.63932107496464,0.07370080647829455,0.08489724756457093,0.03714855648467591,0.04538550882502669,0.03714855648467591,0.04538550882502669,0.48226195049986215,0.5557212026561086,0.9896412368970012,1.0,STRONG_DEPENDENCE,True,No proof from configured rules,mlb-official-batting-v1
mlb,hits>=1,runs>=1,8936,5098,2839,2504,2594,0.5705013428827216,0.31770367054610565,0.2802148612354521,0.4911730090231463,0.8820007044734062,1.5460098656677825,1.5460098656677828,0.5602099390317292,0.5807321577385431,0.30813049667220965,0.32743351025037154,0.2709992416556025,0.28961936460342097,0.47746177597812545,0.5048975347283261,0.8696143459200961,0.8933546874989445,STRONG_DEPENDENCE,True,No proof from configured rules,mlb-official-batting-v1
mlb,total_bases>=1,runs>=1,8936,5098,2839,2504,2594,0.5705013428827216,0.31770367054610565,0.2802148612354521,0.4911730090231463,0.8820007044734062,1.5460098656677825,1.5460098656677828,0.5602099390317292,0.5807321577385431,0.30813049667220965,0.32743351025037154,0.2709992416556025,0.28961936460342097,0.47746177597812545,0.5048975347283261,0.8696143459200961,0.8933546874989445,STRONG_DEPENDENCE,True,No proof from configured rules,mlb-official-batting-v1
mlb,runs>=1,RBI>=1,8936,2839,2277,1398,1441,0.31770367054610565,0.2548119964189794,0.1564458370635631,0.4924269108841141,0.613965744400527,1.932510705164885,1.9325107051648853,0.30813049667220965,0.32743351025037154,0.24588386360445064,0.2639508442944906,0.14906155283539055,0.16412537242693245,0.47405940764523735,0.5108148807655424,0.5937933357547157,0.6337542642737176,STRONG_DEPENDENCE,True,No proof from configured rules,mlb-official-batting-v1
mlb,hits_plus_runs_plus_RBI>=2,hits>=2,8936,3651,1785,1785,1866,0.4085720680393912,0.1997538048343778,0.1997538048343778,0.48890714872637636,1.0,2.4475486168173104,2.4475486168173104,0.39842141387600194,0.41880129555048584,0.19159395459537898,0.2081716872543971,0.19159395459537898,0.2081716872543971,0.47271276340956114,0.505124852554734,0.9978525437222221,1.0,STRONG_DEPENDENCE,True,No proof from configured rules,mlb-official-batting-v1
mlb,hits>=3,total_bases>=5,8936,403,515,209,194,0.04509847806624888,0.05763205013428827,0.02338854073410922,0.5186104218362283,0.4058252427184466,8.99864607675444,8.998646076754438,0.040987778184133315,0.049600121226727696,0.05298752642990828,0.06265674574011228,0.020453760629017832,0.02673292168115611,0.46988268024534063,0.5669867185703068,0.36426376828441714,0.4487812412248901,STRONG_DEPENDENCE,True,No proof from configured rules,mlb-official-batting-v1
mlb,RBI>=1,hits_plus_runs_plus_RBI>=4,8936,2277,1265,1101,1176,0.2548119964189794,0.14156222023276635,0.1232094897045658,0.48353096179183136,0.8703557312252964,3.4156780036140746,3.415678003614075,0.24588386360445064,0.2639508442944906,0.13448837845788977,0.14894410415293133,0.11655624140662244,0.1301865525211436,0.46305013653592314,0.5040672623038985,0.8507176151226564,0.8877513192632681,STRONG_DEPENDENCE,True,No proof from configured rules,mlb-official-batting-v1
mlb,total_bases>=4,total_bases>=5,8936,1047,515,515,532,0.11716651745747537,0.05763205013428827,0.05763205013428827,0.4918815663801337,1.0,8.534861509073544,8.534861509073544,0.11066208600890284,0.12399995676712555,0.05298752642990828,0.06265674574011228,0.05298752642990828,0.06265674574011228,0.46168442482978683,0.522138063465376,0.9925960835330591,1.0,STRONG_DEPENDENCE,True,No proof from configured rules,mlb-official-batting-v1
mlb,hits_plus_runs_plus_RBI>=4,home_runs>=1,8936,1265,803,602,663,0.14156222023276635,0.08986123545210385,0.06736794986571172,0.4758893280632411,0.7496886674968867,5.29582445276852,5.295824452768521,0.13448837845788977,0.14894410415293133,0.08410664886919957,0.0959682961100884,0.062354577082914586,0.07275312749823884,0.44848272260575256,0.5034419252090379,0.7185856364013573,0.7784141094794687,STRONG_DEPENDENCE,True,No proof from configured rules,mlb-official-batting-v1
mlb,total_bases>=5,total_bases>=6,8936,515,253,253,262,0.05763205013428827,0.028312444046553267,0.028312444046553267,0.4912621359223301,1.0,17.351456310679612,17.351456310679612,0.05298752642990828,0.06265674574011228,0.025070927645477685,0.031959329677223224,0.025070927645477685,0.031959329677223224,0.4483103449970731,0.534343315679048,0.9850434628492905,1.0,STRONG_DEPENDENCE,True,No proof from configured rules,mlb-official-batting-v1
mlb,hits>=3,hits_plus_runs_plus_RBI>=6,8936,403,367,199,204,0.04509847806624888,0.041069829901521936,0.022269471799462846,0.49379652605459057,0.5422343324250681,12.023339936849649,12.023339936849649,0.040987778184133315,0.049600121226727696,0.03714855648467591,0.04538550882502669,0.019409095998548585,0.025540410172414686,0.44527343675672304,0.542436763638061,0.4910878155941273,0.5925058583671997,STRONG_DEPENDENCE,True,No proof from configured rules,mlb-official-batting-v1
mlb,hits_plus_runs_plus_RBI>=3,total_bases>=4,8936,2229,1047,1035,1194,0.24944046553267682,0.11716651745747537,0.11582363473589972,0.46433378196500674,0.9885386819484241,3.963024523055683,3.9630245230556835,0.2405781714197765,0.2585180910109535,0.11066208600890284,0.12399995676712555,0.10935303221237784,0.12262439919659775,0.4437088191298005,0.4850814676270668,0.9800739113311392,0.9934316459658301,STRONG_DEPENDENCE,True,No proof from configured rules,mlb-official-batting-v1
mlb,runs>=1,total_bases>=3,8936,2839,1572,1292,1547,0.31770367054610565,0.17591763652641002,0.14458370635631154,0.4550898203592814,0.821882951653944,2.5869482409227347,2.5869482409227347,0.30813049667220965,0.32743351025037154,0.1681630104383539,0.1839507796462348,0.137444760885686,0.1520280973010039,0.4368448553227626,0.4734561573458148,0.802191236691911,0.84000534617839,STRONG_DEPENDENCE,True,No proof from configured rules,mlb-official-batting-v1
mlb,total_bases>=5,runs>=2,8936,515,559,244,271,0.05763205013428827,0.06255595344673232,0.02730528200537153,0.47378640776699027,0.4364937388193202,7.5738020390086325,7.573802039008632,0.05298752642990828,0.06265674574011228,0.057720561939596675,0.06776728524295084,0.024124025323442516,0.030892773473968786,0.43101621322505923,0.5169447688033045,0.3959522924940602,0.47790206047282274,STRONG_DEPENDENCE,True,No proof from configured rules,mlb-official-batting-v1
mlb,total_bases>=4,RBI>=2,8936,1047,732,482,565,0.11716651745747537,0.0819158460161146,0.053939122649955235,0.4603629417382999,0.6584699453551912,5.619949791493781,5.619949791493781,0.11066208600890284,0.12399995676712555,0.0764079482162345,0.08778304617465768,0.04944419232403021,0.05881739858659512,0.43037184143931473,0.49064383670765643,0.623368640208091,0.6919166664554092,STRONG_DEPENDENCE,True,No proof from configured rules,mlb-official-batting-v1
mlb,hits>=1,hits_plus_runs_plus_RBI>=3,8936,5098,2229,2224,2874,0.5705013428827216,0.24944046553267682,0.24888093106535364,0.4362495096116124,0.9977568416330193,1.7489123453967559,1.7489123453967557,0.5602099390317292,0.5807321577385431,0.2405781714197765,0.2585180910109535,0.24002560056013117,0.25795207380099355,0.4226893869536849,0.44990563481513174,0.9947594785767423,0.9990414880050925,STRONG_DEPENDENCE,True,No proof from configured rules,mlb-official-batting-v1
mlb,total_bases>=1,hits_plus_runs_plus_RBI>=3,8936,5098,2229,2224,2874,0.5705013428827216,0.24944046553267682,0.24888093106535364,0.4362495096116124,0.9977568416330193,1.7489123453967559,1.7489123453967557,0.5602099390317292,0.5807321577385431,0.2405781714197765,0.2585180910109535,0.24002560056013117,0.25795207380099355,0.4226893869536849,0.44990563481513174,0.9947594785767423,0.9990414880050925,STRONG_DEPENDENCE,True,No proof from configured rules,mlb-official-batting-v1
mlb,hits_plus_runs_plus_RBI>=6,RBI>=3,8936,367,229,170,197,0.041069829901521936,0.02562667860340197,0.01902417188898836,0.46321525885558584,0.74235807860262,18.075508965648535,18.075508965648538,0.03714855648467591,0.04538550882502669,0.022548572207873433,0.029112462380721866,0.016391498537186376,0.02207019683006594,0.41284377279346074,0.5143488337563512,0.6820438009108449,0.794675424961548,STRONG_DEPENDENCE,True,No proof from configured rules,mlb-official-batting-v1
mlb,hits_plus_runs_plus_RBI>=2,total_bases>=3,8936,3651,1572,1564,2087,0.4085720680393912,0.17591763652641002,0.17502238137869292,0.42837578745549165,0.9949109414758269,2.4350928986655687,2.4350928986655687,0.39842141387600194,0.41880129555048584,0.1681630104383539,0.1839507796462348,0.16728396434136836,0.18304008483185183,0.41240803987714164,0.4444940977688628,0.9899899092132024,0.9974190660300667,STRONG_DEPENDENCE,True,No proof from configured rules,mlb-official-batting-v1
mlb,RBI>=1,hits>=2,8936,2277,1785,985,1292,0.2548119964189794,0.1997538048343778,0.11022829006266786,0.432586736934563,0.5518207282913166,2.16559948529258,2.1655994852925797,0.24588386360445064,0.2639508442944906,0.19159395459537898,0.2081716872543971,0.10390175717507331,0.11688979353784894,0.412367641764142,0.45303291082019503,0.5286636281300569,0.5747552629559999,STRONG_DEPENDENCE,True,No proof from configured rules,mlb-official-batting-v1
mlb,total_bases>=2,hits_plus_runs_plus_RBI>=4,8936,2869,1265,1231,1638,0.32106087735004474,0.14156222023276635,0.13775738585496866,0.4290693621470896,0.9731225296442688,3.0309595416177015,3.030959541617701,0.31145931346104544,0.33081622187916765,0.13448837845788977,0.14894410415293133,0.13076711732241672,0.14505896641508806,0.4110652467053944,0.44726316931270577,0.9626769740808949,0.9807032974878904,STRONG_DEPENDENCE,True,No proof from configured rules,mlb-official-batting-v1
mlb,runs>=2,home_runs>=1,8936,559,803,251,308,0.06255595344673232,0.08986123545210385,0.028088630259623992,0.4490161001788909,0.3125778331257783,4.996771944207434,4.996771944207433,0.057720561939596675,0.06776728524295084,0.08410664886919957,0.0959682961100884,0.024860403777640934,0.031722418317217844,0.40827076990574335,0.4904573726169656,0.28147283648844057,0.34546750388530334,STRONG_DEPENDENCE,True,No proof from configured rules,mlb-official-batting-v1
mlb,hits>=1,RBI>=1,8936,5098,2277,2095,3003,0.5705013428827216,0.2548119964189794,0.2344449418084154,0.41094546881129856,0.9200702678963548,1.612739881114521,1.612739881114521,0.5602099390317292,0.5807321577385431,0.24588386360445064,0.2639508442944906,0.2257763421535317,0.24334176001177532,0.39751171315991307,0.42451333263406454,0.9082110755479236,0.9305144713776894,STRONG_DEPENDENCE,True,No proof from configured rules,mlb-official-batting-v1
mlb,total_bases>=1,RBI>=1,8936,5098,2277,2095,3003,0.5705013428827216,0.2548119964189794,0.2344449418084154,0.41094546881129856,0.9200702678963548,1.612739881114521,1.612739881114521,0.5602099390317292,0.5807321577385431,0.24588386360445064,0.2639508442944906,0.2257763421535317,0.24334176001177532,0.39751171315991307,0.42451333263406454,0.9082110755479236,0.9305144713776894,STRONG_DEPENDENCE,True,No proof from configured rules,mlb-official-batting-v1
mlb,runs>=2,total_bases>=5,8936,559,515,244,315,0.06255595344673232,0.05763205013428827,0.02730528200537153,0.4364937388193202,0.47378640776699027,7.5738020390086325,7.573802039008632,0.057720561939596675,0.06776728524295084,0.05298752642990828,0.06265674574011228,0.024124025323442516,0.030892773473968786,0.3959522924940602,0.47790206047282274,0.43101621322505923,0.5169447688033045,STRONG_DEPENDENCE,True,No proof from configured rules,mlb-official-batting-v1
mlb,runs>=1,hits>=2,8936,2839,1785,1174,1665,0.31770367054610565,0.1997538048343778,0.13137869292748433,0.41352588939767526,0.657703081232493,2.070177785802591,2.0701777858025916,0.30813049667220965,0.32743351025037154,0.19159395459537898,0.2081716872543971,0.12453267333417704,0.13854150640982688,0.3955394878194466,0.4317459914757361,0.6353741738211254,0.6793546677002253,STRONG_DEPENDENCE,True,No proof from configured rules,mlb-official-batting-v1
mlb,hits_plus_runs_plus_RBI>=1,RBI>=1,8936,5585,2277,2277,3308,0.625,0.2548119964189794,0.2548119964189794,0.40769919427036705,1.0,1.5999999999999999,1.6,0.6149106480291481,0.6349819267206841,0.24588386360445064,0.2639508442944906,0.24588386360445064,0.2639508442944906,0.3948791459612652,0.4206461274614037,0.9983157712230114,1.0,STRONG_DEPENDENCE,True,No proof from configured rules,mlb-official-batting-v1
mlb,total_bases>=3,hits_plus_runs_plus_RBI>=5,8936,1572,707,656,916,0.17591763652641002,0.07911817367949865,0.07341092211280215,0.4173027989821883,0.9278642149929278,5.274424061817306,5.274424061817306,0.1681630104383539,0.1839507796462348,0.07370080647829455,0.08489724756457093,0.06818473447529667,0.07900372125759438,0.3931569219494691,0.4418518611075682,0.9063933197058794,0.9447106676779063,STRONG_DEPENDENCE,True,No proof from configured rules,mlb-official-batting-v1
mlb,runs>=2,hits_plus_runs_plus_RBI>=6,8936,559,367,240,319,0.06255595344673232,0.041069829901521936,0.02685765443151298,0.4293381037567084,0.6539509536784741,10.453856390108845,10.453856390108845,0.057720561939596675,0.06776728524295084,0.03714855648467591,0.04538550882502669,0.023703563678726898,0.030418364663000137,0.3889249845083638,0.47071577442661855,0.6039132353538154,0.7007991890858608,STRONG_DEPENDENCE,True,No proof from configured rules,mlb-official-batting-v1
mlb,RBI>=1,total_bases>=4,8936,2277,1047,927,1350,0.2548119964189794,0.11716651745747537,0.10373769024171889,0.40711462450592883,0.8853868194842407,3.4746669384765814,3.474666938476581,0.24588386360445064,0.2639508442944906,0.11066208600890284,0.12399995676712555,0.09758491530994351,0.1102310137955568,0.38710796330532143,0.4274341661512732,0.8646662308911655,0.9032897659208132,STRONG_DEPENDENCE,True,No proof from configured rules,mlb-official-batting-v1
mlb,hits_plus_runs_plus_RBI>=1,hits_plus_runs_plus_RBI>=3,8936,5585,2229,2229,3356,0.625,0.24944046553267682,0.24944046553267682,0.3991047448522829,1.0,1.5999999999999999,1.6,0.6149106480291481,0.6349819267206841,0.2405781714197765,0.2585180910109535,0.2405781714197765,0.2585180910109535,0.38633494193159224,0.41201324734808564,0.9982795648990131,1.0,STRONG_DEPENDENCE,True,No proof from configured rules,mlb-official-batting-v1
mlb,runs>=1,hits_plus_runs_plus_RBI>=4,8936,2839,1265,1147,1692,0.31770367054610565,0.14156222023276635,0.1283572068039391,0.40401549841493484,0.9067193675889328,2.853978255996725,2.8539782559967253,0.30813049667220965,0.32743351025037154,0.13448837845788977,0.14894410415293133,0.12158140262238189,0.13545240154575322,0.3861067383298821,0.4221836612951169,0.8894386192147972,0.921537403712755,STRONG_DEPENDENCE,True,No proof from configured rules,mlb-official-batting-v1
mlb,hits_plus_runs_plus_RBI>=5,hits>=3,8936,707,403,291,416,0.07911817367949865,0.04509847806624888,0.03256490599820949,0.4115983026874116,0.7220843672456576,9.126656160830548,9.126656160830546,0.07370080647829455,0.08489724756457093,0.040987778184133315,0.049600121226727696,0.029080952610651432,0.036450574041050045,0.3758956375951719,0.44825643112718644,0.6764072064090717,0.7635676194576552,STRONG_DEPENDENCE,True,No proof from configured rules,mlb-official-batting-v1
mlb,hits_plus_runs_plus_RBI>=4,total_bases>=5,8936,1265,515,506,759,0.14156222023276635,0.05763205013428827,0.056624888093106535,0.4,0.9825242718446602,6.940582524271844,6.940582524271845,0.13448837845788977,0.14894410415293133,0.05298752642990828,0.06265674574011228,0.05202058830146513,0.06161022534326583,0.37334538928616284,0.42726011722436136,0.9671241532650603,0.9907792516202414,STRONG_DEPENDENCE,True,No proof from configured rules,mlb-official-batting-v1
mlb,RBI>=2,hits_plus_runs_plus_RBI>=6,8936,732,367,298,434,0.0819158460161146,0.041069829901521936,0.033348254252461955,0.40710382513661203,0.8119891008174387,9.912478968448951,9.912478968448951,0.0764079482162345,0.08778304617465768,0.03714855648467591,0.04538550882502669,0.029821562383998662,0.037275987565150284,0.37208796763053165,0.44308961122189927,0.7688593792094135,0.8486551800532928,STRONG_DEPENDENCE,True,No proof from configured rules,mlb-official-batting-v1
mlb,total_bases>=5,hits>=3,8936,515,403,209,306,0.05763205013428827,0.04509847806624888,0.02338854073410922,0.4058252427184466,0.5186104218362283,8.99864607675444,8.99864607675444,0.05298752642990828,0.06265674574011228,0.040987778184133315,0.049600121226727696,0.020453760629017832,0.02673292168115611,0.36426376828441714,0.4487812412248901,0.46988268024534063,0.5669867185703068,STRONG_DEPENDENCE,True,No proof from configured rules,mlb-official-batting-v1
mlb,RBI>=2,total_bases>=5,8936,732,515,291,441,0.0819158460161146,0.05763205013428827,0.03256490599820949,0.3975409836065574,0.5650485436893203,6.89791500875378,6.89791500875378,0.0764079482162345,0.08778304617465768,0.05298752642990828,0.06265674574011228,0.029080952610651432,0.036450574041050045,0.36271195426548164,0.43343978711587594,0.5219068455459995,0.6072270138650974,STRONG_DEPENDENCE,True,No proof from configured rules,mlb-official-batting-v1
mlb,hits>=3,runs>=2,8936,403,559,165,238,0.04509847806624888,0.06255595344673232,0.018464637421665174,0.4094292803970223,0.295169946332737,6.54500903332342,6.54500903332342,0.040987778184133315,0.049600121226727696,0.057720561939596675,0.06776728524295084,0.015873235578132493,0.021469871719514484,0.36249518794565844,0.45807373781819033,0.2588600655598117,0.334275805277036,STRONG_DEPENDENCE,True,No proof from configured rules,mlb-official-batting-v1
mlb,hits_plus_runs_plus_RBI>=4,runs>=2,8936,1265,559,482,783,0.14156222023276635,0.06255595344673232,0.053939122649955235,0.38102766798418974,0.8622540250447227,6.0909896978653295,6.09098969786533,0.13448837845788977,0.14894410415293133,0.057720561939596675,0.06776728524295084,0.04944419232403021,0.05881739858659512,0.35466408985685643,0.40811163132760125,0.8312028334704579,0.888360364394506,STRONG_DEPENDENCE,True,No proof from configured rules,mlb-official-batting-v1
mlb,hits>=2,total_bases>=4,8936,1785,1047,669,1116,0.1997538048343778,0.11716651745747537,0.07486571172784244,0.37478991596638656,0.6389684813753582,3.198780027770421,3.198780027770421,0.19159395459537898,0.2081716872543971,0.11066208600890284,0.12399995676712555,0.06958992891465718,0.08050685579920777,0.35262513065733686,0.39749246763743457,0.6094163484791313,0.6675045871742589,STRONG_DEPENDENCE,True,No proof from configured rules,mlb-official-batting-v1
mlb,total_bases>=2,total_bases>=4,8936,2869,1047,1047,1822,0.32106087735004474,0.11716651745747537,0.11716651745747537,0.3649355176019519,1.0,3.1146741024747304,3.11467410247473,0.31145931346104544,0.33081622187916765,0.11066208600890284,0.12399995676712555,0.11066208600890284,0.12399995676712555,0.3475112804206518,0.3827209613828557,0.9963443973508572,1.0,STRONG_DEPENDENCE,True,No proof from configured rules,mlb-official-batting-v1
mlb,hits>=3,total_bases>=6,8936,403,253,158,245,0.04509847806624888,0.028312444046553267,0.01768128916741271,0.3920595533498759,0.6245059288537549,13.847605410017751,13.847605410017751,0.040987778184133315,0.049600121226727696,0.025070927645477685,0.031959329677223224,0.015148782005801732,0.020628301994397774,0.3456280862172461,0.44052940065199825,0.5633921703345449,0.6818953322721953,STRONG_DEPENDENCE,True,No proof from configured rules,mlb-official-batting-v1
mlb,hits_plus_runs_plus_RBI>=3,home_runs>=1,8936,2229,803,803,1426,0.24944046553267682,0.08986123545210385,0.08986123545210385,0.36025123373710183,1.0,4.0089726334679225,4.0089726334679225,0.2405781714197765,0.2585180910109535,0.08410664886919957,0.0959682961100884,0.08410664886919957,0.0959682961100884,0.3405776731308857,0.3804056517089146,0.9952388926241978,1.0,STRONG_DEPENDENCE,True,No proof from configured rules,mlb-official-batting-v1
mlb,hits>=1,hits>=2,8936,5098,1785,1785,3313,0.5705013428827216,0.1997538048343778,0.1997538048343778,0.35013730874852883,1.0,1.7528442526480972,1.7528442526480972,0.5602099390317292,0.5807321577385431,0.19159395459537898,0.2081716872543971,0.19159395459537898,0.2081716872543971,0.3371604169262673,0.3633398804010429,0.9978525437222221,1.0,STRONG_DEPENDENCE,True,No proof from configured rules,mlb-official-batting-v1
mlb,total_bases>=1,hits>=2,8936,5098,1785,1785,3313,0.5705013428827216,0.1997538048343778,0.1997538048343778,0.35013730874852883,1.0,1.7528442526480972,1.7528442526480972,0.5602099390317292,0.5807321577385431,0.19159395459537898,0.2081716872543971,0.19159395459537898,0.2081716872543971,0.3371604169262673,0.3633398804010429,0.9978525437222221,1.0,STRONG_DEPENDENCE,True,No proof from configured rules,mlb-official-batting-v1
mlb,RBI>=1,home_runs>=1,8936,2277,803,803,1474,0.2548119964189794,0.08986123545210385,0.08986123545210385,0.3526570048309179,1.0,3.9244620114185333,3.9244620114185333,0.24588386360445064,0.2639508442944906,0.08410664886919957,0.0959682961100884,0.08410664886919957,0.0959682961100884,0.3332951095565721,0.3725152187303666,0.9952388926241978,1.0,STRONG_DEPENDENCE,True,No proof from configured rules,mlb-official-batting-v1
mlb,hits_plus_runs_plus_RBI>=2,hits_plus_runs_plus_RBI>=4,8936,3651,1265,1265,2386,0.4085720680393912,0.14156222023276635,0.14156222023276635,0.3464804163242947,1.0,2.4475486168173104,2.44754861681731,0.39842141387600194,0.41880129555048584,0.13448837845788977,0.14894410415293133,0.13448837845788977,0.14894410415293133,0.3312138956763349,0.36206965365668803,0.9969724674473797,1.0,STRONG_DEPENDENCE,True,No proof from configured rules,mlb-official-batting-v1
mlb,hits>=2,hits_plus_runs_plus_RBI>=5,8936,1785,707,630,1155,0.1997538048343778,0.07911817367949865,0.07050134288272157,0.35294117647058826,0.8910891089108911,4.46093684998752,4.460936849987521,0.19159395459537898,0.2081716872543971,0.07370080647829455,0.08489724756457093,0.06537621379671431,0.075995583974229,0.33110924146080284,0.3754047162679555,0.8659771228170323,0.9119741251552547,STRONG_DEPENDENCE,True,No proof from configured rules,mlb-official-batting-v1
mlb,total_bases>=3,RBI>=2,8936,1572,732,556,1016,0.17591763652641002,0.0819158460161146,0.06222023276633841,0.35368956743002544,0.7595628415300546,4.317718544473644,4.317718544473644,0.1681630104383539,0.1839507796462348,0.0764079482162345,0.08778304617465768,0.05739756308237027,0.06741913125841406,0.3304374752005875,0.3776549871310938,0.7273008255208682,0.7891147629796926,STRONG_DEPENDENCE,True,No proof from configured rules,mlb-official-batting-v1
mlb,hits>=3,RBI>=2,8936,403,732,150,253,0.04509847806624888,0.0819158460161146,0.016786034019695615,0.37220843672456577,0.20491803278688525,4.543790424276939,4.543790424276939,0.040987778184133315,0.049600121226727696,0.0764079482162345,0.08778304617465768,0.014322527275911039,0.019664815812919935,0.3264278625093147,0.42040226562323907,0.1772535214947107,0.23566349368359907,STRONG_DEPENDENCE,True,No proof from configured rules,mlb-official-batting-v1
mlb,runs>=1,total_bases>=4,8936,2839,1047,971,1868,0.31770367054610565,0.11716651745747537,0.10866159355416294,0.34202183867559,0.9274116523400191,2.919109026174854,2.919109026174854,0.30813049667220965,0.32743351025037154,0.11066208600890284,0.12399995676712555,0.10237633078562111,0.11528317333240617,0.32479569253329865,0.3596749285008741,0.9100842510824481,0.9416141592604528,STRONG_DEPENDENCE,True,No proof from configured rules,mlb-official-batting-v1
mlb,RBI>=3,total_bases>=6,8936,229,253,86,143,0.02562667860340197,0.028312444046553267,0.009623992837958818,0.37554585152838427,0.33992094861660077,13.26433885082072,13.26433885082072,0.022548572207873433,0.029112462380721866,0.025070927645477685,0.031959329677223224,0.007799998889984354,0.011869416907898304,0.3153639039845306,0.43983433137829453,0.28433586312755277,0.400294490663781,STRONG_DEPENDENCE,True,No proof from configured rules,mlb-official-batting-v1
mlb,runs>=2,RBI>=2,8936,559,732,194,365,0.06255595344673232,0.0819158460161146,0.021709937332139658,0.3470483005366726,0.2650273224043716,4.236644280868451,4.236644280868451,0.057720561939596675,0.06776728524295084,0.0764079482162345,0.08778304617465768,0.01888750698620792,0.024943411115150013,0.3087513863293031,0.3874330412388234,0.23434170680375202,0.29816628676416146,STRONG_DEPENDENCE,True,No proof from configured rules,mlb-official-batting-v1
mlb,hits_plus_runs_plus_RBI>=3,RBI>=2,8936,2229,732,729,1500,0.24944046553267682,0.0819158460161146,0.08158012533572068,0.32705248990578734,0.9959016393442623,3.9925424177569884,3.9925424177569884,0.2405781714197765,0.2585180910109535,0.0764079482162345,0.08778304617465768,0.07608298572285696,0.087436855826272,0.3078888517876919,0.3468112179578716,0.988020342249901,0.9986052294643286,STRONG_DEPENDENCE,True,No proof from configured rules,mlb-official-batting-v1
mlb,hits_plus_runs_plus_RBI>=1,hits>=2,8936,5585,1785,1785,3800,0.625,0.1997538048343778,0.1997538048343778,0.3196060877350045,1.0,1.6,1.6,0.6149106480291481,0.6349819267206841,0.19159395459537898,0.2081716872543971,0.19159395459537898,0.2081716872543971,0.3075037181621652,0.3319564427948452,0.9978525437222221,1.0,STRONG_DEPENDENCE,True,No proof from configured rules,mlb-official-batting-v1
mlb,total_bases>=3,total_bases>=5,8936,1572,515,515,1057,0.17591763652641002,0.05763205013428827,0.05763205013428827,0.3276081424936387,1.0,5.684478371501273,5.684478371501272,0.1681630104383539,0.1839507796462348,0.05298752642990828,0.06265674574011228,0.05298752642990828,0.06265674574011228,0.3048516746797759,0.35120509615450946,0.9925960835330591,1.0,STRONG_DEPENDENCE,True,No proof from configured rules,mlb-official-batting-v1
mlb,hits_plus_runs_plus_RBI>=5,total_bases>=6,8936,707,253,238,469,0.07911817367949865,0.028312444046553267,0.026633840644583705,0.33663366336633666,0.9407114624505929,11.889954212812587,11.889954212812587,0.07370080647829455,0.08489724756457093,0.025070927645477685,0.031959329677223224,0.023493424102108095,0.030181069011776803,0.30276630388959436,0.37226671910932385,0.9044952065607044,0.9637446836187098,STRONG_DEPENDENCE,True,No proof from configured rules,mlb-official-batting-v1
mlb,RBI>=1,RBI>=2,8936,2277,732,732,1545,0.2548119964189794,0.0819158460161146,0.0819158460161146,0.3214756258234519,1.0,3.9244620114185333,3.924462011418533,0.24588386360445064,0.2639508442944906,0.0764079482162345,0.08778304617465768,0.0764079482162345,0.08778304617465768,0.30260680444577104,0.3409457989778968,0.9947795020589754,1.0,STRONG_DEPENDENCE,True,No proof from configured rules,mlb-official-batting-v1
mlb,hits_plus_runs_plus_RBI>=3,hits_plus_runs_plus_RBI>=5,8936,2229,707,707,1522,0.24944046553267682,0.07911817367949865,0.07911817367949865,0.3171825930910722,1.0,4.0089726334679225,4.0089726334679225,0.2405781714197765,0.2585180910109535,0.07370080647829455,0.08489724756457093,0.07370080647829455,0.08489724756457093,0.2981914984567392,0.3368027386932404,0.9945958993063416,1.0,STRONG_DEPENDENCE,True,No proof from configured rules,mlb-official-batting-v1
mlb,hits>=1,total_bases>=3,8936,5098,1572,1572,3526,0.5705013428827216,0.17591763652641002,0.17591763652641002,0.30835621812475483,1.0,1.7528442526480972,1.7528442526480976,0.5602099390317292,0.5807321577385431,0.1681630104383539,0.1839507796462348,0.1681630104383539,0.1839507796462348,0.2958274903393337,0.32117354433184714,0.9975622809012976,1.0,STRONG_DEPENDENCE,True,No proof from configured rules,mlb-official-batting-v1
mlb,total_bases>=1,total_bases>=3,8936,5098,1572,1572,3526,0.5705013428827216,0.17591763652641002,0.17591763652641002,0.30835621812475483,1.0,1.7528442526480972,1.7528442526480976,0.5602099390317292,0.5807321577385431,0.1681630104383539,0.1839507796462348,0.1681630104383539,0.1839507796462348,0.2958274903393337,0.32117354433184714,0.9975622809012976,1.0,STRONG_DEPENDENCE,True,No proof from configured rules,mlb-official-batting-v1
mlb,home_runs>=1,hits_plus_runs_plus_RBI>=6,8936,803,367,256,547,0.08986123545210385,0.041069829901521936,0.02864816472694718,0.31880448318804483,0.6975476839237057,7.762498260949233,7.762498260949233,0.08410664886919957,0.0959682961100884,0.03714855648467591,0.04538550882502669,0.025386819318692643,0.032314590845771464,0.28750033937080605,0.3518340096283949,0.6487078872126666,0.7422947813161211,STRONG_DEPENDENCE,True,No proof from configured rules,mlb-official-batting-v1
mlb,total_bases>=6,RBI>=3,8936,253,229,86,167,0.028312444046553267,0.02562667860340197,0.009623992837958818,0.33992094861660077,0.37554585152838427,13.26433885082072,13.264338850820717,0.025070927645477685,0.031959329677223224,0.022548572207873433,0.029112462380721866,0.007799998889984354,0.011869416907898304,0.28433586312755277,0.400294490663781,0.3153639039845306,0.43983433137829453,STRONG_DEPENDENCE,True,No proof from configured rules,mlb-official-batting-v1
mlb,hits_plus_runs_plus_RBI>=5,RBI>=3,8936,707,229,223,484,0.07911817367949865,0.02562667860340197,0.024955237242614146,0.31541725601131543,0.9737991266375546,12.308159824092204,12.308159824092204,0.07370080647829455,0.08489724756457093,0.022548572207873433,0.029112462380721866,0.02191940209524865,0.028399326809820238,0.2822402339908027,0.35058928550148144,0.9440268178483754,0.9879377948931499,STRONG_DEPENDENCE,True,No proof from configured rules,mlb-official-batting-v1
mlb,home_runs>=1,runs>=2,8936,803,559,251,552,0.08986123545210385,0.06255595344673232,0.028088630259623992,0.3125778331257783,0.4490161001788909,4.996771944207434,4.996771944207433,0.08410664886919957,0.0959682961100884,0.057720561939596675,0.06776728524295084,0.024860403777640934,0.031722418317217844,0.28147283648844057,0.34546750388530334,0.40827076990574335,0.4904573726169656,STRONG_DEPENDENCE,True,No proof from configured rules,mlb-official-batting-v1
mlb,total_bases>=4,hits_plus_runs_plus_RBI>=6,8936,1047,367,323,724,0.11716651745747537,0.041069829901521936,0.036145926589077886,0.30850047755491883,0.8801089918256131,7.511608358121947,7.511608358121947,0.11066208600890284,0.12399995676712555,0.03714855648467591,0.04538550882502669,0.0324709384595397,0.040219551837635925,0.28126609654701945,0.33713495088593787,0.8428769268301763,0.9094661388217673,STRONG_DEPENDENCE,True,No proof from configured rules,mlb-official-batting-v1
mlb,RBI>=2,RBI>=3,8936,732,229,229,503,0.0819158460161146,0.02562667860340197,0.02562667860340197,0.3128415300546448,1.0,12.207650273224044,12.207650273224044,0.0764079482162345,0.08778304617465768,0.022548572207873433,0.029112462380721866,0.022548572207873433,0.029112462380721866,0.2803042054683608,0.3473329754549191,0.9835018263493515,1.0,STRONG_DEPENDENCE,True,No proof from configured rules,mlb-official-batting-v1
mlb,hits>=3,home_runs>=1,8936,403,803,130,273,0.04509847806624888,0.08986123545210385,0.014547896150402865,0.3225806451612903,0.16189290161892902,3.589764190736352,3.5897641907363513,0.040987778184133315,0.049600121226727696,0.08410664886919957,0.0959682961100884,0.012265749189357833,0.01724724162105179,0.27880118732661274,0.3697105439642143,0.13803512801049722,0.18897020362718714,STRONG_DEPENDENCE,True,No proof from configured rules,mlb-official-batting-v1
mlb,total_bases>=4,runs>=2,8936,1047,559,318,729,0.11716651745747537,0.06255595344673232,0.0355863921217547,0.3037249283667622,0.5688729874776386,4.8552521643745745,4.8552521643745745,0.11066208600890284,0.12399995676712555,0.057720561939596675,0.06776728524295084,0.031940543139901266,0.03963135908766902,0.2766289930347404,0.33225587104243026,0.5274868443157443,0.6093189982412981,STRONG_DEPENDENCE,True,No proof from configured rules,mlb-official-batting-v1
mlb,RBI>=3,runs>=2,8936,229,559,76,153,0.02562667860340197,0.06255595344673232,0.008504923903312443,0.3318777292576419,0.13595706618962433,5.305294076290318,5.305294076290319,0.022548572207873433,0.029112462380721866,0.057720561939596675,0.06776728524295084,0.006800892387325439,0.010631347271346544,0.27410464464483747,0.3951982347049439,0.11001744056640583,0.16686596306065526,STRONG_DEPENDENCE,True,No proof from configured rules,mlb-official-batting-v1
mlb,hits_plus_runs_plus_RBI>=2,total_bases>=4,8936,3651,1047,1047,2604,0.4085720680393912,0.11716651745747537,0.11716651745747537,0.2867707477403451,1.0,2.4475486168173104,2.4475486168173104,0.39842141387600194,0.41880129555048584,0.11066208600890284,0.12399995676712555,0.11066208600890284,0.12399995676712555,0.27233106392470624,0.30165866516674483,0.9963443973508572,1.0,STRONG_DEPENDENCE,True,No proof from configured rules,mlb-official-batting-v1
mlb,RBI>=1,hits_plus_runs_plus_RBI>=5,8936,2277,707,659,1618,0.2548119964189794,0.07911817367949865,0.07374664279319607,0.2894158981115503,0.9321074964639321,3.658020460431137,3.6580204604311364,0.24588386360445064,0.2639508442944906,0.07370080647829455,0.08489724756457093,0.06850895596660633,0.07935065260804794,0.27115620065596857,0.3083849391758856,0.9111325681967124,0.9484121198884004,STRONG_DEPENDENCE,True,No proof from configured rules,mlb-official-batting-v1
mlb,hits_plus_runs_plus_RBI>=1,total_bases>=3,8936,5585,1572,1572,4013,0.625,0.17591763652641002,0.17591763652641002,0.28146821844225606,1.0,1.6,1.6,0.6149106480291481,0.6349819267206841,0.1681630104383539,0.1839507796462348,0.1681630104383539,0.1839507796462348,0.26982716790150363,0.29340968217098395,0.9975622809012976,1.0,STRONG_DEPENDENCE,True,No proof from configured rules,mlb-official-batting-v1
mlb,hits>=2,total_bases>=5,8936,1785,515,515,1270,0.1997538048343778,0.05763205013428827,0.05763205013428827,0.28851540616246496,1.0,5.006162464985994,5.006162464985994,0.19159395459537898,0.2081716872543971,0.05298752642990828,0.06265674574011228,0.05298752642990828,0.06265674574011228,0.2679689941794334,0.30997012598287615,0.9925960835330591,1.0,STRONG_DEPENDENCE,True,No proof from configured rules,mlb-official-batting-v1
mlb,runs>=1,home_runs>=1,8936,2839,803,803,2036,0.31770367054610565,0.08986123545210385,0.08986123545210385,0.28284607256076083,1.0,3.147587178584008,3.147587178584008,0.30813049667220965,0.32743351025037154,0.08410664886919957,0.0959682961100884,0.08410664886919957,0.0959682961100884,0.2665809976347908,0.299698016562684,0.9952388926241978,1.0,STRONG_DEPENDENCE,True,No proof from configured rules,mlb-official-batting-v1
mlb,hits_plus_runs_plus_RBI>=4,hits_plus_runs_plus_RBI>=6,8936,1265,367,367,898,0.14156222023276635,0.041069829901521936,0.041069829901521936,0.2901185770750988,1.0,7.06403162055336,7.064031620553359,0.13448837845788977,0.14894410415293133,0.03714855648467591,0.04538550882502669,0.03714855648467591,0.04538550882502669,0.2657755401848061,0.3157324596455825,0.9896412368970012,1.0,STRONG_DEPENDENCE,True,No proof from configured rules,mlb-official-batting-v1
mlb,total_bases>=2,home_runs>=1,8936,2869,803,803,2066,0.32106087735004474,0.08986123545210385,0.08986123545210385,0.27988846287905195,1.0,3.11467410247473,3.11467410247473,0.31145931346104544,0.33081622187916765,0.08410664886919957,0.0959682961100884,0.08410664886919957,0.0959682961100884,0.2637634958451836,0.29660208015201633,0.9952388926241978,1.0,STRONG_DEPENDENCE,True,No proof from configured rules,mlb-official-batting-v1
mlb,hits_plus_runs_plus_RBI>=4,hits>=3,8936,1265,403,363,902,0.14156222023276635,0.04509847806624888,0.040622202327663386,0.28695652173913044,0.9007444168734491,6.362887042830942,6.362887042830942,0.13448837845788977,0.14894410415293133,0.040987778184133315,0.049600121226727696,0.03672261207382753,0.0449165827801908,0.26270398875442763,0.31249904685494995,0.8676606444104839,0.9262604100864588,STRONG_DEPENDENCE,True,No proof from configured rules,mlb-official-batting-v1
mlb,runs>=2,hits>=3,8936,559,403,165,394,0.06255595344673232,0.04509847806624888,0.018464637421665174,0.295169946332737,0.4094292803970223,6.54500903332342,6.54500903332342,0.057720561939596675,0.06776728524295084,0.040987778184133315,0.049600121226727696,0.015873235578132493,0.021469871719514484,0.2588600655598117,0.334275805277036,0.36249518794565844,0.45807373781819033,STRONG_DEPENDENCE,True,No proof from configured rules,mlb-official-batting-v1
mlb,total_bases>=4,hits>=3,8936,1047,403,294,753,0.11716651745747537,0.04509847806624888,0.032900626678603405,0.2808022922636103,0.7295285359801489,6.2264250215077475,6.226425021507747,0.11066208600890284,0.12399995676712555,0.040987778184133315,0.049600121226727696,0.029398288631369205,0.036804390862095485,0.2544208827478201,0.30878630122157485,0.6841433482712757,0.7705792371217101,STRONG_DEPENDENCE,True,No proof from configured rules,mlb-official-batting-v1
mlb,home_runs>=1,total_bases>=6,8936,803,253,223,580,0.08986123545210385,0.028312444046553267,0.024955237242614146,0.2777085927770859,0.8814229249011858,9.808711403383558,9.808711403383557,0.08410664886919957,0.0959682961100884,0.025070927645477685,0.031959329677223224,0.02191940209524865,0.028399326809820238,0.2478455275623405,0.3096883645088442,0.8357713183913673,0.9156649991181705,STRONG_DEPENDENCE,True,No proof from configured rules,mlb-official-batting-v1
mlb,runs>=2,total_bases>=6,8936,559,253,156,403,0.06255595344673232,0.028312444046553267,0.017457475380483437,0.27906976744186046,0.616600790513834,9.856788307748873,9.856788307748873,0.057720561939596675,0.06776728524295084,0.025070927645477685,0.031959329677223224,0.014942044356072375,0.020387604416284996,0.243491016035772,0.31766426822929955,0.5553687772926545,0.674344915624769,STRONG_DEPENDENCE,True,No proof from configured rules,mlb-official-batting-v1
mlb,hits>=1,hits_plus_runs_plus_RBI>=4,8936,5098,1265,1265,3833,0.5705013428827216,0.14156222023276635,0.14156222023276635,0.24813652412710868,1.0,1.7528442526480974,1.7528442526480972,0.5602099390317292,0.5807321577385431,0.13448837845788977,0.14894410415293133,0.13448837845788977,0.14894410415293133,0.23647243584555605,0.26017989631186056,0.9969724674473797,1.0,STRONG_DEPENDENCE,True,No proof from configured rules,mlb-official-batting-v1
mlb,total_bases>=1,hits_plus_runs_plus_RBI>=4,8936,5098,1265,1265,3833,0.5705013428827216,0.14156222023276635,0.14156222023276635,0.24813652412710868,1.0,1.7528442526480974,1.7528442526480972,0.5602099390317292,0.5807321577385431,0.13448837845788977,0.14894410415293133,0.13448837845788977,0.14894410415293133,0.23647243584555605,0.26017989631186056,0.9969724674473797,1.0,STRONG_DEPENDENCE,True,No proof from configured rules,mlb-official-batting-v1
mlb,total_bases>=3,hits>=3,8936,1572,403,403,1169,0.17591763652641002,0.04509847806624888,0.04509847806624888,0.25636132315521626,1.0,5.684478371501273,5.684478371501272,0.1681630104383539,0.1839507796462348,0.040987778184133315,0.049600121226727696,0.040987778184133315,0.049600121226727696,0.23538953254179606,0.27852095908009067,0.990557848180396,1.0,STRONG_DEPENDENCE,True,No proof from configured rules,mlb-official-batting-v1
mlb,total_bases>=3,runs>=2,8936,1572,559,403,1169,0.17591763652641002,0.06255595344673232,0.04509847806624888,0.25636132315521626,0.7209302325581395,4.098112314338127,4.098112314338127,0.1681630104383539,0.1839507796462348,0.057720561939596675,0.06776728524295084,0.040987778184133315,0.049600121226727696,0.23538953254179606,0.27852095908009067,0.6823357317707004,0.756508983964228,STRONG_DEPENDENCE,True,No proof from configured rules,mlb-official-batting-v1
mlb,RBI>=2,runs>=2,8936,732,559,194,538,0.0819158460161146,0.06255595344673232,0.021709937332139658,0.2650273224043716,0.3470483005366726,4.236644280868451,4.236644280868452,0.0764079482162345,0.08778304617465768,0.057720561939596675,0.06776728524295084,0.01888750698620792,0.024943411115150013,0.23434170680375202,0.29816628676416146,0.3087513863293031,0.3874330412388234,STRONG_DEPENDENCE,True,No proof from configured rules,mlb-official-batting-v1
mlb,total_bases>=2,hits_plus_runs_plus_RBI>=5,8936,2869,707,703,2166,0.32106087735004474,0.07911817367949865,0.0786705461056401,0.24503311258278146,0.9943422913719944,3.0970521839317326,3.097052183931733,0.31145931346104544,0.33081622187916765,0.07370080647829455,0.08489724756457093,0.07326785228724522,0.084435331299936,0.22964252765033724,0.26110556236067095,0.985543938579946,0.9977976931246266,STRONG_DEPENDENCE,True,No proof from configured rules,mlb-official-batting-v1
mlb,hits>=2,RBI>=2,8936,1785,732,442,1343,0.1997538048343778,0.0819158460161146,0.04946284691136974,0.24761904761904763,0.6038251366120219,3.0228467343221443,3.0228467343221443,0.19159395459537898,0.2081716872543971,0.0764079482162345,0.08778304617465768,0.04515750781782539,0.054155378535957255,0.2281516988074177,0.26817035055184174,0.5679398993664383,0.6386263360337862,STRONG_DEPENDENCE,True,No proof from configured rules,mlb-official-batting-v1
mlb,hits_plus_runs_plus_RBI>=3,runs>=2,8936,2229,559,542,1687,0.24944046553267682,0.06255595344673232,0.060653536257833485,0.24315836698070883,0.9695885509838998,3.8870539666182724,3.8870539666182724,0.2405781714197765,0.2585180910109535,0.057720561939596675,0.06776728524295084,0.055890786754644345,0.06579386099124504,0.2258010605180269,0.2613994321650733,0.9518397771220263,0.9809273312214454,STRONG_DEPENDENCE,True,No proof from configured rules,mlb-official-batting-v1
mlb,RBI>=3,hits>=3,8936,229,403,63,166,0.02562667860340197,0.04509847806624888,0.0070501342882721574,0.27510917030567683,0.15632754342431762,6.100187458688657,6.100187458688656,0.022548572207873433,0.029112462380721866,0.040987778184133315,0.049600121226727696,0.00551468321110685,0.009009227466591259,0.22133989745111837,0.336299019081706,0.12413460057624151,0.19501050129480133,STRONG_DEPENDENCE,True,No proof from configured rules,mlb-official-batting-v1
mlb,runs>=1,hits_plus_runs_plus_RBI>=5,8936,2839,707,671,2168,0.31770367054610565,0.07911817367949865,0.07508952551477172,0.2363508277562522,0.9490806223479491,2.9873139983449364,2.9873139983449364,0.30813049667220965,0.32743351025037154,0.07370080647829455,0.08489724756457093,0.0698061663758318,0.08073805356587528,0.22108603901374937,0.2523281412406059,0.9303120345472741,0.9629954563431459,STRONG_DEPENDENCE,True,No proof from configured rules,mlb-official-batting-v1
mlb,hits>=2,home_runs>=1,8936,1785,803,425,1360,0.1997538048343778,0.08986123545210385,0.047560429722470904,0.23809523809523808,0.5292652552926526,2.6495878550673067,2.649587855067307,0.19159395459537898,0.2081716872543971,0.08410664886919957,0.0959682961100884,0.043338670946615095,0.0521710159705094,0.21891234980366955,0.25840298443707127,0.494684396157427,0.563567444382221,STRONG_DEPENDENCE,True,No proof from configured rules,mlb-official-batting-v1
mlb,total_bases>=5,RBI>=3,8936,515,229,131,384,0.05763205013428827,0.02562667860340197,0.014659803043867502,0.2543689320388349,0.5720524017467249,9.925942256327637,9.925942256327637,0.05298752642990828,0.06265674574011228,0.022548572207873433,0.029112462380721866,0.012368258481916786,0.017368449942413905,0.21866991422452534,0.29370521367088426,0.5073002717859897,0.6344270656355325,STRONG_DEPENDENCE,True,No proof from configured rules,mlb-official-batting-v1
mlb,total_bases>=2,RBI>=2,8936,2869,732,665,2204,0.32106087735004474,0.0819158460161146,0.07441808415398389,0.23178807947019867,0.9084699453551912,2.8295878116744473,2.829587811674447,0.31145931346104544,0.33081622187916765,0.0764079482162345,0.08778304617465768,0.0691574966864607,0.08004441757171998,0.21671211460500583,0.24758133073124955,0.8853937080240968,0.9272813496688912,STRONG_DEPENDENCE,True,No proof from configured rules,mlb-official-batting-v1
mlb,total_bases>=4,total_bases>=6,8936,1047,253,253,794,0.11716651745747537,0.028312444046553267,0.028312444046553267,0.24164278892072588,1.0,8.534861509073544,8.534861509073544,0.11066208600890284,0.12399995676712555,0.025070927645477685,0.031959329677223224,0.025070927645477685,0.031959329677223224,0.21668768723118076,0.2684867932207642,0.9850434628492905,1.0,STRONG_DEPENDENCE,True,No proof from configured rules,mlb-official-batting-v1
mlb,hits_plus_runs_plus_RBI>=1,hits_plus_runs_plus_RBI>=4,8936,5585,1265,1265,4320,0.625,0.14156222023276635,0.14156222023276635,0.22649955237242614,1.0,1.6,1.5999999999999999,0.6149106480291481,0.6349819267206841,0.13448837845788977,0.14894410415293133,0.13448837845788977,0.14894410415293133,0.2157122800030758,0.23766280273819812,0.9969724674473797,1.0,STRONG_DEPENDENCE,True,No proof from configured rules,mlb-official-batting-v1
mlb,hits_plus_runs_plus_RBI>=3,total_bases>=5,8936,2229,515,512,1717,0.24944046553267682,0.05763205013428827,0.05729632945389436,0.22969941677882458,0.9941747572815534,3.985619394826362,3.985619394826362,0.2405781714197765,0.2585180910109535,0.05298752642990828,0.06265674574011228,0.05266516719087905,0.06230795213737832,0.21271091576500814,0.247617987015023,0.9830149022668048,0.9980169550503352,STRONG_DEPENDENCE,True,No proof from configured rules,mlb-official-batting-v1
mlb,hits>=2,runs>=2,8936,1785,559,412,1373,0.1997538048343778,0.06255595344673232,0.046105640107430616,0.230812324929972,0.7370304114490162,3.689693981349248,3.6896939813492486,0.19159395459537898,0.2081716872543971,0.057720561939596675,0.06776728524295084,0.04194909862084786,0.05065225931530276,0.21185608421759697,0.25092470316780624,0.6990060856039221,0.7718192167027828,STRONG_DEPENDENCE,True,No proof from configured rules,mlb-official-batting-v1
mlb,total_bases>=3,hits_plus_runs_plus_RBI>=6,8936,1572,367,357,1215,0.17591763652641002,0.041069829901521936,0.03995076096687556,0.22709923664122136,0.9727520435967303,5.529587952659276,5.529587952659275,0.1681630104383539,0.1839507796462348,0.03714855648467591,0.04538550882502669,0.036083948210531194,0.04421294095996073,0.20706851098136927,0.24846047310685368,0.9505764306251482,0.985133403716158,STRONG_DEPENDENCE,True,No proof from configured rules,mlb-official-batting-v1
mlb,hits>=2,hits>=3,8936,1785,403,403,1382,0.1997538048343778,0.04509847806624888,0.04509847806624888,0.2257703081232493,1.0,5.006162464985994,5.006162464985994,0.19159395459537898,0.2081716872543971,0.040987778184133315,0.049600121226727696,0.040987778184133315,0.049600121226727696,0.2069757572142817,0.24574265157896466,0.990557848180396,1.0,STRONG_DEPENDENCE,True,No proof from configured rules,mlb-official-batting-v1
mlb,hits_plus_runs_plus_RBI>=2,home_runs>=1,8936,3651,803,803,2848,0.4085720680393912,0.08986123545210385,0.08986123545210385,0.21993974253629142,1.0,2.44754861681731,2.4475486168173104,0.39842141387600194,0.41880129555048584,0.08410664886919957,0.0959682961100884,0.08410664886919957,0.0959682961100884,0.20680230737364025,0.23366589814467542,0.9952388926241978,1.0,STRONG_DEPENDENCE,True,No proof from configured rules,mlb-official-batting-v1
mlb,RBI>=2,total_bases>=6,8936,732,253,172,560,0.0819158460161146,0.028312444046553267,0.019247985675917637,0.23497267759562843,0.6798418972332015,8.299272122508045,8.299272122508047,0.0764079482162345,0.08778304617465768,0.025070927645477685,0.031959329677223224,0.016598981978668995,0.022310148616425458,0.2056910651705817,0.26702143920252985,0.6200326622498162,0.7342715081821418,STRONG_DEPENDENCE,True,No proof from configured rules,mlb-official-batting-v1
mlb,hits>=1,total_bases>=4,8936,5098,1047,1047,4051,0.5705013428827216,0.11716651745747537,0.11716651745747537,0.20537465672812869,1.0,1.7528442526480972,1.7528442526480974,0.5602099390317292,0.5807321577385431,0.11066208600890284,0.12399995676712555,0.11066208600890284,0.12399995676712555,0.19450918640419748,0.21668380650891758,0.9963443973508572,1.0,STRONG_DEPENDENCE,True,No proof from configured rules,mlb-official-batting-v1
mlb,total_bases>=1,total_bases>=4,8936,5098,1047,1047,4051,0.5705013428827216,0.11716651745747537,0.11716651745747537,0.20537465672812869,1.0,1.7528442526480972,1.7528442526480974,0.5602099390317292,0.5807321577385431,0.11066208600890284,0.12399995676712555,0.11066208600890284,0.12399995676712555,0.19450918640419748,0.21668380650891758,0.9963443973508572,1.0,STRONG_DEPENDENCE,True,No proof from configured rules,mlb-official-batting-v1
mlb,home_runs>=1,RBI>=3,8936,803,229,177,626,0.08986123545210385,0.02562667860340197,0.019807520143240824,0.22042341220423411,0.7729257641921398,8.601325814222864,8.601325814222864,0.08410664886919957,0.0959682961100884,0.022548572207873433,0.029112462380721866,0.01711812123667212,0.022909597428027673,0.19312050744258188,0.2503885052743983,0.7144239629970677,0.8224220120844561,STRONG_DEPENDENCE,True,No proof from configured rules,mlb-official-batting-v1
mlb,RBI>=1,total_bases>=5,8936,2277,515,472,1805,0.2548119964189794,0.05763205013428827,0.052820053715308866,0.207290294246816,0.916504854368932,3.596788484251549,3.596788484251549,0.24588386360445064,0.2639508442944906,0.05298752642990828,0.06265674574011228,0.0483716357405792,0.05765277903083548,0.1911400501895933,0.22442651852350537,0.8894193216814484,0.9374228527567697,STRONG_DEPENDENCE,True,No proof from configured rules,mlb-official-batting-v1
mlb,hits_plus_runs_plus_RBI>=2,RBI>=2,8936,3651,732,732,2919,0.4085720680393912,0.0819158460161146,0.0819158460161146,0.20049301561216104,1.0,2.4475486168173104,2.44754861681731,0.39842141387600194,0.41880129555048584,0.0764079482162345,0.08778304617465768,0.0764079482162345,0.08778304617465768,0.1878240022244018,0.21379162881156707,0.9947795020589754,1.0,STRONG_DEPENDENCE,True,No proof from configured rules,mlb-official-batting-v1
mlb,runs>=1,RBI>=2,8936,2839,732,564,2275,0.31770367054610565,0.0819158460161146,0.06311548791405551,0.19866150052835505,0.7704918032786885,2.425190121204072,2.425190121204072,0.30813049667220965,0.32743351025037154,0.0764079482162345,0.08778304617465768,0.05825898438680295,0.06834745086534992,0.18439619766877147,0.21374118537411546,0.7386633155437868,0.7994960872094293,STRONG_DEPENDENCE,True,No proof from configured rules,mlb-official-batting-v1
mlb,runs>=1,runs>=2,8936,2839,559,559,2280,0.31770367054610565,0.06255595344673232,0.06255595344673232,0.19690031701303276,1.0,3.147587178584008,3.1475871785840086,0.30813049667220965,0.32743351025037154,0.057720561939596675,0.06776728524295084,0.057720561939596675,0.06776728524295084,0.18268642888150433,0.21193334681505233,0.9931748829790489,1.0,STRONG_DEPENDENCE,True,No proof from configured rules,mlb-official-batting-v1
mlb,hits_plus_runs_plus_RBI>=2,hits_plus_runs_plus_RBI>=5,8936,3651,707,707,2944,0.4085720680393912,0.07911817367949865,0.07911817367949865,0.19364557655436868,1.0,2.44754861681731,2.4475486168173104,0.39842141387600194,0.41880129555048584,0.07370080647829455,0.08489724756457093,0.07370080647829455,0.08489724756457093,0.18115259936601666,0.2067825476972949,0.9945958993063416,1.0,STRONG_DEPENDENCE,True,No proof from configured rules,mlb-official-batting-v1
mlb,hits>=2,hits_plus_runs_plus_RBI>=6,8936,1785,367,350,1435,0.1997538048343778,0.041069829901521936,0.0391674127126231,0.19607843137254902,0.9536784741144414,4.774269380776834,4.7742693807768335,0.19159395459537898,0.2081716872543971,0.03714855648467591,0.04538550882502669,0.03533923248670261,0.043391633386341846,0.17832095375219367,0.21514122555390672,0.9270770351857849,0.9708808173665349,STRONG_DEPENDENCE,True,No proof from configured rules,mlb-official-batting-v1
mlb,hits_plus_runs_plus_RBI>=4,total_bases>=6,8936,1265,253,252,1013,0.14156222023276635,0.028312444046553267,0.02820053715308863,0.1992094861660079,0.9960474308300395,7.036110546954333,7.036110546954334,0.13448837845788977,0.14894410415293133,0.025070927645477685,0.031959329677223224,0.02496565859939917,0.03184088110938067,0.1781247619584702,0.22211551651784928,0.9779546245934474,0.9993019334111846,STRONG_DEPENDENCE,True,No proof from configured rules,mlb-official-batting-v1
mlb,hits_plus_runs_plus_RBI>=1,total_bases>=4,8936,5585,1047,1047,4538,0.625,0.11716651745747537,0.11716651745747537,0.1874664279319606,1.0,1.6,1.6,0.6149106480291481,0.6349819267206841,0.11066208600890284,0.12399995676712555,0.11066208600890284,0.12399995676712555,0.17744677761874247,0.1979157146397804,0.9963443973508572,1.0,STRONG_DEPENDENCE,True,No proof from configured rules,mlb-official-batting-v1
mlb,RBI>=2,hits>=3,8936,732,403,150,582,0.0819158460161146,0.04509847806624888,0.016786034019695615,0.20491803278688525,0.37220843672456577,4.543790424276939,4.543790424276939,0.0764079482162345,0.08778304617465768,0.040987778184133315,0.049600121226727696,0.014322527275911039,0.019664815812919935,0.1772535214947107,0.23566349368359907,0.3264278625093147,0.42040226562323907,STRONG_DEPENDENCE,True,No proof from configured rules,mlb-official-batting-v1
mlb,total_bases>=2,total_bases>=5,8936,2869,515,515,2354,0.32106087735004474,0.05763205013428827,0.05763205013428827,0.17950505402579295,1.0,3.1146741024747304,3.1146741024747295,0.31145931346104544,0.33081622187916765,0.05298752642990828,0.06265674574011228,0.05298752642990828,0.06265674574011228,0.1658934835113623,0.19397373284560565,0.9925960835330591,1.0,STRONG_DEPENDENCE,True,No proof from configured rules,mlb-official-batting-v1
mlb,total_bases>=4,RBI>=3,8936,1047,229,197,850,0.11716651745747537,0.02562667860340197,0.02204565801253357,0.18815663801337154,0.8602620087336245,7.3422171060589,7.342217106058899,0.11066208600890284,0.12399995676712555,0.022548572207873433,0.029112462380721866,0.01920039918054104,0.025301671762580094,0.16563849773031772,0.21295472913681726,0.8093895798104052,0.8992471072972061,STRONG_DEPENDENCE,True,No proof from configured rules,mlb-official-batting-v1
mlb,hits_plus_runs_plus_RBI>=3,hits>=3,8936,2229,403,403,1826,0.24944046553267682,0.04509847806624888,0.04509847806624888,0.18079856437864514,1.0,4.0089726334679225,4.008972633467923,0.2405781714197765,0.2585180910109535,0.040987778184133315,0.049600121226727696,0.040987778184133315,0.049600121226727696,0.16537537898525922,0.19732008048028793,0.990557848180396,1.0,STRONG_DEPENDENCE,True,No proof from configured rules,mlb-official-batting-v1
mlb,hits_plus_runs_plus_RBI>=4,RBI>=3,8936,1265,229,229,1036,0.14156222023276635,0.02562667860340197,0.02562667860340197,0.18102766798418973,1.0,7.064031620553359,7.06403162055336,0.13448837845788977,0.14894410415293133,0.022548572207873433,0.029112462380721866,0.022548572207873433,0.029112462380721866,0.16078524570860248,0.20320148849690328,0.9835018263493515,1.0,STRONG_DEPENDENCE,True,No proof from configured rules,mlb-official-batting-v1
mlb,runs>=1,total_bases>=5,8936,2839,515,494,2345,0.31770367054610565,0.05763205013428827,0.055282005371530885,0.1740049313138429,0.9592233009708738,3.019238963534952,3.019238963534952,0.30813049667220965,0.32743351025037154,0.05298752642990828,0.06265674574011228,0.050731999859525284,0.06021420241815287,0.16050237905836967,0.18838850113589317,0.9384693790329086,0.9731771209887166,STRONG_DEPENDENCE,True,No proof from configured rules,mlb-official-batting-v1
mlb,total_bases>=2,runs>=2,8936,2869,559,475,2394,0.32106087735004474,0.06255595344673232,0.05315577439570277,0.16556291390728478,0.8497316636851521,2.6466372069329105,2.6466372069329105,0.31145931346104544,0.33081622187916765,0.057720561939596675,0.06776728524295084,0.04869334278049142,0.05800222483268644,0.15241115584055367,0.17960906612193764,0.8177274540584091,0.8769619542507289,STRONG_DEPENDENCE,True,No proof from configured rules,mlb-official-batting-v1
mlb,hits_plus_runs_plus_RBI>=3,hits_plus_runs_plus_RBI>=6,8936,2229,367,367,1862,0.24944046553267682,0.041069829901521936,0.041069829901521936,0.16464782413638404,1.0,4.0089726334679225,4.0089726334679225,0.2405781714197765,0.2585180910109535,0.03714855648467591,0.04538550882502669,0.03714855648467591,0.04538550882502669,0.14983128184908762,0.18061826973277678,0.9896412368970012,1.0,STRONG_DEPENDENCE,True,No proof from configured rules,mlb-official-batting-v1
mlb,RBI>=1,runs>=2,8936,2277,559,370,1907,0.2548119964189794,0.06255595344673232,0.04140555058191585,0.16249451032059728,0.6618962432915921,2.5975866622984927,2.5975866622984927,0.24588386360445064,0.2639508442944906,0.057720561939596675,0.06776728524295084,0.03746810176016163,0.045737116391304164,0.14791270291571565,0.1782131906416982,0.6216938248934702,0.699888740078279,STRONG_DEPENDENCE,True,No proof from configured rules,mlb-official-batting-v1
mlb,hits>=1,home_runs>=1,8936,5098,803,803,4295,0.5705013428827216,0.08986123545210385,0.08986123545210385,0.15751275009807766,1.0,1.7528442526480974,1.7528442526480972,0.5602099390317292,0.5807321577385431,0.08410664886919957,0.0959682961100884,0.08410664886919957,0.0959682961100884,0.14777135043771322,0.16776990497260558,0.9952388926241978,1.0,STRONG_DEPENDENCE,True,No proof from configured rules,mlb-official-batting-v1
mlb,total_bases>=1,home_runs>=1,8936,5098,803,803,4295,0.5705013428827216,0.08986123545210385,0.08986123545210385,0.15751275009807766,1.0,1.7528442526480974,1.7528442526480972,0.5602099390317292,0.5807321577385431,0.08410664886919957,0.0959682961100884,0.08410664886919957,0.0959682961100884,0.14777135043771322,0.16776990497260558,0.9952388926241978,1.0,STRONG_DEPENDENCE,True,No proof from configured rules,mlb-official-batting-v1
mlb,total_bases>=3,total_bases>=6,8936,1572,253,253,1319,0.17591763652641002,0.028312444046553267,0.028312444046553267,0.16094147582697202,1.0,5.684478371501272,5.684478371501273,0.1681630104383539,0.1839507796462348,0.025070927645477685,0.031959329677223224,0.025070927645477685,0.031959329677223224,0.14360565207428674,0.1799303584595661,0.9850434628492905,1.0,STRONG_DEPENDENCE,True,No proof from configured rules,mlb-official-batting-v1
mlb,hits_plus_runs_plus_RBI>=2,runs>=2,8936,3651,559,559,3092,0.4085720680393912,0.06255595344673232,0.06255595344673232,0.15310873733223773,1.0,2.4475486168173104,2.4475486168173104,0.39842141387600194,0.41880129555048584,0.057720561939596675,0.06776728524295084,0.057720561939596675,0.06776728524295084,0.14179343524608243,0.16515324669909778,0.9931748829790489,1.0,STRONG_DEPENDENCE,True,No proof from configured rules,mlb-official-batting-v1
mlb,RBI>=1,hits_plus_runs_plus_RBI>=6,8936,2277,367,352,1925,0.2548119964189794,0.041069829901521936,0.03939122649955237,0.15458937198067632,0.9591280653950953,3.764061656728402,3.764061656728402,0.24588386360445064,0.2639508442944906,0.03714855648467591,0.04538550882502669,0.03555196467776794,0.043626336423118646,0.1403234689619853,0.17001877603854296,0.9336670491741038,0.9750770838893549,STRONG_DEPENDENCE,True,No proof from configured rules,mlb-official-batting-v1
mlb,home_runs>=1,hits>=3,8936,803,403,130,673,0.08986123545210385,0.04509847806624888,0.014547896150402865,0.16189290161892902,0.3225806451612903,3.589764190736352,3.589764190736352,0.08410664886919957,0.0959682961100884,0.040987778184133315,0.049600121226727696,0.012265749189357833,0.01724724162105179,0.13803512801049722,0.18897020362718714,0.27880118732661274,0.3697105439642143,STRONG_DEPENDENCE,True,No proof from configured rules,mlb-official-batting-v1
mlb,hits_plus_runs_plus_RBI>=1,home_runs>=1,8936,5585,803,803,4782,0.625,0.08986123545210385,0.08986123545210385,0.14377797672336615,1.0,1.6,1.5999999999999999,0.6149106480291481,0.6349819267206841,0.08410664886919957,0.0959682961100884,0.08410664886919957,0.0959682961100884,0.13482086330935558,0.1532247845556293,0.9952388926241978,1.0,STRONG_DEPENDENCE,True,No proof from configured rules,mlb-official-batting-v1
mlb,hits>=1,RBI>=2,8936,5098,732,728,4370,0.5705013428827216,0.0819158460161146,0.08146821844225605,0.14280109846998823,0.994535519125683,1.7432658687538454,1.7432658687538454,0.5602099390317292,0.5807321577385431,0.0764079482162345,0.08778304617465768,0.07597467120053755,0.08732145273467037,0.13346584554322033,0.1526742610445177,0.9860346158562232,0.9978729790764245,STRONG_DEPENDENCE,True,No proof from configured rules,mlb-official-batting-v1
mlb,total_bases>=1,RBI>=2,8936,5098,732,728,4370,0.5705013428827216,0.0819158460161146,0.08146821844225605,0.14280109846998823,0.994535519125683,1.7432658687538454,1.7432658687538454,0.5602099390317292,0.5807321577385431,0.0764079482162345,0.08778304617465768,0.07597467120053755,0.08732145273467037,0.13346584554322033,0.1526742610445177,0.9860346158562232,0.9978729790764245,STRONG_DEPENDENCE,True,No proof from configured rules,mlb-official-batting-v1
mlb,hits_plus_runs_plus_RBI>=2,total_bases>=5,8936,3651,515,515,3136,0.4085720680393912,0.05763205013428827,0.05763205013428827,0.14105724459052316,1.0,2.4475486168173104,2.4475486168173104,0.39842141387600194,0.41880129555048584,0.05298752642990828,0.06265674574011228,0.05298752642990828,0.06265674574011228,0.13014341662102297,0.15272561353228042,0.9925960835330591,1.0,STRONG_DEPENDENCE,True,No proof from configured rules,mlb-official-batting-v1
mlb,hits>=1,hits_plus_runs_plus_RBI>=5,8936,5098,707,707,4391,0.5705013428827216,0.07911817367949865,0.07911817367949865,0.13868183601412318,1.0,1.7528442526480972,1.7528442526480974,0.5602099390317292,0.5807321577385431,0.07370080647829455,0.08489724756457093,0.07370080647829455,0.08489724756457093,0.12946632600977132,0.14844145890764404,0.9945958993063416,1.0,STRONG_DEPENDENCE,True,No proof from configured rules,mlb-official-batting-v1
mlb,total_bases>=1,hits_plus_runs_plus_RBI>=5,8936,5098,707,707,4391,0.5705013428827216,0.07911817367949865,0.07911817367949865,0.13868183601412318,1.0,1.7528442526480972,1.7528442526480974,0.5602099390317292,0.5807321577385431,0.07370080647829455,0.08489724756457093,0.07370080647829455,0.08489724756457093,0.12946632600977132,0.14844145890764404,0.9945958993063416,1.0,STRONG_DEPENDENCE,True,No proof from configured rules,mlb-official-batting-v1
mlb,total_bases>=2,hits>=3,8936,2869,403,403,2466,0.32106087735004474,0.04509847806624888,0.04509847806624888,0.14046706169397002,1.0,3.11467410247473,3.11467410247473,0.31145931346104544,0.33081622187916765,0.040987778184133315,0.049600121226727696,0.040987778184133315,0.049600121226727696,0.12823266801008068,0.15366296404235266,0.990557848180396,1.0,STRONG_DEPENDENCE,True,No proof from configured rules,mlb-official-batting-v1
mlb,hits>=2,total_bases>=6,8936,1785,253,253,1532,0.1997538048343778,0.028312444046553267,0.028312444046553267,0.14173669467787114,1.0,5.006162464985994,5.006162464985994,0.19159395459537898,0.2081716872543971,0.025070927645477685,0.031959329677223224,0.025070927645477685,0.031959329677223224,0.12632506097835905,0.1586870379456063,0.9850434628492905,1.0,STRONG_DEPENDENCE,True,No proof from configured rules,mlb-official-batting-v1
mlb,hits>=3,RBI>=3,8936,403,229,63,340,0.04509847806624888,0.02562667860340197,0.0070501342882721574,0.15632754342431762,0.27510917030567683,6.100187458688657,6.100187458688656,0.040987778184133315,0.049600121226727696,0.022548572207873433,0.029112462380721866,0.00551468321110685,0.009009227466591259,0.12413460057624151,0.19501050129480133,0.22133989745111837,0.336299019081706,STRONG_DEPENDENCE,True,No proof from configured rules,mlb-official-batting-v1
mlb,hits_plus_runs_plus_RBI>=1,RBI>=2,8936,5585,732,732,4853,0.625,0.0819158460161146,0.0819158460161146,0.13106535362578334,1.0,1.6,1.5999999999999999,0.6149106480291481,0.6349819267206841,0.0764079482162345,0.08778304617465768,0.0764079482162345,0.08778304617465768,0.12246772125595987,0.14017015631418409,0.9947795020589754,1.0,STRONG_DEPENDENCE,True,No proof from configured rules,mlb-official-batting-v1
mlb,total_bases>=3,RBI>=3,8936,1572,229,213,1359,0.17591763652641002,0.02562667860340197,0.02383616830796777,0.13549618320610687,0.9301310043668122,5.2873095769858995,5.2873095769858995,0.1681630104383539,0.1839507796462348,0.022548572207873433,0.029112462380721866,0.02087215686280152,0.027209395903056696,0.1194632589730447,0.15330622327066573,0.889530440153192,0.9565388165752893,STRONG_DEPENDENCE,True,No proof from configured rules,mlb-official-batting-v1
mlb,hits_plus_runs_plus_RBI>=1,hits_plus_runs_plus_RBI>=5,8936,5585,707,707,4878,0.625,0.07911817367949865,0.07911817367949865,0.12658907788719787,1.0,1.6,1.6000000000000003,0.6149106480291481,0.6349819267206841,0.07370080647829455,0.08489724756457093,0.07370080647829455,0.08489724756457093,0.11812440874978877,0.13556707082921401,0.9945958993063416,1.0,STRONG_DEPENDENCE,True,No proof from configured rules,mlb-official-batting-v1
mlb,total_bases>=2,hits_plus_runs_plus_RBI>=6,8936,2869,367,366,2503,0.32106087735004474,0.041069829901521936,0.0409579230080573,0.12757058208434996,0.997275204359673,3.1061872520592675,3.1061872520592675,0.31145931346104544,0.33081622187916765,0.03714855648467591,0.04538550882502669,0.03704205789329258,0.04526828980248894,0.11585918332254565,0.1402779789149968,0.9847292520201814,0.9995188446212502,STRONG_DEPENDENCE,True,No proof from configured rules,mlb-official-batting-v1
mlb,runs>=1,hits_plus_runs_plus_RBI>=6,8936,2839,367,356,2483,0.31770367054610565,0.041069829901521936,0.03983885407341092,0.12539626629094752,0.9700272479564033,3.0532453285447057,3.0532453285447057,0.30813049667220965,0.32743351025037154,0.03714855648467591,0.04538550882502669,0.03597753415336645,0.04409563740320441,0.11371831935890855,0.13808659807663823,0.9471338949043339,0.9831827991814027,STRONG_DEPENDENCE,True,No proof from configured rules,mlb-official-batting-v1
mlb,runs>=2,RBI>=3,8936,559,229,76,483,0.06255595344673232,0.02562667860340197,0.008504923903312443,0.13595706618962433,0.3318777292576419,5.305294076290318,5.305294076290319,0.057720561939596675,0.06776728524295084,0.022548572207873433,0.029112462380721866,0.006800892387325439,0.010631347271346544,0.11001744056640583,0.16686596306065526,0.27410464464483747,0.3951982347049439,STRONG_DEPENDENCE,True,No proof from configured rules,mlb-official-batting-v1
mlb,RBI>=1,hits>=3,8936,2277,403,273,2004,0.2548119964189794,0.04509847806624888,0.030550581915846017,0.11989459815546773,0.6774193548387096,2.658506523864168,2.658506523864168,0.24588386360445064,0.2639508442944906,0.040987778184133315,0.049600121226727696,0.027179175717227336,0.034325433883894925,0.10718826769364106,0.13388129752944503,0.6302894560357856,0.7211988126733871,STRONG_DEPENDENCE,True,No proof from configured rules,mlb-official-batting-v1
mlb,hits_plus_runs_plus_RBI>=2,hits>=3,8936,3651,403,403,3248,0.4085720680393912,0.04509847806624888,0.04509847806624888,0.11038071761161326,1.0,2.4475486168173104,2.4475486168173104,0.39842141387600194,0.41880129555048584,0.040987778184133315,0.049600121226727696,0.040987778184133315,0.049600121226727696,0.1006227103146796,0.12095775164111898,0.990557848180396,1.0,STRONG_DEPENDENCE,True,No proof from configured rules,mlb-official-batting-v1
mlb,hits_plus_runs_plus_RBI>=3,total_bases>=6,8936,2229,253,252,1977,0.24944046553267682,0.028312444046553267,0.02820053715308863,0.11305518169582772,0.9960474308300395,3.993126891833662,3.993126891833662,0.2405781714197765,0.2585180910109535,0.025070927645477685,0.031959329677223224,0.02496565859939917,0.03184088110938067,0.1005695613466163,0.12687222894015024,0.9779546245934474,0.9993019334111846,STRONG_DEPENDENCE,True,No proof from configured rules,mlb-official-batting-v1
mlb,runs>=1,hits>=3,8936,2839,403,310,2529,0.31770367054610565,0.04509847806624888,0.0346911369740376,0.10919337794998239,0.7692307692307693,2.421220906603083,2.4212209066030836,0.30813049667220965,0.32743351025037154,0.040987778184133315,0.049600121226727696,0.031092441514432884,0.03868971980176886,0.09824463682015332,0.12119829302915473,0.7256693390586622,0.8077079638077049,STRONG_DEPENDENCE,True,No proof from configured rules,mlb-official-batting-v1
mlb,hits>=1,runs>=2,8936,5098,559,538,4560,0.5705013428827216,0.06255595344673232,0.060205908683974935,0.10553158101216163,0.962432915921288,1.6869950052319793,1.6869950052319793,0.5602099390317292,0.5807321577385431,0.057720561939596675,0.06776728524295084,0.055460449131605576,0.06532932815859953,0.09739277046245498,0.114264425774745,0.9432539954603407,0.9752995188512303,STRONG_DEPENDENCE,True,No proof from configured rules,mlb-official-batting-v1
mlb,total_bases>=1,runs>=2,8936,5098,559,538,4560,0.5705013428827216,0.06255595344673232,0.060205908683974935,0.10553158101216163,0.962432915921288,1.6869950052319793,1.6869950052319793,0.5602099390317292,0.5807321577385431,0.057720561939596675,0.06776728524295084,0.055460449131605576,0.06532932815859953,0.09739277046245498,0.114264425774745,0.9432539954603407,0.9752995188512303,STRONG_DEPENDENCE,True,No proof from configured rules,mlb-official-batting-v1
mlb,RBI>=1,total_bases>=6,8936,2277,253,240,2037,0.2548119964189794,0.028312444046553267,0.02685765443151298,0.10540184453227931,0.9486166007905138,3.7228098132033516,3.7228098132033516,0.24588386360445064,0.2639508442944906,0.025070927645477685,0.031959329677223224,0.023703563678726898,0.030418364663000137,0.09344694989906549,0.11868592630306374,0.914085106225668,0.969728593643063,STRONG_DEPENDENCE,True,No proof from configured rules,mlb-official-batting-v1
mlb,hits>=1,total_bases>=5,8936,5098,515,515,4583,0.5705013428827216,0.05763205013428827,0.05763205013428827,0.1010200078462142,1.0,1.7528442526480972,1.7528442526480974,0.5602099390317292,0.5807321577385431,0.05298752642990828,0.06265674574011228,0.05298752642990828,0.06265674574011228,0.09304577012792829,0.10959507380368023,0.9925960835330591,1.0,STRONG_DEPENDENCE,True,No proof from configured rules,mlb-official-batting-v1
mlb,total_bases>=1,total_bases>=5,8936,5098,515,515,4583,0.5705013428827216,0.05763205013428827,0.05763205013428827,0.1010200078462142,1.0,1.7528442526480972,1.7528442526480974,0.5602099390317292,0.5807321577385431,0.05298752642990828,0.06265674574011228,0.05298752642990828,0.06265674574011228,0.09304577012792829,0.10959507380368023,0.9925960835330591,1.0,STRONG_DEPENDENCE,True,No proof from configured rules,mlb-official-batting-v1
mlb,hits_plus_runs_plus_RBI>=1,runs>=2,8936,5585,559,559,5026,0.625,0.06255595344673232,0.06255595344673232,0.10008952551477171,1.0,1.6,1.6,0.6149106480291481,0.6349819267206841,0.057720561939596675,0.06776728524295084,0.057720561939596675,0.06776728524295084,0.092491297241697,0.10823750622975001,0.9931748829790489,1.0,STRONG_DEPENDENCE,True,No proof from configured rules,mlb-official-batting-v1
mlb,hits_plus_runs_plus_RBI>=2,hits_plus_runs_plus_RBI>=6,8936,3651,367,367,3284,0.4085720680393912,0.041069829901521936,0.041069829901521936,0.10052040536839223,1.0,2.44754861681731,2.4475486168173104,0.39842141387600194,0.41880129555048584,0.03714855648467591,0.04538550882502669,0.03714855648467591,0.04538550882502669,0.09118277143093845,0.1106977936042336,0.9896412368970012,1.0,STRONG_DEPENDENCE,True,No proof from configured rules,mlb-official-batting-v1
mlb,hits_plus_runs_plus_RBI>=3,RBI>=3,8936,2229,229,229,2000,0.24944046553267682,0.02562667860340197,0.02562667860340197,0.10273665320771647,1.0,4.0089726334679225,4.0089726334679225,0.2405781714197765,0.2585180910109535,0.022548572207873433,0.029112462380721866,0.022548572207873433,0.029112462380721866,0.09080822037873877,0.11603201764900821,0.9835018263493515,1.0,STRONG_DEPENDENCE,True,No proof from configured rules,mlb-official-batting-v1
mlb,RBI>=1,RBI>=3,8936,2277,229,229,2048,0.2548119964189794,0.02562667860340197,0.02562667860340197,0.10057092665788318,1.0,3.9244620114185333,3.9244620114185333,0.24588386360445064,0.2639508442944906,0.022548572207873433,0.029112462380721866,0.022548572207873433,0.029112462380721866,0.08888235151277026,0.11360496168237337,0.9835018263493515,1.0,STRONG_DEPENDENCE,True,No proof from configured rules,mlb-official-batting-v1
mlb,hits_plus_runs_plus_RBI>=1,total_bases>=5,8936,5585,515,515,5070,0.625,0.05763205013428827,0.05763205013428827,0.09221128021486123,1.0,1.6,1.5999999999999999,0.6149106480291481,0.6349819267206841,0.05298752642990828,0.06265674574011228,0.05298752642990828,0.06265674574011228,0.08490111467798717,0.10008202832905136,0.9925960835330591,1.0,STRONG_DEPENDENCE,True,No proof from configured rules,mlb-official-batting-v1
mlb,hits>=2,RBI>=3,8936,1785,229,166,1619,0.1997538048343778,0.02562667860340197,0.01857654431512981,0.09299719887955182,0.7248908296943232,3.6289212628282748,3.628921262828275,0.19159395459537898,0.2081716872543971,0.022548572207873433,0.029112462380721866,0.015976836347698194,0.021589988563869855,0.08038422214869162,0.10735821705109075,0.663700980918294,0.7786601025488816,STRONG_DEPENDENCE,True,No proof from configured rules,mlb-official-batting-v1
mlb,total_bases>=2,total_bases>=6,8936,2869,253,253,2616,0.32106087735004474,0.028312444046553267,0.028312444046553267,0.08818403624956431,1.0,3.1146741024747304,3.11467410247473,0.31145931346104544,0.33081622187916765,0.025070927645477685,0.031959329677223224,0.025070927645477685,0.031959329677223224,0.07835099514602009,0.09911840792712576,0.9850434628492905,1.0,STRONG_DEPENDENCE,True,No proof from configured rules,mlb-official-batting-v1
mlb,runs>=1,total_bases>=6,8936,2839,253,248,2591,0.31770367054610565,0.028312444046553267,0.02775290957923008,0.08735470235998591,0.9802371541501976,3.0853818983748384,3.0853818983748384,0.30813049667220965,0.32743351025037154,0.025070927645477685,0.031959329677223224,0.02454472548533582,0.03136694376775975,0.07751808360974352,0.09830651514506888,0.9545792663702994,0.991529672255699,STRONG_DEPENDENCE,True,No proof from configured rules,mlb-official-batting-v1
mlb,hits>=1,hits>=3,8936,5098,403,403,4695,0.5705013428827216,0.04509847806624888,0.04509847806624888,0.07905060808160062,1.0,1.7528442526480972,1.7528442526480972,0.5602099390317292,0.5807321577385431,0.040987778184133315,0.049600121226727696,0.040987778184133315,0.049600121226727696,0.07195697564037372,0.08677815271618076,0.990557848180396,1.0,STRONG_DEPENDENCE,True,No proof from configured rules,mlb-official-batting-v1
mlb,total_bases>=1,hits>=3,8936,5098,403,403,4695,0.5705013428827216,0.04509847806624888,0.04509847806624888,0.07905060808160062,1.0,1.7528442526480972,1.7528442526480972,0.5602099390317292,0.5807321577385431,0.040987778184133315,0.049600121226727696,0.040987778184133315,0.049600121226727696,0.07195697564037372,0.08677815271618076,0.990557848180396,1.0,STRONG_DEPENDENCE,True,No proof from configured rules,mlb-official-batting-v1
mlb,total_bases>=2,RBI>=3,8936,2869,229,227,2642,0.32106087735004474,0.02562667860340197,0.025402864816472696,0.07912164517253398,0.9912663755458515,3.087471708566654,3.087471708566653,0.31145931346104544,0.33081622187916765,0.022548572207873433,0.029112462380721866,0.022338782326750045,0.028874817034003117,0.0697978543533789,0.08957100236335713,0.9687211065562046,0.9976016485905382,STRONG_DEPENDENCE,True,No proof from configured rules,mlb-official-batting-v1
mlb,hits_plus_runs_plus_RBI>=1,hits>=3,8936,5585,403,403,5182,0.625,0.04509847806624888,0.04509847806624888,0.07215756490599821,1.0,1.5999999999999999,1.6,0.6149106480291481,0.6349819267206841,0.040987778184133315,0.049600121226727696,0.040987778184133315,0.049600121226727696,0.06566159053459054,0.07924168947213549,0.990557848180396,1.0,STRONG_DEPENDENCE,True,No proof from configured rules,mlb-official-batting-v1
mlb,hits>=1,hits_plus_runs_plus_RBI>=6,8936,5098,367,367,4731,0.5705013428827216,0.041069829901521936,0.041069829901521936,0.0719890153001177,1.0,1.7528442526480974,1.7528442526480974,0.5602099390317292,0.5807321577385431,0.03714855648467591,0.04538550882502669,0.03714855648467591,0.04538550882502669,0.06521155293119671,0.07941102399051903,0.9896412368970012,1.0,STRONG_DEPENDENCE,True,No proof from configured rules,mlb-official-batting-v1
mlb,total_bases>=1,hits_plus_runs_plus_RBI>=6,8936,5098,367,367,4731,0.5705013428827216,0.041069829901521936,0.041069829901521936,0.0719890153001177,1.0,1.7528442526480974,1.7528442526480974,0.5602099390317292,0.5807321577385431,0.03714855648467591,0.04538550882502669,0.03714855648467591,0.04538550882502669,0.06521155293119671,0.07941102399051903,0.9896412368970012,1.0,STRONG_DEPENDENCE,True,No proof from configured rules,mlb-official-batting-v1
mlb,runs>=1,RBI>=3,8936,2839,229,202,2637,0.31770367054610565,0.02562667860340197,0.022605192479856758,0.07115181401902078,0.8820960698689956,2.7764742797989936,2.776474279798994,0.30813049667220965,0.32743351025037154,0.022548572207873433,0.029112462380721866,0.0197222912807183,0.025898367732008175,0.062263438975274435,0.08119917219329927,0.8338923992507233,0.9176919658634098,STRONG_DEPENDENCE,True,No proof from configured rules,mlb-official-batting-v1
mlb,hits_plus_runs_plus_RBI>=2,total_bases>=6,8936,3651,253,253,3398,0.4085720680393912,0.028312444046553267,0.028312444046553267,0.06929608326485895,1.0,2.4475486168173104,2.4475486168173104,0.39842141387600194,0.41880129555048584,0.025070927645477685,0.031959329677223224,0.025070927645477685,0.031959329677223224,0.061503043155956276,0.07799451496389839,0.9850434628492905,1.0,STRONG_DEPENDENCE,True,No proof from configured rules,mlb-official-batting-v1
mlb,hits_plus_runs_plus_RBI>=1,hits_plus_runs_plus_RBI>=6,8936,5585,367,367,5218,0.625,0.041069829901521936,0.041069829901521936,0.06571172784243509,1.0,1.5999999999999999,1.5999999999999999,0.6149106480291481,0.6349819267206841,0.03714855648467591,0.04538550882502669,0.03714855648467591,0.04538550882502669,0.059507332669800184,0.07251313422968253,0.9896412368970012,1.0,STRONG_DEPENDENCE,True,No proof from configured rules,mlb-official-batting-v1
mlb,hits_plus_runs_plus_RBI>=2,RBI>=3,8936,3651,229,229,3422,0.4085720680393912,0.02562667860340197,0.02562667860340197,0.06272254176937825,1.0,2.4475486168173104,2.44754861681731,0.39842141387600194,0.41880129555048584,0.022548572207873433,0.029112462380721866,0.022548572207873433,0.029112462380721866,0.055308048910710575,0.07105624459539304,0.9835018263493515,1.0,STRONG_DEPENDENCE,True,No proof from configured rules,mlb-official-batting-v1
mlb,hits>=1,total_bases>=6,8936,5098,253,253,4845,0.5705013428827216,0.028312444046553267,0.028312444046553267,0.049627304825421735,1.0,1.7528442526480974,1.7528442526480974,0.5602099390317292,0.5807321577385431,0.025070927645477685,0.031959329677223224,0.025070927645477685,0.031959329677223224,0.04399752015293215,0.05593531055846074,0.9850434628492905,1.0,STRONG_DEPENDENCE,True,No proof from configured rules,mlb-official-batting-v1
mlb,total_bases>=1,total_bases>=6,8936,5098,253,253,4845,0.5705013428827216,0.028312444046553267,0.028312444046553267,0.049627304825421735,1.0,1.7528442526480974,1.7528442526480974,0.5602099390317292,0.5807321577385431,0.025070927645477685,0.031959329677223224,0.025070927645477685,0.031959329677223224,0.04399752015293215,0.05593531055846074,0.9850434628492905,1.0,STRONG_DEPENDENCE,True,No proof from configured rules,mlb-official-batting-v1
mlb,hits_plus_runs_plus_RBI>=1,total_bases>=6,8936,5585,253,253,5332,0.625,0.028312444046553267,0.028312444046553267,0.04529991047448523,1.0,1.6,1.6,0.6149106480291481,0.6349819267206841,0.025070927645477685,0.031959329677223224,0.025070927645477685,0.031959329677223224,0.04015132610715603,0.05107356595272291,0.9850434628492905,1.0,STRONG_DEPENDENCE,True,No proof from configured rules,mlb-official-batting-v1
mlb,hits>=1,RBI>=3,8936,5098,229,229,4869,0.5705013428827216,0.02562667860340197,0.02562667860340197,0.04491957630443311,1.0,1.7528442526480974,1.7528442526480974,0.5602099390317292,0.5807321577385431,0.022548572207873433,0.029112462380721866,0.022548572207873433,0.029112462380721866,0.03956832616698169,0.050956136921185335,0.9835018263493515,1.0,STRONG_DEPENDENCE,True,No proof from configured rules,mlb-official-batting-v1
mlb,total_bases>=1,RBI>=3,8936,5098,229,229,4869,0.5705013428827216,0.02562667860340197,0.02562667860340197,0.04491957630443311,1.0,1.7528442526480974,1.7528442526480974,0.5602099390317292,0.5807321577385431,0.022548572207873433,0.029112462380721866,0.022548572207873433,0.029112462380721866,0.03956832616698169,0.050956136921185335,0.9835018263493515,1.0,STRONG_DEPENDENCE,True,No proof from configured rules,mlb-official-batting-v1
mlb,hits_plus_runs_plus_RBI>=1,RBI>=3,8936,5585,229,229,5356,0.625,0.02562667860340197,0.02562667860340197,0.04100268576544315,1.0,1.6,1.5999999999999999,0.6149106480291481,0.6349819267206841,0.022548572207873433,0.029112462380721866,0.022548572207873433,0.029112462380721866,0.03610982379918877,0.04652652618919463,0.9835018263493515,1.0,STRONG_DEPENDENCE,True,No proof from configured rules,mlb-official-batting-v1
