candidate_id,sport,anchor,guards,n_guards,type,n_guards_proven_from_anchor,proofs,n,n_anchor,n_guard,n_joint,n_violations,P_anchor,P_guard,joint_prob,P_guard_given_anchor,P_anchor_given_guard,dependency_ratio,conditional_lift,P_anchor_ci_low,P_anchor_ci_high,P_guard_ci_low,P_guard_ci_high,joint_prob_ci_low,joint_prob_ci_high,P_guard_given_anchor_ci_low,P_guard_given_anchor_ci_high,P_anchor_given_guard_ci_low,P_anchor_given_guard_ci_high,leakage,leakage_ci_low,leakage_ci_high,conditional_failure,P_rule_guards_given_anchor
00c9bb604449f4e957d0b21461e1dc64e30cfcefe7ee3ec26447382f2be65370,mlb,hits>=1,total_bases>=1,1,EXACT_IMPLICATION,1,"[{""explanation"": ""Each hit contributes at least one TB; HRR includes nonnegative hits"", ""proven"": true, ""rule_version"": ""mlb-official-batting-v1""}]",6863,3819,3819,3819,0,0.5564621885472826,0.5564621885472826,0.5564621885472826,1.0,1.0,1.79706729510343,1.79706729510343,0.5446801576520175,0.5681810471169504,0.5446801576520175,0.5681810471169504,0.5446801576520175,0.5681810471169504,0.9989951299675713,1.0,0.9989951299675713,1.0,0.0,0.0,0.0005594215104179578,0.0,1.0
241aaf5507104f2e1ee6d051f4e4438d872ebf168eac89fa1666b78db1df721b,mlb,hits>=1,hits_plus_runs_plus_RBI>=1,1,EXACT_IMPLICATION,1,"[{""explanation"": ""Each hit contributes at least one TB; HRR includes nonnegative hits"", ""proven"": true, ""rule_version"": ""mlb-official-batting-v1""}]",6863,3819,4254,3819,0,0.5564621885472826,0.6198455485939094,0.5564621885472826,1.0,0.8977433004231312,1.6133051245886225,1.6133051245886225,0.5446801576520175,0.5681810471169504,0.6082970007577593,0.631260008074437,0.5446801576520175,0.5681810471169504,0.9989951299675713,1.0,0.8882766702403981,0.9064922361944778,0.0,0.0,0.0005594215104179578,0.0,1.0
5ae145e6f1745272f86e56c248a06772b3333b4554399a32971bb91d85fc6fa9,mlb,hits>=1,hits_plus_runs_plus_RBI>=1 & total_bases>=1,2,EXACT_IMPLICATION,2,"[{""explanation"": ""Each hit contributes at least one TB; HRR includes nonnegative hits"", ""proven"": true, ""rule_version"": ""mlb-official-batting-v1""}, {""explanation"": ""Each hit contributes at least one TB; HRR includes nonnegative hits"", ""proven"": true, ""rule_version"": ""mlb-official-batting-v1""}]",6863,3819,3819,3819,0,0.5564621885472826,0.5564621885472826,0.5564621885472826,1.0,1.0,1.79706729510343,1.79706729510343,0.5446801576520175,0.5681810471169504,0.5446801576520175,0.5681810471169504,0.5446801576520175,0.5681810471169504,0.9989951299675713,1.0,0.9989951299675713,1.0,0.0,0.0,0.0005594215104179578,0.0,1.0
8c4004df45ef2747e8d2bb846d45993769d7aeea10e438818ebc870acc41adbe,mlb,total_bases>=1,hits>=1 & hits_plus_runs_plus_RBI>=1,2,EXACT_IMPLICATION,2,"[{""explanation"": ""At most four TB per hit, so hits >= ceil(TB/4); HRR includes nonnegative hits"", ""proven"": true, ""rule_version"": ""mlb-official-batting-v1""}, {""explanation"": ""At most four TB per hit, so hits >= ceil(TB/4); HRR includes nonnegative hits"", ""proven"": true, ""rule_version"": ""mlb-official-batting-v1""}]",6863,3819,3819,3819,0,0.5564621885472826,0.5564621885472826,0.5564621885472826,1.0,1.0,1.79706729510343,1.79706729510343,0.5446801576520175,0.5681810471169504,0.5446801576520175,0.5681810471169504,0.5446801576520175,0.5681810471169504,0.9989951299675713,1.0,0.9989951299675713,1.0,0.0,0.0,0.0005594215104179578,0.0,1.0
99515da64580d43fad964698ba313f248a0a24ad9d674317e6a4ef0fc20cf335,mlb,total_bases>=1,hits>=1,1,EXACT_IMPLICATION,1,"[{""explanation"": ""At most four TB per hit, so hits >= ceil(TB/4); HRR includes nonnegative hits"", ""proven"": true, ""rule_version"": ""mlb-official-batting-v1""}]",6863,3819,3819,3819,0,0.5564621885472826,0.5564621885472826,0.5564621885472826,1.0,1.0,1.79706729510343,1.79706729510343,0.5446801576520175,0.5681810471169504,0.5446801576520175,0.5681810471169504,0.5446801576520175,0.5681810471169504,0.9989951299675713,1.0,0.9989951299675713,1.0,0.0,0.0,0.0005594215104179578,0.0,1.0
a3d4af80ea12debc9bce14f08b1b010fff340d840b11353697a5b9a3ec5567f0,mlb,total_bases>=1,hits_plus_runs_plus_RBI>=1,1,EXACT_IMPLICATION,1,"[{""explanation"": ""At most four TB per hit, so hits >= ceil(TB/4); HRR includes nonnegative hits"", ""proven"": true, ""rule_version"": ""mlb-official-batting-v1""}]",6863,3819,4254,3819,0,0.5564621885472826,0.6198455485939094,0.5564621885472826,1.0,0.8977433004231312,1.6133051245886225,1.6133051245886225,0.5446801576520175,0.5681810471169504,0.6082970007577593,0.631260008074437,0.5446801576520175,0.5681810471169504,0.9989951299675713,1.0,0.8882766702403981,0.9064922361944778,0.0,0.0,0.0005594215104179578,0.0,1.0
0dba59a0172991c276ed82b41d02136e10be02a25a25adb70d40cd1a3030cf64,mlb,hits_plus_runs_plus_RBI>=2,hits_plus_runs_plus_RBI>=1,1,EXACT_IMPLICATION,1,"[{""explanation"": ""Threshold monotonicity"", ""proven"": true, ""rule_version"": ""mlb-official-batting-v1""}]",6863,2787,4254,2787,0,0.406090630919423,0.6198455485939094,0.406090630919423,1.0,0.655148095909732,1.6133051245886223,1.6133051245886225,0.394527460255928,0.4177588714251049,0.6082970007577593,0.631260008074437,0.394527460255928,0.4177588714251049,0.9986235481744933,1.0,0.6407303535429805,0.6692858865557301,0.0,0.0,0.0005594215104179578,0.0,1.0
7734ca6226bb78432052d3e15ba3bb85e0161a0300f82726f34112ef789549c1,mlb,runs>=1,hits_plus_runs_plus_RBI>=1,1,EXACT_IMPLICATION,1,"[{""explanation"": ""HRR includes nonnegative runs"", ""proven"": true, ""rule_version"": ""mlb-official-batting-v1""}]",6863,2252,4254,2252,0,0.3281363835057555,0.6198455485939094,0.3281363835057555,1.0,0.5293841090738128,1.6133051245886225,1.6133051245886225,0.3171266314954659,0.3393384239238954,0.6082970007577593,0.631260008074437,0.3171266314954659,0.3393384239238954,0.9982971060285847,1.0,0.5143651429105496,0.5443500540778425,0.0,0.0,0.0005594215104179578,0.0,1.0
183a9ab63d836429ef895455977529f8fdd725853b684c8f814724d525f51a73,mlb,total_bases>=2,hits>=1,1,EXACT_IMPLICATION,1,"[{""explanation"": ""At most four TB per hit, so hits >= ceil(TB/4); HRR includes nonnegative hits"", ""proven"": true, ""rule_version"": ""mlb-official-batting-v1""}]",6863,2181,3819,2181,0,0.3177910534751566,0.5564621885472826,0.3177910534751566,1.0,0.5710919088766693,1.79706729510343,1.79706729510343,0.3068796786974051,0.3289062914610614,0.5446801576520175,0.5681810471169504,0.3068796786974051,0.3289062914610614,0.9982417677011823,1.0,0.5553314956834727,0.5867094458123092,0.0,0.0,0.0005594215104179578,0.0,1.0
3ac5f622191c52507f0143e199714167d65f3671d0b1f1b7ff343c220de5e41d,mlb,total_bases>=2,hits_plus_runs_plus_RBI>=1,1,EXACT_IMPLICATION,1,"[{""explanation"": ""At most four TB per hit, so hits >= ceil(TB/4); HRR includes nonnegative hits"", ""proven"": true, ""rule_version"": ""mlb-official-batting-v1""}]",6863,2181,4254,2181,0,0.3177910534751566,0.6198455485939094,0.3177910534751566,1.0,0.5126939351198871,1.6133051245886225,1.6133051245886225,0.3068796786974051,0.3289062914610614,0.6082970007577593,0.631260008074437,0.3068796786974051,0.3289062914610614,0.9982417677011823,1.0,0.4976689298601497,0.5276960352388357,0.0,0.0,0.0005594215104179578,0.0,1.0
8df4bb70daaba464a81f9e518a13c1ee1e0699c95d9028521505a4ad39b867b4,mlb,total_bases>=2,hits>=1 & hits_plus_runs_plus_RBI>=1 & total_bases>=1,3,EXACT_IMPLICATION,3,"[{""explanation"": ""At most four TB per hit, so hits >= ceil(TB/4); HRR includes nonnegative hits"", ""proven"": true, ""rule_version"": ""mlb-official-batting-v1""}, {""explanation"": ""At most four TB per hit, so hits >= ceil(TB/4); HRR includes nonnegative hits"", ""proven"": true, ""rule_version"": ""mlb-official-batting-v1""}, {""explanation"": ""Threshold monotonicity"", ""proven"": true, ""rule_version"": ""mlb-official-batting-v1""}]",6863,2181,3819,2181,0,0.3177910534751566,0.5564621885472826,0.3177910534751566,1.0,0.5710919088766693,1.79706729510343,1.79706729510343,0.3068796786974051,0.3289062914610614,0.5446801576520175,0.5681810471169504,0.3068796786974051,0.3289062914610614,0.9982417677011823,1.0,0.5553314956834727,0.5867094458123092,0.0,0.0,0.0005594215104179578,0.0,1.0
988d48a83169a89e61a2a36f492ec4346f6c929980b31704bd6b9aba009d9d8e,mlb,total_bases>=2,hits>=1 & total_bases>=1,2,EXACT_IMPLICATION,2,"[{""explanation"": ""At most four TB per hit, so hits >= ceil(TB/4); HRR includes nonnegative hits"", ""proven"": true, ""rule_version"": ""mlb-official-batting-v1""}, {""explanation"": ""Threshold monotonicity"", ""proven"": true, ""rule_version"": ""mlb-official-batting-v1""}]",6863,2181,3819,2181,0,0.3177910534751566,0.5564621885472826,0.3177910534751566,1.0,0.5710919088766693,1.79706729510343,1.79706729510343,0.3068796786974051,0.3289062914610614,0.5446801576520175,0.5681810471169504,0.3068796786974051,0.3289062914610614,0.9982417677011823,1.0,0.5553314956834727,0.5867094458123092,0.0,0.0,0.0005594215104179578,0.0,1.0
a8017f719a3536175c300ad30b9463d9eb0c1cd72c96b66c471c4920d1189889,mlb,total_bases>=2,total_bases>=1,1,EXACT_IMPLICATION,1,"[{""explanation"": ""Threshold monotonicity"", ""proven"": true, ""rule_version"": ""mlb-official-batting-v1""}]",6863,2181,3819,2181,0,0.3177910534751566,0.5564621885472826,0.3177910534751566,1.0,0.5710919088766693,1.79706729510343,1.79706729510343,0.3068796786974051,0.3289062914610614,0.5446801576520175,0.5681810471169504,0.3068796786974051,0.3289062914610614,0.9982417677011823,1.0,0.5553314956834727,0.5867094458123092,0.0,0.0,0.0005594215104179578,0.0,1.0
cfe7244297afbcb31a3b0b29a61c6b583cee8ad4c24387f48b2a44984758a301,mlb,total_bases>=2,hits>=1 & hits_plus_runs_plus_RBI>=1,2,EXACT_IMPLICATION,2,"[{""explanation"": ""At most four TB per hit, so hits >= ceil(TB/4); HRR includes nonnegative hits"", ""proven"": true, ""rule_version"": ""mlb-official-batting-v1""}, {""explanation"": ""At most four TB per hit, so hits >= ceil(TB/4); HRR includes nonnegative hits"", ""proven"": true, ""rule_version"": ""mlb-official-batting-v1""}]",6863,2181,3819,2181,0,0.3177910534751566,0.5564621885472826,0.3177910534751566,1.0,0.5710919088766693,1.79706729510343,1.79706729510343,0.3068796786974051,0.3289062914610614,0.5446801576520175,0.5681810471169504,0.3068796786974051,0.3289062914610614,0.9982417677011823,1.0,0.5553314956834727,0.5867094458123092,0.0,0.0,0.0005594215104179578,0.0,1.0
ea67e681d4fc3bcac7923f95c28dcd1d6d8a5d68e787c763c3360cd83c5310f5,mlb,total_bases>=2,hits_plus_runs_plus_RBI>=1 & total_bases>=1,2,EXACT_IMPLICATION,2,"[{""explanation"": ""At most four TB per hit, so hits >= ceil(TB/4); HRR includes nonnegative hits"", ""proven"": true, ""rule_version"": ""mlb-official-batting-v1""}, {""explanation"": ""Threshold monotonicity"", ""proven"": true, ""rule_version"": ""mlb-official-batting-v1""}]",6863,2181,3819,2181,0,0.3177910534751566,0.5564621885472826,0.3177910534751566,1.0,0.5710919088766693,1.79706729510343,1.79706729510343,0.3068796786974051,0.3289062914610614,0.5446801576520175,0.5681810471169504,0.3068796786974051,0.3289062914610614,0.9982417677011823,1.0,0.5553314956834727,0.5867094458123092,0.0,0.0,0.0005594215104179578,0.0,1.0
c787d46ae8b71713c3ad7b25b64ab351c6dc4a240628d9412750837f1ab580ea,mlb,RBI>=1,hits_plus_runs_plus_RBI>=1,1,EXACT_IMPLICATION,1,"[{""explanation"": ""HRR includes nonnegative RBI"", ""proven"": true, ""rule_version"": ""mlb-official-batting-v1""}]",6863,1778,4254,1778,0,0.2590703773859828,0.6198455485939094,0.2590703773859828,1.0,0.41795956746591445,1.6133051245886223,1.6133051245886225,0.24884172496455845,0.26956859223418156,0.6082970007577593,0.631260008074437,0.24884172496455845,0.26956859223418156,0.997844107397054,1.0,0.4032185568530537,0.43284861315535555,0.0,0.0,0.0005594215104179578,0.0,1.0
60a8ae71ec97d091b09a5a0d47efa6b59941275c5dafb9d0e469eb5769343abf,mlb,hits_plus_runs_plus_RBI>=3,hits_plus_runs_plus_RBI>=2,1,EXACT_IMPLICATION,1,"[{""explanation"": ""Threshold monotonicity"", ""proven"": true, ""rule_version"": ""mlb-official-batting-v1""}]",6863,1770,2787,1770,0,0.25790470639661955,0.406090630919423,0.25790470639661955,1.0,0.635091496232508,2.4625044851094366,2.4625044851094366,0.24769190548167133,0.26838837394119314,0.394527460255928,0.4177588714251049,0.24769190548167133,0.26838837394119314,0.9978343843517742,1.0,0.6170442032448725,0.6527668953469442,0.0,0.0,0.0005594215104179578,0.0,1.0
684e6e0219c9b331a25c7f21d81ce965776c5876258554d87ff4a7ba59d112ef,mlb,hits_plus_runs_plus_RBI>=3,hits_plus_runs_plus_RBI>=1 & hits_plus_runs_plus_RBI>=2,2,EXACT_IMPLICATION,2,"[{""explanation"": ""Threshold monotonicity"", ""proven"": true, ""rule_version"": ""mlb-official-batting-v1""}, {""explanation"": ""Threshold monotonicity"", ""proven"": true, ""rule_version"": ""mlb-official-batting-v1""}]",6863,1770,2787,1770,0,0.25790470639661955,0.406090630919423,0.25790470639661955,1.0,0.635091496232508,2.4625044851094366,2.4625044851094366,0.24769190548167133,0.26838837394119314,0.394527460255928,0.4177588714251049,0.24769190548167133,0.26838837394119314,0.9978343843517742,1.0,0.6170442032448725,0.6527668953469442,0.0,0.0,0.0005594215104179578,0.0,1.0
c49ceb2e6ed0c75b08f88a297853e0a9940fb7f992caa74807efcd8320e9f75e,mlb,hits_plus_runs_plus_RBI>=3,hits_plus_runs_plus_RBI>=1,1,EXACT_IMPLICATION,1,"[{""explanation"": ""Threshold monotonicity"", ""proven"": true, ""rule_version"": ""mlb-official-batting-v1""}]",6863,1770,4254,1770,0,0.25790470639661955,0.6198455485939094,0.25790470639661955,1.0,0.41607898448519043,1.6133051245886225,1.6133051245886225,0.24769190548167133,0.26838837394119314,0.6082970007577593,0.631260008074437,0.24769190548167133,0.26838837394119314,0.9978343843517742,1.0,0.40134916830892187,0.4309602290922302,0.0,0.0,0.0005594215104179578,0.0,1.0
005efa3d5f12bb69b95e30e9975786d95de1add6eabab9131d09d5e5fca8f20f,mlb,hits>=2,hits>=1,1,EXACT_IMPLICATION,1,"[{""explanation"": ""Threshold monotonicity"", ""proven"": true, ""rule_version"": ""mlb-official-batting-v1""}]",6863,1371,3819,1371,0,0.19976686580212735,0.5564621885472826,0.19976686580212735,1.0,0.35899450117831894,1.79706729510343,1.79706729510343,0.1904766321191096,0.20939301323196607,0.5446801576520175,0.5681810471169504,0.1904766321191096,0.20939301323196607,0.9972058895983621,1.0,0.34392901726252334,0.37434336949446156,0.0,0.0,0.0005594215104179578,0.0,1.0
031f3172cc2c2cc395adac9247e4029fe6ec9d736ea17e1a507f3865c676288f,mlb,hits>=2,hits>=1 & hits_plus_runs_plus_RBI>=2,2,EXACT_IMPLICATION,2,"[{""explanation"": ""Threshold monotonicity"", ""proven"": true, ""rule_version"": ""mlb-official-batting-v1""}, {""explanation"": ""Each hit contributes at least one TB; HRR includes nonnegative hits"", ""proven"": true, ""rule_version"": ""mlb-official-batting-v1""}]",6863,1371,2742,1371,0,0.19976686580212735,0.3995337316042547,0.19976686580212735,1.0,0.5,2.5029175784099196,2.5029175784099196,0.1904766321191096,0.20939301323196607,0.3880049429454243,0.41117492624630914,0.1904766321191096,0.20939301323196607,0.9972058895983621,1.0,0.4812983309930046,0.5187016690069953,0.0,0.0,0.0005594215104179578,0.0,1.0
0f69a803f3b5fbdead1dab493715a531128bbd0e6f1237bc6e11aa2ef9d919b8,mlb,hits>=2,hits_plus_runs_plus_RBI>=1 & hits_plus_runs_plus_RBI>=2 & total_bases>=1,3,EXACT_IMPLICATION,3,"[{""explanation"": ""Each hit contributes at least one TB; HRR includes nonnegative hits"", ""proven"": true, ""rule_version"": ""mlb-official-batting-v1""}, {""explanation"": ""Each hit contributes at least one TB; HRR includes nonnegative hits"", ""proven"": true, ""rule_version"": ""mlb-official-batting-v1""}, {""explanation"": ""Each hit contributes at least one TB; HRR includes nonnegative hits"", ""proven"": true, ""rule_version"": ""mlb-official-batting-v1""}]",6863,1371,2742,1371,0,0.19976686580212735,0.3995337316042547,0.19976686580212735,1.0,0.5,2.5029175784099196,2.5029175784099196,0.1904766321191096,0.20939301323196607,0.3880049429454243,0.41117492624630914,0.1904766321191096,0.20939301323196607,0.9972058895983621,1.0,0.4812983309930046,0.5187016690069953,0.0,0.0,0.0005594215104179578,0.0,1.0
11687ef8fa426fd377e63d781303be0433be97d7d9c7159281bc181ab9f23262,mlb,hits>=2,total_bases>=1 & total_bases>=2,2,EXACT_IMPLICATION,2,"[{""explanation"": ""Each hit contributes at least one TB; HRR includes nonnegative hits"", ""proven"": true, ""rule_version"": ""mlb-official-batting-v1""}, {""explanation"": ""Each hit contributes at least one TB; HRR includes nonnegative hits"", ""proven"": true, ""rule_version"": ""mlb-official-batting-v1""}]",6863,1371,2181,1371,0,0.19976686580212735,0.3177910534751566,0.19976686580212735,1.0,0.6286107290233838,3.146721687299404,3.146721687299404,0.1904766321191096,0.20939301323196607,0.3068796786974051,0.3289062914610614,0.1904766321191096,0.20939301323196607,0.9972058895983621,1.0,0.6081231410030822,0.6486460619681985,0.0,0.0,0.0005594215104179578,0.0,1.0
5129d608a7d2f4c1c343d6963935a401c4ea76f4edf106c3c422674741e5b339,mlb,hits>=2,hits>=1 & hits_plus_runs_plus_RBI>=2 & total_bases>=1,3,EXACT_IMPLICATION,3,"[{""explanation"": ""Threshold monotonicity"", ""proven"": true, ""rule_version"": ""mlb-official-batting-v1""}, {""explanation"": ""Each hit contributes at least one TB; HRR includes nonnegative hits"", ""proven"": true, ""rule_version"": ""mlb-official-batting-v1""}, {""explanation"": ""Each hit contributes at least one TB; HRR includes nonnegative hits"", ""proven"": true, ""rule_version"": ""mlb-official-batting-v1""}]",6863,1371,2742,1371,0,0.19976686580212735,0.3995337316042547,0.19976686580212735,1.0,0.5,2.5029175784099196,2.5029175784099196,0.1904766321191096,0.20939301323196607,0.3880049429454243,0.41117492624630914,0.1904766321191096,0.20939301323196607,0.9972058895983621,1.0,0.4812983309930046,0.5187016690069953,0.0,0.0,0.0005594215104179578,0.0,1.0
537c7c6799ddb16eafa50b25857d2d5fd796c3fe8eac9f97305e97d52d2f8993,mlb,hits>=2,hits_plus_runs_plus_RBI>=1 & total_bases>=1 & total_bases>=2,3,EXACT_IMPLICATION,3,"[{""explanation"": ""Each hit contributes at least one TB; HRR includes nonnegative hits"", ""proven"": true, ""rule_version"": ""mlb-official-batting-v1""}, {""explanation"": ""Each hit contributes at least one TB; HRR includes nonnegative hits"", ""proven"": true, ""rule_version"": ""mlb-official-batting-v1""}, {""explanation"": ""Each hit contributes at least one TB; HRR includes nonnegative hits"", ""proven"": true, ""rule_version"": ""mlb-official-batting-v1""}]",6863,1371,2181,1371,0,0.19976686580212735,0.3177910534751566,0.19976686580212735,1.0,0.6286107290233838,3.146721687299404,3.146721687299404,0.1904766321191096,0.20939301323196607,0.3068796786974051,0.3289062914610614,0.1904766321191096,0.20939301323196607,0.9972058895983621,1.0,0.6081231410030822,0.6486460619681985,0.0,0.0,0.0005594215104179578,0.0,1.0
64d4b8b1d70ce298c28cdb6c06e1a2b782efbf2c7f1fa74b09b53b3595612e2b,mlb,hits>=2,hits>=1 & total_bases>=2,2,EXACT_IMPLICATION,2,"[{""explanation"": ""Threshold monotonicity"", ""proven"": true, ""rule_version"": ""mlb-official-batting-v1""}, {""explanation"": ""Each hit contributes at least one TB; HRR includes nonnegative hits"", ""proven"": true, ""rule_version"": ""mlb-official-batting-v1""}]",6863,1371,2181,1371,0,0.19976686580212735,0.3177910534751566,0.19976686580212735,1.0,0.6286107290233838,3.146721687299404,3.146721687299404,0.1904766321191096,0.20939301323196607,0.3068796786974051,0.3289062914610614,0.1904766321191096,0.20939301323196607,0.9972058895983621,1.0,0.6081231410030822,0.6486460619681985,0.0,0.0,0.0005594215104179578,0.0,1.0
71668d7574ef3139e50b7dc756ea1ff0a67e0a8fade4c18de3aec30948615eff,mlb,hits>=2,hits>=1 & hits_plus_runs_plus_RBI>=2 & total_bases>=2,3,EXACT_IMPLICATION,3,"[{""explanation"": ""Threshold monotonicity"", ""proven"": true, ""rule_version"": ""mlb-official-batting-v1""}, {""explanation"": ""Each hit contributes at least one TB; HRR includes nonnegative hits"", ""proven"": true, ""rule_version"": ""mlb-official-batting-v1""}, {""explanation"": ""Each hit contributes at least one TB; HRR includes nonnegative hits"", ""proven"": true, ""rule_version"": ""mlb-official-batting-v1""}]",6863,1371,2010,1371,0,0.19976686580212735,0.29287483607751713,0.19976686580212735,1.0,0.682089552238806,3.414427860696517,3.4144278606965175,0.1904766321191096,0.20939301323196607,0.28222645280215375,0.30375495989697465,0.1904766321191096,0.20939301323196607,0.9972058895983621,1.0,0.6614012310932302,0.7020831915726231,0.0,0.0,0.0005594215104179578,0.0,1.0
7377a584c44a14d6fd90db1530bcf83a8e5425312eb76a431d1b651d383b7322,mlb,hits>=2,hits>=1 & hits_plus_runs_plus_RBI>=1 & total_bases>=2,3,EXACT_IMPLICATION,3,"[{""explanation"": ""Threshold monotonicity"", ""proven"": true, ""rule_version"": ""mlb-official-batting-v1""}, {""explanation"": ""Each hit contributes at least one TB; HRR includes nonnegative hits"", ""proven"": true, ""rule_version"": ""mlb-official-batting-v1""}, {""explanation"": ""Each hit contributes at least one TB; HRR includes nonnegative hits"", ""proven"": true, ""rule_version"": ""mlb-official-batting-v1""}]",6863,1371,2181,1371,0,0.19976686580212735,0.3177910534751566,0.19976686580212735,1.0,0.6286107290233838,3.146721687299404,3.146721687299404,0.1904766321191096,0.20939301323196607,0.3068796786974051,0.3289062914610614,0.1904766321191096,0.20939301323196607,0.9972058895983621,1.0,0.6081231410030822,0.6486460619681985,0.0,0.0,0.0005594215104179578,0.0,1.0
849afbdb9a82903cd9b7d37cf2bb9d483456847a53ada3d5cd966a9aaa102677,mlb,hits>=2,hits>=1 & hits_plus_runs_plus_RBI>=1 & hits_plus_runs_plus_RBI>=2,3,EXACT_IMPLICATION,3,"[{""explanation"": ""Threshold monotonicity"", ""proven"": true, ""rule_version"": ""mlb-official-batting-v1""}, {""explanation"": ""Each hit contributes at least one TB; HRR includes nonnegative hits"", ""proven"": true, ""rule_version"": ""mlb-official-batting-v1""}, {""explanation"": ""Each hit contributes at least one TB; HRR includes nonnegative hits"", ""proven"": true, ""rule_version"": ""mlb-official-batting-v1""}]",6863,1371,2742,1371,0,0.19976686580212735,0.3995337316042547,0.19976686580212735,1.0,0.5,2.5029175784099196,2.5029175784099196,0.1904766321191096,0.20939301323196607,0.3880049429454243,0.41117492624630914,0.1904766321191096,0.20939301323196607,0.9972058895983621,1.0,0.4812983309930046,0.5187016690069953,0.0,0.0,0.0005594215104179578,0.0,1.0
85a7506061c8625bc6d9a4c446d575919608a80e42d43a6a29dc2eb7598fdddd,mlb,hits>=2,hits_plus_runs_plus_RBI>=1 & total_bases>=1,2,EXACT_IMPLICATION,2,"[{""explanation"": ""Each hit contributes at least one TB; HRR includes nonnegative hits"", ""proven"": true, ""rule_version"": ""mlb-official-batting-v1""}, {""explanation"": ""Each hit contributes at least one TB; HRR includes nonnegative hits"", ""proven"": true, ""rule_version"": ""mlb-official-batting-v1""}]",6863,1371,3819,1371,0,0.19976686580212735,0.5564621885472826,0.19976686580212735,1.0,0.35899450117831894,1.79706729510343,1.79706729510343,0.1904766321191096,0.20939301323196607,0.5446801576520175,0.5681810471169504,0.1904766321191096,0.20939301323196607,0.9972058895983621,1.0,0.34392901726252334,0.37434336949446156,0.0,0.0,0.0005594215104179578,0.0,1.0
885775d3de0454a67a2438e5bfffdced96ab887514af8fee2c15f5277cd84195,mlb,hits>=2,hits_plus_runs_plus_RBI>=1 & total_bases>=2,2,EXACT_IMPLICATION,2,"[{""explanation"": ""Each hit contributes at least one TB; HRR includes nonnegative hits"", ""proven"": true, ""rule_version"": ""mlb-official-batting-v1""}, {""explanation"": ""Each hit contributes at least one TB; HRR includes nonnegative hits"", ""proven"": true, ""rule_version"": ""mlb-official-batting-v1""}]",6863,1371,2181,1371,0,0.19976686580212735,0.3177910534751566,0.19976686580212735,1.0,0.6286107290233838,3.146721687299404,3.146721687299404,0.1904766321191096,0.20939301323196607,0.3068796786974051,0.3289062914610614,0.1904766321191096,0.20939301323196607,0.9972058895983621,1.0,0.6081231410030822,0.6486460619681985,0.0,0.0,0.0005594215104179578,0.0,1.0
9ef1e68768c1a889352898732624f326648dc95be4a67445a73b281b787e2c40,mlb,hits>=2,hits_plus_runs_plus_RBI>=2 & total_bases>=1 & total_bases>=2,3,EXACT_IMPLICATION,3,"[{""explanation"": ""Each hit contributes at least one TB; HRR includes nonnegative hits"", ""proven"": true, ""rule_version"": ""mlb-official-batting-v1""}, {""explanation"": ""Each hit contributes at least one TB; HRR includes nonnegative hits"", ""proven"": true, ""rule_version"": ""mlb-official-batting-v1""}, {""explanation"": ""Each hit contributes at least one TB; HRR includes nonnegative hits"", ""proven"": true, ""rule_version"": ""mlb-official-batting-v1""}]",6863,1371,2010,1371,0,0.19976686580212735,0.29287483607751713,0.19976686580212735,1.0,0.682089552238806,3.414427860696517,3.4144278606965175,0.1904766321191096,0.20939301323196607,0.28222645280215375,0.30375495989697465,0.1904766321191096,0.20939301323196607,0.9972058895983621,1.0,0.6614012310932302,0.7020831915726231,0.0,0.0,0.0005594215104179578,0.0,1.0
a645671d4fd01051af672b17e6069240598d1c5c3a8f841a27b932f10e4777e4,mlb,hits>=2,hits_plus_runs_plus_RBI>=1,1,EXACT_IMPLICATION,1,"[{""explanation"": ""Each hit contributes at least one TB; HRR includes nonnegative hits"", ""proven"": true, ""rule_version"": ""mlb-official-batting-v1""}]",6863,1371,4254,1371,0,0.19976686580212735,0.6198455485939094,0.19976686580212735,1.0,0.3222849083215797,1.6133051245886223,1.6133051245886225,0.1904766321191096,0.20939301323196607,0.6082970007577593,0.631260008074437,0.1904766321191096,0.20939301323196607,0.9972058895983621,1.0,0.3084065978395247,0.3364838907746797,0.0,0.0,0.0005594215104179578,0.0,1.0
b08db1b909f36ec084dd3c4df09db997ae99154f47b9f7bd2a3cd7546671c5ed,mlb,hits>=2,hits>=1 & hits_plus_runs_plus_RBI>=1 & total_bases>=1,3,EXACT_IMPLICATION,3,"[{""explanation"": ""Threshold monotonicity"", ""proven"": true, ""rule_version"": ""mlb-official-batting-v1""}, {""explanation"": ""Each hit contributes at least one TB; HRR includes nonnegative hits"", ""proven"": true, ""rule_version"": ""mlb-official-batting-v1""}, {""explanation"": ""Each hit contributes at least one TB; HRR includes nonnegative hits"", ""proven"": true, ""rule_version"": ""mlb-official-batting-v1""}]",6863,1371,3819,1371,0,0.19976686580212735,0.5564621885472826,0.19976686580212735,1.0,0.35899450117831894,1.79706729510343,1.79706729510343,0.1904766321191096,0.20939301323196607,0.5446801576520175,0.5681810471169504,0.1904766321191096,0.20939301323196607,0.9972058895983621,1.0,0.34392901726252334,0.37434336949446156,0.0,0.0,0.0005594215104179578,0.0,1.0
b28787a28c8f4ef7c4416b5aa1620553d4c4cece62f766bee7dec683a7711b36,mlb,hits>=2,total_bases>=1,1,EXACT_IMPLICATION,1,"[{""explanation"": ""Each hit contributes at least one TB; HRR includes nonnegative hits"", ""proven"": true, ""rule_version"": ""mlb-official-batting-v1""}]",6863,1371,3819,1371,0,0.19976686580212735,0.5564621885472826,0.19976686580212735,1.0,0.35899450117831894,1.79706729510343,1.79706729510343,0.1904766321191096,0.20939301323196607,0.5446801576520175,0.5681810471169504,0.1904766321191096,0.20939301323196607,0.9972058895983621,1.0,0.34392901726252334,0.37434336949446156,0.0,0.0,0.0005594215104179578,0.0,1.0
b48e20e6f717fccba4e240d9e38f6894a9b2cf6e3ea6918242e827f673056f89,mlb,hits>=2,hits>=1 & total_bases>=1,2,EXACT_IMPLICATION,2,"[{""explanation"": ""Threshold monotonicity"", ""proven"": true, ""rule_version"": ""mlb-official-batting-v1""}, {""explanation"": ""Each hit contributes at least one TB; HRR includes nonnegative hits"", ""proven"": true, ""rule_version"": ""mlb-official-batting-v1""}]",6863,1371,3819,1371,0,0.19976686580212735,0.5564621885472826,0.19976686580212735,1.0,0.35899450117831894,1.79706729510343,1.79706729510343,0.1904766321191096,0.20939301323196607,0.5446801576520175,0.5681810471169504,0.1904766321191096,0.20939301323196607,0.9972058895983621,1.0,0.34392901726252334,0.37434336949446156,0.0,0.0,0.0005594215104179578,0.0,1.0
bc00c6d6766a6998dd8d8b30cb57851139674632afb9915910fd1c5823ac9d6a,mlb,hits>=2,hits_plus_runs_plus_RBI>=2 & total_bases>=2,2,EXACT_IMPLICATION,2,"[{""explanation"": ""Each hit contributes at least one TB; HRR includes nonnegative hits"", ""proven"": true, ""rule_version"": ""mlb-official-batting-v1""}, {""explanation"": ""Each hit contributes at least one TB; HRR includes nonnegative hits"", ""proven"": true, ""rule_version"": ""mlb-official-batting-v1""}]",6863,1371,2010,1371,0,0.19976686580212735,0.29287483607751713,0.19976686580212735,1.0,0.682089552238806,3.414427860696517,3.4144278606965175,0.1904766321191096,0.20939301323196607,0.28222645280215375,0.30375495989697465,0.1904766321191096,0.20939301323196607,0.9972058895983621,1.0,0.6614012310932302,0.7020831915726231,0.0,0.0,0.0005594215104179578,0.0,1.0
c6304f90076c93fb7b70238fc37d49210671b174f9d423081cba28e34794755d,mlb,hits>=2,total_bases>=2,1,EXACT_IMPLICATION,1,"[{""explanation"": ""Each hit contributes at least one TB; HRR includes nonnegative hits"", ""proven"": true, ""rule_version"": ""mlb-official-batting-v1""}]",6863,1371,2181,1371,0,0.19976686580212735,0.3177910534751566,0.19976686580212735,1.0,0.6286107290233838,3.146721687299404,3.146721687299404,0.1904766321191096,0.20939301323196607,0.3068796786974051,0.3289062914610614,0.1904766321191096,0.20939301323196607,0.9972058895983621,1.0,0.6081231410030822,0.6486460619681985,0.0,0.0,0.0005594215104179578,0.0,1.0
ce312f2b2fba9e415e864dab323b0c2aa31a6dd6515790fa8ab25771620c3bd9,mlb,hits>=2,hits_plus_runs_plus_RBI>=2 & total_bases>=1,2,EXACT_IMPLICATION,2,"[{""explanation"": ""Each hit contributes at least one TB; HRR includes nonnegative hits"", ""proven"": true, ""rule_version"": ""mlb-official-batting-v1""}, {""explanation"": ""Each hit contributes at least one TB; HRR includes nonnegative hits"", ""proven"": true, ""rule_version"": ""mlb-official-batting-v1""}]",6863,1371,2742,1371,0,0.19976686580212735,0.3995337316042547,0.19976686580212735,1.0,0.5,2.5029175784099196,2.5029175784099196,0.1904766321191096,0.20939301323196607,0.3880049429454243,0.41117492624630914,0.1904766321191096,0.20939301323196607,0.9972058895983621,1.0,0.4812983309930046,0.5187016690069953,0.0,0.0,0.0005594215104179578,0.0,1.0
d1f4817dfd551267d73055776e5901bd805cc6dfece25b7f16fc12b19d3208cd,mlb,hits>=2,hits>=1 & hits_plus_runs_plus_RBI>=1,2,EXACT_IMPLICATION,2,"[{""explanation"": ""Threshold monotonicity"", ""proven"": true, ""rule_version"": ""mlb-official-batting-v1""}, {""explanation"": ""Each hit contributes at least one TB; HRR includes nonnegative hits"", ""proven"": true, ""rule_version"": ""mlb-official-batting-v1""}]",6863,1371,3819,1371,0,0.19976686580212735,0.5564621885472826,0.19976686580212735,1.0,0.35899450117831894,1.79706729510343,1.79706729510343,0.1904766321191096,0.20939301323196607,0.5446801576520175,0.5681810471169504,0.1904766321191096,0.20939301323196607,0.9972058895983621,1.0,0.34392901726252334,0.37434336949446156,0.0,0.0,0.0005594215104179578,0.0,1.0
e0914e6cf579db70fc283d3a40749d72e073ff30b9e9f974440ee6be2ba62ab7,mlb,hits>=2,hits_plus_runs_plus_RBI>=2,1,EXACT_IMPLICATION,1,"[{""explanation"": ""Each hit contributes at least one TB; HRR includes nonnegative hits"", ""proven"": true, ""rule_version"": ""mlb-official-batting-v1""}]",6863,1371,2787,1371,0,0.19976686580212735,0.406090630919423,0.19976686580212735,1.0,0.49192680301399355,2.4625044851094366,2.4625044851094366,0.1904766321191096,0.20939301323196607,0.394527460255928,0.4177588714251049,0.1904766321191096,0.20939301323196607,0.9972058895983621,1.0,0.4733900484538807,0.5104857823075647,0.0,0.0,0.0005594215104179578,0.0,1.0
e4de561d4609ea0a7e836c2d894dbdf6e8fc86f9aba2b0e866b78bed54705e8a,mlb,hits>=2,hits>=1 & total_bases>=1 & total_bases>=2,3,EXACT_IMPLICATION,3,"[{""explanation"": ""Threshold monotonicity"", ""proven"": true, ""rule_version"": ""mlb-official-batting-v1""}, {""explanation"": ""Each hit contributes at least one TB; HRR includes nonnegative hits"", ""proven"": true, ""rule_version"": ""mlb-official-batting-v1""}, {""explanation"": ""Each hit contributes at least one TB; HRR includes nonnegative hits"", ""proven"": true, ""rule_version"": ""mlb-official-batting-v1""}]",6863,1371,2181,1371,0,0.19976686580212735,0.3177910534751566,0.19976686580212735,1.0,0.6286107290233838,3.146721687299404,3.146721687299404,0.1904766321191096,0.20939301323196607,0.3068796786974051,0.3289062914610614,0.1904766321191096,0.20939301323196607,0.9972058895983621,1.0,0.6081231410030822,0.6486460619681985,0.0,0.0,0.0005594215104179578,0.0,1.0
e8a704a55c8a5773faf62ab5534b06e155cdc259a901df465eabe5effeeeb34f,mlb,hits>=2,hits_plus_runs_plus_RBI>=1 & hits_plus_runs_plus_RBI>=2 & total_bases>=2,3,EXACT_IMPLICATION,3,"[{""explanation"": ""Each hit contributes at least one TB; HRR includes nonnegative hits"", ""proven"": true, ""rule_version"": ""mlb-official-batting-v1""}, {""explanation"": ""Each hit contributes at least one TB; HRR includes nonnegative hits"", ""proven"": true, ""rule_version"": ""mlb-official-batting-v1""}, {""explanation"": ""Each hit contributes at least one TB; HRR includes nonnegative hits"", ""proven"": true, ""rule_version"": ""mlb-official-batting-v1""}]",6863,1371,2010,1371,0,0.19976686580212735,0.29287483607751713,0.19976686580212735,1.0,0.682089552238806,3.414427860696517,3.4144278606965175,0.1904766321191096,0.20939301323196607,0.28222645280215375,0.30375495989697465,0.1904766321191096,0.20939301323196607,0.9972058895983621,1.0,0.6614012310932302,0.7020831915726231,0.0,0.0,0.0005594215104179578,0.0,1.0
eb937b336746125533bf25e1b1630199d6a7b886fa0b0e600f6fefe56b7e96d7,mlb,hits>=2,hits_plus_runs_plus_RBI>=1 & hits_plus_runs_plus_RBI>=2,2,EXACT_IMPLICATION,2,"[{""explanation"": ""Each hit contributes at least one TB; HRR includes nonnegative hits"", ""proven"": true, ""rule_version"": ""mlb-official-batting-v1""}, {""explanation"": ""Each hit contributes at least one TB; HRR includes nonnegative hits"", ""proven"": true, ""rule_version"": ""mlb-official-batting-v1""}]",6863,1371,2787,1371,0,0.19976686580212735,0.406090630919423,0.19976686580212735,1.0,0.49192680301399355,2.4625044851094366,2.4625044851094366,0.1904766321191096,0.20939301323196607,0.394527460255928,0.4177588714251049,0.1904766321191096,0.20939301323196607,0.9972058895983621,1.0,0.4733900484538807,0.5104857823075647,0.0,0.0,0.0005594215104179578,0.0,1.0
00590f32e5fcc1549bc3d19b4a044112ffe96a87a573ecfd00f2fc4814cab4b0,mlb,total_bases>=3,hits>=1 & hits_plus_runs_plus_RBI>=1 & total_bases>=1,3,EXACT_IMPLICATION,3,"[{""explanation"": ""At most four TB per hit, so hits >= ceil(TB/4); HRR includes nonnegative hits"", ""proven"": true, ""rule_version"": ""mlb-official-batting-v1""}, {""explanation"": ""At most four TB per hit, so hits >= ceil(TB/4); HRR includes nonnegative hits"", ""proven"": true, ""rule_version"": ""mlb-official-batting-v1""}, {""explanation"": ""Threshold monotonicity"", ""proven"": true, ""rule_version"": ""mlb-official-batting-v1""}]",6863,1215,3819,1215,0,0.17703628150954392,0.5564621885472826,0.17703628150954392,1.0,0.31814611154752553,1.7970672951034299,1.79706729510343,0.16818715677568946,0.18624675194581464,0.5446801576520175,0.5681810471169504,0.16818715677568946,0.18624675194581464,0.9968482703038252,1.0,0.30356338429653074,0.33309431784409327,0.0,0.0,0.0005594215104179578,0.0,1.0
0b06e1159957c2fa5ccc4fead231dfdc113a899fd9a9e679381d8aeac3298c9d,mlb,total_bases>=3,hits>=1 & hits_plus_runs_plus_RBI>=1 & total_bases>=2,3,EXACT_IMPLICATION,3,"[{""explanation"": ""At most four TB per hit, so hits >= ceil(TB/4); HRR includes nonnegative hits"", ""proven"": true, ""rule_version"": ""mlb-official-batting-v1""}, {""explanation"": ""At most four TB per hit, so hits >= ceil(TB/4); HRR includes nonnegative hits"", ""proven"": true, ""rule_version"": ""mlb-official-batting-v1""}, {""explanation"": ""Threshold monotonicity"", ""proven"": true, ""rule_version"": ""mlb-official-batting-v1""}]",6863,1215,2181,1215,0,0.17703628150954392,0.3177910534751566,0.17703628150954392,1.0,0.5570839064649243,3.146721687299404,3.146721687299404,0.16818715677568946,0.18624675194581464,0.3068796786974051,0.3289062914610614,0.16818715677568946,0.18624675194581464,0.9968482703038252,1.0,0.5361547418200798,0.5778123375735902,0.0,0.0,0.0005594215104179578,0.0,1.0
19e3d5e5e123fc3e605592d68378202079bce20b728080672ab4ed295b2cdfbe,mlb,total_bases>=3,hits_plus_runs_plus_RBI>=1 & total_bases>=1,2,EXACT_IMPLICATION,2,"[{""explanation"": ""At most four TB per hit, so hits >= ceil(TB/4); HRR includes nonnegative hits"", ""proven"": true, ""rule_version"": ""mlb-official-batting-v1""}, {""explanation"": ""Threshold monotonicity"", ""proven"": true, ""rule_version"": ""mlb-official-batting-v1""}]",6863,1215,3819,1215,0,0.17703628150954392,0.5564621885472826,0.17703628150954392,1.0,0.31814611154752553,1.7970672951034299,1.79706729510343,0.16818715677568946,0.18624675194581464,0.5446801576520175,0.5681810471169504,0.16818715677568946,0.18624675194581464,0.9968482703038252,1.0,0.30356338429653074,0.33309431784409327,0.0,0.0,0.0005594215104179578,0.0,1.0
1f8ab058115d22f1197f1bc971d9cd9813d42f52ab42e67444fb75e8f717545b,mlb,total_bases>=3,hits>=1 & hits_plus_runs_plus_RBI>=1,2,EXACT_IMPLICATION,2,"[{""explanation"": ""At most four TB per hit, so hits >= ceil(TB/4); HRR includes nonnegative hits"", ""proven"": true, ""rule_version"": ""mlb-official-batting-v1""}, {""explanation"": ""At most four TB per hit, so hits >= ceil(TB/4); HRR includes nonnegative hits"", ""proven"": true, ""rule_version"": ""mlb-official-batting-v1""}]",6863,1215,3819,1215,0,0.17703628150954392,0.5564621885472826,0.17703628150954392,1.0,0.31814611154752553,1.7970672951034299,1.79706729510343,0.16818715677568946,0.18624675194581464,0.5446801576520175,0.5681810471169504,0.16818715677568946,0.18624675194581464,0.9968482703038252,1.0,0.30356338429653074,0.33309431784409327,0.0,0.0,0.0005594215104179578,0.0,1.0
3a29c9953eaf35641ec6e0a004e0478200eb55087b8392ff7fc9ecc3db748c14,mlb,total_bases>=3,hits>=1 & total_bases>=2,2,EXACT_IMPLICATION,2,"[{""explanation"": ""At most four TB per hit, so hits >= ceil(TB/4); HRR includes nonnegative hits"", ""proven"": true, ""rule_version"": ""mlb-official-batting-v1""}, {""explanation"": ""Threshold monotonicity"", ""proven"": true, ""rule_version"": ""mlb-official-batting-v1""}]",6863,1215,2181,1215,0,0.17703628150954392,0.3177910534751566,0.17703628150954392,1.0,0.5570839064649243,3.146721687299404,3.146721687299404,0.16818715677568946,0.18624675194581464,0.3068796786974051,0.3289062914610614,0.16818715677568946,0.18624675194581464,0.9968482703038252,1.0,0.5361547418200798,0.5778123375735902,0.0,0.0,0.0005594215104179578,0.0,1.0
40168b5224138ee64636f0e2f14e38cba6ad71de8bbd448279b6b274df1cd7d5,mlb,total_bases>=3,hits_plus_runs_plus_RBI>=1,1,EXACT_IMPLICATION,1,"[{""explanation"": ""At most four TB per hit, so hits >= ceil(TB/4); HRR includes nonnegative hits"", ""proven"": true, ""rule_version"": ""mlb-official-batting-v1""}]",6863,1215,4254,1215,0,0.17703628150954392,0.6198455485939094,0.17703628150954392,1.0,0.2856135401974612,1.6133051245886225,1.6133051245886225,0.16818715677568946,0.18624675194581464,0.6082970007577593,0.631260008074437,0.16818715677568946,0.18624675194581464,0.9968482703038252,1.0,0.272237785317016,0.299376137455675,0.0,0.0,0.0005594215104179578,0.0,1.0
46b26ea5836770409f9c7434c6533ac1ef019377487cee79464959a7c5cb7bab,mlb,total_bases>=3,hits>=1,1,EXACT_IMPLICATION,1,"[{""explanation"": ""At most four TB per hit, so hits >= ceil(TB/4); HRR includes nonnegative hits"", ""proven"": true, ""rule_version"": ""mlb-official-batting-v1""}]",6863,1215,3819,1215,0,0.17703628150954392,0.5564621885472826,0.17703628150954392,1.0,0.31814611154752553,1.7970672951034299,1.79706729510343,0.16818715677568946,0.18624675194581464,0.5446801576520175,0.5681810471169504,0.16818715677568946,0.18624675194581464,0.9968482703038252,1.0,0.30356338429653074,0.33309431784409327,0.0,0.0,0.0005594215104179578,0.0,1.0
72338c1fcd9e076747f4ea61df041a1c8a470ee7b27f54cfaee6db963bdc8c1a,mlb,total_bases>=3,hits_plus_runs_plus_RBI>=1 & total_bases>=1 & total_bases>=2,3,EXACT_IMPLICATION,3,"[{""explanation"": ""At most four TB per hit, so hits >= ceil(TB/4); HRR includes nonnegative hits"", ""proven"": true, ""rule_version"": ""mlb-official-batting-v1""}, {""explanation"": ""Threshold monotonicity"", ""proven"": true, ""rule_version"": ""mlb-official-batting-v1""}, {""explanation"": ""Threshold monotonicity"", ""proven"": true, ""rule_version"": ""mlb-official-batting-v1""}]",6863,1215,2181,1215,0,0.17703628150954392,0.3177910534751566,0.17703628150954392,1.0,0.5570839064649243,3.146721687299404,3.146721687299404,0.16818715677568946,0.18624675194581464,0.3068796786974051,0.3289062914610614,0.16818715677568946,0.18624675194581464,0.9968482703038252,1.0,0.5361547418200798,0.5778123375735902,0.0,0.0,0.0005594215104179578,0.0,1.0
a375f21fde8e504d088a603f110dc78c06cf62bc5e24a21afaa529b36c10f1b3,mlb,total_bases>=3,hits_plus_runs_plus_RBI>=1 & total_bases>=2,2,EXACT_IMPLICATION,2,"[{""explanation"": ""At most four TB per hit, so hits >= ceil(TB/4); HRR includes nonnegative hits"", ""proven"": true, ""rule_version"": ""mlb-official-batting-v1""}, {""explanation"": ""Threshold monotonicity"", ""proven"": true, ""rule_version"": ""mlb-official-batting-v1""}]",6863,1215,2181,1215,0,0.17703628150954392,0.3177910534751566,0.17703628150954392,1.0,0.5570839064649243,3.146721687299404,3.146721687299404,0.16818715677568946,0.18624675194581464,0.3068796786974051,0.3289062914610614,0.16818715677568946,0.18624675194581464,0.9968482703038252,1.0,0.5361547418200798,0.5778123375735902,0.0,0.0,0.0005594215104179578,0.0,1.0
c2f263c08abc722125eabee961b144ee4042ed67443d905a0a38840eaf7275bc,mlb,total_bases>=3,total_bases>=2,1,EXACT_IMPLICATION,1,"[{""explanation"": ""Threshold monotonicity"", ""proven"": true, ""rule_version"": ""mlb-official-batting-v1""}]",6863,1215,2181,1215,0,0.17703628150954392,0.3177910534751566,0.17703628150954392,1.0,0.5570839064649243,3.146721687299404,3.146721687299404,0.16818715677568946,0.18624675194581464,0.3068796786974051,0.3289062914610614,0.16818715677568946,0.18624675194581464,0.9968482703038252,1.0,0.5361547418200798,0.5778123375735902,0.0,0.0,0.0005594215104179578,0.0,1.0
c6f604d22505193c7881668f9990a0c7fe206eba4d21a69d5cfe3ddd1f2ef049,mlb,total_bases>=3,total_bases>=1,1,EXACT_IMPLICATION,1,"[{""explanation"": ""Threshold monotonicity"", ""proven"": true, ""rule_version"": ""mlb-official-batting-v1""}]",6863,1215,3819,1215,0,0.17703628150954392,0.5564621885472826,0.17703628150954392,1.0,0.31814611154752553,1.7970672951034299,1.79706729510343,0.16818715677568946,0.18624675194581464,0.5446801576520175,0.5681810471169504,0.16818715677568946,0.18624675194581464,0.9968482703038252,1.0,0.30356338429653074,0.33309431784409327,0.0,0.0,0.0005594215104179578,0.0,1.0
cce167c7573368405977d861aa696fd365a38f0d2a955a7cc31eff0e18d97548,mlb,total_bases>=3,total_bases>=1 & total_bases>=2,2,EXACT_IMPLICATION,2,"[{""explanation"": ""Threshold monotonicity"", ""proven"": true, ""rule_version"": ""mlb-official-batting-v1""}, {""explanation"": ""Threshold monotonicity"", ""proven"": true, ""rule_version"": ""mlb-official-batting-v1""}]",6863,1215,2181,1215,0,0.17703628150954392,0.3177910534751566,0.17703628150954392,1.0,0.5570839064649243,3.146721687299404,3.146721687299404,0.16818715677568946,0.18624675194581464,0.3068796786974051,0.3289062914610614,0.16818715677568946,0.18624675194581464,0.9968482703038252,1.0,0.5361547418200798,0.5778123375735902,0.0,0.0,0.0005594215104179578,0.0,1.0
d038f6a786904ba4d8755a8fb85fe5b617412c970579f65171d34f8df1446cb1,mlb,total_bases>=3,hits>=1 & total_bases>=1 & total_bases>=2,3,EXACT_IMPLICATION,3,"[{""explanation"": ""At most four TB per hit, so hits >= ceil(TB/4); HRR includes nonnegative hits"", ""proven"": true, ""rule_version"": ""mlb-official-batting-v1""}, {""explanation"": ""Threshold monotonicity"", ""proven"": true, ""rule_version"": ""mlb-official-batting-v1""}, {""explanation"": ""Threshold monotonicity"", ""proven"": true, ""rule_version"": ""mlb-official-batting-v1""}]",6863,1215,2181,1215,0,0.17703628150954392,0.3177910534751566,0.17703628150954392,1.0,0.5570839064649243,3.146721687299404,3.146721687299404,0.16818715677568946,0.18624675194581464,0.3068796786974051,0.3289062914610614,0.16818715677568946,0.18624675194581464,0.9968482703038252,1.0,0.5361547418200798,0.5778123375735902,0.0,0.0,0.0005594215104179578,0.0,1.0
e592e8c515328f915d7b95305185a4fe9a3bc178b7e8b5c17b99ac35c166e473,mlb,total_bases>=3,hits>=1 & total_bases>=1,2,EXACT_IMPLICATION,2,"[{""explanation"": ""At most four TB per hit, so hits >= ceil(TB/4); HRR includes nonnegative hits"", ""proven"": true, ""rule_version"": ""mlb-official-batting-v1""}, {""explanation"": ""Threshold monotonicity"", ""proven"": true, ""rule_version"": ""mlb-official-batting-v1""}]",6863,1215,3819,1215,0,0.17703628150954392,0.5564621885472826,0.17703628150954392,1.0,0.31814611154752553,1.7970672951034299,1.79706729510343,0.16818715677568946,0.18624675194581464,0.5446801576520175,0.5681810471169504,0.16818715677568946,0.18624675194581464,0.9968482703038252,1.0,0.30356338429653074,0.33309431784409327,0.0,0.0,0.0005594215104179578,0.0,1.0
2b60f58d77eaee1e8f86cfc5a1d99d7533bd0d04ed28b3d3a09d7d47dc70af15,mlb,hits_plus_runs_plus_RBI>=4,hits_plus_runs_plus_RBI>=1,1,EXACT_IMPLICATION,1,"[{""explanation"": ""Threshold monotonicity"", ""proven"": true, ""rule_version"": ""mlb-official-batting-v1""}]",6863,1017,4254,1017,0,0.14818592452280344,0.6198455485939094,0.14818592452280344,1.0,0.2390691114245416,1.6133051245886223,1.6133051245886225,0.13997721764333465,0.1567882561252517,0.6082970007577593,0.631260008074437,0.13997721764333465,0.1567882561252517,0.9962369682505531,1.0,0.22649122522156856,0.25211782552150924,0.0,0.0,0.0005594215104179578,0.0,1.0
4d00ceddc5376ee4dba551f7dd253aee79fd958df899fc093317336a57929312,mlb,hits_plus_runs_plus_RBI>=4,hits_plus_runs_plus_RBI>=1 & hits_plus_runs_plus_RBI>=3,2,EXACT_IMPLICATION,2,"[{""explanation"": ""Threshold monotonicity"", ""proven"": true, ""rule_version"": ""mlb-official-batting-v1""}, {""explanation"": ""Threshold monotonicity"", ""proven"": true, ""rule_version"": ""mlb-official-batting-v1""}]",6863,1017,1770,1017,0,0.14818592452280344,0.25790470639661955,0.14818592452280344,1.0,0.5745762711864407,3.8774011299435034,3.877401129943503,0.13997721764333465,0.1567882561252517,0.24769190548167133,0.26838837394119314,0.13997721764333465,0.1567882561252517,0.9962369682505531,1.0,0.5514063851814117,0.5974231501117344,0.0,0.0,0.0005594215104179578,0.0,1.0
aab4de0652ca9448712c9401e0d7cee1d46c08649d2bc85e9768b59dfda96d5a,mlb,hits_plus_runs_plus_RBI>=4,hits_plus_runs_plus_RBI>=1 & hits_plus_runs_plus_RBI>=2 & hits_plus_runs_plus_RBI>=3,3,EXACT_IMPLICATION,3,"[{""explanation"": ""Threshold monotonicity"", ""proven"": true, ""rule_version"": ""mlb-official-batting-v1""}, {""explanation"": ""Threshold monotonicity"", ""proven"": true, ""rule_version"": ""mlb-official-batting-v1""}, {""explanation"": ""Threshold monotonicity"", ""proven"": true, ""rule_version"": ""mlb-official-batting-v1""}]",6863,1017,1770,1017,0,0.14818592452280344,0.25790470639661955,0.14818592452280344,1.0,0.5745762711864407,3.8774011299435034,3.877401129943503,0.13997721764333465,0.1567882561252517,0.24769190548167133,0.26838837394119314,0.13997721764333465,0.1567882561252517,0.9962369682505531,1.0,0.5514063851814117,0.5974231501117344,0.0,0.0,0.0005594215104179578,0.0,1.0
d41407f211c3ec858efe3266c1f9389e0dfb4fc8bea36ddd5d1b8a40604cff32,mlb,hits_plus_runs_plus_RBI>=4,hits_plus_runs_plus_RBI>=2,1,EXACT_IMPLICATION,1,"[{""explanation"": ""Threshold monotonicity"", ""proven"": true, ""rule_version"": ""mlb-official-batting-v1""}]",6863,1017,2787,1017,0,0.14818592452280344,0.406090630919423,0.14818592452280344,1.0,0.36490850376749195,2.4625044851094366,2.4625044851094366,0.13997721764333465,0.1567882561252517,0.394527460255928,0.4177588714251049,0.13997721764333465,0.1567882561252517,0.9962369682505531,1.0,0.3472331046530558,0.3829557967551276,0.0,0.0,0.0005594215104179578,0.0,1.0
e3d04f0fbbb182e3bc1005071086d9b53b470cfc7775c30fd79ded33d406f589,mlb,hits_plus_runs_plus_RBI>=4,hits_plus_runs_plus_RBI>=2 & hits_plus_runs_plus_RBI>=3,2,EXACT_IMPLICATION,2,"[{""explanation"": ""Threshold monotonicity"", ""proven"": true, ""rule_version"": ""mlb-official-batting-v1""}, {""explanation"": ""Threshold monotonicity"", ""proven"": true, ""rule_version"": ""mlb-official-batting-v1""}]",6863,1017,1770,1017,0,0.14818592452280344,0.25790470639661955,0.14818592452280344,1.0,0.5745762711864407,3.8774011299435034,3.877401129943503,0.13997721764333465,0.1567882561252517,0.24769190548167133,0.26838837394119314,0.13997721764333465,0.1567882561252517,0.9962369682505531,1.0,0.5514063851814117,0.5974231501117344,0.0,0.0,0.0005594215104179578,0.0,1.0
eb8ea260ee05f8eaebce4e08f91acdf70531d92763e324815138b7c0815f1693,mlb,hits_plus_runs_plus_RBI>=4,hits_plus_runs_plus_RBI>=1 & hits_plus_runs_plus_RBI>=2,2,EXACT_IMPLICATION,2,"[{""explanation"": ""Threshold monotonicity"", ""proven"": true, ""rule_version"": ""mlb-official-batting-v1""}, {""explanation"": ""Threshold monotonicity"", ""proven"": true, ""rule_version"": ""mlb-official-batting-v1""}]",6863,1017,2787,1017,0,0.14818592452280344,0.406090630919423,0.14818592452280344,1.0,0.36490850376749195,2.4625044851094366,2.4625044851094366,0.13997721764333465,0.1567882561252517,0.394527460255928,0.4177588714251049,0.13997721764333465,0.1567882561252517,0.9962369682505531,1.0,0.3472331046530558,0.3829557967551276,0.0,0.0,0.0005594215104179578,0.0,1.0
fdb087ad213594789c9bc2cd62b8093f9efba5cf8db1b5f9ff6a2d3e9acbe2f7,mlb,hits_plus_runs_plus_RBI>=4,hits_plus_runs_plus_RBI>=3,1,EXACT_IMPLICATION,1,"[{""explanation"": ""Threshold monotonicity"", ""proven"": true, ""rule_version"": ""mlb-official-batting-v1""}]",6863,1017,1770,1017,0,0.14818592452280344,0.25790470639661955,0.14818592452280344,1.0,0.5745762711864407,3.8774011299435034,3.877401129943503,0.13997721764333465,0.1567882561252517,0.24769190548167133,0.26838837394119314,0.13997721764333465,0.1567882561252517,0.9962369682505531,1.0,0.5514063851814117,0.5974231501117344,0.0,0.0,0.0005594215104179578,0.0,1.0
06d94bf4f75169c637cce8adab72de07862ae88238c42d00a03bde190783a6ec,mlb,total_bases>=4,hits>=1 & hits_plus_runs_plus_RBI>=1 & total_bases>=3,3,EXACT_IMPLICATION,3,"[{""explanation"": ""At most four TB per hit, so hits >= ceil(TB/4); HRR includes nonnegative hits"", ""proven"": true, ""rule_version"": ""mlb-official-batting-v1""}, {""explanation"": ""At most four TB per hit, so hits >= ceil(TB/4); HRR includes nonnegative hits"", ""proven"": true, ""rule_version"": ""mlb-official-batting-v1""}, {""explanation"": ""Threshold monotonicity"", ""proven"": true, ""rule_version"": ""mlb-official-batting-v1""}]",6863,791,1215,791,0,0.11525571907329156,0.17703628150954392,0.11525571907329156,1.0,0.6510288065843621,5.648559670781894,5.648559670781893,0.10791505722010244,0.12302684938000205,0.16818715677568946,0.18624675194581464,0.10791505722010244,0.12302684938000205,0.9951670125179508,1.0,0.623789602414225,0.6773160068051197,0.0,0.0,0.0005594215104179578,0.0,1.0
0ff538b60ecbb0933a6d7c50cd9d45bcd7d64f81f5d2e0fbcfb4fd661b9ea0b6,mlb,total_bases>=4,hits>=1 & total_bases>=2,2,EXACT_IMPLICATION,2,"[{""explanation"": ""At most four TB per hit, so hits >= ceil(TB/4); HRR includes nonnegative hits"", ""proven"": true, ""rule_version"": ""mlb-official-batting-v1""}, {""explanation"": ""Threshold monotonicity"", ""proven"": true, ""rule_version"": ""mlb-official-batting-v1""}]",6863,791,2181,791,0,0.11525571907329156,0.3177910534751566,0.11525571907329156,1.0,0.3626776707932141,3.146721687299404,3.146721687299404,0.10791505722010244,0.12302684938000205,0.3068796786974051,0.3289062914610614,0.10791505722010244,0.12302684938000205,0.9951670125179508,1.0,0.34275824627992896,0.3830799844156196,0.0,0.0,0.0005594215104179578,0.0,1.0
1070df48517ee3335d428380779e814aeb6e9c79b1e1b737363a02ddfc7e6a65,mlb,total_bases>=4,hits>=1 & total_bases>=1,2,EXACT_IMPLICATION,2,"[{""explanation"": ""At most four TB per hit, so hits >= ceil(TB/4); HRR includes nonnegative hits"", ""proven"": true, ""rule_version"": ""mlb-official-batting-v1""}, {""explanation"": ""Threshold monotonicity"", ""proven"": true, ""rule_version"": ""mlb-official-batting-v1""}]",6863,791,3819,791,0,0.11525571907329156,0.5564621885472826,0.11525571907329156,1.0,0.2071222833202409,1.7970672951034299,1.79706729510343,0.10791505722010244,0.12302684938000205,0.5446801576520175,0.5681810471169504,0.10791505722010244,0.12302684938000205,0.9951670125179508,1.0,0.19456711159190096,0.2202660631298959,0.0,0.0,0.0005594215104179578,0.0,1.0
10f93ec3768e07b844186374fd0b3d610a8bcca799e2448fa2b772bf64da9fe3,mlb,total_bases>=4,total_bases>=1 & total_bases>=2,2,EXACT_IMPLICATION,2,"[{""explanation"": ""Threshold monotonicity"", ""proven"": true, ""rule_version"": ""mlb-official-batting-v1""}, {""explanation"": ""Threshold monotonicity"", ""proven"": true, ""rule_version"": ""mlb-official-batting-v1""}]",6863,791,2181,791,0,0.11525571907329156,0.3177910534751566,0.11525571907329156,1.0,0.3626776707932141,3.146721687299404,3.146721687299404,0.10791505722010244,0.12302684938000205,0.3068796786974051,0.3289062914610614,0.10791505722010244,0.12302684938000205,0.9951670125179508,1.0,0.34275824627992896,0.3830799844156196,0.0,0.0,0.0005594215104179578,0.0,1.0
1173c55a246942ac37a077577b9342a896c1b1595ec21cee7f51954517f999d3,mlb,total_bases>=4,hits>=1 & total_bases>=2 & total_bases>=3,3,EXACT_IMPLICATION,3,"[{""explanation"": ""At most four TB per hit, so hits >= ceil(TB/4); HRR includes nonnegative hits"", ""proven"": true, ""rule_version"": ""mlb-official-batting-v1""}, {""explanation"": ""Threshold monotonicity"", ""proven"": true, ""rule_version"": ""mlb-official-batting-v1""}, {""explanation"": ""Threshold monotonicity"", ""proven"": true, ""rule_version"": ""mlb-official-batting-v1""}]",6863,791,1215,791,0,0.11525571907329156,0.17703628150954392,0.11525571907329156,1.0,0.6510288065843621,5.648559670781894,5.648559670781893,0.10791505722010244,0.12302684938000205,0.16818715677568946,0.18624675194581464,0.10791505722010244,0.12302684938000205,0.9951670125179508,1.0,0.623789602414225,0.6773160068051197,0.0,0.0,0.0005594215104179578,0.0,1.0
17491f43715720574f4b96d9a5263e1662f1caa2d2df3e8b87ecb72313806e24,mlb,total_bases>=4,hits_plus_runs_plus_RBI>=1 & total_bases>=2,2,EXACT_IMPLICATION,2,"[{""explanation"": ""At most four TB per hit, so hits >= ceil(TB/4); HRR includes nonnegative hits"", ""proven"": true, ""rule_version"": ""mlb-official-batting-v1""}, {""explanation"": ""Threshold monotonicity"", ""proven"": true, ""rule_version"": ""mlb-official-batting-v1""}]",6863,791,2181,791,0,0.11525571907329156,0.3177910534751566,0.11525571907329156,1.0,0.3626776707932141,3.146721687299404,3.146721687299404,0.10791505722010244,0.12302684938000205,0.3068796786974051,0.3289062914610614,0.10791505722010244,0.12302684938000205,0.9951670125179508,1.0,0.34275824627992896,0.3830799844156196,0.0,0.0,0.0005594215104179578,0.0,1.0
19d819e4d2548ff9792fd8643b24d755951cee96a61e1167e2d9ad64be133e28,mlb,total_bases>=4,hits>=1 & total_bases>=1 & total_bases>=2,3,EXACT_IMPLICATION,3,"[{""explanation"": ""At most four TB per hit, so hits >= ceil(TB/4); HRR includes nonnegative hits"", ""proven"": true, ""rule_version"": ""mlb-official-batting-v1""}, {""explanation"": ""Threshold monotonicity"", ""proven"": true, ""rule_version"": ""mlb-official-batting-v1""}, {""explanation"": ""Threshold monotonicity"", ""proven"": true, ""rule_version"": ""mlb-official-batting-v1""}]",6863,791,2181,791,0,0.11525571907329156,0.3177910534751566,0.11525571907329156,1.0,0.3626776707932141,3.146721687299404,3.146721687299404,0.10791505722010244,0.12302684938000205,0.3068796786974051,0.3289062914610614,0.10791505722010244,0.12302684938000205,0.9951670125179508,1.0,0.34275824627992896,0.3830799844156196,0.0,0.0,0.0005594215104179578,0.0,1.0
28fb4aa03ae6c18eaf680d0d0039dbbdfe6ab26b6c6df34be3fd6141ee77f4c9,mlb,total_bases>=4,hits_plus_runs_plus_RBI>=1 & total_bases>=3,2,EXACT_IMPLICATION,2,"[{""explanation"": ""At most four TB per hit, so hits >= ceil(TB/4); HRR includes nonnegative hits"", ""proven"": true, ""rule_version"": ""mlb-official-batting-v1""}, {""explanation"": ""Threshold monotonicity"", ""proven"": true, ""rule_version"": ""mlb-official-batting-v1""}]",6863,791,1215,791,0,0.11525571907329156,0.17703628150954392,0.11525571907329156,1.0,0.6510288065843621,5.648559670781894,5.648559670781893,0.10791505722010244,0.12302684938000205,0.16818715677568946,0.18624675194581464,0.10791505722010244,0.12302684938000205,0.9951670125179508,1.0,0.623789602414225,0.6773160068051197,0.0,0.0,0.0005594215104179578,0.0,1.0
379ba6b13ba70c21358c993b5931fd8df69ce08d19f8adf0611fce550d6c87fc,mlb,total_bases>=4,hits_plus_runs_plus_RBI>=1,1,EXACT_IMPLICATION,1,"[{""explanation"": ""At most four TB per hit, so hits >= ceil(TB/4); HRR includes nonnegative hits"", ""proven"": true, ""rule_version"": ""mlb-official-batting-v1""}]",6863,791,4254,791,0,0.11525571907329156,0.6198455485939094,0.11525571907329156,1.0,0.1859426422190879,1.6133051245886225,1.6133051245886225,0.10791505722010244,0.12302684938000205,0.6082970007577593,0.631260008074437,0.10791505722010244,0.12302684938000205,0.9951670125179508,1.0,0.17453643254485393,0.1979155420432109,0.0,0.0,0.0005594215104179578,0.0,1.0
38b35f53df9475a0b6e21ee73cd34b46943e6090b5f8147ee1afa8de8de37042,mlb,total_bases>=4,hits>=1 & hits_plus_runs_plus_RBI>=1 & total_bases>=2,3,EXACT_IMPLICATION,3,"[{""explanation"": ""At most four TB per hit, so hits >= ceil(TB/4); HRR includes nonnegative hits"", ""proven"": true, ""rule_version"": ""mlb-official-batting-v1""}, {""explanation"": ""At most four TB per hit, so hits >= ceil(TB/4); HRR includes nonnegative hits"", ""proven"": true, ""rule_version"": ""mlb-official-batting-v1""}, {""explanation"": ""Threshold monotonicity"", ""proven"": true, ""rule_version"": ""mlb-official-batting-v1""}]",6863,791,2181,791,0,0.11525571907329156,0.3177910534751566,0.11525571907329156,1.0,0.3626776707932141,3.146721687299404,3.146721687299404,0.10791505722010244,0.12302684938000205,0.3068796786974051,0.3289062914610614,0.10791505722010244,0.12302684938000205,0.9951670125179508,1.0,0.34275824627992896,0.3830799844156196,0.0,0.0,0.0005594215104179578,0.0,1.0
4af4d8721a3eb116ea0ce34b8206fbfbd51324703e51af1c414138bd04aa67ae,mlb,total_bases>=4,total_bases>=2,1,EXACT_IMPLICATION,1,"[{""explanation"": ""Threshold monotonicity"", ""proven"": true, ""rule_version"": ""mlb-official-batting-v1""}]",6863,791,2181,791,0,0.11525571907329156,0.3177910534751566,0.11525571907329156,1.0,0.3626776707932141,3.146721687299404,3.146721687299404,0.10791505722010244,0.12302684938000205,0.3068796786974051,0.3289062914610614,0.10791505722010244,0.12302684938000205,0.9951670125179508,1.0,0.34275824627992896,0.3830799844156196,0.0,0.0,0.0005594215104179578,0.0,1.0
5c53efae9d80ea5a12f80b055685727112036ed26b73fe72ce723dca46e13f54,mlb,total_bases>=4,hits_plus_runs_plus_RBI>=1 & total_bases>=1,2,EXACT_IMPLICATION,2,"[{""explanation"": ""At most four TB per hit, so hits >= ceil(TB/4); HRR includes nonnegative hits"", ""proven"": true, ""rule_version"": ""mlb-official-batting-v1""}, {""explanation"": ""Threshold monotonicity"", ""proven"": true, ""rule_version"": ""mlb-official-batting-v1""}]",6863,791,3819,791,0,0.11525571907329156,0.5564621885472826,0.11525571907329156,1.0,0.2071222833202409,1.7970672951034299,1.79706729510343,0.10791505722010244,0.12302684938000205,0.5446801576520175,0.5681810471169504,0.10791505722010244,0.12302684938000205,0.9951670125179508,1.0,0.19456711159190096,0.2202660631298959,0.0,0.0,0.0005594215104179578,0.0,1.0
5d284f3a3a32aca942ef6bb0f52f75fafcd7b0a41cdd1d4fb0f4ef5a41bf07a0,mlb,total_bases>=4,total_bases>=3,1,EXACT_IMPLICATION,1,"[{""explanation"": ""Threshold monotonicity"", ""proven"": true, ""rule_version"": ""mlb-official-batting-v1""}]",6863,791,1215,791,0,0.11525571907329156,0.17703628150954392,0.11525571907329156,1.0,0.6510288065843621,5.648559670781894,5.648559670781893,0.10791505722010244,0.12302684938000205,0.16818715677568946,0.18624675194581464,0.10791505722010244,0.12302684938000205,0.9951670125179508,1.0,0.623789602414225,0.6773160068051197,0.0,0.0,0.0005594215104179578,0.0,1.0
5d96fa3b0699622f859f5b022124eabaa482dbe704763eb35767aa94d2d34834,mlb,total_bases>=4,total_bases>=2 & total_bases>=3,2,EXACT_IMPLICATION,2,"[{""explanation"": ""Threshold monotonicity"", ""proven"": true, ""rule_version"": ""mlb-official-batting-v1""}, {""explanation"": ""Threshold monotonicity"", ""proven"": true, ""rule_version"": ""mlb-official-batting-v1""}]",6863,791,1215,791,0,0.11525571907329156,0.17703628150954392,0.11525571907329156,1.0,0.6510288065843621,5.648559670781894,5.648559670781893,0.10791505722010244,0.12302684938000205,0.16818715677568946,0.18624675194581464,0.10791505722010244,0.12302684938000205,0.9951670125179508,1.0,0.623789602414225,0.6773160068051197,0.0,0.0,0.0005594215104179578,0.0,1.0
6d83c88fde275f1ff8262b13fec881e4d40a958f9600ba7b475ad6ee61e022e3,mlb,total_bases>=4,hits>=1,1,EXACT_IMPLICATION,1,"[{""explanation"": ""At most four TB per hit, so hits >= ceil(TB/4); HRR includes nonnegative hits"", ""proven"": true, ""rule_version"": ""mlb-official-batting-v1""}]",6863,791,3819,791,0,0.11525571907329156,0.5564621885472826,0.11525571907329156,1.0,0.2071222833202409,1.7970672951034299,1.79706729510343,0.10791505722010244,0.12302684938000205,0.5446801576520175,0.5681810471169504,0.10791505722010244,0.12302684938000205,0.9951670125179508,1.0,0.19456711159190096,0.2202660631298959,0.0,0.0,0.0005594215104179578,0.0,1.0
71e0a64775cbd3a8de51486792d6f22bf91c1535a4007febb476e7289e86fe0c,mlb,total_bases>=4,total_bases>=1,1,EXACT_IMPLICATION,1,"[{""explanation"": ""Threshold monotonicity"", ""proven"": true, ""rule_version"": ""mlb-official-batting-v1""}]",6863,791,3819,791,0,0.11525571907329156,0.5564621885472826,0.11525571907329156,1.0,0.2071222833202409,1.7970672951034299,1.79706729510343,0.10791505722010244,0.12302684938000205,0.5446801576520175,0.5681810471169504,0.10791505722010244,0.12302684938000205,0.9951670125179508,1.0,0.19456711159190096,0.2202660631298959,0.0,0.0,0.0005594215104179578,0.0,1.0
8324ce9b60d2368f1b6c39715ca572e5f1c00a08b5197b31a425d67781aa283a,mlb,total_bases>=4,hits_plus_runs_plus_RBI>=1 & total_bases>=1 & total_bases>=2,3,EXACT_IMPLICATION,3,"[{""explanation"": ""At most four TB per hit, so hits >= ceil(TB/4); HRR includes nonnegative hits"", ""proven"": true, ""rule_version"": ""mlb-official-batting-v1""}, {""explanation"": ""Threshold monotonicity"", ""proven"": true, ""rule_version"": ""mlb-official-batting-v1""}, {""explanation"": ""Threshold monotonicity"", ""proven"": true, ""rule_version"": ""mlb-official-batting-v1""}]",6863,791,2181,791,0,0.11525571907329156,0.3177910534751566,0.11525571907329156,1.0,0.3626776707932141,3.146721687299404,3.146721687299404,0.10791505722010244,0.12302684938000205,0.3068796786974051,0.3289062914610614,0.10791505722010244,0.12302684938000205,0.9951670125179508,1.0,0.34275824627992896,0.3830799844156196,0.0,0.0,0.0005594215104179578,0.0,1.0
8e2d54cf4ba54b47f30b9149aab2fde7e4d26fd673b82caa69122ec676ba68c5,mlb,total_bases>=4,hits_plus_runs_plus_RBI>=1 & total_bases>=1 & total_bases>=3,3,EXACT_IMPLICATION,3,"[{""explanation"": ""At most four TB per hit, so hits >= ceil(TB/4); HRR includes nonnegative hits"", ""proven"": true, ""rule_version"": ""mlb-official-batting-v1""}, {""explanation"": ""Threshold monotonicity"", ""proven"": true, ""rule_version"": ""mlb-official-batting-v1""}, {""explanation"": ""Threshold monotonicity"", ""proven"": true, ""rule_version"": ""mlb-official-batting-v1""}]",6863,791,1215,791,0,0.11525571907329156,0.17703628150954392,0.11525571907329156,1.0,0.6510288065843621,5.648559670781894,5.648559670781893,0.10791505722010244,0.12302684938000205,0.16818715677568946,0.18624675194581464,0.10791505722010244,0.12302684938000205,0.9951670125179508,1.0,0.623789602414225,0.6773160068051197,0.0,0.0,0.0005594215104179578,0.0,1.0
964502105660ff053982dd3767b552360f10283833ac84bbaa99fa869e5b17a2,mlb,total_bases>=4,hits>=1 & total_bases>=3,2,EXACT_IMPLICATION,2,"[{""explanation"": ""At most four TB per hit, so hits >= ceil(TB/4); HRR includes nonnegative hits"", ""proven"": true, ""rule_version"": ""mlb-official-batting-v1""}, {""explanation"": ""Threshold monotonicity"", ""proven"": true, ""rule_version"": ""mlb-official-batting-v1""}]",6863,791,1215,791,0,0.11525571907329156,0.17703628150954392,0.11525571907329156,1.0,0.6510288065843621,5.648559670781894,5.648559670781893,0.10791505722010244,0.12302684938000205,0.16818715677568946,0.18624675194581464,0.10791505722010244,0.12302684938000205,0.9951670125179508,1.0,0.623789602414225,0.6773160068051197,0.0,0.0,0.0005594215104179578,0.0,1.0
9c99302164af3d2559ff5c10af32b004a05b15cf2d3571d3f4f538dc07b156fa,mlb,total_bases>=4,total_bases>=1 & total_bases>=3,2,EXACT_IMPLICATION,2,"[{""explanation"": ""Threshold monotonicity"", ""proven"": true, ""rule_version"": ""mlb-official-batting-v1""}, {""explanation"": ""Threshold monotonicity"", ""proven"": true, ""rule_version"": ""mlb-official-batting-v1""}]",6863,791,1215,791,0,0.11525571907329156,0.17703628150954392,0.11525571907329156,1.0,0.6510288065843621,5.648559670781894,5.648559670781893,0.10791505722010244,0.12302684938000205,0.16818715677568946,0.18624675194581464,0.10791505722010244,0.12302684938000205,0.9951670125179508,1.0,0.623789602414225,0.6773160068051197,0.0,0.0,0.0005594215104179578,0.0,1.0
ae199139e9a39d45745e8bb5477d4994ff96a5150419c7203c6e7ac0a3503cb8,mlb,total_bases>=4,hits>=1 & hits_plus_runs_plus_RBI>=1,2,EXACT_IMPLICATION,2,"[{""explanation"": ""At most four TB per hit, so hits >= ceil(TB/4); HRR includes nonnegative hits"", ""proven"": true, ""rule_version"": ""mlb-official-batting-v1""}, {""explanation"": ""At most four TB per hit, so hits >= ceil(TB/4); HRR includes nonnegative hits"", ""proven"": true, ""rule_version"": ""mlb-official-batting-v1""}]",6863,791,3819,791,0,0.11525571907329156,0.5564621885472826,0.11525571907329156,1.0,0.2071222833202409,1.7970672951034299,1.79706729510343,0.10791505722010244,0.12302684938000205,0.5446801576520175,0.5681810471169504,0.10791505722010244,0.12302684938000205,0.9951670125179508,1.0,0.19456711159190096,0.2202660631298959,0.0,0.0,0.0005594215104179578,0.0,1.0
b306fd041b1935aa0ae9250f58650a302f66de8ef0c6d579e12be8960fb43bd0,mlb,total_bases>=4,hits>=1 & hits_plus_runs_plus_RBI>=1 & total_bases>=1,3,EXACT_IMPLICATION,3,"[{""explanation"": ""At most four TB per hit, so hits >= ceil(TB/4); HRR includes nonnegative hits"", ""proven"": true, ""rule_version"": ""mlb-official-batting-v1""}, {""explanation"": ""At most four TB per hit, so hits >= ceil(TB/4); HRR includes nonnegative hits"", ""proven"": true, ""rule_version"": ""mlb-official-batting-v1""}, {""explanation"": ""Threshold monotonicity"", ""proven"": true, ""rule_version"": ""mlb-official-batting-v1""}]",6863,791,3819,791,0,0.11525571907329156,0.5564621885472826,0.11525571907329156,1.0,0.2071222833202409,1.7970672951034299,1.79706729510343,0.10791505722010244,0.12302684938000205,0.5446801576520175,0.5681810471169504,0.10791505722010244,0.12302684938000205,0.9951670125179508,1.0,0.19456711159190096,0.2202660631298959,0.0,0.0,0.0005594215104179578,0.0,1.0
c0b2d07dbf413b1f3924e8f5005d4649af962a8602d5b90e3805c1db2d1b36e7,mlb,total_bases>=4,hits_plus_runs_plus_RBI>=1 & total_bases>=2 & total_bases>=3,3,EXACT_IMPLICATION,3,"[{""explanation"": ""At most four TB per hit, so hits >= ceil(TB/4); HRR includes nonnegative hits"", ""proven"": true, ""rule_version"": ""mlb-official-batting-v1""}, {""explanation"": ""Threshold monotonicity"", ""proven"": true, ""rule_version"": ""mlb-official-batting-v1""}, {""explanation"": ""Threshold monotonicity"", ""proven"": true, ""rule_version"": ""mlb-official-batting-v1""}]",6863,791,1215,791,0,0.11525571907329156,0.17703628150954392,0.11525571907329156,1.0,0.6510288065843621,5.648559670781894,5.648559670781893,0.10791505722010244,0.12302684938000205,0.16818715677568946,0.18624675194581464,0.10791505722010244,0.12302684938000205,0.9951670125179508,1.0,0.623789602414225,0.6773160068051197,0.0,0.0,0.0005594215104179578,0.0,1.0
e6474c5675e102f2bce56bae1082b41651a25daeaecfd0f448662b2e490cb712,mlb,total_bases>=4,total_bases>=1 & total_bases>=2 & total_bases>=3,3,EXACT_IMPLICATION,3,"[{""explanation"": ""Threshold monotonicity"", ""proven"": true, ""rule_version"": ""mlb-official-batting-v1""}, {""explanation"": ""Threshold monotonicity"", ""proven"": true, ""rule_version"": ""mlb-official-batting-v1""}, {""explanation"": ""Threshold monotonicity"", ""proven"": true, ""rule_version"": ""mlb-official-batting-v1""}]",6863,791,1215,791,0,0.11525571907329156,0.17703628150954392,0.11525571907329156,1.0,0.6510288065843621,5.648559670781894,5.648559670781893,0.10791505722010244,0.12302684938000205,0.16818715677568946,0.18624675194581464,0.10791505722010244,0.12302684938000205,0.9951670125179508,1.0,0.623789602414225,0.6773160068051197,0.0,0.0,0.0005594215104179578,0.0,1.0
e65b6f8be0b426a46883f130285a5bf9b72ef425e2a7078cd1f7cf6646d87dd7,mlb,total_bases>=4,hits>=1 & total_bases>=1 & total_bases>=3,3,EXACT_IMPLICATION,3,"[{""explanation"": ""At most four TB per hit, so hits >= ceil(TB/4); HRR includes nonnegative hits"", ""proven"": true, ""rule_version"": ""mlb-official-batting-v1""}, {""explanation"": ""Threshold monotonicity"", ""proven"": true, ""rule_version"": ""mlb-official-batting-v1""}, {""explanation"": ""Threshold monotonicity"", ""proven"": true, ""rule_version"": ""mlb-official-batting-v1""}]",6863,791,1215,791,0,0.11525571907329156,0.17703628150954392,0.11525571907329156,1.0,0.6510288065843621,5.648559670781894,5.648559670781893,0.10791505722010244,0.12302684938000205,0.16818715677568946,0.18624675194581464,0.10791505722010244,0.12302684938000205,0.9951670125179508,1.0,0.623789602414225,0.6773160068051197,0.0,0.0,0.0005594215104179578,0.0,1.0
1b236cfcaad0c1ec0ac9f78c1e5ccd165166ece72aafae2ebc8e89fd045557e9,mlb,RBI>=2,RBI>=1 & hits_plus_runs_plus_RBI>=2,2,EXACT_IMPLICATION,2,"[{""explanation"": ""Threshold monotonicity"", ""proven"": true, ""rule_version"": ""mlb-official-batting-v1""}, {""explanation"": ""HRR includes nonnegative RBI"", ""proven"": true, ""rule_version"": ""mlb-official-batting-v1""}]",6863,593,1634,593,0,0.08640536208655107,0.23808829957744426,0.08640536208655107,1.0,0.3629130966952264,4.200122399020808,4.200122399020808,0.07998737687584612,0.09328609477134064,0.22816000870402398,0.24830962852895755,0.07998737687584612,0.09328609477134064,0.9935636863627325,1.0,0.33994544495516243,0.3865238066398141,0.0,0.0,0.0005594215104179578,0.0,1.0
4d96028aacbd77e16d249d6d3a5748d39c037d3181992969dcbd950c5cba243c,mlb,RBI>=2,hits_plus_runs_plus_RBI>=2,1,EXACT_IMPLICATION,1,"[{""explanation"": ""HRR includes nonnegative RBI"", ""proven"": true, ""rule_version"": ""mlb-official-batting-v1""}]",6863,593,2787,593,0,0.08640536208655107,0.406090630919423,0.08640536208655107,1.0,0.2127735916756369,2.4625044851094366,2.4625044851094366,0.07998737687584612,0.09328609477134064,0.394527460255928,0.4177588714251049,0.07998737687584612,0.09328609477134064,0.9935636863627325,1.0,0.1979796939153575,0.22835819606406002,0.0,0.0,0.0005594215104179578,0.0,1.0
5ea09c9755354ff8d7f8f858fc5883a3f02346f16113a6214ca40c88cc914d3b,mlb,RBI>=2,RBI>=1 & hits_plus_runs_plus_RBI>=1 & hits_plus_runs_plus_RBI>=2,3,EXACT_IMPLICATION,3,"[{""explanation"": ""Threshold monotonicity"", ""proven"": true, ""rule_version"": ""mlb-official-batting-v1""}, {""explanation"": ""HRR includes nonnegative RBI"", ""proven"": true, ""rule_version"": ""mlb-official-batting-v1""}, {""explanation"": ""HRR includes nonnegative RBI"", ""proven"": true, ""rule_version"": ""mlb-official-batting-v1""}]",6863,593,1634,593,0,0.08640536208655107,0.23808829957744426,0.08640536208655107,1.0,0.3629130966952264,4.200122399020808,4.200122399020808,0.07998737687584612,0.09328609477134064,0.22816000870402398,0.24830962852895755,0.07998737687584612,0.09328609477134064,0.9935636863627325,1.0,0.33994544495516243,0.3865238066398141,0.0,0.0,0.0005594215104179578,0.0,1.0
82f7aeea4d098094218d55fa6c9a62eb25109f5afa0e00c1da8656e07cf401c3,mlb,RBI>=2,hits_plus_runs_plus_RBI>=1 & hits_plus_runs_plus_RBI>=2,2,EXACT_IMPLICATION,2,"[{""explanation"": ""HRR includes nonnegative RBI"", ""proven"": true, ""rule_version"": ""mlb-official-batting-v1""}, {""explanation"": ""HRR includes nonnegative RBI"", ""proven"": true, ""rule_version"": ""mlb-official-batting-v1""}]",6863,593,2787,593,0,0.08640536208655107,0.406090630919423,0.08640536208655107,1.0,0.2127735916756369,2.4625044851094366,2.4625044851094366,0.07998737687584612,0.09328609477134064,0.394527460255928,0.4177588714251049,0.07998737687584612,0.09328609477134064,0.9935636863627325,1.0,0.1979796939153575,0.22835819606406002,0.0,0.0,0.0005594215104179578,0.0,1.0
bc9178a7be836aebe67c66ce4efd45ac8b444851450f1909d487868ac0cdf533,mlb,RBI>=2,hits_plus_runs_plus_RBI>=1,1,EXACT_IMPLICATION,1,"[{""explanation"": ""HRR includes nonnegative RBI"", ""proven"": true, ""rule_version"": ""mlb-official-batting-v1""}]",6863,593,4254,593,0,0.08640536208655107,0.6198455485939094,0.08640536208655107,1.0,0.13939821344616832,1.6133051245886225,1.6133051245886225,0.07998737687584612,0.09328609477134064,0.6082970007577593,0.631260008074437,0.07998737687584612,0.09328609477134064,0.9935636863627325,1.0,0.1293148793057525,0.15013222325269923,0.0,0.0,0.0005594215104179578,0.0,1.0
e17e705b65b129797d5333c3ec2a0febed88aebfb9e2943198228530f6e719bd,mlb,RBI>=2,RBI>=1 & hits_plus_runs_plus_RBI>=1,2,EXACT_IMPLICATION,2,"[{""explanation"": ""Threshold monotonicity"", ""proven"": true, ""rule_version"": ""mlb-official-batting-v1""}, {""explanation"": ""HRR includes nonnegative RBI"", ""proven"": true, ""rule_version"": ""mlb-official-batting-v1""}]",6863,593,1778,593,0,0.08640536208655107,0.2590703773859828,0.08640536208655107,1.0,0.33352080989876265,3.859955005624297,3.859955005624297,0.07998737687584612,0.09328609477134064,0.24884172496455845,0.26956859223418156,0.07998737687584612,0.09328609477134064,0.9935636863627325,1.0,0.3119856417466936,0.3557738005597992,0.0,0.0,0.0005594215104179578,0.0,1.0
f067e5d514d1a867d2deff98440fb9dfaf8f40323f11e857d4bedb2da70eaca1,mlb,RBI>=2,RBI>=1,1,EXACT_IMPLICATION,1,"[{""explanation"": ""Threshold monotonicity"", ""proven"": true, ""rule_version"": ""mlb-official-batting-v1""}]",6863,593,1778,593,0,0.08640536208655107,0.2590703773859828,0.08640536208655107,1.0,0.33352080989876265,3.859955005624297,3.859955005624297,0.07998737687584612,0.09328609477134064,0.24884172496455845,0.26956859223418156,0.07998737687584612,0.09328609477134064,0.9935636863627325,1.0,0.3119856417466936,0.3557738005597992,0.0,0.0,0.0005594215104179578,0.0,1.0
03cee74999db22abc580944d41cccb5cd8b603c1d1f63e2b9ca3c41c8ca5380c,mlb,home_runs>=1,RBI>=1 & hits>=1 & total_bases>=1,3,EXACT_IMPLICATION,3,"[{""explanation"": ""Each credited HR is a hit; Each credited HR contributes four TB; The credited HR batter scores; The credited HR includes the batter's RBI; HRR includes nonnegative hits; hits_plus_runs_plus_RBI is the sum of hits, runs, RBI"", ""proven"": true, ""rule_version"": ""mlb-official-batting-v1""}, {""explanation"": ""Each credited HR is a hit; Each credited HR contributes four TB; The credited HR batter scores; The credited HR includes the batter's RBI; HRR includes nonnegative hits; hits_plus_runs_plus_RBI is the sum of hits, runs, RBI"", ""proven"": true, ""rule_version"": ""mlb-official-batting-v1""}, {""explanation"": ""Each credited HR is a hit; Each credited HR contributes four TB; The credited HR batter scores; The credited HR includes the batter's RBI; HRR includes nonnegative hits; hits_plus_runs_plus_RBI is the sum of hits, runs, RBI"", ""proven"": true, ""rule_version"": ""mlb-official-batting-v1""}]",6863,564,1608,564,0,0.08217980475010928,0.2342998688620137,0.08217980475010928,1.0,0.35074626865671643,4.268034825870647,4.268034825870647,0.07591356395214373,0.08891352075749447,0.22442931380413114,0.24446770065725518,0.07591356395214373,0.08891352075749447,0.9932349800089056,1.0,0.3278027651530493,0.37440119704606634,0.0,0.0,0.0005594215104179578,0.0,1.0
04ea77b359228e4b030e45bbd00b2f6c98bc3765efe1659b42834614e573204d,mlb,home_runs>=1,hits>=1 & hits_plus_runs_plus_RBI>=1 & hits_plus_runs_plus_RBI>=2,3,EXACT_IMPLICATION,3,"[{""explanation"": ""Each credited HR is a hit; Each credited HR contributes four TB; The credited HR batter scores; The credited HR includes the batter's RBI; HRR includes nonnegative hits; hits_plus_runs_plus_RBI is the sum of hits, runs, RBI"", ""proven"": true, ""rule_version"": ""mlb-official-batting-v1""}, {""explanation"": ""Each credited HR is a hit; Each credited HR contributes four TB; The credited HR batter scores; The credited HR includes the batter's RBI; HRR includes nonnegative hits; hits_plus_runs_plus_RBI is the sum of hits, runs, RBI"", ""proven"": true, ""rule_version"": ""mlb-official-batting-v1""}, {""explanation"": ""Each credited HR is a hit; Each credited HR contributes four TB; The credited HR batter scores; The credited HR includes the batter's RBI; HRR includes nonnegative hits; hits_plus_runs_plus_RBI is the sum of hits, runs, RBI"", ""proven"": true, ""rule_version"": ""mlb-official-batting-v1""}]",6863,564,2742,564,0,0.08217980475010928,0.3995337316042547,0.08217980475010928,1.0,0.20568927789934355,2.5029175784099196,2.5029175784099196,0.07591356395214373,0.08891352075749447,0.3880049429454243,0.41117492624630914,0.07591356395214373,0.08891352075749447,0.9932349800089056,1.0,0.1909768218419708,0.22122522106359682,0.0,0.0,0.0005594215104179578,0.0,1.0
07f06d17d048369955637eed4baadcbbb9694763ccdc2a82aa8a3675c7f28858,mlb,home_runs>=1,runs>=1 & total_bases>=3,2,EXACT_IMPLICATION,2,"[{""explanation"": ""Each credited HR is a hit; Each credited HR contributes four TB; The credited HR batter scores; The credited HR includes the batter's RBI; HRR includes nonnegative hits; hits_plus_runs_plus_RBI is the sum of hits, runs, RBI"", ""proven"": true, ""rule_version"": ""mlb-official-batting-v1""}, {""explanation"": ""Each credited HR is a hit; Each credited HR contributes four TB; The credited HR batter scores; The credited HR includes the batter's RBI; HRR includes nonnegative hits; hits_plus_runs_plus_RBI is the sum of hits, runs, RBI"", ""proven"": true, ""rule_version"": ""mlb-official-batting-v1""}]",6863,564,1007,564,0,0.08217980475010928,0.14672883578609938,0.08217980475010928,1.0,0.5600794438927508,6.815292949354518,6.815292949354518,0.07591356395214373,0.08891352075749447,0.13855518252610943,0.15529774402263258,0.07591356395214373,0.08891352075749447,0.9932349800089056,1.0,0.5292504800098802,0.5904517729439763,0.0,0.0,0.0005594215104179578,0.0,1.0
08f811867b08dfd0f3d34f99845fbc1858c3c596a6e0ddc42213303f1fa9f2c5,mlb,home_runs>=1,RBI>=1 & runs>=1 & total_bases>=3,3,EXACT_IMPLICATION,3,"[{""explanation"": ""Each credited HR is a hit; Each credited HR contributes four TB; The credited HR batter scores; The credited HR includes the batter's RBI; HRR includes nonnegative hits; hits_plus_runs_plus_RBI is the sum of hits, runs, RBI"", ""proven"": true, ""rule_version"": ""mlb-official-batting-v1""}, {""explanation"": ""Each credited HR is a hit; Each credited HR contributes four TB; The credited HR batter scores; The credited HR includes the batter's RBI; HRR includes nonnegative hits; hits_plus_runs_plus_RBI is the sum of hits, runs, RBI"", ""proven"": true, ""rule_version"": ""mlb-official-batting-v1""}, {""explanation"": ""Each credited HR is a hit; Each credited HR contributes four TB; The credited HR batter scores; The credited HR includes the batter's RBI; HRR includes nonnegative hits; hits_plus_runs_plus_RBI is the sum of hits, runs, RBI"", ""proven"": true, ""rule_version"": ""mlb-official-batting-v1""}]",6863,564,791,564,0,0.08217980475010928,0.11525571907329156,0.08217980475010928,1.0,0.7130214917825537,8.676359039190897,8.676359039190897,0.07591356395214373,0.08891352075749447,0.10791505722010244,0.12302684938000205,0.07591356395214373,0.08891352075749447,0.9932349800089056,1.0,0.6805277796698896,0.7434561434888327,0.0,0.0,0.0005594215104179578,0.0,1.0
0cee128c8e8f1a78a77b60eb52a095f2e1a37c4ae7cc01985a19b7df6d99e32c,mlb,home_runs>=1,hits_plus_runs_plus_RBI>=2 & total_bases>=1 & total_bases>=2,3,EXACT_IMPLICATION,3,"[{""explanation"": ""Each credited HR is a hit; Each credited HR contributes four TB; The credited HR batter scores; The credited HR includes the batter's RBI; HRR includes nonnegative hits; hits_plus_runs_plus_RBI is the sum of hits, runs, RBI"", ""proven"": true, ""rule_version"": ""mlb-official-batting-v1""}, {""explanation"": ""Each credited HR is a hit; Each credited HR contributes four TB; The credited HR batter scores; The credited HR includes the batter's RBI; HRR includes nonnegative hits; hits_plus_runs_plus_RBI is the sum of hits, runs, RBI"", ""proven"": true, ""rule_version"": ""mlb-official-batting-v1""}, {""explanation"": ""Each credited HR is a hit; Each credited HR contributes four TB; The credited HR batter scores; The credited HR includes the batter's RBI; HRR includes nonnegative hits; hits_plus_runs_plus_RBI is the sum of hits, runs, RBI"", ""proven"": true, ""rule_version"": ""mlb-official-batting-v1""}]",6863,564,2010,564,0,0.08217980475010928,0.29287483607751713,0.08217980475010928,1.0,0.28059701492537314,3.4144278606965175,3.4144278606965175,0.07591356395214373,0.08891352075749447,0.28222645280215375,0.30375495989697465,0.07591356395214373,0.08891352075749447,0.9932349800089056,1.0,0.2613881740786782,0.3006428904141051,0.0,0.0,0.0005594215104179578,0.0,1.0
0da897106bdc0918833654a86f2d5a5062cd27a8256104f492f45d01a1700569,mlb,home_runs>=1,hits>=1 & hits_plus_runs_plus_RBI>=1 & total_bases>=4,3,EXACT_IMPLICATION,3,"[{""explanation"": ""Each credited HR is a hit; Each credited HR contributes four TB; The credited HR batter scores; The credited HR includes the batter's RBI; HRR includes nonnegative hits; hits_plus_runs_plus_RBI is the sum of hits, runs, RBI"", ""proven"": true, ""rule_version"": ""mlb-official-batting-v1""}, {""explanation"": ""Each credited HR is a hit; Each credited HR contributes four TB; The credited HR batter scores; The credited HR includes the batter's RBI; HRR includes nonnegative hits; hits_plus_runs_plus_RBI is the sum of hits, runs, RBI"", ""proven"": true, ""rule_version"": ""mlb-official-batting-v1""}, {""explanation"": ""Each credited HR is a hit; Each credited HR contributes four TB; The credited HR batter scores; The credited HR includes the batter's RBI; HRR includes nonnegative hits; hits_plus_runs_plus_RBI is the sum of hits, runs, RBI"", ""proven"": true, ""rule_version"": ""mlb-official-batting-v1""}]",6863,564,791,564,0,0.08217980475010928,0.11525571907329156,0.08217980475010928,1.0,0.7130214917825537,8.676359039190897,8.676359039190897,0.07591356395214373,0.08891352075749447,0.10791505722010244,0.12302684938000205,0.07591356395214373,0.08891352075749447,0.9932349800089056,1.0,0.6805277796698896,0.7434561434888327,0.0,0.0,0.0005594215104179578,0.0,1.0
0eb2ab68f80d4110bd20af73e1fb1afc738870ef92b742461eb60f5ad186098d,mlb,home_runs>=1,hits_plus_runs_plus_RBI>=2 & total_bases>=1,2,EXACT_IMPLICATION,2,"[{""explanation"": ""Each credited HR is a hit; Each credited HR contributes four TB; The credited HR batter scores; The credited HR includes the batter's RBI; HRR includes nonnegative hits; hits_plus_runs_plus_RBI is the sum of hits, runs, RBI"", ""proven"": true, ""rule_version"": ""mlb-official-batting-v1""}, {""explanation"": ""Each credited HR is a hit; Each credited HR contributes four TB; The credited HR batter scores; The credited HR includes the batter's RBI; HRR includes nonnegative hits; hits_plus_runs_plus_RBI is the sum of hits, runs, RBI"", ""proven"": true, ""rule_version"": ""mlb-official-batting-v1""}]",6863,564,2742,564,0,0.08217980475010928,0.3995337316042547,0.08217980475010928,1.0,0.20568927789934355,2.5029175784099196,2.5029175784099196,0.07591356395214373,0.08891352075749447,0.3880049429454243,0.41117492624630914,0.07591356395214373,0.08891352075749447,0.9932349800089056,1.0,0.1909768218419708,0.22122522106359682,0.0,0.0,0.0005594215104179578,0.0,1.0
0f3aa541294305c1671f605ddccd3b266c2cff819d36df6663e6d86ef1a6fc51,mlb,home_runs>=1,hits>=1 & total_bases>=4,2,EXACT_IMPLICATION,2,"[{""explanation"": ""Each credited HR is a hit; Each credited HR contributes four TB; The credited HR batter scores; The credited HR includes the batter's RBI; HRR includes nonnegative hits; hits_plus_runs_plus_RBI is the sum of hits, runs, RBI"", ""proven"": true, ""rule_version"": ""mlb-official-batting-v1""}, {""explanation"": ""Each credited HR is a hit; Each credited HR contributes four TB; The credited HR batter scores; The credited HR includes the batter's RBI; HRR includes nonnegative hits; hits_plus_runs_plus_RBI is the sum of hits, runs, RBI"", ""proven"": true, ""rule_version"": ""mlb-official-batting-v1""}]",6863,564,791,564,0,0.08217980475010928,0.11525571907329156,0.08217980475010928,1.0,0.7130214917825537,8.676359039190897,8.676359039190897,0.07591356395214373,0.08891352075749447,0.10791505722010244,0.12302684938000205,0.07591356395214373,0.08891352075749447,0.9932349800089056,1.0,0.6805277796698896,0.7434561434888327,0.0,0.0,0.0005594215104179578,0.0,1.0
12357aaf3579540ca52062e799f4916a0b140de0dbe47ff367a7a52ffe4dee1a,mlb,home_runs>=1,hits>=1 & total_bases>=1 & total_bases>=2,3,EXACT_IMPLICATION,3,"[{""explanation"": ""Each credited HR is a hit; Each credited HR contributes four TB; The credited HR batter scores; The credited HR includes the batter's RBI; HRR includes nonnegative hits; hits_plus_runs_plus_RBI is the sum of hits, runs, RBI"", ""proven"": true, ""rule_version"": ""mlb-official-batting-v1""}, {""explanation"": ""Each credited HR is a hit; Each credited HR contributes four TB; The credited HR batter scores; The credited HR includes the batter's RBI; HRR includes nonnegative hits; hits_plus_runs_plus_RBI is the sum of hits, runs, RBI"", ""proven"": true, ""rule_version"": ""mlb-official-batting-v1""}, {""explanation"": ""Each credited HR is a hit; Each credited HR contributes four TB; The credited HR batter scores; The credited HR includes the batter's RBI; HRR includes nonnegative hits; hits_plus_runs_plus_RBI is the sum of hits, runs, RBI"", ""proven"": true, ""rule_version"": ""mlb-official-batting-v1""}]",6863,564,2181,564,0,0.08217980475010928,0.3177910534751566,0.08217980475010928,1.0,0.2585969738651995,3.146721687299404,3.146721687299404,0.07591356395214373,0.08891352075749447,0.3068796786974051,0.3289062914610614,0.07591356395214373,0.08891352075749447,0.9932349800089056,1.0,0.24065632733296577,0.2773865055925981,0.0,0.0,0.0005594215104179578,0.0,1.0
123caf6eef96a45ba6c8eb0959948b959f74f0734ac821e913a59ed848316b58,mlb,home_runs>=1,hits_plus_runs_plus_RBI>=1 & hits_plus_runs_plus_RBI>=3 & runs>=1,3,EXACT_IMPLICATION,3,"[{""explanation"": ""Each credited HR is a hit; Each credited HR contributes four TB; The credited HR batter scores; The credited HR includes the batter's RBI; HRR includes nonnegative hits; hits_plus_runs_plus_RBI is the sum of hits, runs, RBI"", ""proven"": true, ""rule_version"": ""mlb-official-batting-v1""}, {""explanation"": ""Each credited HR is a hit; Each credited HR contributes four TB; The credited HR batter scores; The credited HR includes the batter's RBI; HRR includes nonnegative hits; hits_plus_runs_plus_RBI is the sum of hits, runs, RBI"", ""proven"": true, ""rule_version"": ""mlb-official-batting-v1""}, {""explanation"": ""Each credited HR is a hit; Each credited HR contributes four TB; The credited HR batter scores; The credited HR includes the batter's RBI; HRR includes nonnegative hits; hits_plus_runs_plus_RBI is the sum of hits, runs, RBI"", ""proven"": true, ""rule_version"": ""mlb-official-batting-v1""}]",6863,564,1477,564,0,0.08217980475010928,0.21521200641119045,0.08217980475010928,1.0,0.3818551117129316,4.646580907244414,4.646580907244414,0.07591356395214373,0.08891352075749447,0.20564973230065467,0.2250929135807709,0.07591356395214373,0.08891352075749447,0.9932349800089056,1.0,0.3574146487685534,0.40690853524201914,0.0,0.0,0.0005594215104179578,0.0,1.0
125fa77d5f1153a46793e3481eca0c8a5fd6b56a60503a5dc3ba146f9a5faca0,mlb,home_runs>=1,hits_plus_runs_plus_RBI>=3 & total_bases>=1 & total_bases>=3,3,EXACT_IMPLICATION,3,"[{""explanation"": ""Each credited HR is a hit; Each credited HR contributes four TB; The credited HR batter scores; The credited HR includes the batter's RBI; HRR includes nonnegative hits; hits_plus_runs_plus_RBI is the sum of hits, runs, RBI"", ""proven"": true, ""rule_version"": ""mlb-official-batting-v1""}, {""explanation"": ""Each credited HR is a hit; Each credited HR contributes four TB; The credited HR batter scores; The credited HR includes the batter's RBI; HRR includes nonnegative hits; hits_plus_runs_plus_RBI is the sum of hits, runs, RBI"", ""proven"": true, ""rule_version"": ""mlb-official-batting-v1""}, {""explanation"": ""Each credited HR is a hit; Each credited HR contributes four TB; The credited HR batter scores; The credited HR includes the batter's RBI; HRR includes nonnegative hits; hits_plus_runs_plus_RBI is the sum of hits, runs, RBI"", ""proven"": true, ""rule_version"": ""mlb-official-batting-v1""}]",6863,564,1135,564,0,0.08217980475010928,0.1653795716159114,0.08217980475010928,1.0,0.49691629955947136,6.046696035242291,6.046696035242291,0.07591356395214373,0.08891352075749447,0.1567774806586179,0.17435605030413154,0.07591356395214373,0.08891352075749447,0.9932349800089056,1.0,0.46788793047288507,0.5259654720830346,0.0,0.0,0.0005594215104179578,0.0,1.0
15c6bee9f6f54ce27f048f058ec271968e2a47608180003f73c776e6a230772d,mlb,home_runs>=1,RBI>=1 & hits_plus_runs_plus_RBI>=2 & total_bases>=1,3,EXACT_IMPLICATION,3,"[{""explanation"": ""Each credited HR is a hit; Each credited HR contributes four TB; The credited HR batter scores; The credited HR includes the batter's RBI; HRR includes nonnegative hits; hits_plus_runs_plus_RBI is the sum of hits, runs, RBI"", ""proven"": true, ""rule_version"": ""mlb-official-batting-v1""}, {""explanation"": ""Each credited HR is a hit; Each credited HR contributes four TB; The credited HR batter scores; The credited HR includes the batter's RBI; HRR includes nonnegative hits; hits_plus_runs_plus_RBI is the sum of hits, runs, RBI"", ""proven"": true, ""rule_version"": ""mlb-official-batting-v1""}, {""explanation"": ""Each credited HR is a hit; Each credited HR contributes four TB; The credited HR batter scores; The credited HR includes the batter's RBI; HRR includes nonnegative hits; hits_plus_runs_plus_RBI is the sum of hits, runs, RBI"", ""proven"": true, ""rule_version"": ""mlb-official-batting-v1""}]",6863,564,1608,564,0,0.08217980475010928,0.2342998688620137,0.08217980475010928,1.0,0.35074626865671643,4.268034825870647,4.268034825870647,0.07591356395214373,0.08891352075749447,0.22442931380413114,0.24446770065725518,0.07591356395214373,0.08891352075749447,0.9932349800089056,1.0,0.3278027651530493,0.37440119704606634,0.0,0.0,0.0005594215104179578,0.0,1.0
17ca4844ff1d8a2cb9174e343a818f405372dc565c98e31cf785d72504a3c890,mlb,home_runs>=1,hits_plus_runs_plus_RBI>=1 & hits_plus_runs_plus_RBI>=2,2,EXACT_IMPLICATION,2,"[{""explanation"": ""Each credited HR is a hit; Each credited HR contributes four TB; The credited HR batter scores; The credited HR includes the batter's RBI; HRR includes nonnegative hits; hits_plus_runs_plus_RBI is the sum of hits, runs, RBI"", ""proven"": true, ""rule_version"": ""mlb-official-batting-v1""}, {""explanation"": ""Each credited HR is a hit; Each credited HR contributes four TB; The credited HR batter scores; The credited HR includes the batter's RBI; HRR includes nonnegative hits; hits_plus_runs_plus_RBI is the sum of hits, runs, RBI"", ""proven"": true, ""rule_version"": ""mlb-official-batting-v1""}]",6863,564,2787,564,0,0.08217980475010928,0.406090630919423,0.08217980475010928,1.0,0.2023681377825619,2.4625044851094366,2.4625044851094366,0.07591356395214373,0.08891352075749447,0.394527460255928,0.4177588714251049,0.07591356395214373,0.08891352075749447,0.9932349800089056,1.0,0.1878664695734981,0.2176891578317822,0.0,0.0,0.0005594215104179578,0.0,1.0
18bffcf97c17ee4decaf1e7b7dce6069ddfbf9ea8fa06bb61c7fa2046dedb26b,mlb,home_runs>=1,RBI>=1,1,EXACT_IMPLICATION,1,"[{""explanation"": ""Each credited HR is a hit; Each credited HR contributes four TB; The credited HR batter scores; The credited HR includes the batter's RBI; HRR includes nonnegative hits; hits_plus_runs_plus_RBI is the sum of hits, runs, RBI"", ""proven"": true, ""rule_version"": ""mlb-official-batting-v1""}]",6863,564,1778,564,0,0.08217980475010928,0.2590703773859828,0.08217980475010928,1.0,0.3172103487064117,3.8599550056242964,3.859955005624297,0.07591356395214373,0.08891352075749447,0.24884172496455845,0.26956859223418156,0.07591356395214373,0.08891352075749447,0.9932349800089056,1.0,0.2959920280458379,0.33921681908122336,0.0,0.0,0.0005594215104179578,0.0,1.0
19fea92c39a4d3c4a1639fc041020298796ebdbd1ef0dfca952257bc36cc20f2,mlb,home_runs>=1,RBI>=1 & hits_plus_runs_plus_RBI>=3 & runs>=1,3,EXACT_IMPLICATION,3,"[{""explanation"": ""Each credited HR is a hit; Each credited HR contributes four TB; The credited HR batter scores; The credited HR includes the batter's RBI; HRR includes nonnegative hits; hits_plus_runs_plus_RBI is the sum of hits, runs, RBI"", ""proven"": true, ""rule_version"": ""mlb-official-batting-v1""}, {""explanation"": ""Each credited HR is a hit; Each credited HR contributes four TB; The credited HR batter scores; The credited HR includes the batter's RBI; HRR includes nonnegative hits; hits_plus_runs_plus_RBI is the sum of hits, runs, RBI"", ""proven"": true, ""rule_version"": ""mlb-official-batting-v1""}, {""explanation"": ""Each credited HR is a hit; Each credited HR contributes four TB; The credited HR batter scores; The credited HR includes the batter's RBI; HRR includes nonnegative hits; hits_plus_runs_plus_RBI is the sum of hits, runs, RBI"", ""proven"": true, ""rule_version"": ""mlb-official-batting-v1""}]",6863,564,1054,564,0,0.08217980475010928,0.15357715284860848,0.08217980475010928,1.0,0.5351043643263758,6.511385199240987,6.511385199240986,0.07591356395214373,0.08891352075749447,0.14524115225488324,0.16230074622712712,0.07591356395214373,0.08891352075749447,0.9932349800089056,1.0,0.5049203665391632,0.5650334052505123,0.0,0.0,0.0005594215104179578,0.0,1.0
1ce11333fdb5a4f6b2a07d935a7e5db7ba00be3c29e9f17ff5be393c5bb3c290,mlb,home_runs>=1,hits>=1 & runs>=1 & total_bases>=3,3,EXACT_IMPLICATION,3,"[{""explanation"": ""Each credited HR is a hit; Each credited HR contributes four TB; The credited HR batter scores; The credited HR includes the batter's RBI; HRR includes nonnegative hits; hits_plus_runs_plus_RBI is the sum of hits, runs, RBI"", ""proven"": true, ""rule_version"": ""mlb-official-batting-v1""}, {""explanation"": ""Each credited HR is a hit; Each credited HR contributes four TB; The credited HR batter scores; The credited HR includes the batter's RBI; HRR includes nonnegative hits; hits_plus_runs_plus_RBI is the sum of hits, runs, RBI"", ""proven"": true, ""rule_version"": ""mlb-official-batting-v1""}, {""explanation"": ""Each credited HR is a hit; Each credited HR contributes four TB; The credited HR batter scores; The credited HR includes the batter's RBI; HRR includes nonnegative hits; hits_plus_runs_plus_RBI is the sum of hits, runs, RBI"", ""proven"": true, ""rule_version"": ""mlb-official-batting-v1""}]",6863,564,1007,564,0,0.08217980475010928,0.14672883578609938,0.08217980475010928,1.0,0.5600794438927508,6.815292949354518,6.815292949354518,0.07591356395214373,0.08891352075749447,0.13855518252610943,0.15529774402263258,0.07591356395214373,0.08891352075749447,0.9932349800089056,1.0,0.5292504800098802,0.5904517729439763,0.0,0.0,0.0005594215104179578,0.0,1.0
1e9e71ed8dc1a3f1aed6d37b303b7b1ef5f7f565cde7d9c18b4045cfd4d8e2c3,mlb,home_runs>=1,hits>=1 & runs>=1 & total_bases>=2,3,EXACT_IMPLICATION,3,"[{""explanation"": ""Each credited HR is a hit; Each credited HR contributes four TB; The credited HR batter scores; The credited HR includes the batter's RBI; HRR includes nonnegative hits; hits_plus_runs_plus_RBI is the sum of hits, runs, RBI"", ""proven"": true, ""rule_version"": ""mlb-official-batting-v1""}, {""explanation"": ""Each credited HR is a hit; Each credited HR contributes four TB; The credited HR batter scores; The credited HR includes the batter's RBI; HRR includes nonnegative hits; hits_plus_runs_plus_RBI is the sum of hits, runs, RBI"", ""proven"": true, ""rule_version"": ""mlb-official-batting-v1""}, {""explanation"": ""Each credited HR is a hit; Each credited HR contributes four TB; The credited HR batter scores; The credited HR includes the batter's RBI; HRR includes nonnegative hits; hits_plus_runs_plus_RBI is the sum of hits, runs, RBI"", ""proven"": true, ""rule_version"": ""mlb-official-batting-v1""}]",6863,564,1485,564,0,0.08217980475010928,0.2163776774005537,0.08217980475010928,1.0,0.3797979797979798,4.621548821548822,4.621548821548822,0.07591356395214373,0.08891352075749447,0.20679571667445754,0.22627696698284347,0.07591356395214373,0.08891352075749447,0.9932349800089056,1.0,0.3554533404473364,0.40476290159446,0.0,0.0,0.0005594215104179578,0.0,1.0
1f8e8fa0403c29c0abfccc164d284671221b4f85a97fb52084a8345ad85dad2e,mlb,home_runs>=1,hits>=1 & runs>=1 & total_bases>=1,3,EXACT_IMPLICATION,3,"[{""explanation"": ""Each credited HR is a hit; Each credited HR contributes four TB; The credited HR batter scores; The credited HR includes the batter's RBI; HRR includes nonnegative hits; hits_plus_runs_plus_RBI is the sum of hits, runs, RBI"", ""proven"": true, ""rule_version"": ""mlb-official-batting-v1""}, {""explanation"": ""Each credited HR is a hit; Each credited HR contributes four TB; The credited HR batter scores; The credited HR includes the batter's RBI; HRR includes nonnegative hits; hits_plus_runs_plus_RBI is the sum of hits, runs, RBI"", ""proven"": true, ""rule_version"": ""mlb-official-batting-v1""}, {""explanation"": ""Each credited HR is a hit; Each credited HR contributes four TB; The credited HR batter scores; The credited HR includes the batter's RBI; HRR includes nonnegative hits; hits_plus_runs_plus_RBI is the sum of hits, runs, RBI"", ""proven"": true, ""rule_version"": ""mlb-official-batting-v1""}]",6863,564,1964,564,0,0.08217980475010928,0.2861722278886784,0.08217980475010928,1.0,0.28716904276985744,3.494399185336049,3.494399185336049,0.07591356395214373,0.08891352075749447,0.27560112095070594,0.29698257453713856,0.07591356395214373,0.08891352075749447,0.9932349800089056,1.0,0.2675900895882196,0.3075789382556161,0.0,0.0,0.0005594215104179578,0.0,1.0
20968849c500a350a1ea4d4a5483410b05a713d7418a146afa7c17a18c46b1b6,mlb,home_runs>=1,hits_plus_runs_plus_RBI>=1 & total_bases>=2,2,EXACT_IMPLICATION,2,"[{""explanation"": ""Each credited HR is a hit; Each credited HR contributes four TB; The credited HR batter scores; The credited HR includes the batter's RBI; HRR includes nonnegative hits; hits_plus_runs_plus_RBI is the sum of hits, runs, RBI"", ""proven"": true, ""rule_version"": ""mlb-official-batting-v1""}, {""explanation"": ""Each credited HR is a hit; Each credited HR contributes four TB; The credited HR batter scores; The credited HR includes the batter's RBI; HRR includes nonnegative hits; hits_plus_runs_plus_RBI is the sum of hits, runs, RBI"", ""proven"": true, ""rule_version"": ""mlb-official-batting-v1""}]",6863,564,2181,564,0,0.08217980475010928,0.3177910534751566,0.08217980475010928,1.0,0.2585969738651995,3.146721687299404,3.146721687299404,0.07591356395214373,0.08891352075749447,0.3068796786974051,0.3289062914610614,0.07591356395214373,0.08891352075749447,0.9932349800089056,1.0,0.24065632733296577,0.2773865055925981,0.0,0.0,0.0005594215104179578,0.0,1.0
233a8f191cada3922a47020d61331c2eb8339b7e4070a090a385f48e8eafaf6c,mlb,home_runs>=1,total_bases>=2,1,EXACT_IMPLICATION,1,"[{""explanation"": ""Each credited HR is a hit; Each credited HR contributes four TB; The credited HR batter scores; The credited HR includes the batter's RBI; HRR includes nonnegative hits; hits_plus_runs_plus_RBI is the sum of hits, runs, RBI"", ""proven"": true, ""rule_version"": ""mlb-official-batting-v1""}]",6863,564,2181,564,0,0.08217980475010928,0.3177910534751566,0.08217980475010928,1.0,0.2585969738651995,3.146721687299404,3.146721687299404,0.07591356395214373,0.08891352075749447,0.3068796786974051,0.3289062914610614,0.07591356395214373,0.08891352075749447,0.9932349800089056,1.0,0.24065632733296577,0.2773865055925981,0.0,0.0,0.0005594215104179578,0.0,1.0
245d2f9da5c0411e16854c168788318f0dce0cc648d9c367179129c555d87fd1,mlb,home_runs>=1,hits>=1 & hits_plus_runs_plus_RBI>=2,2,EXACT_IMPLICATION,2,"[{""explanation"": ""Each credited HR is a hit; Each credited HR contributes four TB; The credited HR batter scores; The credited HR includes the batter's RBI; HRR includes nonnegative hits; hits_plus_runs_plus_RBI is the sum of hits, runs, RBI"", ""proven"": true, ""rule_version"": ""mlb-official-batting-v1""}, {""explanation"": ""Each credited HR is a hit; Each credited HR contributes four TB; The credited HR batter scores; The credited HR includes the batter's RBI; HRR includes nonnegative hits; hits_plus_runs_plus_RBI is the sum of hits, runs, RBI"", ""proven"": true, ""rule_version"": ""mlb-official-batting-v1""}]",6863,564,2742,564,0,0.08217980475010928,0.3995337316042547,0.08217980475010928,1.0,0.20568927789934355,2.5029175784099196,2.5029175784099196,0.07591356395214373,0.08891352075749447,0.3880049429454243,0.41117492624630914,0.07591356395214373,0.08891352075749447,0.9932349800089056,1.0,0.1909768218419708,0.22122522106359682,0.0,0.0,0.0005594215104179578,0.0,1.0
24975ffc55f1cc16828a2d6725919987bf3f1ebd7994e6eee3ac4421de63dfb2,mlb,home_runs>=1,RBI>=1 & hits_plus_runs_plus_RBI>=3 & total_bases>=4,3,EXACT_IMPLICATION,3,"[{""explanation"": ""Each credited HR is a hit; Each credited HR contributes four TB; The credited HR batter scores; The credited HR includes the batter's RBI; HRR includes nonnegative hits; hits_plus_runs_plus_RBI is the sum of hits, runs, RBI"", ""proven"": true, ""rule_version"": ""mlb-official-batting-v1""}, {""explanation"": ""Each credited HR is a hit; Each credited HR contributes four TB; The credited HR batter scores; The credited HR includes the batter's RBI; HRR includes nonnegative hits; hits_plus_runs_plus_RBI is the sum of hits, runs, RBI"", ""proven"": true, ""rule_version"": ""mlb-official-batting-v1""}, {""explanation"": ""Each credited HR is a hit; Each credited HR contributes four TB; The credited HR batter scores; The credited HR includes the batter's RBI; HRR includes nonnegative hits; hits_plus_runs_plus_RBI is the sum of hits, runs, RBI"", ""proven"": true, ""rule_version"": ""mlb-official-batting-v1""}]",6863,564,704,564,0,0.08217980475010928,0.1025790470639662,0.08217980475010928,1.0,0.8011363636363636,9.748579545454545,9.748579545454545,0.07591356395214373,0.08891352075749447,0.09562168883018762,0.1099810569572712,0.07591356395214373,0.08891352075749447,0.9932349800089056,1.0,0.7700524038196274,0.8289517866193011,0.0,0.0,0.0005594215104179578,0.0,1.0
24d867a41dffaeb7f9a82b6a7de611f15cc4fd69c998b0826a4eeba456f29c6a,mlb,home_runs>=1,RBI>=1 & hits>=1 & hits_plus_runs_plus_RBI>=2,3,EXACT_IMPLICATION,3,"[{""explanation"": ""Each credited HR is a hit; Each credited HR contributes four TB; The credited HR batter scores; The credited HR includes the batter's RBI; HRR includes nonnegative hits; hits_plus_runs_plus_RBI is the sum of hits, runs, RBI"", ""proven"": true, ""rule_version"": ""mlb-official-batting-v1""}, {""explanation"": ""Each credited HR is a hit; Each credited HR contributes four TB; The credited HR batter scores; The credited HR includes the batter's RBI; HRR includes nonnegative hits; hits_plus_runs_plus_RBI is the sum of hits, runs, RBI"", ""proven"": true, ""rule_version"": ""mlb-official-batting-v1""}, {""explanation"": ""Each credited HR is a hit; Each credited HR contributes four TB; The credited HR batter scores; The credited HR includes the batter's RBI; HRR includes nonnegative hits; hits_plus_runs_plus_RBI is the sum of hits, runs, RBI"", ""proven"": true, ""rule_version"": ""mlb-official-batting-v1""}]",6863,564,1608,564,0,0.08217980475010928,0.2342998688620137,0.08217980475010928,1.0,0.35074626865671643,4.268034825870647,4.268034825870647,0.07591356395214373,0.08891352075749447,0.22442931380413114,0.24446770065725518,0.07591356395214373,0.08891352075749447,0.9932349800089056,1.0,0.3278027651530493,0.37440119704606634,0.0,0.0,0.0005594215104179578,0.0,1.0
25c4dc5fbf524a1c155130bd0b060384f29a668cf8559e7843bd49fd525ebe64,mlb,home_runs>=1,hits_plus_runs_plus_RBI>=3 & total_bases>=3,2,EXACT_IMPLICATION,2,"[{""explanation"": ""Each credited HR is a hit; Each credited HR contributes four TB; The credited HR batter scores; The credited HR includes the batter's RBI; HRR includes nonnegative hits; hits_plus_runs_plus_RBI is the sum of hits, runs, RBI"", ""proven"": true, ""rule_version"": ""mlb-official-batting-v1""}, {""explanation"": ""Each credited HR is a hit; Each credited HR contributes four TB; The credited HR batter scores; The credited HR includes the batter's RBI; HRR includes nonnegative hits; hits_plus_runs_plus_RBI is the sum of hits, runs, RBI"", ""proven"": true, ""rule_version"": ""mlb-official-batting-v1""}]",6863,564,1135,564,0,0.08217980475010928,0.1653795716159114,0.08217980475010928,1.0,0.49691629955947136,6.046696035242291,6.046696035242291,0.07591356395214373,0.08891352075749447,0.1567774806586179,0.17435605030413154,0.07591356395214373,0.08891352075749447,0.9932349800089056,1.0,0.46788793047288507,0.5259654720830346,0.0,0.0,0.0005594215104179578,0.0,1.0
2d6fda5e11e62e2112eac5df8912c88ce897ffb674599a9e5c174e8d86c5c823,mlb,home_runs>=1,hits>=1 & runs>=1,2,EXACT_IMPLICATION,2,"[{""explanation"": ""Each credited HR is a hit; Each credited HR contributes four TB; The credited HR batter scores; The credited HR includes the batter's RBI; HRR includes nonnegative hits; hits_plus_runs_plus_RBI is the sum of hits, runs, RBI"", ""proven"": true, ""rule_version"": ""mlb-official-batting-v1""}, {""explanation"": ""Each credited HR is a hit; Each credited HR contributes four TB; The credited HR batter scores; The credited HR includes the batter's RBI; HRR includes nonnegative hits; hits_plus_runs_plus_RBI is the sum of hits, runs, RBI"", ""proven"": true, ""rule_version"": ""mlb-official-batting-v1""}]",6863,564,1964,564,0,0.08217980475010928,0.2861722278886784,0.08217980475010928,1.0,0.28716904276985744,3.494399185336049,3.494399185336049,0.07591356395214373,0.08891352075749447,0.27560112095070594,0.29698257453713856,0.07591356395214373,0.08891352075749447,0.9932349800089056,1.0,0.2675900895882196,0.3075789382556161,0.0,0.0,0.0005594215104179578,0.0,1.0
2dfcfcbc164af9908a8143528619af0004a1ab3c5973133070cffb4374b0ae59,mlb,home_runs>=1,hits_plus_runs_plus_RBI>=2 & hits_plus_runs_plus_RBI>=3 & runs>=1,3,EXACT_IMPLICATION,3,"[{""explanation"": ""Each credited HR is a hit; Each credited HR contributes four TB; The credited HR batter scores; The credited HR includes the batter's RBI; HRR includes nonnegative hits; hits_plus_runs_plus_RBI is the sum of hits, runs, RBI"", ""proven"": true, ""rule_version"": ""mlb-official-batting-v1""}, {""explanation"": ""Each credited HR is a hit; Each credited HR contributes four TB; The credited HR batter scores; The credited HR includes the batter's RBI; HRR includes nonnegative hits; hits_plus_runs_plus_RBI is the sum of hits, runs, RBI"", ""proven"": true, ""rule_version"": ""mlb-official-batting-v1""}, {""explanation"": ""Each credited HR is a hit; Each credited HR contributes four TB; The credited HR batter scores; The credited HR includes the batter's RBI; HRR includes nonnegative hits; hits_plus_runs_plus_RBI is the sum of hits, runs, RBI"", ""proven"": true, ""rule_version"": ""mlb-official-batting-v1""}]",6863,564,1477,564,0,0.08217980475010928,0.21521200641119045,0.08217980475010928,1.0,0.3818551117129316,4.646580907244414,4.646580907244414,0.07591356395214373,0.08891352075749447,0.20564973230065467,0.2250929135807709,0.07591356395214373,0.08891352075749447,0.9932349800089056,1.0,0.3574146487685534,0.40690853524201914,0.0,0.0,0.0005594215104179578,0.0,1.0
2f444cbf49b46cf5f69cfdb2c0adf039ccfb352325e30725973fca70d108611e,mlb,home_runs>=1,RBI>=1 & total_bases>=1,2,EXACT_IMPLICATION,2,"[{""explanation"": ""Each credited HR is a hit; Each credited HR contributes four TB; The credited HR batter scores; The credited HR includes the batter's RBI; HRR includes nonnegative hits; hits_plus_runs_plus_RBI is the sum of hits, runs, RBI"", ""proven"": true, ""rule_version"": ""mlb-official-batting-v1""}, {""explanation"": ""Each credited HR is a hit; Each credited HR contributes four TB; The credited HR batter scores; The credited HR includes the batter's RBI; HRR includes nonnegative hits; hits_plus_runs_plus_RBI is the sum of hits, runs, RBI"", ""proven"": true, ""rule_version"": ""mlb-official-batting-v1""}]",6863,564,1608,564,0,0.08217980475010928,0.2342998688620137,0.08217980475010928,1.0,0.35074626865671643,4.268034825870647,4.268034825870647,0.07591356395214373,0.08891352075749447,0.22442931380413114,0.24446770065725518,0.07591356395214373,0.08891352075749447,0.9932349800089056,1.0,0.3278027651530493,0.37440119704606634,0.0,0.0,0.0005594215104179578,0.0,1.0
3111efd748bc76b009d62aecc59542c608170cdd578c3bbe25fe6c35650366ab,mlb,home_runs>=1,hits_plus_runs_plus_RBI>=2 & hits_plus_runs_plus_RBI>=3 & total_bases>=3,3,EXACT_IMPLICATION,3,"[{""explanation"": ""Each credited HR is a hit; Each credited HR contributes four TB; The credited HR batter scores; The credited HR includes the batter's RBI; HRR includes nonnegative hits; hits_plus_runs_plus_RBI is the sum of hits, runs, RBI"", ""proven"": true, ""rule_version"": ""mlb-official-batting-v1""}, {""explanation"": ""Each credited HR is a hit; Each credited HR contributes four TB; The credited HR batter scores; The credited HR includes the batter's RBI; HRR includes nonnegative hits; hits_plus_runs_plus_RBI is the sum of hits, runs, RBI"", ""proven"": true, ""rule_version"": ""mlb-official-batting-v1""}, {""explanation"": ""Each credited HR is a hit; Each credited HR contributes four TB; The credited HR batter scores; The credited HR includes the batter's RBI; HRR includes nonnegative hits; hits_plus_runs_plus_RBI is the sum of hits, runs, RBI"", ""proven"": true, ""rule_version"": ""mlb-official-batting-v1""}]",6863,564,1135,564,0,0.08217980475010928,0.1653795716159114,0.08217980475010928,1.0,0.49691629955947136,6.046696035242291,6.046696035242291,0.07591356395214373,0.08891352075749447,0.1567774806586179,0.17435605030413154,0.07591356395214373,0.08891352075749447,0.9932349800089056,1.0,0.46788793047288507,0.5259654720830346,0.0,0.0,0.0005594215104179578,0.0,1.0
31a68043d7dcbaaf3707b32c40e3f74f782c4b29346910e0214f3f73671fbd3c,mlb,home_runs>=1,hits>=1 & hits_plus_runs_plus_RBI>=3 & total_bases>=1,3,EXACT_IMPLICATION,3,"[{""explanation"": ""Each credited HR is a hit; Each credited HR contributes four TB; The credited HR batter scores; The credited HR includes the batter's RBI; HRR includes nonnegative hits; hits_plus_runs_plus_RBI is the sum of hits, runs, RBI"", ""proven"": true, ""rule_version"": ""mlb-official-batting-v1""}, {""explanation"": ""Each credited HR is a hit; Each credited HR contributes four TB; The credited HR batter scores; The credited HR includes the batter's RBI; HRR includes nonnegative hits; hits_plus_runs_plus_RBI is the sum of hits, runs, RBI"", ""proven"": true, ""rule_version"": ""mlb-official-batting-v1""}, {""explanation"": ""Each credited HR is a hit; Each credited HR contributes four TB; The credited HR batter scores; The credited HR includes the batter's RBI; HRR includes nonnegative hits; hits_plus_runs_plus_RBI is the sum of hits, runs, RBI"", ""proven"": true, ""rule_version"": ""mlb-official-batting-v1""}]",6863,564,1765,564,0,0.08217980475010928,0.25717616202826754,0.08217980475010928,1.0,0.31954674220963175,3.888385269121813,3.888385269121813,0.07591356395214373,0.08891352075749447,0.24697331696725122,0.2676506888456911,0.07591356395214373,0.08891352075749447,0.9932349800089056,1.0,0.2982045925566414,0.34167268597306094,0.0,0.0,0.0005594215104179578,0.0,1.0
328983b2f73796f92b10a71f8a096456b1b70f7f4630db421532b1f4a33b9896,mlb,home_runs>=1,RBI>=1 & total_bases>=3 & total_bases>=4,3,EXACT_IMPLICATION,3,"[{""explanation"": ""Each credited HR is a hit; Each credited HR contributes four TB; The credited HR batter scores; The credited HR includes the batter's RBI; HRR includes nonnegative hits; hits_plus_runs_plus_RBI is the sum of hits, runs, RBI"", ""proven"": true, ""rule_version"": ""mlb-official-batting-v1""}, {""explanation"": ""Each credited HR is a hit; Each credited HR contributes four TB; The credited HR batter scores; The credited HR includes the batter's RBI; HRR includes nonnegative hits; hits_plus_runs_plus_RBI is the sum of hits, runs, RBI"", ""proven"": true, ""rule_version"": ""mlb-official-batting-v1""}, {""explanation"": ""Each credited HR is a hit; Each credited HR contributes four TB; The credited HR batter scores; The credited HR includes the batter's RBI; HRR includes nonnegative hits; hits_plus_runs_plus_RBI is the sum of hits, runs, RBI"", ""proven"": true, ""rule_version"": ""mlb-official-batting-v1""}]",6863,564,704,564,0,0.08217980475010928,0.1025790470639662,0.08217980475010928,1.0,0.8011363636363636,9.748579545454545,9.748579545454545,0.07591356395214373,0.08891352075749447,0.09562168883018762,0.1099810569572712,0.07591356395214373,0.08891352075749447,0.9932349800089056,1.0,0.7700524038196274,0.8289517866193011,0.0,0.0,0.0005594215104179578,0.0,1.0
34100ce5d2fa8cb650a78b021a0caf46e9a3396659f51d2b32551468d4509548,mlb,home_runs>=1,RBI>=1 & runs>=1 & total_bases>=1,3,EXACT_IMPLICATION,3,"[{""explanation"": ""Each credited HR is a hit; Each credited HR contributes four TB; The credited HR batter scores; The credited HR includes the batter's RBI; HRR includes nonnegative hits; hits_plus_runs_plus_RBI is the sum of hits, runs, RBI"", ""proven"": true, ""rule_version"": ""mlb-official-batting-v1""}, {""explanation"": ""Each credited HR is a hit; Each credited HR contributes four TB; The credited HR batter scores; The credited HR includes the batter's RBI; HRR includes nonnegative hits; hits_plus_runs_plus_RBI is the sum of hits, runs, RBI"", ""proven"": true, ""rule_version"": ""mlb-official-batting-v1""}, {""explanation"": ""Each credited HR is a hit; Each credited HR contributes four TB; The credited HR batter scores; The credited HR includes the batter's RBI; HRR includes nonnegative hits; hits_plus_runs_plus_RBI is the sum of hits, runs, RBI"", ""proven"": true, ""rule_version"": ""mlb-official-batting-v1""}]",6863,564,1050,564,0,0.08217980475010928,0.15299431735392685,0.08217980475010928,1.0,0.5371428571428571,6.536190476190477,6.536190476190477,0.07591356395214373,0.08891352075749447,0.14467189881848877,0.16170498077558385,0.07591356395214373,0.08891352075749447,0.9932349800089056,1.0,0.5069028385170711,0.5671120897694724,0.0,0.0,0.0005594215104179578,0.0,1.0
34a35a6a78077d023052f29cb3e569b43cf7d29c7c44b1267fbd7c8e0bcaf91b,mlb,home_runs>=1,hits_plus_runs_plus_RBI>=3 & total_bases>=1,2,EXACT_IMPLICATION,2,"[{""explanation"": ""Each credited HR is a hit; Each credited HR contributes four TB; The credited HR batter scores; The credited HR includes the batter's RBI; HRR includes nonnegative hits; hits_plus_runs_plus_RBI is the sum of hits, runs, RBI"", ""proven"": true, ""rule_version"": ""mlb-official-batting-v1""}, {""explanation"": ""Each credited HR is a hit; Each credited HR contributes four TB; The credited HR batter scores; The credited HR includes the batter's RBI; HRR includes nonnegative hits; hits_plus_runs_plus_RBI is the sum of hits, runs, RBI"", ""proven"": true, ""rule_version"": ""mlb-official-batting-v1""}]",6863,564,1765,564,0,0.08217980475010928,0.25717616202826754,0.08217980475010928,1.0,0.31954674220963175,3.888385269121813,3.888385269121813,0.07591356395214373,0.08891352075749447,0.24697331696725122,0.2676506888456911,0.07591356395214373,0.08891352075749447,0.9932349800089056,1.0,0.2982045925566414,0.34167268597306094,0.0,0.0,0.0005594215104179578,0.0,1.0
38080cb80e86d09bd1acd3fe324a8cf1896f9fd0f789af2e20b813ee1ac8b107,mlb,home_runs>=1,hits>=1 & hits_plus_runs_plus_RBI>=3,2,EXACT_IMPLICATION,2,"[{""explanation"": ""Each credited HR is a hit; Each credited HR contributes four TB; The credited HR batter scores; The credited HR includes the batter's RBI; HRR includes nonnegative hits; hits_plus_runs_plus_RBI is the sum of hits, runs, RBI"", ""proven"": true, ""rule_version"": ""mlb-official-batting-v1""}, {""explanation"": ""Each credited HR is a hit; Each credited HR contributes four TB; The credited HR batter scores; The credited HR includes the batter's RBI; HRR includes nonnegative hits; hits_plus_runs_plus_RBI is the sum of hits, runs, RBI"", ""proven"": true, ""rule_version"": ""mlb-official-batting-v1""}]",6863,564,1765,564,0,0.08217980475010928,0.25717616202826754,0.08217980475010928,1.0,0.31954674220963175,3.888385269121813,3.888385269121813,0.07591356395214373,0.08891352075749447,0.24697331696725122,0.2676506888456911,0.07591356395214373,0.08891352075749447,0.9932349800089056,1.0,0.2982045925566414,0.34167268597306094,0.0,0.0,0.0005594215104179578,0.0,1.0
3cae3310eca4d0b6f7709e9a00b31fbc7bdff124edcdc3a9b23fa9b80687231e,mlb,home_runs>=1,RBI>=1 & hits_plus_runs_plus_RBI>=1 & total_bases>=1,3,EXACT_IMPLICATION,3,"[{""explanation"": ""Each credited HR is a hit; Each credited HR contributes four TB; The credited HR batter scores; The credited HR includes the batter's RBI; HRR includes nonnegative hits; hits_plus_runs_plus_RBI is the sum of hits, runs, RBI"", ""proven"": true, ""rule_version"": ""mlb-official-batting-v1""}, {""explanation"": ""Each credited HR is a hit; Each credited HR contributes four TB; The credited HR batter scores; The credited HR includes the batter's RBI; HRR includes nonnegative hits; hits_plus_runs_plus_RBI is the sum of hits, runs, RBI"", ""proven"": true, ""rule_version"": ""mlb-official-batting-v1""}, {""explanation"": ""Each credited HR is a hit; Each credited HR contributes four TB; The credited HR batter scores; The credited HR includes the batter's RBI; HRR includes nonnegative hits; hits_plus_runs_plus_RBI is the sum of hits, runs, RBI"", ""proven"": true, ""rule_version"": ""mlb-official-batting-v1""}]",6863,564,1608,564,0,0.08217980475010928,0.2342998688620137,0.08217980475010928,1.0,0.35074626865671643,4.268034825870647,4.268034825870647,0.07591356395214373,0.08891352075749447,0.22442931380413114,0.24446770065725518,0.07591356395214373,0.08891352075749447,0.9932349800089056,1.0,0.3278027651530493,0.37440119704606634,0.0,0.0,0.0005594215104179578,0.0,1.0
3d14a83e2f70d8ea4b1e72d41736bab7faae74896516507e48f837a164f68675,mlb,home_runs>=1,hits_plus_runs_plus_RBI>=2 & total_bases>=1 & total_bases>=3,3,EXACT_IMPLICATION,3,"[{""explanation"": ""Each credited HR is a hit; Each credited HR contributes four TB; The credited HR batter scores; The credited HR includes the batter's RBI; HRR includes nonnegative hits; hits_plus_runs_plus_RBI is the sum of hits, runs, RBI"", ""proven"": true, ""rule_version"": ""mlb-official-batting-v1""}, {""explanation"": ""Each credited HR is a hit; Each credited HR contributes four TB; The credited HR batter scores; The credited HR includes the batter's RBI; HRR includes nonnegative hits; hits_plus_runs_plus_RBI is the sum of hits, runs, RBI"", ""proven"": true, ""rule_version"": ""mlb-official-batting-v1""}, {""explanation"": ""Each credited HR is a hit; Each credited HR contributes four TB; The credited HR batter scores; The credited HR includes the batter's RBI; HRR includes nonnegative hits; hits_plus_runs_plus_RBI is the sum of hits, runs, RBI"", ""proven"": true, ""rule_version"": ""mlb-official-batting-v1""}]",6863,564,1205,564,0,0.08217980475010928,0.17557919277283987,0.08217980475010928,1.0,0.46804979253112033,5.695435684647302,5.695435684647303,0.07591356395214373,0.08891352075749447,0.16676013414692334,0.1847612273547364,0.07591356395214373,0.08891352075749447,0.9932349800089056,1.0,0.44002274665619484,0.4962799012732379,0.0,0.0,0.0005594215104179578,0.0,1.0
412a6eb2b28e600ac06a11b7f40961c74213b1aa38344c1eb6fd22c453c72cf9,mlb,home_runs>=1,hits_plus_runs_plus_RBI>=1 & total_bases>=4,2,EXACT_IMPLICATION,2,"[{""explanation"": ""Each credited HR is a hit; Each credited HR contributes four TB; The credited HR batter scores; The credited HR includes the batter's RBI; HRR includes nonnegative hits; hits_plus_runs_plus_RBI is the sum of hits, runs, RBI"", ""proven"": true, ""rule_version"": ""mlb-official-batting-v1""}, {""explanation"": ""Each credited HR is a hit; Each credited HR contributes four TB; The credited HR batter scores; The credited HR includes the batter's RBI; HRR includes nonnegative hits; hits_plus_runs_plus_RBI is the sum of hits, runs, RBI"", ""proven"": true, ""rule_version"": ""mlb-official-batting-v1""}]",6863,564,791,564,0,0.08217980475010928,0.11525571907329156,0.08217980475010928,1.0,0.7130214917825537,8.676359039190897,8.676359039190897,0.07591356395214373,0.08891352075749447,0.10791505722010244,0.12302684938000205,0.07591356395214373,0.08891352075749447,0.9932349800089056,1.0,0.6805277796698896,0.7434561434888327,0.0,0.0,0.0005594215104179578,0.0,1.0
4177417ea4f0c87537e489238525dd97d67487542065f9c408a188c823413e8c,mlb,home_runs>=1,hits>=1,1,EXACT_IMPLICATION,1,"[{""explanation"": ""Each credited HR is a hit; Each credited HR contributes four TB; The credited HR batter scores; The credited HR includes the batter's RBI; HRR includes nonnegative hits; hits_plus_runs_plus_RBI is the sum of hits, runs, RBI"", ""proven"": true, ""rule_version"": ""mlb-official-batting-v1""}]",6863,564,3819,564,0,0.08217980475010928,0.5564621885472826,0.08217980475010928,1.0,0.1476826394344069,1.79706729510343,1.79706729510343,0.07591356395214373,0.08891352075749447,0.5446801576520175,0.5681810471169504,0.07591356395214373,0.08891352075749447,0.9932349800089056,1.0,0.1367845252427601,0.159288819941127,0.0,0.0,0.0005594215104179578,0.0,1.0
42b37b4e90f9cc90e08bdae829c37b2677c793ac716249349d47089e9806207b,mlb,home_runs>=1,RBI>=1 & total_bases>=1 & total_bases>=3,3,EXACT_IMPLICATION,3,"[{""explanation"": ""Each credited HR is a hit; Each credited HR contributes four TB; The credited HR batter scores; The credited HR includes the batter's RBI; HRR includes nonnegative hits; hits_plus_runs_plus_RBI is the sum of hits, runs, RBI"", ""proven"": true, ""rule_version"": ""mlb-official-batting-v1""}, {""explanation"": ""Each credited HR is a hit; Each credited HR contributes four TB; The credited HR batter scores; The credited HR includes the batter's RBI; HRR includes nonnegative hits; hits_plus_runs_plus_RBI is the sum of hits, runs, RBI"", ""proven"": true, ""rule_version"": ""mlb-official-batting-v1""}, {""explanation"": ""Each credited HR is a hit; Each credited HR contributes four TB; The credited HR batter scores; The credited HR includes the batter's RBI; HRR includes nonnegative hits; hits_plus_runs_plus_RBI is the sum of hits, runs, RBI"", ""proven"": true, ""rule_version"": ""mlb-official-batting-v1""}]",6863,564,915,564,0,0.08217980475010928,0.13332361940842197,0.08217980475010928,1.0,0.6163934426229508,7.500546448087431,7.500546448087432,0.07591356395214373,0.08891352075749447,0.12548621193176537,0.14157128019440882,0.07591356395214373,0.08891352075749447,0.9932349800089056,1.0,0.5844618128860933,0.6473518454498933,0.0,0.0,0.0005594215104179578,0.0,1.0
431e1de8fde15f40d0fcfcd1914e9e9e604795a6d3d09a278c22563abe23b054,mlb,home_runs>=1,hits_plus_runs_plus_RBI>=2 & total_bases>=3,2,EXACT_IMPLICATION,2,"[{""explanation"": ""Each credited HR is a hit; Each credited HR contributes four TB; The credited HR batter scores; The credited HR includes the batter's RBI; HRR includes nonnegative hits; hits_plus_runs_plus_RBI is the sum of hits, runs, RBI"", ""proven"": true, ""rule_version"": ""mlb-official-batting-v1""}, {""explanation"": ""Each credited HR is a hit; Each credited HR contributes four TB; The credited HR batter scores; The credited HR includes the batter's RBI; HRR includes nonnegative hits; hits_plus_runs_plus_RBI is the sum of hits, runs, RBI"", ""proven"": true, ""rule_version"": ""mlb-official-batting-v1""}]",6863,564,1205,564,0,0.08217980475010928,0.17557919277283987,0.08217980475010928,1.0,0.46804979253112033,5.695435684647302,5.695435684647303,0.07591356395214373,0.08891352075749447,0.16676013414692334,0.1847612273547364,0.07591356395214373,0.08891352075749447,0.9932349800089056,1.0,0.44002274665619484,0.4962799012732379,0.0,0.0,0.0005594215104179578,0.0,1.0
43ac80ee50455d74d1b2c159b7649464bb00f6ce2c6e78ceae62f636a9833bd0,mlb,home_runs>=1,hits_plus_runs_plus_RBI>=2 & total_bases>=2,2,EXACT_IMPLICATION,2,"[{""explanation"": ""Each credited HR is a hit; Each credited HR contributes four TB; The credited HR batter scores; The credited HR includes the batter's RBI; HRR includes nonnegative hits; hits_plus_runs_plus_RBI is the sum of hits, runs, RBI"", ""proven"": true, ""rule_version"": ""mlb-official-batting-v1""}, {""explanation"": ""Each credited HR is a hit; Each credited HR contributes four TB; The credited HR batter scores; The credited HR includes the batter's RBI; HRR includes nonnegative hits; hits_plus_runs_plus_RBI is the sum of hits, runs, RBI"", ""proven"": true, ""rule_version"": ""mlb-official-batting-v1""}]",6863,564,2010,564,0,0.08217980475010928,0.29287483607751713,0.08217980475010928,1.0,0.28059701492537314,3.4144278606965175,3.4144278606965175,0.07591356395214373,0.08891352075749447,0.28222645280215375,0.30375495989697465,0.07591356395214373,0.08891352075749447,0.9932349800089056,1.0,0.2613881740786782,0.3006428904141051,0.0,0.0,0.0005594215104179578,0.0,1.0
457fdd3cf6bd1559efe1a014b373e4f05e48593277c0a0a76755e50eb072ee47,mlb,home_runs>=1,RBI>=1 & total_bases>=1 & total_bases>=2,3,EXACT_IMPLICATION,3,"[{""explanation"": ""Each credited HR is a hit; Each credited HR contributes four TB; The credited HR batter scores; The credited HR includes the batter's RBI; HRR includes nonnegative hits; hits_plus_runs_plus_RBI is the sum of hits, runs, RBI"", ""proven"": true, ""rule_version"": ""mlb-official-batting-v1""}, {""explanation"": ""Each credited HR is a hit; Each credited HR contributes four TB; The credited HR batter scores; The credited HR includes the batter's RBI; HRR includes nonnegative hits; hits_plus_runs_plus_RBI is the sum of hits, runs, RBI"", ""proven"": true, ""rule_version"": ""mlb-official-batting-v1""}, {""explanation"": ""Each credited HR is a hit; Each credited HR contributes four TB; The credited HR batter scores; The credited HR includes the batter's RBI; HRR includes nonnegative hits; hits_plus_runs_plus_RBI is the sum of hits, runs, RBI"", ""proven"": true, ""rule_version"": ""mlb-official-batting-v1""}]",6863,564,1262,564,0,0.08217980475010928,0.18388459857205303,0.08217980475010928,1.0,0.4469096671949287,5.438193343898574,5.438193343898574,0.07591356395214373,0.08891352075749447,0.17489714831247632,0.19322573234229612,0.07591356395214373,0.08891352075749447,0.9932349800089056,1.0,0.41968192716441677,0.4744596345088441,0.0,0.0,0.0005594215104179578,0.0,1.0
46ce97cb4d226030f1d6cccc4b1ec721ca5f0583eb99aa0958b9eb4cfbc30ccf,mlb,home_runs>=1,hits_plus_runs_plus_RBI>=2 & hits_plus_runs_plus_RBI>=3 & total_bases>=1,3,EXACT_IMPLICATION,3,"[{""explanation"": ""Each credited HR is a hit; Each credited HR contributes four TB; The credited HR batter scores; The credited HR includes the batter's RBI; HRR includes nonnegative hits; hits_plus_runs_plus_RBI is the sum of hits, runs, RBI"", ""proven"": true, ""rule_version"": ""mlb-official-batting-v1""}, {""explanation"": ""Each credited HR is a hit; Each credited HR contributes four TB; The credited HR batter scores; The credited HR includes the batter's RBI; HRR includes nonnegative hits; hits_plus_runs_plus_RBI is the sum of hits, runs, RBI"", ""proven"": true, ""rule_version"": ""mlb-official-batting-v1""}, {""explanation"": ""Each credited HR is a hit; Each credited HR contributes four TB; The credited HR batter scores; The credited HR includes the batter's RBI; HRR includes nonnegative hits; hits_plus_runs_plus_RBI is the sum of hits, runs, RBI"", ""proven"": true, ""rule_version"": ""mlb-official-batting-v1""}]",6863,564,1765,564,0,0.08217980475010928,0.25717616202826754,0.08217980475010928,1.0,0.31954674220963175,3.888385269121813,3.888385269121813,0.07591356395214373,0.08891352075749447,0.24697331696725122,0.2676506888456911,0.07591356395214373,0.08891352075749447,0.9932349800089056,1.0,0.2982045925566414,0.34167268597306094,0.0,0.0,0.0005594215104179578,0.0,1.0
4a68968627427479695260e7a47ab9eaacd3d171de444932f863297ee505f746,mlb,home_runs>=1,RBI>=1 & total_bases>=2,2,EXACT_IMPLICATION,2,"[{""explanation"": ""Each credited HR is a hit; Each credited HR contributes four TB; The credited HR batter scores; The credited HR includes the batter's RBI; HRR includes nonnegative hits; hits_plus_runs_plus_RBI is the sum of hits, runs, RBI"", ""proven"": true, ""rule_version"": ""mlb-official-batting-v1""}, {""explanation"": ""Each credited HR is a hit; Each credited HR contributes four TB; The credited HR batter scores; The credited HR includes the batter's RBI; HRR includes nonnegative hits; hits_plus_runs_plus_RBI is the sum of hits, runs, RBI"", ""proven"": true, ""rule_version"": ""mlb-official-batting-v1""}]",6863,564,1262,564,0,0.08217980475010928,0.18388459857205303,0.08217980475010928,1.0,0.4469096671949287,5.438193343898574,5.438193343898574,0.07591356395214373,0.08891352075749447,0.17489714831247632,0.19322573234229612,0.07591356395214373,0.08891352075749447,0.9932349800089056,1.0,0.41968192716441677,0.4744596345088441,0.0,0.0,0.0005594215104179578,0.0,1.0
4b36176134ef4f7f3832aab0352aa571b7e74720fd8afbc9ba84fb853b8b9fa6,mlb,home_runs>=1,hits_plus_runs_plus_RBI>=1,1,EXACT_IMPLICATION,1,"[{""explanation"": ""Each credited HR is a hit; Each credited HR contributes four TB; The credited HR batter scores; The credited HR includes the batter's RBI; HRR includes nonnegative hits; hits_plus_runs_plus_RBI is the sum of hits, runs, RBI"", ""proven"": true, ""rule_version"": ""mlb-official-batting-v1""}]",6863,564,4254,564,0,0.08217980475010928,0.6198455485939094,0.08217980475010928,1.0,0.1325811001410437,1.6133051245886223,1.6133051245886225,0.07591356395214373,0.08891352075749447,0.6082970007577593,0.631260008074437,0.07591356395214373,0.08891352075749447,0.9932349800089056,1.0,0.12272108049575309,0.14310409636139165,0.0,0.0,0.0005594215104179578,0.0,1.0
4caf81b0e22adde266e07f5c0ef554209e6b4f6fd5c86df58b1a4915505b9b0c,mlb,home_runs>=1,hits_plus_runs_plus_RBI>=2 & total_bases>=4,2,EXACT_IMPLICATION,2,"[{""explanation"": ""Each credited HR is a hit; Each credited HR contributes four TB; The credited HR batter scores; The credited HR includes the batter's RBI; HRR includes nonnegative hits; hits_plus_runs_plus_RBI is the sum of hits, runs, RBI"", ""proven"": true, ""rule_version"": ""mlb-official-batting-v1""}, {""explanation"": ""Each credited HR is a hit; Each credited HR contributes four TB; The credited HR batter scores; The credited HR includes the batter's RBI; HRR includes nonnegative hits; hits_plus_runs_plus_RBI is the sum of hits, runs, RBI"", ""proven"": true, ""rule_version"": ""mlb-official-batting-v1""}]",6863,564,791,564,0,0.08217980475010928,0.11525571907329156,0.08217980475010928,1.0,0.7130214917825537,8.676359039190897,8.676359039190897,0.07591356395214373,0.08891352075749447,0.10791505722010244,0.12302684938000205,0.07591356395214373,0.08891352075749447,0.9932349800089056,1.0,0.6805277796698896,0.7434561434888327,0.0,0.0,0.0005594215104179578,0.0,1.0
4d437e62cc1fccaeb0b33bc69c5a770c9766ff1c19cd201b02616ba63e66b778,mlb,home_runs>=1,RBI>=1 & hits_plus_runs_plus_RBI>=1 & hits_plus_runs_plus_RBI>=3,3,EXACT_IMPLICATION,3,"[{""explanation"": ""Each credited HR is a hit; Each credited HR contributes four TB; The credited HR batter scores; The credited HR includes the batter's RBI; HRR includes nonnegative hits; hits_plus_runs_plus_RBI is the sum of hits, runs, RBI"", ""proven"": true, ""rule_version"": ""mlb-official-batting-v1""}, {""explanation"": ""Each credited HR is a hit; Each credited HR contributes four TB; The credited HR batter scores; The credited HR includes the batter's RBI; HRR includes nonnegative hits; hits_plus_runs_plus_RBI is the sum of hits, runs, RBI"", ""proven"": true, ""rule_version"": ""mlb-official-batting-v1""}, {""explanation"": ""Each credited HR is a hit; Each credited HR contributes four TB; The credited HR batter scores; The credited HR includes the batter's RBI; HRR includes nonnegative hits; hits_plus_runs_plus_RBI is the sum of hits, runs, RBI"", ""proven"": true, ""rule_version"": ""mlb-official-batting-v1""}]",6863,564,1319,564,0,0.08217980475010928,0.1921900043712662,0.08217980475010928,1.0,0.4275966641394996,5.203184230477635,5.203184230477635,0.07591356395214373,0.08891352075749447,0.18304117406203216,0.20168322574585298,0.07591356395214373,0.08891352075749447,0.9932349800089056,1.0,0.4011459504398162,0.4544678884473656,0.0,0.0,0.0005594215104179578,0.0,1.0
4dbb5f8d7e13298bec87662fff6092c25960cbda4b509c757fd50d1ce1d379b4,mlb,home_runs>=1,hits_plus_runs_plus_RBI>=1 & hits_plus_runs_plus_RBI>=2 & total_bases>=2,3,EXACT_IMPLICATION,3,"[{""explanation"": ""Each credited HR is a hit; Each credited HR contributes four TB; The credited HR batter scores; The credited HR includes the batter's RBI; HRR includes nonnegative hits; hits_plus_runs_plus_RBI is the sum of hits, runs, RBI"", ""proven"": true, ""rule_version"": ""mlb-official-batting-v1""}, {""explanation"": ""Each credited HR is a hit; Each credited HR contributes four TB; The credited HR batter scores; The credited HR includes the batter's RBI; HRR includes nonnegative hits; hits_plus_runs_plus_RBI is the sum of hits, runs, RBI"", ""proven"": true, ""rule_version"": ""mlb-official-batting-v1""}, {""explanation"": ""Each credited HR is a hit; Each credited HR contributes four TB; The credited HR batter scores; The credited HR includes the batter's RBI; HRR includes nonnegative hits; hits_plus_runs_plus_RBI is the sum of hits, runs, RBI"", ""proven"": true, ""rule_version"": ""mlb-official-batting-v1""}]",6863,564,2010,564,0,0.08217980475010928,0.29287483607751713,0.08217980475010928,1.0,0.28059701492537314,3.4144278606965175,3.4144278606965175,0.07591356395214373,0.08891352075749447,0.28222645280215375,0.30375495989697465,0.07591356395214373,0.08891352075749447,0.9932349800089056,1.0,0.2613881740786782,0.3006428904141051,0.0,0.0,0.0005594215104179578,0.0,1.0
4e5ed66609b634f34ea448793a880830afd8d8a419bc5ac1bd765e3cc76748db,mlb,home_runs>=1,hits_plus_runs_plus_RBI>=2 & total_bases>=1 & total_bases>=4,3,EXACT_IMPLICATION,3,"[{""explanation"": ""Each credited HR is a hit; Each credited HR contributes four TB; The credited HR batter scores; The credited HR includes the batter's RBI; HRR includes nonnegative hits; hits_plus_runs_plus_RBI is the sum of hits, runs, RBI"", ""proven"": true, ""rule_version"": ""mlb-official-batting-v1""}, {""explanation"": ""Each credited HR is a hit; Each credited HR contributes four TB; The credited HR batter scores; The credited HR includes the batter's RBI; HRR includes nonnegative hits; hits_plus_runs_plus_RBI is the sum of hits, runs, RBI"", ""proven"": true, ""rule_version"": ""mlb-official-batting-v1""}, {""explanation"": ""Each credited HR is a hit; Each credited HR contributes four TB; The credited HR batter scores; The credited HR includes the batter's RBI; HRR includes nonnegative hits; hits_plus_runs_plus_RBI is the sum of hits, runs, RBI"", ""proven"": true, ""rule_version"": ""mlb-official-batting-v1""}]",6863,564,791,564,0,0.08217980475010928,0.11525571907329156,0.08217980475010928,1.0,0.7130214917825537,8.676359039190897,8.676359039190897,0.07591356395214373,0.08891352075749447,0.10791505722010244,0.12302684938000205,0.07591356395214373,0.08891352075749447,0.9932349800089056,1.0,0.6805277796698896,0.7434561434888327,0.0,0.0,0.0005594215104179578,0.0,1.0
4fd0166d40259bd3fc45df4cd97a5eb9c68214f4a18282e1108cce207d660a76,mlb,home_runs>=1,hits_plus_runs_plus_RBI>=1 & runs>=1,2,EXACT_IMPLICATION,2,"[{""explanation"": ""Each credited HR is a hit; Each credited HR contributes four TB; The credited HR batter scores; The credited HR includes the batter's RBI; HRR includes nonnegative hits; hits_plus_runs_plus_RBI is the sum of hits, runs, RBI"", ""proven"": true, ""rule_version"": ""mlb-official-batting-v1""}, {""explanation"": ""Each credited HR is a hit; Each credited HR contributes four TB; The credited HR batter scores; The credited HR includes the batter's RBI; HRR includes nonnegative hits; hits_plus_runs_plus_RBI is the sum of hits, runs, RBI"", ""proven"": true, ""rule_version"": ""mlb-official-batting-v1""}]",6863,564,2252,564,0,0.08217980475010928,0.3281363835057555,0.08217980475010928,1.0,0.25044404973357015,3.047513321492007,3.0475133214920067,0.07591356395214373,0.08891352075749447,0.3171266314954659,0.3393384239238954,0.07591356395214373,0.08891352075749447,0.9932349800089056,1.0,0.23298463935177333,0.26875339476184595,0.0,0.0,0.0005594215104179578,0.0,1.0
53652c4abe8046e9fcccfe03f43b59a10a4217968ae5239caa6dd1aa1801e1ae,mlb,home_runs>=1,runs>=1 & total_bases>=2 & total_bases>=4,3,EXACT_IMPLICATION,3,"[{""explanation"": ""Each credited HR is a hit; Each credited HR contributes four TB; The credited HR batter scores; The credited HR includes the batter's RBI; HRR includes nonnegative hits; hits_plus_runs_plus_RBI is the sum of hits, runs, RBI"", ""proven"": true, ""rule_version"": ""mlb-official-batting-v1""}, {""explanation"": ""Each credited HR is a hit; Each credited HR contributes four TB; The credited HR batter scores; The credited HR includes the batter's RBI; HRR includes nonnegative hits; hits_plus_runs_plus_RBI is the sum of hits, runs, RBI"", ""proven"": true, ""rule_version"": ""mlb-official-batting-v1""}, {""explanation"": ""Each credited HR is a hit; Each credited HR contributes four TB; The credited HR batter scores; The credited HR includes the batter's RBI; HRR includes nonnegative hits; hits_plus_runs_plus_RBI is the sum of hits, runs, RBI"", ""proven"": true, ""rule_version"": ""mlb-official-batting-v1""}]",6863,564,742,564,0,0.08217980475010928,0.10811598426344164,0.08217980475010928,1.0,0.7601078167115903,9.24932614555256,9.24932614555256,0.07591356395214373,0.08891352075749447,0.10098733174014456,0.11568309348272272,0.07591356395214373,0.08891352075749447,0.9932349800089056,1.0,0.7280930963965941,0.7894431647417095,0.0,0.0,0.0005594215104179578,0.0,1.0
54d285d2345c3bae6711b33be9b5b259990ace98591085d6ec9bc89283a54709,mlb,home_runs>=1,hits_plus_runs_plus_RBI>=3 & total_bases>=2 & total_bases>=4,3,EXACT_IMPLICATION,3,"[{""explanation"": ""Each credited HR is a hit; Each credited HR contributes four TB; The credited HR batter scores; The credited HR includes the batter's RBI; HRR includes nonnegative hits; hits_plus_runs_plus_RBI is the sum of hits, runs, RBI"", ""proven"": true, ""rule_version"": ""mlb-official-batting-v1""}, {""explanation"": ""Each credited HR is a hit; Each credited HR contributes four TB; The credited HR batter scores; The credited HR includes the batter's RBI; HRR includes nonnegative hits; hits_plus_runs_plus_RBI is the sum of hits, runs, RBI"", ""proven"": true, ""rule_version"": ""mlb-official-batting-v1""}, {""explanation"": ""Each credited HR is a hit; Each credited HR contributes four TB; The credited HR batter scores; The credited HR includes the batter's RBI; HRR includes nonnegative hits; hits_plus_runs_plus_RBI is the sum of hits, runs, RBI"", ""proven"": true, ""rule_version"": ""mlb-official-batting-v1""}]",6863,564,788,564,0,0.08217980475010928,0.11481859245228035,0.08217980475010928,1.0,0.7157360406091371,8.709390862944163,8.709390862944161,0.07591356395214373,0.08891352075749447,0.10749063733176285,0.12257750510238836,0.07591356395214373,0.08891352075749447,0.9932349800089056,1.0,0.683254896864254,0.7461239847446595,0.0,0.0,0.0005594215104179578,0.0,1.0
554d433c8f252b696983db90cb21eda3118e9afa06e1094f78b5b12812c9af87,mlb,home_runs>=1,hits_plus_runs_plus_RBI>=2 & hits_plus_runs_plus_RBI>=3 & total_bases>=4,3,EXACT_IMPLICATION,3,"[{""explanation"": ""Each credited HR is a hit; Each credited HR contributes four TB; The credited HR batter scores; The credited HR includes the batter's RBI; HRR includes nonnegative hits; hits_plus_runs_plus_RBI is the sum of hits, runs, RBI"", ""proven"": true, ""rule_version"": ""mlb-official-batting-v1""}, {""explanation"": ""Each credited HR is a hit; Each credited HR contributes four TB; The credited HR batter scores; The credited HR includes the batter's RBI; HRR includes nonnegative hits; hits_plus_runs_plus_RBI is the sum of hits, runs, RBI"", ""proven"": true, ""rule_version"": ""mlb-official-batting-v1""}, {""explanation"": ""Each credited HR is a hit; Each credited HR contributes four TB; The credited HR batter scores; The credited HR includes the batter's RBI; HRR includes nonnegative hits; hits_plus_runs_plus_RBI is the sum of hits, runs, RBI"", ""proven"": true, ""rule_version"": ""mlb-official-batting-v1""}]",6863,564,788,564,0,0.08217980475010928,0.11481859245228035,0.08217980475010928,1.0,0.7157360406091371,8.709390862944163,8.709390862944161,0.07591356395214373,0.08891352075749447,0.10749063733176285,0.12257750510238836,0.07591356395214373,0.08891352075749447,0.9932349800089056,1.0,0.683254896864254,0.7461239847446595,0.0,0.0,0.0005594215104179578,0.0,1.0
557cc5ce7ccb6505161d35601385813eb4a0521deee2cfed1320ea6547a6cefd,mlb,home_runs>=1,hits>=1 & total_bases>=1 & total_bases>=4,3,EXACT_IMPLICATION,3,"[{""explanation"": ""Each credited HR is a hit; Each credited HR contributes four TB; The credited HR batter scores; The credited HR includes the batter's RBI; HRR includes nonnegative hits; hits_plus_runs_plus_RBI is the sum of hits, runs, RBI"", ""proven"": true, ""rule_version"": ""mlb-official-batting-v1""}, {""explanation"": ""Each credited HR is a hit; Each credited HR contributes four TB; The credited HR batter scores; The credited HR includes the batter's RBI; HRR includes nonnegative hits; hits_plus_runs_plus_RBI is the sum of hits, runs, RBI"", ""proven"": true, ""rule_version"": ""mlb-official-batting-v1""}, {""explanation"": ""Each credited HR is a hit; Each credited HR contributes four TB; The credited HR batter scores; The credited HR includes the batter's RBI; HRR includes nonnegative hits; hits_plus_runs_plus_RBI is the sum of hits, runs, RBI"", ""proven"": true, ""rule_version"": ""mlb-official-batting-v1""}]",6863,564,791,564,0,0.08217980475010928,0.11525571907329156,0.08217980475010928,1.0,0.7130214917825537,8.676359039190897,8.676359039190897,0.07591356395214373,0.08891352075749447,0.10791505722010244,0.12302684938000205,0.07591356395214373,0.08891352075749447,0.9932349800089056,1.0,0.6805277796698896,0.7434561434888327,0.0,0.0,0.0005594215104179578,0.0,1.0
559cfb9e41b484d3d8ec08d021ee2e0f4e9670bbf50b90538708982216ff1676,mlb,home_runs>=1,runs>=1,1,EXACT_IMPLICATION,1,"[{""explanation"": ""Each credited HR is a hit; Each credited HR contributes four TB; The credited HR batter scores; The credited HR includes the batter's RBI; HRR includes nonnegative hits; hits_plus_runs_plus_RBI is the sum of hits, runs, RBI"", ""proven"": true, ""rule_version"": ""mlb-official-batting-v1""}]",6863,564,2252,564,0,0.08217980475010928,0.3281363835057555,0.08217980475010928,1.0,0.25044404973357015,3.047513321492007,3.0475133214920067,0.07591356395214373,0.08891352075749447,0.3171266314954659,0.3393384239238954,0.07591356395214373,0.08891352075749447,0.9932349800089056,1.0,0.23298463935177333,0.26875339476184595,0.0,0.0,0.0005594215104179578,0.0,1.0
5c79cbc67c0c915feeb4e071b039fc546395c5daa369395ca69cbbb8f587107a,mlb,home_runs>=1,hits_plus_runs_plus_RBI>=1 & total_bases>=1,2,EXACT_IMPLICATION,2,"[{""explanation"": ""Each credited HR is a hit; Each credited HR contributes four TB; The credited HR batter scores; The credited HR includes the batter's RBI; HRR includes nonnegative hits; hits_plus_runs_plus_RBI is the sum of hits, runs, RBI"", ""proven"": true, ""rule_version"": ""mlb-official-batting-v1""}, {""explanation"": ""Each credited HR is a hit; Each credited HR contributes four TB; The credited HR batter scores; The credited HR includes the batter's RBI; HRR includes nonnegative hits; hits_plus_runs_plus_RBI is the sum of hits, runs, RBI"", ""proven"": true, ""rule_version"": ""mlb-official-batting-v1""}]",6863,564,3819,564,0,0.08217980475010928,0.5564621885472826,0.08217980475010928,1.0,0.1476826394344069,1.79706729510343,1.79706729510343,0.07591356395214373,0.08891352075749447,0.5446801576520175,0.5681810471169504,0.07591356395214373,0.08891352075749447,0.9932349800089056,1.0,0.1367845252427601,0.159288819941127,0.0,0.0,0.0005594215104179578,0.0,1.0
5d76785a68d2ec7628bf95894637caec0ce644c2a1d9887815c9a2f90b040943,mlb,home_runs>=1,hits>=1 & hits_plus_runs_plus_RBI>=2 & total_bases>=4,3,EXACT_IMPLICATION,3,"[{""explanation"": ""Each credited HR is a hit; Each credited HR contributes four TB; The credited HR batter scores; The credited HR includes the batter's RBI; HRR includes nonnegative hits; hits_plus_runs_plus_RBI is the sum of hits, runs, RBI"", ""proven"": true, ""rule_version"": ""mlb-official-batting-v1""}, {""explanation"": ""Each credited HR is a hit; Each credited HR contributes four TB; The credited HR batter scores; The credited HR includes the batter's RBI; HRR includes nonnegative hits; hits_plus_runs_plus_RBI is the sum of hits, runs, RBI"", ""proven"": true, ""rule_version"": ""mlb-official-batting-v1""}, {""explanation"": ""Each credited HR is a hit; Each credited HR contributes four TB; The credited HR batter scores; The credited HR includes the batter's RBI; HRR includes nonnegative hits; hits_plus_runs_plus_RBI is the sum of hits, runs, RBI"", ""proven"": true, ""rule_version"": ""mlb-official-batting-v1""}]",6863,564,791,564,0,0.08217980475010928,0.11525571907329156,0.08217980475010928,1.0,0.7130214917825537,8.676359039190897,8.676359039190897,0.07591356395214373,0.08891352075749447,0.10791505722010244,0.12302684938000205,0.07591356395214373,0.08891352075749447,0.9932349800089056,1.0,0.6805277796698896,0.7434561434888327,0.0,0.0,0.0005594215104179578,0.0,1.0
5e1cf78d51203c0d6fa9a02354bd015cb9f939c3db21b32fcced2b18b368e502,mlb,home_runs>=1,RBI>=1 & hits_plus_runs_plus_RBI>=2 & total_bases>=3,3,EXACT_IMPLICATION,3,"[{""explanation"": ""Each credited HR is a hit; Each credited HR contributes four TB; The credited HR batter scores; The credited HR includes the batter's RBI; HRR includes nonnegative hits; hits_plus_runs_plus_RBI is the sum of hits, runs, RBI"", ""proven"": true, ""rule_version"": ""mlb-official-batting-v1""}, {""explanation"": ""Each credited HR is a hit; Each credited HR contributes four TB; The credited HR batter scores; The credited HR includes the batter's RBI; HRR includes nonnegative hits; hits_plus_runs_plus_RBI is the sum of hits, runs, RBI"", ""proven"": true, ""rule_version"": ""mlb-official-batting-v1""}, {""explanation"": ""Each credited HR is a hit; Each credited HR contributes four TB; The credited HR batter scores; The credited HR includes the batter's RBI; HRR includes nonnegative hits; hits_plus_runs_plus_RBI is the sum of hits, runs, RBI"", ""proven"": true, ""rule_version"": ""mlb-official-batting-v1""}]",6863,564,915,564,0,0.08217980475010928,0.13332361940842197,0.08217980475010928,1.0,0.6163934426229508,7.500546448087431,7.500546448087432,0.07591356395214373,0.08891352075749447,0.12548621193176537,0.14157128019440882,0.07591356395214373,0.08891352075749447,0.9932349800089056,1.0,0.5844618128860933,0.6473518454498933,0.0,0.0,0.0005594215104179578,0.0,1.0
5f46184be8a739514c1470db68f2db3a78cbe132244e9c4743532e95256133c7,mlb,home_runs>=1,hits_plus_runs_plus_RBI>=2 & hits_plus_runs_plus_RBI>=3,2,EXACT_IMPLICATION,2,"[{""explanation"": ""Each credited HR is a hit; Each credited HR contributes four TB; The credited HR batter scores; The credited HR includes the batter's RBI; HRR includes nonnegative hits; hits_plus_runs_plus_RBI is the sum of hits, runs, RBI"", ""proven"": true, ""rule_version"": ""mlb-official-batting-v1""}, {""explanation"": ""Each credited HR is a hit; Each credited HR contributes four TB; The credited HR batter scores; The credited HR includes the batter's RBI; HRR includes nonnegative hits; hits_plus_runs_plus_RBI is the sum of hits, runs, RBI"", ""proven"": true, ""rule_version"": ""mlb-official-batting-v1""}]",6863,564,1770,564,0,0.08217980475010928,0.25790470639661955,0.08217980475010928,1.0,0.31864406779661014,3.877401129943503,3.877401129943503,0.07591356395214373,0.08891352075749447,0.24769190548167133,0.26838837394119314,0.07591356395214373,0.08891352075749447,0.9932349800089056,1.0,0.29734969628900226,0.3407239337935745,0.0,0.0,0.0005594215104179578,0.0,1.0
605b214ef8d41f35c7e7ae8fe6e0d22ae7e62e7c408e8605e36b0201163a44ca,mlb,home_runs>=1,hits_plus_runs_plus_RBI>=3 & total_bases>=2,2,EXACT_IMPLICATION,2,"[{""explanation"": ""Each credited HR is a hit; Each credited HR contributes four TB; The credited HR batter scores; The credited HR includes the batter's RBI; HRR includes nonnegative hits; hits_plus_runs_plus_RBI is the sum of hits, runs, RBI"", ""proven"": true, ""rule_version"": ""mlb-official-batting-v1""}, {""explanation"": ""Each credited HR is a hit; Each credited HR contributes four TB; The credited HR batter scores; The credited HR includes the batter's RBI; HRR includes nonnegative hits; hits_plus_runs_plus_RBI is the sum of hits, runs, RBI"", ""proven"": true, ""rule_version"": ""mlb-official-batting-v1""}]",6863,564,1592,564,0,0.08217980475010928,0.2319685268832872,0.08217980475010928,1.0,0.3542713567839196,4.310929648241206,4.310929648241206,0.07591356395214373,0.08891352075749447,0.22213405499782432,0.24210288391181103,0.07591356395214373,0.08891352075749447,0.9932349800089056,1.0,0.3311531393507233,0.37809116093027706,0.0,0.0,0.0005594215104179578,0.0,1.0
6571f4e484d65ef7d7b1b24aaae3e4211f3278387d23c3702f11033a6b8264a4,mlb,home_runs>=1,RBI>=1 & hits>=1 & total_bases>=3,3,EXACT_IMPLICATION,3,"[{""explanation"": ""Each credited HR is a hit; Each credited HR contributes four TB; The credited HR batter scores; The credited HR includes the batter's RBI; HRR includes nonnegative hits; hits_plus_runs_plus_RBI is the sum of hits, runs, RBI"", ""proven"": true, ""rule_version"": ""mlb-official-batting-v1""}, {""explanation"": ""Each credited HR is a hit; Each credited HR contributes four TB; The credited HR batter scores; The credited HR includes the batter's RBI; HRR includes nonnegative hits; hits_plus_runs_plus_RBI is the sum of hits, runs, RBI"", ""proven"": true, ""rule_version"": ""mlb-official-batting-v1""}, {""explanation"": ""Each credited HR is a hit; Each credited HR contributes four TB; The credited HR batter scores; The credited HR includes the batter's RBI; HRR includes nonnegative hits; hits_plus_runs_plus_RBI is the sum of hits, runs, RBI"", ""proven"": true, ""rule_version"": ""mlb-official-batting-v1""}]",6863,564,915,564,0,0.08217980475010928,0.13332361940842197,0.08217980475010928,1.0,0.6163934426229508,7.500546448087431,7.500546448087432,0.07591356395214373,0.08891352075749447,0.12548621193176537,0.14157128019440882,0.07591356395214373,0.08891352075749447,0.9932349800089056,1.0,0.5844618128860933,0.6473518454498933,0.0,0.0,0.0005594215104179578,0.0,1.0
65b94644ad75919203fed7cb42e53afc6086d4dd973b1a5b9fcbd8766451319f,mlb,home_runs>=1,total_bases>=2 & total_bases>=3,2,EXACT_IMPLICATION,2,"[{""explanation"": ""Each credited HR is a hit; Each credited HR contributes four TB; The credited HR batter scores; The credited HR includes the batter's RBI; HRR includes nonnegative hits; hits_plus_runs_plus_RBI is the sum of hits, runs, RBI"", ""proven"": true, ""rule_version"": ""mlb-official-batting-v1""}, {""explanation"": ""Each credited HR is a hit; Each credited HR contributes four TB; The credited HR batter scores; The credited HR includes the batter's RBI; HRR includes nonnegative hits; hits_plus_runs_plus_RBI is the sum of hits, runs, RBI"", ""proven"": true, ""rule_version"": ""mlb-official-batting-v1""}]",6863,564,1215,564,0,0.08217980475010928,0.17703628150954392,0.08217980475010928,1.0,0.4641975308641975,5.648559670781893,5.648559670781893,0.07591356395214373,0.08891352075749447,0.16818715677568946,0.18624675194581464,0.07591356395214373,0.08891352075749447,0.9932349800089056,1.0,0.43631206317800986,0.4923086779607285,0.0,0.0,0.0005594215104179578,0.0,1.0
6815cb72f125375b1e4cb2043c53b605fb6516f8fb9db4f19cc233a00849d8fa,mlb,home_runs>=1,hits_plus_runs_plus_RBI>=3 & runs>=1 & total_bases>=3,3,EXACT_IMPLICATION,3,"[{""explanation"": ""Each credited HR is a hit; Each credited HR contributes four TB; The credited HR batter scores; The credited HR includes the batter's RBI; HRR includes nonnegative hits; hits_plus_runs_plus_RBI is the sum of hits, runs, RBI"", ""proven"": true, ""rule_version"": ""mlb-official-batting-v1""}, {""explanation"": ""Each credited HR is a hit; Each credited HR contributes four TB; The credited HR batter scores; The credited HR includes the batter's RBI; HRR includes nonnegative hits; hits_plus_runs_plus_RBI is the sum of hits, runs, RBI"", ""proven"": true, ""rule_version"": ""mlb-official-batting-v1""}, {""explanation"": ""Each credited HR is a hit; Each credited HR contributes four TB; The credited HR batter scores; The credited HR includes the batter's RBI; HRR includes nonnegative hits; hits_plus_runs_plus_RBI is the sum of hits, runs, RBI"", ""proven"": true, ""rule_version"": ""mlb-official-batting-v1""}]",6863,564,993,564,0,0.08217980475010928,0.1446889115547137,0.08217980475010928,1.0,0.56797583081571,6.911379657603222,6.911379657603222,0.07591356395214373,0.08891352075749447,0.1365648095856128,0.15321055085534718,0.07591356395214373,0.08891352075749447,0.9932349800089056,1.0,0.5369621329857197,0.598465621152547,0.0,0.0,0.0005594215104179578,0.0,1.0
6832d38dc19fa30844f880a085a780359bb76d763b27fd948fcea7a971a72007,mlb,home_runs>=1,runs>=1 & total_bases>=1,2,EXACT_IMPLICATION,2,"[{""explanation"": ""Each credited HR is a hit; Each credited HR contributes four TB; The credited HR batter scores; The credited HR includes the batter's RBI; HRR includes nonnegative hits; hits_plus_runs_plus_RBI is the sum of hits, runs, RBI"", ""proven"": true, ""rule_version"": ""mlb-official-batting-v1""}, {""explanation"": ""Each credited HR is a hit; Each credited HR contributes four TB; The credited HR batter scores; The credited HR includes the batter's RBI; HRR includes nonnegative hits; hits_plus_runs_plus_RBI is the sum of hits, runs, RBI"", ""proven"": true, ""rule_version"": ""mlb-official-batting-v1""}]",6863,564,1964,564,0,0.08217980475010928,0.2861722278886784,0.08217980475010928,1.0,0.28716904276985744,3.494399185336049,3.494399185336049,0.07591356395214373,0.08891352075749447,0.27560112095070594,0.29698257453713856,0.07591356395214373,0.08891352075749447,0.9932349800089056,1.0,0.2675900895882196,0.3075789382556161,0.0,0.0,0.0005594215104179578,0.0,1.0
6b0567440317137a2a90207e32d0f216d1901b2a3329d86be48a905d02994719,mlb,home_runs>=1,hits_plus_runs_plus_RBI>=1 & hits_plus_runs_plus_RBI>=3 & total_bases>=2,3,EXACT_IMPLICATION,3,"[{""explanation"": ""Each credited HR is a hit; Each credited HR contributes four TB; The credited HR batter scores; The credited HR includes the batter's RBI; HRR includes nonnegative hits; hits_plus_runs_plus_RBI is the sum of hits, runs, RBI"", ""proven"": true, ""rule_version"": ""mlb-official-batting-v1""}, {""explanation"": ""Each credited HR is a hit; Each credited HR contributes four TB; The credited HR batter scores; The credited HR includes the batter's RBI; HRR includes nonnegative hits; hits_plus_runs_plus_RBI is the sum of hits, runs, RBI"", ""proven"": true, ""rule_version"": ""mlb-official-batting-v1""}, {""explanation"": ""Each credited HR is a hit; Each credited HR contributes four TB; The credited HR batter scores; The credited HR includes the batter's RBI; HRR includes nonnegative hits; hits_plus_runs_plus_RBI is the sum of hits, runs, RBI"", ""proven"": true, ""rule_version"": ""mlb-official-batting-v1""}]",6863,564,1592,564,0,0.08217980475010928,0.2319685268832872,0.08217980475010928,1.0,0.3542713567839196,4.310929648241206,4.310929648241206,0.07591356395214373,0.08891352075749447,0.22213405499782432,0.24210288391181103,0.07591356395214373,0.08891352075749447,0.9932349800089056,1.0,0.3311531393507233,0.37809116093027706,0.0,0.0,0.0005594215104179578,0.0,1.0
6c812dcfdb0fd8e0321356734f76dbc8836053f10c47ac733def8703310f4c4f,mlb,home_runs>=1,hits_plus_runs_plus_RBI>=1 & runs>=1 & total_bases>=4,3,EXACT_IMPLICATION,3,"[{""explanation"": ""Each credited HR is a hit; Each credited HR contributes four TB; The credited HR batter scores; The credited HR includes the batter's RBI; HRR includes nonnegative hits; hits_plus_runs_plus_RBI is the sum of hits, runs, RBI"", ""proven"": true, ""rule_version"": ""mlb-official-batting-v1""}, {""explanation"": ""Each credited HR is a hit; Each credited HR contributes four TB; The credited HR batter scores; The credited HR includes the batter's RBI; HRR includes nonnegative hits; hits_plus_runs_plus_RBI is the sum of hits, runs, RBI"", ""proven"": true, ""rule_version"": ""mlb-official-batting-v1""}, {""explanation"": ""Each credited HR is a hit; Each credited HR contributes four TB; The credited HR batter scores; The credited HR includes the batter's RBI; HRR includes nonnegative hits; hits_plus_runs_plus_RBI is the sum of hits, runs, RBI"", ""proven"": true, ""rule_version"": ""mlb-official-batting-v1""}]",6863,564,742,564,0,0.08217980475010928,0.10811598426344164,0.08217980475010928,1.0,0.7601078167115903,9.24932614555256,9.24932614555256,0.07591356395214373,0.08891352075749447,0.10098733174014456,0.11568309348272272,0.07591356395214373,0.08891352075749447,0.9932349800089056,1.0,0.7280930963965941,0.7894431647417095,0.0,0.0,0.0005594215104179578,0.0,1.0
6d3c70d47583d8e076dc52446114af3d7b0458f7b8f8421c3bfcf76f966f30f2,mlb,home_runs>=1,RBI>=1 & total_bases>=4,2,EXACT_IMPLICATION,2,"[{""explanation"": ""Each credited HR is a hit; Each credited HR contributes four TB; The credited HR batter scores; The credited HR includes the batter's RBI; HRR includes nonnegative hits; hits_plus_runs_plus_RBI is the sum of hits, runs, RBI"", ""proven"": true, ""rule_version"": ""mlb-official-batting-v1""}, {""explanation"": ""Each credited HR is a hit; Each credited HR contributes four TB; The credited HR batter scores; The credited HR includes the batter's RBI; HRR includes nonnegative hits; hits_plus_runs_plus_RBI is the sum of hits, runs, RBI"", ""proven"": true, ""rule_version"": ""mlb-official-batting-v1""}]",6863,564,704,564,0,0.08217980475010928,0.1025790470639662,0.08217980475010928,1.0,0.8011363636363636,9.748579545454545,9.748579545454545,0.07591356395214373,0.08891352075749447,0.09562168883018762,0.1099810569572712,0.07591356395214373,0.08891352075749447,0.9932349800089056,1.0,0.7700524038196274,0.8289517866193011,0.0,0.0,0.0005594215104179578,0.0,1.0
6e2043e73c9042a5cb9d3e9d342f4fd97a7faf792a0d48885dd6175ee10d20ad,mlb,home_runs>=1,hits>=1 & hits_plus_runs_plus_RBI>=3 & runs>=1,3,EXACT_IMPLICATION,3,"[{""explanation"": ""Each credited HR is a hit; Each credited HR contributes four TB; The credited HR batter scores; The credited HR includes the batter's RBI; HRR includes nonnegative hits; hits_plus_runs_plus_RBI is the sum of hits, runs, RBI"", ""proven"": true, ""rule_version"": ""mlb-official-batting-v1""}, {""explanation"": ""Each credited HR is a hit; Each credited HR contributes four TB; The credited HR batter scores; The credited HR includes the batter's RBI; HRR includes nonnegative hits; hits_plus_runs_plus_RBI is the sum of hits, runs, RBI"", ""proven"": true, ""rule_version"": ""mlb-official-batting-v1""}, {""explanation"": ""Each credited HR is a hit; Each credited HR contributes four TB; The credited HR batter scores; The credited HR includes the batter's RBI; HRR includes nonnegative hits; hits_plus_runs_plus_RBI is the sum of hits, runs, RBI"", ""proven"": true, ""rule_version"": ""mlb-official-batting-v1""}]",6863,564,1472,564,0,0.08217980475010928,0.2144834620428384,0.08217980475010928,1.0,0.38315217391304346,4.662364130434783,4.662364130434782,0.07591356395214373,0.08891352075749447,0.20493355074849887,0.22435282152300454,0.07591356395214373,0.08891352075749447,0.9932349800089056,1.0,0.3586515264957636,0.4082611063321002,0.0,0.0,0.0005594215104179578,0.0,1.0
6e9516ad07bcf11aefc704c935da31d9e6e0983cdf1ab3b8f4ef6ce70c79bd06,mlb,home_runs>=1,hits_plus_runs_plus_RBI>=3 & runs>=1 & total_bases>=2,3,EXACT_IMPLICATION,3,"[{""explanation"": ""Each credited HR is a hit; Each credited HR contributes four TB; The credited HR batter scores; The credited HR includes the batter's RBI; HRR includes nonnegative hits; hits_plus_runs_plus_RBI is the sum of hits, runs, RBI"", ""proven"": true, ""rule_version"": ""mlb-official-batting-v1""}, {""explanation"": ""Each credited HR is a hit; Each credited HR contributes four TB; The credited HR batter scores; The credited HR includes the batter's RBI; HRR includes nonnegative hits; hits_plus_runs_plus_RBI is the sum of hits, runs, RBI"", ""proven"": true, ""rule_version"": ""mlb-official-batting-v1""}, {""explanation"": ""Each credited HR is a hit; Each credited HR contributes four TB; The credited HR batter scores; The credited HR includes the batter's RBI; HRR includes nonnegative hits; hits_plus_runs_plus_RBI is the sum of hits, runs, RBI"", ""proven"": true, ""rule_version"": ""mlb-official-batting-v1""}]",6863,564,1334,564,0,0.08217980475010928,0.1943756374763223,0.08217980475010928,1.0,0.42278860569715143,5.144677661169416,5.144677661169415,0.07591356395214373,0.08891352075749447,0.1851854595712754,0.2039077610663762,0.07591356395214373,0.08891352075749447,0.9932349800089056,1.0,0.3965381065375487,0.44948251224220664,0.0,0.0,0.0005594215104179578,0.0,1.0
6ebe6b42927a7b1e886ea5bb683365478bca91a8fc95626dd88cfb859af17934,mlb,home_runs>=1,runs>=1 & total_bases>=2,2,EXACT_IMPLICATION,2,"[{""explanation"": ""Each credited HR is a hit; Each credited HR contributes four TB; The credited HR batter scores; The credited HR includes the batter's RBI; HRR includes nonnegative hits; hits_plus_runs_plus_RBI is the sum of hits, runs, RBI"", ""proven"": true, ""rule_version"": ""mlb-official-batting-v1""}, {""explanation"": ""Each credited HR is a hit; Each credited HR contributes four TB; The credited HR batter scores; The credited HR includes the batter's RBI; HRR includes nonnegative hits; hits_plus_runs_plus_RBI is the sum of hits, runs, RBI"", ""proven"": true, ""rule_version"": ""mlb-official-batting-v1""}]",6863,564,1485,564,0,0.08217980475010928,0.2163776774005537,0.08217980475010928,1.0,0.3797979797979798,4.621548821548822,4.621548821548822,0.07591356395214373,0.08891352075749447,0.20679571667445754,0.22627696698284347,0.07591356395214373,0.08891352075749447,0.9932349800089056,1.0,0.3554533404473364,0.40476290159446,0.0,0.0,0.0005594215104179578,0.0,1.0
6fa0a89659b7f4cf36a0dfe109c47012b7d51756f8c707df723eab4bd381a859,mlb,home_runs>=1,hits_plus_runs_plus_RBI>=1 & hits_plus_runs_plus_RBI>=3,2,EXACT_IMPLICATION,2,"[{""explanation"": ""Each credited HR is a hit; Each credited HR contributes four TB; The credited HR batter scores; The credited HR includes the batter's RBI; HRR includes nonnegative hits; hits_plus_runs_plus_RBI is the sum of hits, runs, RBI"", ""proven"": true, ""rule_version"": ""mlb-official-batting-v1""}, {""explanation"": ""Each credited HR is a hit; Each credited HR contributes four TB; The credited HR batter scores; The credited HR includes the batter's RBI; HRR includes nonnegative hits; hits_plus_runs_plus_RBI is the sum of hits, runs, RBI"", ""proven"": true, ""rule_version"": ""mlb-official-batting-v1""}]",6863,564,1770,564,0,0.08217980475010928,0.25790470639661955,0.08217980475010928,1.0,0.31864406779661014,3.877401129943503,3.877401129943503,0.07591356395214373,0.08891352075749447,0.24769190548167133,0.26838837394119314,0.07591356395214373,0.08891352075749447,0.9932349800089056,1.0,0.29734969628900226,0.3407239337935745,0.0,0.0,0.0005594215104179578,0.0,1.0
6fb7bb21b9cbf541e89cf071b15a831a85f230c623b14abea986860e82991fcf,mlb,home_runs>=1,runs>=1 & total_bases>=1 & total_bases>=2,3,EXACT_IMPLICATION,3,"[{""explanation"": ""Each credited HR is a hit; Each credited HR contributes four TB; The credited HR batter scores; The credited HR includes the batter's RBI; HRR includes nonnegative hits; hits_plus_runs_plus_RBI is the sum of hits, runs, RBI"", ""proven"": true, ""rule_version"": ""mlb-official-batting-v1""}, {""explanation"": ""Each credited HR is a hit; Each credited HR contributes four TB; The credited HR batter scores; The credited HR includes the batter's RBI; HRR includes nonnegative hits; hits_plus_runs_plus_RBI is the sum of hits, runs, RBI"", ""proven"": true, ""rule_version"": ""mlb-official-batting-v1""}, {""explanation"": ""Each credited HR is a hit; Each credited HR contributes four TB; The credited HR batter scores; The credited HR includes the batter's RBI; HRR includes nonnegative hits; hits_plus_runs_plus_RBI is the sum of hits, runs, RBI"", ""proven"": true, ""rule_version"": ""mlb-official-batting-v1""}]",6863,564,1485,564,0,0.08217980475010928,0.2163776774005537,0.08217980475010928,1.0,0.3797979797979798,4.621548821548822,4.621548821548822,0.07591356395214373,0.08891352075749447,0.20679571667445754,0.22627696698284347,0.07591356395214373,0.08891352075749447,0.9932349800089056,1.0,0.3554533404473364,0.40476290159446,0.0,0.0,0.0005594215104179578,0.0,1.0
6feededa306a4962f8c2c1929f88a10b9c23765628a2a80f89ac702b769da317,mlb,home_runs>=1,hits>=1 & runs>=1 & total_bases>=4,3,EXACT_IMPLICATION,3,"[{""explanation"": ""Each credited HR is a hit; Each credited HR contributes four TB; The credited HR batter scores; The credited HR includes the batter's RBI; HRR includes nonnegative hits; hits_plus_runs_plus_RBI is the sum of hits, runs, RBI"", ""proven"": true, ""rule_version"": ""mlb-official-batting-v1""}, {""explanation"": ""Each credited HR is a hit; Each credited HR contributes four TB; The credited HR batter scores; The credited HR includes the batter's RBI; HRR includes nonnegative hits; hits_plus_runs_plus_RBI is the sum of hits, runs, RBI"", ""proven"": true, ""rule_version"": ""mlb-official-batting-v1""}, {""explanation"": ""Each credited HR is a hit; Each credited HR contributes four TB; The credited HR batter scores; The credited HR includes the batter's RBI; HRR includes nonnegative hits; hits_plus_runs_plus_RBI is the sum of hits, runs, RBI"", ""proven"": true, ""rule_version"": ""mlb-official-batting-v1""}]",6863,564,742,564,0,0.08217980475010928,0.10811598426344164,0.08217980475010928,1.0,0.7601078167115903,9.24932614555256,9.24932614555256,0.07591356395214373,0.08891352075749447,0.10098733174014456,0.11568309348272272,0.07591356395214373,0.08891352075749447,0.9932349800089056,1.0,0.7280930963965941,0.7894431647417095,0.0,0.0,0.0005594215104179578,0.0,1.0
7077b671ef335c082b3886dfa647f0b98e06aa4706e08017028a9d954202c27e,mlb,home_runs>=1,runs>=1 & total_bases>=1 & total_bases>=4,3,EXACT_IMPLICATION,3,"[{""explanation"": ""Each credited HR is a hit; Each credited HR contributes four TB; The credited HR batter scores; The credited HR includes the batter's RBI; HRR includes nonnegative hits; hits_plus_runs_plus_RBI is the sum of hits, runs, RBI"", ""proven"": true, ""rule_version"": ""mlb-official-batting-v1""}, {""explanation"": ""Each credited HR is a hit; Each credited HR contributes four TB; The credited HR batter scores; The credited HR includes the batter's RBI; HRR includes nonnegative hits; hits_plus_runs_plus_RBI is the sum of hits, runs, RBI"", ""proven"": true, ""rule_version"": ""mlb-official-batting-v1""}, {""explanation"": ""Each credited HR is a hit; Each credited HR contributes four TB; The credited HR batter scores; The credited HR includes the batter's RBI; HRR includes nonnegative hits; hits_plus_runs_plus_RBI is the sum of hits, runs, RBI"", ""proven"": true, ""rule_version"": ""mlb-official-batting-v1""}]",6863,564,742,564,0,0.08217980475010928,0.10811598426344164,0.08217980475010928,1.0,0.7601078167115903,9.24932614555256,9.24932614555256,0.07591356395214373,0.08891352075749447,0.10098733174014456,0.11568309348272272,0.07591356395214373,0.08891352075749447,0.9932349800089056,1.0,0.7280930963965941,0.7894431647417095,0.0,0.0,0.0005594215104179578,0.0,1.0
724f88d1bd716bd8f955e5ef380193c91440c979ac9b93c3353e8da17d25238e,mlb,home_runs>=1,hits>=1 & hits_plus_runs_plus_RBI>=1 & runs>=1,3,EXACT_IMPLICATION,3,"[{""explanation"": ""Each credited HR is a hit; Each credited HR contributes four TB; The credited HR batter scores; The credited HR includes the batter's RBI; HRR includes nonnegative hits; hits_plus_runs_plus_RBI is the sum of hits, runs, RBI"", ""proven"": true, ""rule_version"": ""mlb-official-batting-v1""}, {""explanation"": ""Each credited HR is a hit; Each credited HR contributes four TB; The credited HR batter scores; The credited HR includes the batter's RBI; HRR includes nonnegative hits; hits_plus_runs_plus_RBI is the sum of hits, runs, RBI"", ""proven"": true, ""rule_version"": ""mlb-official-batting-v1""}, {""explanation"": ""Each credited HR is a hit; Each credited HR contributes four TB; The credited HR batter scores; The credited HR includes the batter's RBI; HRR includes nonnegative hits; hits_plus_runs_plus_RBI is the sum of hits, runs, RBI"", ""proven"": true, ""rule_version"": ""mlb-official-batting-v1""}]",6863,564,1964,564,0,0.08217980475010928,0.2861722278886784,0.08217980475010928,1.0,0.28716904276985744,3.494399185336049,3.494399185336049,0.07591356395214373,0.08891352075749447,0.27560112095070594,0.29698257453713856,0.07591356395214373,0.08891352075749447,0.9932349800089056,1.0,0.2675900895882196,0.3075789382556161,0.0,0.0,0.0005594215104179578,0.0,1.0
73346c966eb0a49458f97a3885a64cb9eb23c525981083b0029889aba1005b66,mlb,home_runs>=1,RBI>=1 & runs>=1 & total_bases>=2,3,EXACT_IMPLICATION,3,"[{""explanation"": ""Each credited HR is a hit; Each credited HR contributes four TB; The credited HR batter scores; The credited HR includes the batter's RBI; HRR includes nonnegative hits; hits_plus_runs_plus_RBI is the sum of hits, runs, RBI"", ""proven"": true, ""rule_version"": ""mlb-official-batting-v1""}, {""explanation"": ""Each credited HR is a hit; Each credited HR contributes four TB; The credited HR batter scores; The credited HR includes the batter's RBI; HRR includes nonnegative hits; hits_plus_runs_plus_RBI is the sum of hits, runs, RBI"", ""proven"": true, ""rule_version"": ""mlb-official-batting-v1""}, {""explanation"": ""Each credited HR is a hit; Each credited HR contributes four TB; The credited HR batter scores; The credited HR includes the batter's RBI; HRR includes nonnegative hits; hits_plus_runs_plus_RBI is the sum of hits, runs, RBI"", ""proven"": true, ""rule_version"": ""mlb-official-batting-v1""}]",6863,564,957,564,0,0.08217980475010928,0.13944339210257906,0.08217980475010928,1.0,0.5893416927899686,7.171368861024034,7.171368861024033,0.07591356395214373,0.08891352075749447,0.13144932386276914,0.14784086658675122,0.07591356395214373,0.08891352075749447,0.9932349800089056,1.0,0.5578763132498769,0.6200926934267083,0.0,0.0,0.0005594215104179578,0.0,1.0
768a529c03e731986425becb4bdaefd504834e6245f2e1a18cd42fb1d19cce25,mlb,home_runs>=1,runs>=1 & total_bases>=4,2,EXACT_IMPLICATION,2,"[{""explanation"": ""Each credited HR is a hit; Each credited HR contributes four TB; The credited HR batter scores; The credited HR includes the batter's RBI; HRR includes nonnegative hits; hits_plus_runs_plus_RBI is the sum of hits, runs, RBI"", ""proven"": true, ""rule_version"": ""mlb-official-batting-v1""}, {""explanation"": ""Each credited HR is a hit; Each credited HR contributes four TB; The credited HR batter scores; The credited HR includes the batter's RBI; HRR includes nonnegative hits; hits_plus_runs_plus_RBI is the sum of hits, runs, RBI"", ""proven"": true, ""rule_version"": ""mlb-official-batting-v1""}]",6863,564,742,564,0,0.08217980475010928,0.10811598426344164,0.08217980475010928,1.0,0.7601078167115903,9.24932614555256,9.24932614555256,0.07591356395214373,0.08891352075749447,0.10098733174014456,0.11568309348272272,0.07591356395214373,0.08891352075749447,0.9932349800089056,1.0,0.7280930963965941,0.7894431647417095,0.0,0.0,0.0005594215104179578,0.0,1.0
76e48e86bd1e00698a1493c5f534ecb2bf3293ed957923814411a704037ff1bf,mlb,home_runs>=1,RBI>=1 & hits>=1,2,EXACT_IMPLICATION,2,"[{""explanation"": ""Each credited HR is a hit; Each credited HR contributes four TB; The credited HR batter scores; The credited HR includes the batter's RBI; HRR includes nonnegative hits; hits_plus_runs_plus_RBI is the sum of hits, runs, RBI"", ""proven"": true, ""rule_version"": ""mlb-official-batting-v1""}, {""explanation"": ""Each credited HR is a hit; Each credited HR contributes four TB; The credited HR batter scores; The credited HR includes the batter's RBI; HRR includes nonnegative hits; hits_plus_runs_plus_RBI is the sum of hits, runs, RBI"", ""proven"": true, ""rule_version"": ""mlb-official-batting-v1""}]",6863,564,1608,564,0,0.08217980475010928,0.2342998688620137,0.08217980475010928,1.0,0.35074626865671643,4.268034825870647,4.268034825870647,0.07591356395214373,0.08891352075749447,0.22442931380413114,0.24446770065725518,0.07591356395214373,0.08891352075749447,0.9932349800089056,1.0,0.3278027651530493,0.37440119704606634,0.0,0.0,0.0005594215104179578,0.0,1.0
793ae6a0ec54fd7c138ae29e0e2545559d1eb317f492bda8060a55fdae742e64,mlb,home_runs>=1,RBI>=1 & hits>=1 & total_bases>=4,3,EXACT_IMPLICATION,3,"[{""explanation"": ""Each credited HR is a hit; Each credited HR contributes four TB; The credited HR batter scores; The credited HR includes the batter's RBI; HRR includes nonnegative hits; hits_plus_runs_plus_RBI is the sum of hits, runs, RBI"", ""proven"": true, ""rule_version"": ""mlb-official-batting-v1""}, {""explanation"": ""Each credited HR is a hit; Each credited HR contributes four TB; The credited HR batter scores; The credited HR includes the batter's RBI; HRR includes nonnegative hits; hits_plus_runs_plus_RBI is the sum of hits, runs, RBI"", ""proven"": true, ""rule_version"": ""mlb-official-batting-v1""}, {""explanation"": ""Each credited HR is a hit; Each credited HR contributes four TB; The credited HR batter scores; The credited HR includes the batter's RBI; HRR includes nonnegative hits; hits_plus_runs_plus_RBI is the sum of hits, runs, RBI"", ""proven"": true, ""rule_version"": ""mlb-official-batting-v1""}]",6863,564,704,564,0,0.08217980475010928,0.1025790470639662,0.08217980475010928,1.0,0.8011363636363636,9.748579545454545,9.748579545454545,0.07591356395214373,0.08891352075749447,0.09562168883018762,0.1099810569572712,0.07591356395214373,0.08891352075749447,0.9932349800089056,1.0,0.7700524038196274,0.8289517866193011,0.0,0.0,0.0005594215104179578,0.0,1.0
7b3e1cbbed585a8e9586aa734d599b996676a1bf7e08a7e37ed0e064afd908d3,mlb,home_runs>=1,total_bases>=3 & total_bases>=4,2,EXACT_IMPLICATION,2,"[{""explanation"": ""Each credited HR is a hit; Each credited HR contributes four TB; The credited HR batter scores; The credited HR includes the batter's RBI; HRR includes nonnegative hits; hits_plus_runs_plus_RBI is the sum of hits, runs, RBI"", ""proven"": true, ""rule_version"": ""mlb-official-batting-v1""}, {""explanation"": ""Each credited HR is a hit; Each credited HR contributes four TB; The credited HR batter scores; The credited HR includes the batter's RBI; HRR includes nonnegative hits; hits_plus_runs_plus_RBI is the sum of hits, runs, RBI"", ""proven"": true, ""rule_version"": ""mlb-official-batting-v1""}]",6863,564,791,564,0,0.08217980475010928,0.11525571907329156,0.08217980475010928,1.0,0.7130214917825537,8.676359039190897,8.676359039190897,0.07591356395214373,0.08891352075749447,0.10791505722010244,0.12302684938000205,0.07591356395214373,0.08891352075749447,0.9932349800089056,1.0,0.6805277796698896,0.7434561434888327,0.0,0.0,0.0005594215104179578,0.0,1.0
7f92b9885f9ec11a13dada917cebd7318180ad3af4b170fe16c70f1491d71ac3,mlb,home_runs>=1,hits_plus_runs_plus_RBI>=1 & hits_plus_runs_plus_RBI>=3 & total_bases>=3,3,EXACT_IMPLICATION,3,"[{""explanation"": ""Each credited HR is a hit; Each credited HR contributes four TB; The credited HR batter scores; The credited HR includes the batter's RBI; HRR includes nonnegative hits; hits_plus_runs_plus_RBI is the sum of hits, runs, RBI"", ""proven"": true, ""rule_version"": ""mlb-official-batting-v1""}, {""explanation"": ""Each credited HR is a hit; Each credited HR contributes four TB; The credited HR batter scores; The credited HR includes the batter's RBI; HRR includes nonnegative hits; hits_plus_runs_plus_RBI is the sum of hits, runs, RBI"", ""proven"": true, ""rule_version"": ""mlb-official-batting-v1""}, {""explanation"": ""Each credited HR is a hit; Each credited HR contributes four TB; The credited HR batter scores; The credited HR includes the batter's RBI; HRR includes nonnegative hits; hits_plus_runs_plus_RBI is the sum of hits, runs, RBI"", ""proven"": true, ""rule_version"": ""mlb-official-batting-v1""}]",6863,564,1135,564,0,0.08217980475010928,0.1653795716159114,0.08217980475010928,1.0,0.49691629955947136,6.046696035242291,6.046696035242291,0.07591356395214373,0.08891352075749447,0.1567774806586179,0.17435605030413154,0.07591356395214373,0.08891352075749447,0.9932349800089056,1.0,0.46788793047288507,0.5259654720830346,0.0,0.0,0.0005594215104179578,0.0,1.0
80251bd20624b0406ff1aa99b2c2a669b9ff7c31a31437ad756fd9f5b415373d,mlb,home_runs>=1,RBI>=1 & hits_plus_runs_plus_RBI>=2 & total_bases>=4,3,EXACT_IMPLICATION,3,"[{""explanation"": ""Each credited HR is a hit; Each credited HR contributes four TB; The credited HR batter scores; The credited HR includes the batter's RBI; HRR includes nonnegative hits; hits_plus_runs_plus_RBI is the sum of hits, runs, RBI"", ""proven"": true, ""rule_version"": ""mlb-official-batting-v1""}, {""explanation"": ""Each credited HR is a hit; Each credited HR contributes four TB; The credited HR batter scores; The credited HR includes the batter's RBI; HRR includes nonnegative hits; hits_plus_runs_plus_RBI is the sum of hits, runs, RBI"", ""proven"": true, ""rule_version"": ""mlb-official-batting-v1""}, {""explanation"": ""Each credited HR is a hit; Each credited HR contributes four TB; The credited HR batter scores; The credited HR includes the batter's RBI; HRR includes nonnegative hits; hits_plus_runs_plus_RBI is the sum of hits, runs, RBI"", ""proven"": true, ""rule_version"": ""mlb-official-batting-v1""}]",6863,564,704,564,0,0.08217980475010928,0.1025790470639662,0.08217980475010928,1.0,0.8011363636363636,9.748579545454545,9.748579545454545,0.07591356395214373,0.08891352075749447,0.09562168883018762,0.1099810569572712,0.07591356395214373,0.08891352075749447,0.9932349800089056,1.0,0.7700524038196274,0.8289517866193011,0.0,0.0,0.0005594215104179578,0.0,1.0
82a18d03a28eaa26c758ba79e3b2fe29031f0cd7316ad8447e0ee88354aa41a5,mlb,home_runs>=1,RBI>=1 & hits_plus_runs_plus_RBI>=3 & total_bases>=1,3,EXACT_IMPLICATION,3,"[{""explanation"": ""Each credited HR is a hit; Each credited HR contributes four TB; The credited HR batter scores; The credited HR includes the batter's RBI; HRR includes nonnegative hits; hits_plus_runs_plus_RBI is the sum of hits, runs, RBI"", ""proven"": true, ""rule_version"": ""mlb-official-batting-v1""}, {""explanation"": ""Each credited HR is a hit; Each credited HR contributes four TB; The credited HR batter scores; The credited HR includes the batter's RBI; HRR includes nonnegative hits; hits_plus_runs_plus_RBI is the sum of hits, runs, RBI"", ""proven"": true, ""rule_version"": ""mlb-official-batting-v1""}, {""explanation"": ""Each credited HR is a hit; Each credited HR contributes four TB; The credited HR batter scores; The credited HR includes the batter's RBI; HRR includes nonnegative hits; hits_plus_runs_plus_RBI is the sum of hits, runs, RBI"", ""proven"": true, ""rule_version"": ""mlb-official-batting-v1""}]",6863,564,1315,564,0,0.08217980475010928,0.19160716887658458,0.08217980475010928,1.0,0.42889733840304184,5.219011406844107,5.219011406844107,0.07591356395214373,0.08891352075749447,0.182469442247925,0.2010899386720224,0.07591356395214373,0.08891352075749447,0.9932349800089056,1.0,0.4023929219164186,0.4558159638072564,0.0,0.0,0.0005594215104179578,0.0,1.0
838bac9035e0fc882bd8e9d7aa8a36bf5737caad45b8137ef617fd75de852ef9,mlb,home_runs>=1,total_bases>=1 & total_bases>=2 & total_bases>=3,3,EXACT_IMPLICATION,3,"[{""explanation"": ""Each credited HR is a hit; Each credited HR contributes four TB; The credited HR batter scores; The credited HR includes the batter's RBI; HRR includes nonnegative hits; hits_plus_runs_plus_RBI is the sum of hits, runs, RBI"", ""proven"": true, ""rule_version"": ""mlb-official-batting-v1""}, {""explanation"": ""Each credited HR is a hit; Each credited HR contributes four TB; The credited HR batter scores; The credited HR includes the batter's RBI; HRR includes nonnegative hits; hits_plus_runs_plus_RBI is the sum of hits, runs, RBI"", ""proven"": true, ""rule_version"": ""mlb-official-batting-v1""}, {""explanation"": ""Each credited HR is a hit; Each credited HR contributes four TB; The credited HR batter scores; The credited HR includes the batter's RBI; HRR includes nonnegative hits; hits_plus_runs_plus_RBI is the sum of hits, runs, RBI"", ""proven"": true, ""rule_version"": ""mlb-official-batting-v1""}]",6863,564,1215,564,0,0.08217980475010928,0.17703628150954392,0.08217980475010928,1.0,0.4641975308641975,5.648559670781893,5.648559670781893,0.07591356395214373,0.08891352075749447,0.16818715677568946,0.18624675194581464,0.07591356395214373,0.08891352075749447,0.9932349800089056,1.0,0.43631206317800986,0.4923086779607285,0.0,0.0,0.0005594215104179578,0.0,1.0
839effe9ed3b64469e0d89501ab38b3132fb212572e04a098df7f3ecb4e25005,mlb,home_runs>=1,hits>=1 & hits_plus_runs_plus_RBI>=3 & total_bases>=2,3,EXACT_IMPLICATION,3,"[{""explanation"": ""Each credited HR is a hit; Each credited HR contributes four TB; The credited HR batter scores; The credited HR includes the batter's RBI; HRR includes nonnegative hits; hits_plus_runs_plus_RBI is the sum of hits, runs, RBI"", ""proven"": true, ""rule_version"": ""mlb-official-batting-v1""}, {""explanation"": ""Each credited HR is a hit; Each credited HR contributes four TB; The credited HR batter scores; The credited HR includes the batter's RBI; HRR includes nonnegative hits; hits_plus_runs_plus_RBI is the sum of hits, runs, RBI"", ""proven"": true, ""rule_version"": ""mlb-official-batting-v1""}, {""explanation"": ""Each credited HR is a hit; Each credited HR contributes four TB; The credited HR batter scores; The credited HR includes the batter's RBI; HRR includes nonnegative hits; hits_plus_runs_plus_RBI is the sum of hits, runs, RBI"", ""proven"": true, ""rule_version"": ""mlb-official-batting-v1""}]",6863,564,1592,564,0,0.08217980475010928,0.2319685268832872,0.08217980475010928,1.0,0.3542713567839196,4.310929648241206,4.310929648241206,0.07591356395214373,0.08891352075749447,0.22213405499782432,0.24210288391181103,0.07591356395214373,0.08891352075749447,0.9932349800089056,1.0,0.3311531393507233,0.37809116093027706,0.0,0.0,0.0005594215104179578,0.0,1.0
84d9fdd8fe8161ecb6d08ad2f121467bc2a8eb271118f0924859934e184d21f5,mlb,home_runs>=1,hits_plus_runs_plus_RBI>=1 & hits_plus_runs_plus_RBI>=2 & runs>=1,3,EXACT_IMPLICATION,3,"[{""explanation"": ""Each credited HR is a hit; Each credited HR contributes four TB; The credited HR batter scores; The credited HR includes the batter's RBI; HRR includes nonnegative hits; hits_plus_runs_plus_RBI is the sum of hits, runs, RBI"", ""proven"": true, ""rule_version"": ""mlb-official-batting-v1""}, {""explanation"": ""Each credited HR is a hit; Each credited HR contributes four TB; The credited HR batter scores; The credited HR includes the batter's RBI; HRR includes nonnegative hits; hits_plus_runs_plus_RBI is the sum of hits, runs, RBI"", ""proven"": true, ""rule_version"": ""mlb-official-batting-v1""}, {""explanation"": ""Each credited HR is a hit; Each credited HR contributes four TB; The credited HR batter scores; The credited HR includes the batter's RBI; HRR includes nonnegative hits; hits_plus_runs_plus_RBI is the sum of hits, runs, RBI"", ""proven"": true, ""rule_version"": ""mlb-official-batting-v1""}]",6863,564,2006,564,0,0.08217980475010928,0.2922920005828355,0.08217980475010928,1.0,0.2811565304087737,3.42123629112662,3.42123629112662,0.07591356395214373,0.08891352075749447,0.28165022435265424,0.3031661694585364,0.07591356395214373,0.08891352075749447,0.9932349800089056,1.0,0.26191602178054096,0.3012336007199422,0.0,0.0,0.0005594215104179578,0.0,1.0
8638976113205c467fc7fb01e3d175fcda53686fe3a0983b99ef5bcf4d7d87d3,mlb,home_runs>=1,RBI>=1 & total_bases>=2 & total_bases>=4,3,EXACT_IMPLICATION,3,"[{""explanation"": ""Each credited HR is a hit; Each credited HR contributes four TB; The credited HR batter scores; The credited HR includes the batter's RBI; HRR includes nonnegative hits; hits_plus_runs_plus_RBI is the sum of hits, runs, RBI"", ""proven"": true, ""rule_version"": ""mlb-official-batting-v1""}, {""explanation"": ""Each credited HR is a hit; Each credited HR contributes four TB; The credited HR batter scores; The credited HR includes the batter's RBI; HRR includes nonnegative hits; hits_plus_runs_plus_RBI is the sum of hits, runs, RBI"", ""proven"": true, ""rule_version"": ""mlb-official-batting-v1""}, {""explanation"": ""Each credited HR is a hit; Each credited HR contributes four TB; The credited HR batter scores; The credited HR includes the batter's RBI; HRR includes nonnegative hits; hits_plus_runs_plus_RBI is the sum of hits, runs, RBI"", ""proven"": true, ""rule_version"": ""mlb-official-batting-v1""}]",6863,564,704,564,0,0.08217980475010928,0.1025790470639662,0.08217980475010928,1.0,0.8011363636363636,9.748579545454545,9.748579545454545,0.07591356395214373,0.08891352075749447,0.09562168883018762,0.1099810569572712,0.07591356395214373,0.08891352075749447,0.9932349800089056,1.0,0.7700524038196274,0.8289517866193011,0.0,0.0,0.0005594215104179578,0.0,1.0
8691a735a2fd44baa08c6e9ec063cce4a8108ba2a144b853e066e0c1b4a4969c,mlb,home_runs>=1,RBI>=1 & runs>=1,2,EXACT_IMPLICATION,2,"[{""explanation"": ""Each credited HR is a hit; Each credited HR contributes four TB; The credited HR batter scores; The credited HR includes the batter's RBI; HRR includes nonnegative hits; hits_plus_runs_plus_RBI is the sum of hits, runs, RBI"", ""proven"": true, ""rule_version"": ""mlb-official-batting-v1""}, {""explanation"": ""Each credited HR is a hit; Each credited HR contributes four TB; The credited HR batter scores; The credited HR includes the batter's RBI; HRR includes nonnegative hits; hits_plus_runs_plus_RBI is the sum of hits, runs, RBI"", ""proven"": true, ""rule_version"": ""mlb-official-batting-v1""}]",6863,564,1073,564,0,0.08217980475010928,0.1563456214483462,0.08217980475010928,1.0,0.5256290773532153,6.396085740913327,6.3960857409133265,0.07591356395214373,0.08891352075749447,0.14794568721421644,0.16513005098549818,0.07591356395214373,0.08891352075749447,0.9932349800089056,1.0,0.49571316365076884,0.5553621358276087,0.0,0.0,0.0005594215104179578,0.0,1.0
87f5046555bc9807d9296dc6631317d9f167ac8fca374e8627f407b5732dacf5,mlb,home_runs>=1,hits_plus_runs_plus_RBI>=2 & runs>=1 & total_bases>=4,3,EXACT_IMPLICATION,3,"[{""explanation"": ""Each credited HR is a hit; Each credited HR contributes four TB; The credited HR batter scores; The credited HR includes the batter's RBI; HRR includes nonnegative hits; hits_plus_runs_plus_RBI is the sum of hits, runs, RBI"", ""proven"": true, ""rule_version"": ""mlb-official-batting-v1""}, {""explanation"": ""Each credited HR is a hit; Each credited HR contributes four TB; The credited HR batter scores; The credited HR includes the batter's RBI; HRR includes nonnegative hits; hits_plus_runs_plus_RBI is the sum of hits, runs, RBI"", ""proven"": true, ""rule_version"": ""mlb-official-batting-v1""}, {""explanation"": ""Each credited HR is a hit; Each credited HR contributes four TB; The credited HR batter scores; The credited HR includes the batter's RBI; HRR includes nonnegative hits; hits_plus_runs_plus_RBI is the sum of hits, runs, RBI"", ""proven"": true, ""rule_version"": ""mlb-official-batting-v1""}]",6863,564,742,564,0,0.08217980475010928,0.10811598426344164,0.08217980475010928,1.0,0.7601078167115903,9.24932614555256,9.24932614555256,0.07591356395214373,0.08891352075749447,0.10098733174014456,0.11568309348272272,0.07591356395214373,0.08891352075749447,0.9932349800089056,1.0,0.7280930963965941,0.7894431647417095,0.0,0.0,0.0005594215104179578,0.0,1.0
882c3dfd6105832e40d61afeba1ad22c65a212ba18a0699c0432c629843d1b1f,mlb,home_runs>=1,RBI>=1 & runs>=1 & total_bases>=4,3,EXACT_IMPLICATION,3,"[{""explanation"": ""Each credited HR is a hit; Each credited HR contributes four TB; The credited HR batter scores; The credited HR includes the batter's RBI; HRR includes nonnegative hits; hits_plus_runs_plus_RBI is the sum of hits, runs, RBI"", ""proven"": true, ""rule_version"": ""mlb-official-batting-v1""}, {""explanation"": ""Each credited HR is a hit; Each credited HR contributes four TB; The credited HR batter scores; The credited HR includes the batter's RBI; HRR includes nonnegative hits; hits_plus_runs_plus_RBI is the sum of hits, runs, RBI"", ""proven"": true, ""rule_version"": ""mlb-official-batting-v1""}, {""explanation"": ""Each credited HR is a hit; Each credited HR contributes four TB; The credited HR batter scores; The credited HR includes the batter's RBI; HRR includes nonnegative hits; hits_plus_runs_plus_RBI is the sum of hits, runs, RBI"", ""proven"": true, ""rule_version"": ""mlb-official-batting-v1""}]",6863,564,667,564,0,0.08217980475010928,0.09718781873816115,0.08217980475010928,1.0,0.8455772113943029,10.289355322338832,10.28935532233883,0.07591356395214373,0.08891352075749447,0.09040347188458436,0.10442284918945044,0.07591356395214373,0.08891352075749447,0.9932349800089056,1.0,0.8161822806158633,0.8710143646398057,0.0,0.0,0.0005594215104179578,0.0,1.0
884f8c471707a470ca4c1e2384dd4cef557b7a2bfe9e1ef742aa8c0b99fd33b8,mlb,home_runs>=1,total_bases>=3,1,EXACT_IMPLICATION,1,"[{""explanation"": ""Each credited HR is a hit; Each credited HR contributes four TB; The credited HR batter scores; The credited HR includes the batter's RBI; HRR includes nonnegative hits; hits_plus_runs_plus_RBI is the sum of hits, runs, RBI"", ""proven"": true, ""rule_version"": ""mlb-official-batting-v1""}]",6863,564,1215,564,0,0.08217980475010928,0.17703628150954392,0.08217980475010928,1.0,0.4641975308641975,5.648559670781893,5.648559670781893,0.07591356395214373,0.08891352075749447,0.16818715677568946,0.18624675194581464,0.07591356395214373,0.08891352075749447,0.9932349800089056,1.0,0.43631206317800986,0.4923086779607285,0.0,0.0,0.0005594215104179578,0.0,1.0
8b6513506d7be691ba4bdc1afd523a0e25ff5d542dfa939decc345222a6e97f0,mlb,home_runs>=1,RBI>=1 & hits_plus_runs_plus_RBI>=3,2,EXACT_IMPLICATION,2,"[{""explanation"": ""Each credited HR is a hit; Each credited HR contributes four TB; The credited HR batter scores; The credited HR includes the batter's RBI; HRR includes nonnegative hits; hits_plus_runs_plus_RBI is the sum of hits, runs, RBI"", ""proven"": true, ""rule_version"": ""mlb-official-batting-v1""}, {""explanation"": ""Each credited HR is a hit; Each credited HR contributes four TB; The credited HR batter scores; The credited HR includes the batter's RBI; HRR includes nonnegative hits; hits_plus_runs_plus_RBI is the sum of hits, runs, RBI"", ""proven"": true, ""rule_version"": ""mlb-official-batting-v1""}]",6863,564,1319,564,0,0.08217980475010928,0.1921900043712662,0.08217980475010928,1.0,0.4275966641394996,5.203184230477635,5.203184230477635,0.07591356395214373,0.08891352075749447,0.18304117406203216,0.20168322574585298,0.07591356395214373,0.08891352075749447,0.9932349800089056,1.0,0.4011459504398162,0.4544678884473656,0.0,0.0,0.0005594215104179578,0.0,1.0
8c99b609a412cee7b401d9009e835a6ded12d3fb6db1c4ff35eac75633c1748c,mlb,home_runs>=1,hits>=1 & total_bases>=1,2,EXACT_IMPLICATION,2,"[{""explanation"": ""Each credited HR is a hit; Each credited HR contributes four TB; The credited HR batter scores; The credited HR includes the batter's RBI; HRR includes nonnegative hits; hits_plus_runs_plus_RBI is the sum of hits, runs, RBI"", ""proven"": true, ""rule_version"": ""mlb-official-batting-v1""}, {""explanation"": ""Each credited HR is a hit; Each credited HR contributes four TB; The credited HR batter scores; The credited HR includes the batter's RBI; HRR includes nonnegative hits; hits_plus_runs_plus_RBI is the sum of hits, runs, RBI"", ""proven"": true, ""rule_version"": ""mlb-official-batting-v1""}]",6863,564,3819,564,0,0.08217980475010928,0.5564621885472826,0.08217980475010928,1.0,0.1476826394344069,1.79706729510343,1.79706729510343,0.07591356395214373,0.08891352075749447,0.5446801576520175,0.5681810471169504,0.07591356395214373,0.08891352075749447,0.9932349800089056,1.0,0.1367845252427601,0.159288819941127,0.0,0.0,0.0005594215104179578,0.0,1.0
8f6fc9f2d964973e10245ad303e5fad9ef39036cd444b43c5065cccec9d73548,mlb,home_runs>=1,RBI>=1 & hits>=1 & hits_plus_runs_plus_RBI>=1,3,EXACT_IMPLICATION,3,"[{""explanation"": ""Each credited HR is a hit; Each credited HR contributes four TB; The credited HR batter scores; The credited HR includes the batter's RBI; HRR includes nonnegative hits; hits_plus_runs_plus_RBI is the sum of hits, runs, RBI"", ""proven"": true, ""rule_version"": ""mlb-official-batting-v1""}, {""explanation"": ""Each credited HR is a hit; Each credited HR contributes four TB; The credited HR batter scores; The credited HR includes the batter's RBI; HRR includes nonnegative hits; hits_plus_runs_plus_RBI is the sum of hits, runs, RBI"", ""proven"": true, ""rule_version"": ""mlb-official-batting-v1""}, {""explanation"": ""Each credited HR is a hit; Each credited HR contributes four TB; The credited HR batter scores; The credited HR includes the batter's RBI; HRR includes nonnegative hits; hits_plus_runs_plus_RBI is the sum of hits, runs, RBI"", ""proven"": true, ""rule_version"": ""mlb-official-batting-v1""}]",6863,564,1608,564,0,0.08217980475010928,0.2342998688620137,0.08217980475010928,1.0,0.35074626865671643,4.268034825870647,4.268034825870647,0.07591356395214373,0.08891352075749447,0.22442931380413114,0.24446770065725518,0.07591356395214373,0.08891352075749447,0.9932349800089056,1.0,0.3278027651530493,0.37440119704606634,0.0,0.0,0.0005594215104179578,0.0,1.0
90b5ae6ca16b3ab8a1fe36b7de4c2fcc74f652fea5cdde774102a7c074977e2c,mlb,home_runs>=1,RBI>=1 & hits_plus_runs_plus_RBI>=2 & total_bases>=2,3,EXACT_IMPLICATION,3,"[{""explanation"": ""Each credited HR is a hit; Each credited HR contributes four TB; The credited HR batter scores; The credited HR includes the batter's RBI; HRR includes nonnegative hits; hits_plus_runs_plus_RBI is the sum of hits, runs, RBI"", ""proven"": true, ""rule_version"": ""mlb-official-batting-v1""}, {""explanation"": ""Each credited HR is a hit; Each credited HR contributes four TB; The credited HR batter scores; The credited HR includes the batter's RBI; HRR includes nonnegative hits; hits_plus_runs_plus_RBI is the sum of hits, runs, RBI"", ""proven"": true, ""rule_version"": ""mlb-official-batting-v1""}, {""explanation"": ""Each credited HR is a hit; Each credited HR contributes four TB; The credited HR batter scores; The credited HR includes the batter's RBI; HRR includes nonnegative hits; hits_plus_runs_plus_RBI is the sum of hits, runs, RBI"", ""proven"": true, ""rule_version"": ""mlb-official-batting-v1""}]",6863,564,1262,564,0,0.08217980475010928,0.18388459857205303,0.08217980475010928,1.0,0.4469096671949287,5.438193343898574,5.438193343898574,0.07591356395214373,0.08891352075749447,0.17489714831247632,0.19322573234229612,0.07591356395214373,0.08891352075749447,0.9932349800089056,1.0,0.41968192716441677,0.4744596345088441,0.0,0.0,0.0005594215104179578,0.0,1.0
91377697066424a0e77fadb978706036f0392accbf6d4c59b72027e2855974bc,mlb,home_runs>=1,hits>=1 & hits_plus_runs_plus_RBI>=1 & total_bases>=3,3,EXACT_IMPLICATION,3,"[{""explanation"": ""Each credited HR is a hit; Each credited HR contributes four TB; The credited HR batter scores; The credited HR includes the batter's RBI; HRR includes nonnegative hits; hits_plus_runs_plus_RBI is the sum of hits, runs, RBI"", ""proven"": true, ""rule_version"": ""mlb-official-batting-v1""}, {""explanation"": ""Each credited HR is a hit; Each credited HR contributes four TB; The credited HR batter scores; The credited HR includes the batter's RBI; HRR includes nonnegative hits; hits_plus_runs_plus_RBI is the sum of hits, runs, RBI"", ""proven"": true, ""rule_version"": ""mlb-official-batting-v1""}, {""explanation"": ""Each credited HR is a hit; Each credited HR contributes four TB; The credited HR batter scores; The credited HR includes the batter's RBI; HRR includes nonnegative hits; hits_plus_runs_plus_RBI is the sum of hits, runs, RBI"", ""proven"": true, ""rule_version"": ""mlb-official-batting-v1""}]",6863,564,1215,564,0,0.08217980475010928,0.17703628150954392,0.08217980475010928,1.0,0.4641975308641975,5.648559670781893,5.648559670781893,0.07591356395214373,0.08891352075749447,0.16818715677568946,0.18624675194581464,0.07591356395214373,0.08891352075749447,0.9932349800089056,1.0,0.43631206317800986,0.4923086779607285,0.0,0.0,0.0005594215104179578,0.0,1.0
92f1407792f666c632bfa57358f312a50e97064555c733bd31351d54d6d8e4a3,mlb,home_runs>=1,hits>=1 & hits_plus_runs_plus_RBI>=1,2,EXACT_IMPLICATION,2,"[{""explanation"": ""Each credited HR is a hit; Each credited HR contributes four TB; The credited HR batter scores; The credited HR includes the batter's RBI; HRR includes nonnegative hits; hits_plus_runs_plus_RBI is the sum of hits, runs, RBI"", ""proven"": true, ""rule_version"": ""mlb-official-batting-v1""}, {""explanation"": ""Each credited HR is a hit; Each credited HR contributes four TB; The credited HR batter scores; The credited HR includes the batter's RBI; HRR includes nonnegative hits; hits_plus_runs_plus_RBI is the sum of hits, runs, RBI"", ""proven"": true, ""rule_version"": ""mlb-official-batting-v1""}]",6863,564,3819,564,0,0.08217980475010928,0.5564621885472826,0.08217980475010928,1.0,0.1476826394344069,1.79706729510343,1.79706729510343,0.07591356395214373,0.08891352075749447,0.5446801576520175,0.5681810471169504,0.07591356395214373,0.08891352075749447,0.9932349800089056,1.0,0.1367845252427601,0.159288819941127,0.0,0.0,0.0005594215104179578,0.0,1.0
939a94fe46fae3af3aa27225209cc1d2cacc982d9dcda7a3c699d235aeda3e9b,mlb,home_runs>=1,RBI>=1 & hits_plus_runs_plus_RBI>=1 & total_bases>=3,3,EXACT_IMPLICATION,3,"[{""explanation"": ""Each credited HR is a hit; Each credited HR contributes four TB; The credited HR batter scores; The credited HR includes the batter's RBI; HRR includes nonnegative hits; hits_plus_runs_plus_RBI is the sum of hits, runs, RBI"", ""proven"": true, ""rule_version"": ""mlb-official-batting-v1""}, {""explanation"": ""Each credited HR is a hit; Each credited HR contributes four TB; The credited HR batter scores; The credited HR includes the batter's RBI; HRR includes nonnegative hits; hits_plus_runs_plus_RBI is the sum of hits, runs, RBI"", ""proven"": true, ""rule_version"": ""mlb-official-batting-v1""}, {""explanation"": ""Each credited HR is a hit; Each credited HR contributes four TB; The credited HR batter scores; The credited HR includes the batter's RBI; HRR includes nonnegative hits; hits_plus_runs_plus_RBI is the sum of hits, runs, RBI"", ""proven"": true, ""rule_version"": ""mlb-official-batting-v1""}]",6863,564,915,564,0,0.08217980475010928,0.13332361940842197,0.08217980475010928,1.0,0.6163934426229508,7.500546448087431,7.500546448087432,0.07591356395214373,0.08891352075749447,0.12548621193176537,0.14157128019440882,0.07591356395214373,0.08891352075749447,0.9932349800089056,1.0,0.5844618128860933,0.6473518454498933,0.0,0.0,0.0005594215104179578,0.0,1.0
94c760e272c9aace6e570fe1300268105e8f88aa74606d0e240fac1feccdb060,mlb,home_runs>=1,RBI>=1 & total_bases>=3,2,EXACT_IMPLICATION,2,"[{""explanation"": ""Each credited HR is a hit; Each credited HR contributes four TB; The credited HR batter scores; The credited HR includes the batter's RBI; HRR includes nonnegative hits; hits_plus_runs_plus_RBI is the sum of hits, runs, RBI"", ""proven"": true, ""rule_version"": ""mlb-official-batting-v1""}, {""explanation"": ""Each credited HR is a hit; Each credited HR contributes four TB; The credited HR batter scores; The credited HR includes the batter's RBI; HRR includes nonnegative hits; hits_plus_runs_plus_RBI is the sum of hits, runs, RBI"", ""proven"": true, ""rule_version"": ""mlb-official-batting-v1""}]",6863,564,915,564,0,0.08217980475010928,0.13332361940842197,0.08217980475010928,1.0,0.6163934426229508,7.500546448087431,7.500546448087432,0.07591356395214373,0.08891352075749447,0.12548621193176537,0.14157128019440882,0.07591356395214373,0.08891352075749447,0.9932349800089056,1.0,0.5844618128860933,0.6473518454498933,0.0,0.0,0.0005594215104179578,0.0,1.0
971aa78e4cd5655392fbc7b07f0fa6a38376afaf24e408854825056d4ef744e8,mlb,home_runs>=1,RBI>=1 & hits_plus_runs_plus_RBI>=3 & total_bases>=2,3,EXACT_IMPLICATION,3,"[{""explanation"": ""Each credited HR is a hit; Each credited HR contributes four TB; The credited HR batter scores; The credited HR includes the batter's RBI; HRR includes nonnegative hits; hits_plus_runs_plus_RBI is the sum of hits, runs, RBI"", ""proven"": true, ""rule_version"": ""mlb-official-batting-v1""}, {""explanation"": ""Each credited HR is a hit; Each credited HR contributes four TB; The credited HR batter scores; The credited HR includes the batter's RBI; HRR includes nonnegative hits; hits_plus_runs_plus_RBI is the sum of hits, runs, RBI"", ""proven"": true, ""rule_version"": ""mlb-official-batting-v1""}, {""explanation"": ""Each credited HR is a hit; Each credited HR contributes four TB; The credited HR batter scores; The credited HR includes the batter's RBI; HRR includes nonnegative hits; hits_plus_runs_plus_RBI is the sum of hits, runs, RBI"", ""proven"": true, ""rule_version"": ""mlb-official-batting-v1""}]",6863,564,1187,564,0,0.08217980475010928,0.17295643304677255,0.08217980475010928,1.0,0.4751474304970514,5.781802864363942,5.781802864363943,0.07591356395214373,0.08891352075749447,0.16419206871109115,0.1820867077948488,0.07591356395214373,0.08891352075749447,0.9932349800089056,1.0,0.4468643693305844,0.5035908322724665,0.0,0.0,0.0005594215104179578,0.0,1.0
97fda862f244e4627cc16df408fc7f85e261a0aa235ec65c98300471a31e226a,mlb,home_runs>=1,hits_plus_runs_plus_RBI>=2 & runs>=1 & total_bases>=3,3,EXACT_IMPLICATION,3,"[{""explanation"": ""Each credited HR is a hit; Each credited HR contributes four TB; The credited HR batter scores; The credited HR includes the batter's RBI; HRR includes nonnegative hits; hits_plus_runs_plus_RBI is the sum of hits, runs, RBI"", ""proven"": true, ""rule_version"": ""mlb-official-batting-v1""}, {""explanation"": ""Each credited HR is a hit; Each credited HR contributes four TB; The credited HR batter scores; The credited HR includes the batter's RBI; HRR includes nonnegative hits; hits_plus_runs_plus_RBI is the sum of hits, runs, RBI"", ""proven"": true, ""rule_version"": ""mlb-official-batting-v1""}, {""explanation"": ""Each credited HR is a hit; Each credited HR contributes four TB; The credited HR batter scores; The credited HR includes the batter's RBI; HRR includes nonnegative hits; hits_plus_runs_plus_RBI is the sum of hits, runs, RBI"", ""proven"": true, ""rule_version"": ""mlb-official-batting-v1""}]",6863,564,1007,564,0,0.08217980475010928,0.14672883578609938,0.08217980475010928,1.0,0.5600794438927508,6.815292949354518,6.815292949354518,0.07591356395214373,0.08891352075749447,0.13855518252610943,0.15529774402263258,0.07591356395214373,0.08891352075749447,0.9932349800089056,1.0,0.5292504800098802,0.5904517729439763,0.0,0.0,0.0005594215104179578,0.0,1.0
983f34527a442c2834ad1f6b1a1980bd5a85efa9c0b5f3c0955a27e5f08e580f,mlb,home_runs>=1,hits>=1 & hits_plus_runs_plus_RBI>=2 & total_bases>=1,3,EXACT_IMPLICATION,3,"[{""explanation"": ""Each credited HR is a hit; Each credited HR contributes four TB; The credited HR batter scores; The credited HR includes the batter's RBI; HRR includes nonnegative hits; hits_plus_runs_plus_RBI is the sum of hits, runs, RBI"", ""proven"": true, ""rule_version"": ""mlb-official-batting-v1""}, {""explanation"": ""Each credited HR is a hit; Each credited HR contributes four TB; The credited HR batter scores; The credited HR includes the batter's RBI; HRR includes nonnegative hits; hits_plus_runs_plus_RBI is the sum of hits, runs, RBI"", ""proven"": true, ""rule_version"": ""mlb-official-batting-v1""}, {""explanation"": ""Each credited HR is a hit; Each credited HR contributes four TB; The credited HR batter scores; The credited HR includes the batter's RBI; HRR includes nonnegative hits; hits_plus_runs_plus_RBI is the sum of hits, runs, RBI"", ""proven"": true, ""rule_version"": ""mlb-official-batting-v1""}]",6863,564,2742,564,0,0.08217980475010928,0.3995337316042547,0.08217980475010928,1.0,0.20568927789934355,2.5029175784099196,2.5029175784099196,0.07591356395214373,0.08891352075749447,0.3880049429454243,0.41117492624630914,0.07591356395214373,0.08891352075749447,0.9932349800089056,1.0,0.1909768218419708,0.22122522106359682,0.0,0.0,0.0005594215104179578,0.0,1.0
991123d4301778332305338576a3727d68976e9cfeacb4e69751a9026f7190a0,mlb,home_runs>=1,hits_plus_runs_plus_RBI>=1 & hits_plus_runs_plus_RBI>=2 & total_bases>=4,3,EXACT_IMPLICATION,3,"[{""explanation"": ""Each credited HR is a hit; Each credited HR contributes four TB; The credited HR batter scores; The credited HR includes the batter's RBI; HRR includes nonnegative hits; hits_plus_runs_plus_RBI is the sum of hits, runs, RBI"", ""proven"": true, ""rule_version"": ""mlb-official-batting-v1""}, {""explanation"": ""Each credited HR is a hit; Each credited HR contributes four TB; The credited HR batter scores; The credited HR includes the batter's RBI; HRR includes nonnegative hits; hits_plus_runs_plus_RBI is the sum of hits, runs, RBI"", ""proven"": true, ""rule_version"": ""mlb-official-batting-v1""}, {""explanation"": ""Each credited HR is a hit; Each credited HR contributes four TB; The credited HR batter scores; The credited HR includes the batter's RBI; HRR includes nonnegative hits; hits_plus_runs_plus_RBI is the sum of hits, runs, RBI"", ""proven"": true, ""rule_version"": ""mlb-official-batting-v1""}]",6863,564,791,564,0,0.08217980475010928,0.11525571907329156,0.08217980475010928,1.0,0.7130214917825537,8.676359039190897,8.676359039190897,0.07591356395214373,0.08891352075749447,0.10791505722010244,0.12302684938000205,0.07591356395214373,0.08891352075749447,0.9932349800089056,1.0,0.6805277796698896,0.7434561434888327,0.0,0.0,0.0005594215104179578,0.0,1.0
9ab09e57288bf17aa874fd5b0acac106e76afed20152363cb5b27f7c1659f3b5,mlb,home_runs>=1,total_bases>=1 & total_bases>=3,2,EXACT_IMPLICATION,2,"[{""explanation"": ""Each credited HR is a hit; Each credited HR contributes four TB; The credited HR batter scores; The credited HR includes the batter's RBI; HRR includes nonnegative hits; hits_plus_runs_plus_RBI is the sum of hits, runs, RBI"", ""proven"": true, ""rule_version"": ""mlb-official-batting-v1""}, {""explanation"": ""Each credited HR is a hit; Each credited HR contributes four TB; The credited HR batter scores; The credited HR includes the batter's RBI; HRR includes nonnegative hits; hits_plus_runs_plus_RBI is the sum of hits, runs, RBI"", ""proven"": true, ""rule_version"": ""mlb-official-batting-v1""}]",6863,564,1215,564,0,0.08217980475010928,0.17703628150954392,0.08217980475010928,1.0,0.4641975308641975,5.648559670781893,5.648559670781893,0.07591356395214373,0.08891352075749447,0.16818715677568946,0.18624675194581464,0.07591356395214373,0.08891352075749447,0.9932349800089056,1.0,0.43631206317800986,0.4923086779607285,0.0,0.0,0.0005594215104179578,0.0,1.0
9be2345c4d16e823f7d1956a3dbdac5b6fcff0d884d0ecc33ce8176a776992a0,mlb,home_runs>=1,RBI>=1 & hits_plus_runs_plus_RBI>=3 & total_bases>=3,3,EXACT_IMPLICATION,3,"[{""explanation"": ""Each credited HR is a hit; Each credited HR contributes four TB; The credited HR batter scores; The credited HR includes the batter's RBI; HRR includes nonnegative hits; hits_plus_runs_plus_RBI is the sum of hits, runs, RBI"", ""proven"": true, ""rule_version"": ""mlb-official-batting-v1""}, {""explanation"": ""Each credited HR is a hit; Each credited HR contributes four TB; The credited HR batter scores; The credited HR includes the batter's RBI; HRR includes nonnegative hits; hits_plus_runs_plus_RBI is the sum of hits, runs, RBI"", ""proven"": true, ""rule_version"": ""mlb-official-batting-v1""}, {""explanation"": ""Each credited HR is a hit; Each credited HR contributes four TB; The credited HR batter scores; The credited HR includes the batter's RBI; HRR includes nonnegative hits; hits_plus_runs_plus_RBI is the sum of hits, runs, RBI"", ""proven"": true, ""rule_version"": ""mlb-official-batting-v1""}]",6863,564,905,564,0,0.08217980475010928,0.1318665306717179,0.08217980475010928,1.0,0.6232044198895028,7.5834254143646405,7.5834254143646405,0.07591356395214373,0.08891352075749447,0.12406724121739834,0.1400777036889315,0.07591356395214373,0.08891352075749447,0.9932349800089056,1.0,0.5911748894194102,0.65419243822139,0.0,0.0,0.0005594215104179578,0.0,1.0
9dcd4e8be3bf6fe253ff93f7028cbc6ae8a3b49d9b0dc0a5248c9a76320e9eeb,mlb,home_runs>=1,RBI>=1 & hits_plus_runs_plus_RBI>=2,2,EXACT_IMPLICATION,2,"[{""explanation"": ""Each credited HR is a hit; Each credited HR contributes four TB; The credited HR batter scores; The credited HR includes the batter's RBI; HRR includes nonnegative hits; hits_plus_runs_plus_RBI is the sum of hits, runs, RBI"", ""proven"": true, ""rule_version"": ""mlb-official-batting-v1""}, {""explanation"": ""Each credited HR is a hit; Each credited HR contributes four TB; The credited HR batter scores; The credited HR includes the batter's RBI; HRR includes nonnegative hits; hits_plus_runs_plus_RBI is the sum of hits, runs, RBI"", ""proven"": true, ""rule_version"": ""mlb-official-batting-v1""}]",6863,564,1634,564,0,0.08217980475010928,0.23808829957744426,0.08217980475010928,1.0,0.34516523867809057,4.200122399020808,4.200122399020808,0.07591356395214373,0.08891352075749447,0.22816000870402398,0.24830962852895755,0.07591356395214373,0.08891352075749447,0.9932349800089056,1.0,0.32250095942171086,0.3685558292101153,0.0,0.0,0.0005594215104179578,0.0,1.0
9f2947d19874708877c7b86cb9fb39d6b1ed47a7a3d42ec2cadf56628ae526f5,mlb,home_runs>=1,hits_plus_runs_plus_RBI>=1 & runs>=1 & total_bases>=1,3,EXACT_IMPLICATION,3,"[{""explanation"": ""Each credited HR is a hit; Each credited HR contributes four TB; The credited HR batter scores; The credited HR includes the batter's RBI; HRR includes nonnegative hits; hits_plus_runs_plus_RBI is the sum of hits, runs, RBI"", ""proven"": true, ""rule_version"": ""mlb-official-batting-v1""}, {""explanation"": ""Each credited HR is a hit; Each credited HR contributes four TB; The credited HR batter scores; The credited HR includes the batter's RBI; HRR includes nonnegative hits; hits_plus_runs_plus_RBI is the sum of hits, runs, RBI"", ""proven"": true, ""rule_version"": ""mlb-official-batting-v1""}, {""explanation"": ""Each credited HR is a hit; Each credited HR contributes four TB; The credited HR batter scores; The credited HR includes the batter's RBI; HRR includes nonnegative hits; hits_plus_runs_plus_RBI is the sum of hits, runs, RBI"", ""proven"": true, ""rule_version"": ""mlb-official-batting-v1""}]",6863,564,1964,564,0,0.08217980475010928,0.2861722278886784,0.08217980475010928,1.0,0.28716904276985744,3.494399185336049,3.494399185336049,0.07591356395214373,0.08891352075749447,0.27560112095070594,0.29698257453713856,0.07591356395214373,0.08891352075749447,0.9932349800089056,1.0,0.2675900895882196,0.3075789382556161,0.0,0.0,0.0005594215104179578,0.0,1.0
a038f172139f259e708cca9c255d89f4403a3335e2165820b04cc581c95a1f4b,mlb,home_runs>=1,hits>=1 & hits_plus_runs_plus_RBI>=2 & total_bases>=2,3,EXACT_IMPLICATION,3,"[{""explanation"": ""Each credited HR is a hit; Each credited HR contributes four TB; The credited HR batter scores; The credited HR includes the batter's RBI; HRR includes nonnegative hits; hits_plus_runs_plus_RBI is the sum of hits, runs, RBI"", ""proven"": true, ""rule_version"": ""mlb-official-batting-v1""}, {""explanation"": ""Each credited HR is a hit; Each credited HR contributes four TB; The credited HR batter scores; The credited HR includes the batter's RBI; HRR includes nonnegative hits; hits_plus_runs_plus_RBI is the sum of hits, runs, RBI"", ""proven"": true, ""rule_version"": ""mlb-official-batting-v1""}, {""explanation"": ""Each credited HR is a hit; Each credited HR contributes four TB; The credited HR batter scores; The credited HR includes the batter's RBI; HRR includes nonnegative hits; hits_plus_runs_plus_RBI is the sum of hits, runs, RBI"", ""proven"": true, ""rule_version"": ""mlb-official-batting-v1""}]",6863,564,2010,564,0,0.08217980475010928,0.29287483607751713,0.08217980475010928,1.0,0.28059701492537314,3.4144278606965175,3.4144278606965175,0.07591356395214373,0.08891352075749447,0.28222645280215375,0.30375495989697465,0.07591356395214373,0.08891352075749447,0.9932349800089056,1.0,0.2613881740786782,0.3006428904141051,0.0,0.0,0.0005594215104179578,0.0,1.0
a067b6ff28f93cbfba556e7a9e5021a8744feace853665a1189e80767d5f58d3,mlb,home_runs>=1,hits>=1 & total_bases>=1 & total_bases>=3,3,EXACT_IMPLICATION,3,"[{""explanation"": ""Each credited HR is a hit; Each credited HR contributes four TB; The credited HR batter scores; The credited HR includes the batter's RBI; HRR includes nonnegative hits; hits_plus_runs_plus_RBI is the sum of hits, runs, RBI"", ""proven"": true, ""rule_version"": ""mlb-official-batting-v1""}, {""explanation"": ""Each credited HR is a hit; Each credited HR contributes four TB; The credited HR batter scores; The credited HR includes the batter's RBI; HRR includes nonnegative hits; hits_plus_runs_plus_RBI is the sum of hits, runs, RBI"", ""proven"": true, ""rule_version"": ""mlb-official-batting-v1""}, {""explanation"": ""Each credited HR is a hit; Each credited HR contributes four TB; The credited HR batter scores; The credited HR includes the batter's RBI; HRR includes nonnegative hits; hits_plus_runs_plus_RBI is the sum of hits, runs, RBI"", ""proven"": true, ""rule_version"": ""mlb-official-batting-v1""}]",6863,564,1215,564,0,0.08217980475010928,0.17703628150954392,0.08217980475010928,1.0,0.4641975308641975,5.648559670781893,5.648559670781893,0.07591356395214373,0.08891352075749447,0.16818715677568946,0.18624675194581464,0.07591356395214373,0.08891352075749447,0.9932349800089056,1.0,0.43631206317800986,0.4923086779607285,0.0,0.0,0.0005594215104179578,0.0,1.0
a19d6228006ab897b9fe408283298bdd0a0311b9d811a15f27a001d7e3d3887e,mlb,home_runs>=1,hits_plus_runs_plus_RBI>=1 & hits_plus_runs_plus_RBI>=2 & hits_plus_runs_plus_RBI>=3,3,EXACT_IMPLICATION,3,"[{""explanation"": ""Each credited HR is a hit; Each credited HR contributes four TB; The credited HR batter scores; The credited HR includes the batter's RBI; HRR includes nonnegative hits; hits_plus_runs_plus_RBI is the sum of hits, runs, RBI"", ""proven"": true, ""rule_version"": ""mlb-official-batting-v1""}, {""explanation"": ""Each credited HR is a hit; Each credited HR contributes four TB; The credited HR batter scores; The credited HR includes the batter's RBI; HRR includes nonnegative hits; hits_plus_runs_plus_RBI is the sum of hits, runs, RBI"", ""proven"": true, ""rule_version"": ""mlb-official-batting-v1""}, {""explanation"": ""Each credited HR is a hit; Each credited HR contributes four TB; The credited HR batter scores; The credited HR includes the batter's RBI; HRR includes nonnegative hits; hits_plus_runs_plus_RBI is the sum of hits, runs, RBI"", ""proven"": true, ""rule_version"": ""mlb-official-batting-v1""}]",6863,564,1770,564,0,0.08217980475010928,0.25790470639661955,0.08217980475010928,1.0,0.31864406779661014,3.877401129943503,3.877401129943503,0.07591356395214373,0.08891352075749447,0.24769190548167133,0.26838837394119314,0.07591356395214373,0.08891352075749447,0.9932349800089056,1.0,0.29734969628900226,0.3407239337935745,0.0,0.0,0.0005594215104179578,0.0,1.0
a26515d1051c0f639771888c2e7fea4363f964d94442aa5224e0becc8c2e5699,mlb,home_runs>=1,hits_plus_runs_plus_RBI>=1 & total_bases>=3 & total_bases>=4,3,EXACT_IMPLICATION,3,"[{""explanation"": ""Each credited HR is a hit; Each credited HR contributes four TB; The credited HR batter scores; The credited HR includes the batter's RBI; HRR includes nonnegative hits; hits_plus_runs_plus_RBI is the sum of hits, runs, RBI"", ""proven"": true, ""rule_version"": ""mlb-official-batting-v1""}, {""explanation"": ""Each credited HR is a hit; Each credited HR contributes four TB; The credited HR batter scores; The credited HR includes the batter's RBI; HRR includes nonnegative hits; hits_plus_runs_plus_RBI is the sum of hits, runs, RBI"", ""proven"": true, ""rule_version"": ""mlb-official-batting-v1""}, {""explanation"": ""Each credited HR is a hit; Each credited HR contributes four TB; The credited HR batter scores; The credited HR includes the batter's RBI; HRR includes nonnegative hits; hits_plus_runs_plus_RBI is the sum of hits, runs, RBI"", ""proven"": true, ""rule_version"": ""mlb-official-batting-v1""}]",6863,564,791,564,0,0.08217980475010928,0.11525571907329156,0.08217980475010928,1.0,0.7130214917825537,8.676359039190897,8.676359039190897,0.07591356395214373,0.08891352075749447,0.10791505722010244,0.12302684938000205,0.07591356395214373,0.08891352075749447,0.9932349800089056,1.0,0.6805277796698896,0.7434561434888327,0.0,0.0,0.0005594215104179578,0.0,1.0
a344542bb3ebb84f57c4ac4147247965163a4ebd3b2194e2e17fb257d208a12b,mlb,home_runs>=1,hits_plus_runs_plus_RBI>=3 & runs>=1,2,EXACT_IMPLICATION,2,"[{""explanation"": ""Each credited HR is a hit; Each credited HR contributes four TB; The credited HR batter scores; The credited HR includes the batter's RBI; HRR includes nonnegative hits; hits_plus_runs_plus_RBI is the sum of hits, runs, RBI"", ""proven"": true, ""rule_version"": ""mlb-official-batting-v1""}, {""explanation"": ""Each credited HR is a hit; Each credited HR contributes four TB; The credited HR batter scores; The credited HR includes the batter's RBI; HRR includes nonnegative hits; hits_plus_runs_plus_RBI is the sum of hits, runs, RBI"", ""proven"": true, ""rule_version"": ""mlb-official-batting-v1""}]",6863,564,1477,564,0,0.08217980475010928,0.21521200641119045,0.08217980475010928,1.0,0.3818551117129316,4.646580907244414,4.646580907244414,0.07591356395214373,0.08891352075749447,0.20564973230065467,0.2250929135807709,0.07591356395214373,0.08891352075749447,0.9932349800089056,1.0,0.3574146487685534,0.40690853524201914,0.0,0.0,0.0005594215104179578,0.0,1.0
a5a0d1581572589eaf4a5dcf954f1f8ceeee35f0eb1f0c857edc41aa02ee8328,mlb,home_runs>=1,total_bases>=4,1,EXACT_IMPLICATION,1,"[{""explanation"": ""Each credited HR is a hit; Each credited HR contributes four TB; The credited HR batter scores; The credited HR includes the batter's RBI; HRR includes nonnegative hits; hits_plus_runs_plus_RBI is the sum of hits, runs, RBI"", ""proven"": true, ""rule_version"": ""mlb-official-batting-v1""}]",6863,564,791,564,0,0.08217980475010928,0.11525571907329156,0.08217980475010928,1.0,0.7130214917825537,8.676359039190897,8.676359039190897,0.07591356395214373,0.08891352075749447,0.10791505722010244,0.12302684938000205,0.07591356395214373,0.08891352075749447,0.9932349800089056,1.0,0.6805277796698896,0.7434561434888327,0.0,0.0,0.0005594215104179578,0.0,1.0
a7a8c21e7c8179e0eccf333140f03de936932384d12e9a0e2a315f790f3dad1d,mlb,home_runs>=1,hits>=1 & hits_plus_runs_plus_RBI>=3 & total_bases>=3,3,EXACT_IMPLICATION,3,"[{""explanation"": ""Each credited HR is a hit; Each credited HR contributes four TB; The credited HR batter scores; The credited HR includes the batter's RBI; HRR includes nonnegative hits; hits_plus_runs_plus_RBI is the sum of hits, runs, RBI"", ""proven"": true, ""rule_version"": ""mlb-official-batting-v1""}, {""explanation"": ""Each credited HR is a hit; Each credited HR contributes four TB; The credited HR batter scores; The credited HR includes the batter's RBI; HRR includes nonnegative hits; hits_plus_runs_plus_RBI is the sum of hits, runs, RBI"", ""proven"": true, ""rule_version"": ""mlb-official-batting-v1""}, {""explanation"": ""Each credited HR is a hit; Each credited HR contributes four TB; The credited HR batter scores; The credited HR includes the batter's RBI; HRR includes nonnegative hits; hits_plus_runs_plus_RBI is the sum of hits, runs, RBI"", ""proven"": true, ""rule_version"": ""mlb-official-batting-v1""}]",6863,564,1135,564,0,0.08217980475010928,0.1653795716159114,0.08217980475010928,1.0,0.49691629955947136,6.046696035242291,6.046696035242291,0.07591356395214373,0.08891352075749447,0.1567774806586179,0.17435605030413154,0.07591356395214373,0.08891352075749447,0.9932349800089056,1.0,0.46788793047288507,0.5259654720830346,0.0,0.0,0.0005594215104179578,0.0,1.0
a8b68a70db8062f7de716ccca2c203c91e723502556a4468fcf997117132ad8f,mlb,home_runs>=1,hits_plus_runs_plus_RBI>=2,1,EXACT_IMPLICATION,1,"[{""explanation"": ""Each credited HR is a hit; Each credited HR contributes four TB; The credited HR batter scores; The credited HR includes the batter's RBI; HRR includes nonnegative hits; hits_plus_runs_plus_RBI is the sum of hits, runs, RBI"", ""proven"": true, ""rule_version"": ""mlb-official-batting-v1""}]",6863,564,2787,564,0,0.08217980475010928,0.406090630919423,0.08217980475010928,1.0,0.2023681377825619,2.4625044851094366,2.4625044851094366,0.07591356395214373,0.08891352075749447,0.394527460255928,0.4177588714251049,0.07591356395214373,0.08891352075749447,0.9932349800089056,1.0,0.1878664695734981,0.2176891578317822,0.0,0.0,0.0005594215104179578,0.0,1.0
aaf4019ad4d489658a6a96fdd8263fe8d24cac2cb4d482018d9c596ebf43b990,mlb,home_runs>=1,hits_plus_runs_plus_RBI>=2 & total_bases>=3 & total_bases>=4,3,EXACT_IMPLICATION,3,"[{""explanation"": ""Each credited HR is a hit; Each credited HR contributes four TB; The credited HR batter scores; The credited HR includes the batter's RBI; HRR includes nonnegative hits; hits_plus_runs_plus_RBI is the sum of hits, runs, RBI"", ""proven"": true, ""rule_version"": ""mlb-official-batting-v1""}, {""explanation"": ""Each credited HR is a hit; Each credited HR contributes four TB; The credited HR batter scores; The credited HR includes the batter's RBI; HRR includes nonnegative hits; hits_plus_runs_plus_RBI is the sum of hits, runs, RBI"", ""proven"": true, ""rule_version"": ""mlb-official-batting-v1""}, {""explanation"": ""Each credited HR is a hit; Each credited HR contributes four TB; The credited HR batter scores; The credited HR includes the batter's RBI; HRR includes nonnegative hits; hits_plus_runs_plus_RBI is the sum of hits, runs, RBI"", ""proven"": true, ""rule_version"": ""mlb-official-batting-v1""}]",6863,564,791,564,0,0.08217980475010928,0.11525571907329156,0.08217980475010928,1.0,0.7130214917825537,8.676359039190897,8.676359039190897,0.07591356395214373,0.08891352075749447,0.10791505722010244,0.12302684938000205,0.07591356395214373,0.08891352075749447,0.9932349800089056,1.0,0.6805277796698896,0.7434561434888327,0.0,0.0,0.0005594215104179578,0.0,1.0
abce8d0ad28154fd8b2c20755da2399577308a935c3688594e181159795ca757,mlb,home_runs>=1,hits_plus_runs_plus_RBI>=1 & total_bases>=3,2,EXACT_IMPLICATION,2,"[{""explanation"": ""Each credited HR is a hit; Each credited HR contributes four TB; The credited HR batter scores; The credited HR includes the batter's RBI; HRR includes nonnegative hits; hits_plus_runs_plus_RBI is the sum of hits, runs, RBI"", ""proven"": true, ""rule_version"": ""mlb-official-batting-v1""}, {""explanation"": ""Each credited HR is a hit; Each credited HR contributes four TB; The credited HR batter scores; The credited HR includes the batter's RBI; HRR includes nonnegative hits; hits_plus_runs_plus_RBI is the sum of hits, runs, RBI"", ""proven"": true, ""rule_version"": ""mlb-official-batting-v1""}]",6863,564,1215,564,0,0.08217980475010928,0.17703628150954392,0.08217980475010928,1.0,0.4641975308641975,5.648559670781893,5.648559670781893,0.07591356395214373,0.08891352075749447,0.16818715677568946,0.18624675194581464,0.07591356395214373,0.08891352075749447,0.9932349800089056,1.0,0.43631206317800986,0.4923086779607285,0.0,0.0,0.0005594215104179578,0.0,1.0
aead7f822c03db7e82cfc435e94bdd5f82c5a8f0ecb2821270361513de0576c0,mlb,home_runs>=1,hits>=1 & total_bases>=3 & total_bases>=4,3,EXACT_IMPLICATION,3,"[{""explanation"": ""Each credited HR is a hit; Each credited HR contributes four TB; The credited HR batter scores; The credited HR includes the batter's RBI; HRR includes nonnegative hits; hits_plus_runs_plus_RBI is the sum of hits, runs, RBI"", ""proven"": true, ""rule_version"": ""mlb-official-batting-v1""}, {""explanation"": ""Each credited HR is a hit; Each credited HR contributes four TB; The credited HR batter scores; The credited HR includes the batter's RBI; HRR includes nonnegative hits; hits_plus_runs_plus_RBI is the sum of hits, runs, RBI"", ""proven"": true, ""rule_version"": ""mlb-official-batting-v1""}, {""explanation"": ""Each credited HR is a hit; Each credited HR contributes four TB; The credited HR batter scores; The credited HR includes the batter's RBI; HRR includes nonnegative hits; hits_plus_runs_plus_RBI is the sum of hits, runs, RBI"", ""proven"": true, ""rule_version"": ""mlb-official-batting-v1""}]",6863,564,791,564,0,0.08217980475010928,0.11525571907329156,0.08217980475010928,1.0,0.7130214917825537,8.676359039190897,8.676359039190897,0.07591356395214373,0.08891352075749447,0.10791505722010244,0.12302684938000205,0.07591356395214373,0.08891352075749447,0.9932349800089056,1.0,0.6805277796698896,0.7434561434888327,0.0,0.0,0.0005594215104179578,0.0,1.0
b0a79a2a25a92001a565c1e78671e9ab174318dad9d683c3c0831d1b5d5c210d,mlb,home_runs>=1,hits_plus_runs_plus_RBI>=1 & total_bases>=1 & total_bases>=4,3,EXACT_IMPLICATION,3,"[{""explanation"": ""Each credited HR is a hit; Each credited HR contributes four TB; The credited HR batter scores; The credited HR includes the batter's RBI; HRR includes nonnegative hits; hits_plus_runs_plus_RBI is the sum of hits, runs, RBI"", ""proven"": true, ""rule_version"": ""mlb-official-batting-v1""}, {""explanation"": ""Each credited HR is a hit; Each credited HR contributes four TB; The credited HR batter scores; The credited HR includes the batter's RBI; HRR includes nonnegative hits; hits_plus_runs_plus_RBI is the sum of hits, runs, RBI"", ""proven"": true, ""rule_version"": ""mlb-official-batting-v1""}, {""explanation"": ""Each credited HR is a hit; Each credited HR contributes four TB; The credited HR batter scores; The credited HR includes the batter's RBI; HRR includes nonnegative hits; hits_plus_runs_plus_RBI is the sum of hits, runs, RBI"", ""proven"": true, ""rule_version"": ""mlb-official-batting-v1""}]",6863,564,791,564,0,0.08217980475010928,0.11525571907329156,0.08217980475010928,1.0,0.7130214917825537,8.676359039190897,8.676359039190897,0.07591356395214373,0.08891352075749447,0.10791505722010244,0.12302684938000205,0.07591356395214373,0.08891352075749447,0.9932349800089056,1.0,0.6805277796698896,0.7434561434888327,0.0,0.0,0.0005594215104179578,0.0,1.0
b20f1850bd7996c44838d9585f26b4521eec985b133cf4b46e547fa65f41413f,mlb,home_runs>=1,RBI>=1 & hits>=1 & total_bases>=2,3,EXACT_IMPLICATION,3,"[{""explanation"": ""Each credited HR is a hit; Each credited HR contributes four TB; The credited HR batter scores; The credited HR includes the batter's RBI; HRR includes nonnegative hits; hits_plus_runs_plus_RBI is the sum of hits, runs, RBI"", ""proven"": true, ""rule_version"": ""mlb-official-batting-v1""}, {""explanation"": ""Each credited HR is a hit; Each credited HR contributes four TB; The credited HR batter scores; The credited HR includes the batter's RBI; HRR includes nonnegative hits; hits_plus_runs_plus_RBI is the sum of hits, runs, RBI"", ""proven"": true, ""rule_version"": ""mlb-official-batting-v1""}, {""explanation"": ""Each credited HR is a hit; Each credited HR contributes four TB; The credited HR batter scores; The credited HR includes the batter's RBI; HRR includes nonnegative hits; hits_plus_runs_plus_RBI is the sum of hits, runs, RBI"", ""proven"": true, ""rule_version"": ""mlb-official-batting-v1""}]",6863,564,1262,564,0,0.08217980475010928,0.18388459857205303,0.08217980475010928,1.0,0.4469096671949287,5.438193343898574,5.438193343898574,0.07591356395214373,0.08891352075749447,0.17489714831247632,0.19322573234229612,0.07591356395214373,0.08891352075749447,0.9932349800089056,1.0,0.41968192716441677,0.4744596345088441,0.0,0.0,0.0005594215104179578,0.0,1.0
b358287953329a1e09c783106ae1d840569e21274d37b1b12f91680b223ba25c,mlb,home_runs>=1,hits_plus_runs_plus_RBI>=3 & runs>=1 & total_bases>=4,3,EXACT_IMPLICATION,3,"[{""explanation"": ""Each credited HR is a hit; Each credited HR contributes four TB; The credited HR batter scores; The credited HR includes the batter's RBI; HRR includes nonnegative hits; hits_plus_runs_plus_RBI is the sum of hits, runs, RBI"", ""proven"": true, ""rule_version"": ""mlb-official-batting-v1""}, {""explanation"": ""Each credited HR is a hit; Each credited HR contributes four TB; The credited HR batter scores; The credited HR includes the batter's RBI; HRR includes nonnegative hits; hits_plus_runs_plus_RBI is the sum of hits, runs, RBI"", ""proven"": true, ""rule_version"": ""mlb-official-batting-v1""}, {""explanation"": ""Each credited HR is a hit; Each credited HR contributes four TB; The credited HR batter scores; The credited HR includes the batter's RBI; HRR includes nonnegative hits; hits_plus_runs_plus_RBI is the sum of hits, runs, RBI"", ""proven"": true, ""rule_version"": ""mlb-official-batting-v1""}]",6863,564,742,564,0,0.08217980475010928,0.10811598426344164,0.08217980475010928,1.0,0.7601078167115903,9.24932614555256,9.24932614555256,0.07591356395214373,0.08891352075749447,0.10098733174014456,0.11568309348272272,0.07591356395214373,0.08891352075749447,0.9932349800089056,1.0,0.7280930963965941,0.7894431647417095,0.0,0.0,0.0005594215104179578,0.0,1.0
b49a9dbda5eab346cbd355c29f2b3d80829a8985eac40b570f57d6a4810b6357,mlb,home_runs>=1,hits_plus_runs_plus_RBI>=2 & total_bases>=2 & total_bases>=3,3,EXACT_IMPLICATION,3,"[{""explanation"": ""Each credited HR is a hit; Each credited HR contributes four TB; The credited HR batter scores; The credited HR includes the batter's RBI; HRR includes nonnegative hits; hits_plus_runs_plus_RBI is the sum of hits, runs, RBI"", ""proven"": true, ""rule_version"": ""mlb-official-batting-v1""}, {""explanation"": ""Each credited HR is a hit; Each credited HR contributes four TB; The credited HR batter scores; The credited HR includes the batter's RBI; HRR includes nonnegative hits; hits_plus_runs_plus_RBI is the sum of hits, runs, RBI"", ""proven"": true, ""rule_version"": ""mlb-official-batting-v1""}, {""explanation"": ""Each credited HR is a hit; Each credited HR contributes four TB; The credited HR batter scores; The credited HR includes the batter's RBI; HRR includes nonnegative hits; hits_plus_runs_plus_RBI is the sum of hits, runs, RBI"", ""proven"": true, ""rule_version"": ""mlb-official-batting-v1""}]",6863,564,1205,564,0,0.08217980475010928,0.17557919277283987,0.08217980475010928,1.0,0.46804979253112033,5.695435684647302,5.695435684647303,0.07591356395214373,0.08891352075749447,0.16676013414692334,0.1847612273547364,0.07591356395214373,0.08891352075749447,0.9932349800089056,1.0,0.44002274665619484,0.4962799012732379,0.0,0.0,0.0005594215104179578,0.0,1.0
b53f6810b175ff70ab89b95958e5b558ff64a1e4d044b11b51a7c9b9af0234ca,mlb,home_runs>=1,hits_plus_runs_plus_RBI>=3 & total_bases>=1 & total_bases>=4,3,EXACT_IMPLICATION,3,"[{""explanation"": ""Each credited HR is a hit; Each credited HR contributes four TB; The credited HR batter scores; The credited HR includes the batter's RBI; HRR includes nonnegative hits; hits_plus_runs_plus_RBI is the sum of hits, runs, RBI"", ""proven"": true, ""rule_version"": ""mlb-official-batting-v1""}, {""explanation"": ""Each credited HR is a hit; Each credited HR contributes four TB; The credited HR batter scores; The credited HR includes the batter's RBI; HRR includes nonnegative hits; hits_plus_runs_plus_RBI is the sum of hits, runs, RBI"", ""proven"": true, ""rule_version"": ""mlb-official-batting-v1""}, {""explanation"": ""Each credited HR is a hit; Each credited HR contributes four TB; The credited HR batter scores; The credited HR includes the batter's RBI; HRR includes nonnegative hits; hits_plus_runs_plus_RBI is the sum of hits, runs, RBI"", ""proven"": true, ""rule_version"": ""mlb-official-batting-v1""}]",6863,564,788,564,0,0.08217980475010928,0.11481859245228035,0.08217980475010928,1.0,0.7157360406091371,8.709390862944163,8.709390862944161,0.07591356395214373,0.08891352075749447,0.10749063733176285,0.12257750510238836,0.07591356395214373,0.08891352075749447,0.9932349800089056,1.0,0.683254896864254,0.7461239847446595,0.0,0.0,0.0005594215104179578,0.0,1.0
b5ece959ffb35c87e92c7ba163d0fb68084e8d81436137f13a1c1952f7727c5e,mlb,home_runs>=1,hits_plus_runs_plus_RBI>=1 & hits_plus_runs_plus_RBI>=3 & total_bases>=4,3,EXACT_IMPLICATION,3,"[{""explanation"": ""Each credited HR is a hit; Each credited HR contributes four TB; The credited HR batter scores; The credited HR includes the batter's RBI; HRR includes nonnegative hits; hits_plus_runs_plus_RBI is the sum of hits, runs, RBI"", ""proven"": true, ""rule_version"": ""mlb-official-batting-v1""}, {""explanation"": ""Each credited HR is a hit; Each credited HR contributes four TB; The credited HR batter scores; The credited HR includes the batter's RBI; HRR includes nonnegative hits; hits_plus_runs_plus_RBI is the sum of hits, runs, RBI"", ""proven"": true, ""rule_version"": ""mlb-official-batting-v1""}, {""explanation"": ""Each credited HR is a hit; Each credited HR contributes four TB; The credited HR batter scores; The credited HR includes the batter's RBI; HRR includes nonnegative hits; hits_plus_runs_plus_RBI is the sum of hits, runs, RBI"", ""proven"": true, ""rule_version"": ""mlb-official-batting-v1""}]",6863,564,788,564,0,0.08217980475010928,0.11481859245228035,0.08217980475010928,1.0,0.7157360406091371,8.709390862944163,8.709390862944161,0.07591356395214373,0.08891352075749447,0.10749063733176285,0.12257750510238836,0.07591356395214373,0.08891352075749447,0.9932349800089056,1.0,0.683254896864254,0.7461239847446595,0.0,0.0,0.0005594215104179578,0.0,1.0
b74cfaff160be5c9b9230bcd2872714ca0aa6465009466f9c9a643afa31602ba,mlb,home_runs>=1,RBI>=1 & hits_plus_runs_plus_RBI>=2 & runs>=1,3,EXACT_IMPLICATION,3,"[{""explanation"": ""Each credited HR is a hit; Each credited HR contributes four TB; The credited HR batter scores; The credited HR includes the batter's RBI; HRR includes nonnegative hits; hits_plus_runs_plus_RBI is the sum of hits, runs, RBI"", ""proven"": true, ""rule_version"": ""mlb-official-batting-v1""}, {""explanation"": ""Each credited HR is a hit; Each credited HR contributes four TB; The credited HR batter scores; The credited HR includes the batter's RBI; HRR includes nonnegative hits; hits_plus_runs_plus_RBI is the sum of hits, runs, RBI"", ""proven"": true, ""rule_version"": ""mlb-official-batting-v1""}, {""explanation"": ""Each credited HR is a hit; Each credited HR contributes four TB; The credited HR batter scores; The credited HR includes the batter's RBI; HRR includes nonnegative hits; hits_plus_runs_plus_RBI is the sum of hits, runs, RBI"", ""proven"": true, ""rule_version"": ""mlb-official-batting-v1""}]",6863,564,1073,564,0,0.08217980475010928,0.1563456214483462,0.08217980475010928,1.0,0.5256290773532153,6.396085740913327,6.3960857409133265,0.07591356395214373,0.08891352075749447,0.14794568721421644,0.16513005098549818,0.07591356395214373,0.08891352075749447,0.9932349800089056,1.0,0.49571316365076884,0.5553621358276087,0.0,0.0,0.0005594215104179578,0.0,1.0
b90b882b563a57c2d45a7f52d0f8f843ba0d38b5390297c53a4d7c6667c510aa,mlb,home_runs>=1,hits_plus_runs_plus_RBI>=3 & total_bases>=4,2,EXACT_IMPLICATION,2,"[{""explanation"": ""Each credited HR is a hit; Each credited HR contributes four TB; The credited HR batter scores; The credited HR includes the batter's RBI; HRR includes nonnegative hits; hits_plus_runs_plus_RBI is the sum of hits, runs, RBI"", ""proven"": true, ""rule_version"": ""mlb-official-batting-v1""}, {""explanation"": ""Each credited HR is a hit; Each credited HR contributes four TB; The credited HR batter scores; The credited HR includes the batter's RBI; HRR includes nonnegative hits; hits_plus_runs_plus_RBI is the sum of hits, runs, RBI"", ""proven"": true, ""rule_version"": ""mlb-official-batting-v1""}]",6863,564,788,564,0,0.08217980475010928,0.11481859245228035,0.08217980475010928,1.0,0.7157360406091371,8.709390862944163,8.709390862944161,0.07591356395214373,0.08891352075749447,0.10749063733176285,0.12257750510238836,0.07591356395214373,0.08891352075749447,0.9932349800089056,1.0,0.683254896864254,0.7461239847446595,0.0,0.0,0.0005594215104179578,0.0,1.0
b9105222ac043112627ab99699c41dd666c4623b3175217fe634072dc12944c5,mlb,home_runs>=1,hits_plus_runs_plus_RBI>=1 & total_bases>=1 & total_bases>=3,3,EXACT_IMPLICATION,3,"[{""explanation"": ""Each credited HR is a hit; Each credited HR contributes four TB; The credited HR batter scores; The credited HR includes the batter's RBI; HRR includes nonnegative hits; hits_plus_runs_plus_RBI is the sum of hits, runs, RBI"", ""proven"": true, ""rule_version"": ""mlb-official-batting-v1""}, {""explanation"": ""Each credited HR is a hit; Each credited HR contributes four TB; The credited HR batter scores; The credited HR includes the batter's RBI; HRR includes nonnegative hits; hits_plus_runs_plus_RBI is the sum of hits, runs, RBI"", ""proven"": true, ""rule_version"": ""mlb-official-batting-v1""}, {""explanation"": ""Each credited HR is a hit; Each credited HR contributes four TB; The credited HR batter scores; The credited HR includes the batter's RBI; HRR includes nonnegative hits; hits_plus_runs_plus_RBI is the sum of hits, runs, RBI"", ""proven"": true, ""rule_version"": ""mlb-official-batting-v1""}]",6863,564,1215,564,0,0.08217980475010928,0.17703628150954392,0.08217980475010928,1.0,0.4641975308641975,5.648559670781893,5.648559670781893,0.07591356395214373,0.08891352075749447,0.16818715677568946,0.18624675194581464,0.07591356395214373,0.08891352075749447,0.9932349800089056,1.0,0.43631206317800986,0.4923086779607285,0.0,0.0,0.0005594215104179578,0.0,1.0
b967ef418b335b166790c49912873d0543bfcb0d129eaa35de0e7616c0a053f8,mlb,home_runs>=1,hits_plus_runs_plus_RBI>=1 & total_bases>=1 & total_bases>=2,3,EXACT_IMPLICATION,3,"[{""explanation"": ""Each credited HR is a hit; Each credited HR contributes four TB; The credited HR batter scores; The credited HR includes the batter's RBI; HRR includes nonnegative hits; hits_plus_runs_plus_RBI is the sum of hits, runs, RBI"", ""proven"": true, ""rule_version"": ""mlb-official-batting-v1""}, {""explanation"": ""Each credited HR is a hit; Each credited HR contributes four TB; The credited HR batter scores; The credited HR includes the batter's RBI; HRR includes nonnegative hits; hits_plus_runs_plus_RBI is the sum of hits, runs, RBI"", ""proven"": true, ""rule_version"": ""mlb-official-batting-v1""}, {""explanation"": ""Each credited HR is a hit; Each credited HR contributes four TB; The credited HR batter scores; The credited HR includes the batter's RBI; HRR includes nonnegative hits; hits_plus_runs_plus_RBI is the sum of hits, runs, RBI"", ""proven"": true, ""rule_version"": ""mlb-official-batting-v1""}]",6863,564,2181,564,0,0.08217980475010928,0.3177910534751566,0.08217980475010928,1.0,0.2585969738651995,3.146721687299404,3.146721687299404,0.07591356395214373,0.08891352075749447,0.3068796786974051,0.3289062914610614,0.07591356395214373,0.08891352075749447,0.9932349800089056,1.0,0.24065632733296577,0.2773865055925981,0.0,0.0,0.0005594215104179578,0.0,1.0
c072b27dee6cda947e130983b5b7d0c34b27d6d086603d87e052d982d52974cc,mlb,home_runs>=1,hits_plus_runs_plus_RBI>=1 & runs>=1 & total_bases>=3,3,EXACT_IMPLICATION,3,"[{""explanation"": ""Each credited HR is a hit; Each credited HR contributes four TB; The credited HR batter scores; The credited HR includes the batter's RBI; HRR includes nonnegative hits; hits_plus_runs_plus_RBI is the sum of hits, runs, RBI"", ""proven"": true, ""rule_version"": ""mlb-official-batting-v1""}, {""explanation"": ""Each credited HR is a hit; Each credited HR contributes four TB; The credited HR batter scores; The credited HR includes the batter's RBI; HRR includes nonnegative hits; hits_plus_runs_plus_RBI is the sum of hits, runs, RBI"", ""proven"": true, ""rule_version"": ""mlb-official-batting-v1""}, {""explanation"": ""Each credited HR is a hit; Each credited HR contributes four TB; The credited HR batter scores; The credited HR includes the batter's RBI; HRR includes nonnegative hits; hits_plus_runs_plus_RBI is the sum of hits, runs, RBI"", ""proven"": true, ""rule_version"": ""mlb-official-batting-v1""}]",6863,564,1007,564,0,0.08217980475010928,0.14672883578609938,0.08217980475010928,1.0,0.5600794438927508,6.815292949354518,6.815292949354518,0.07591356395214373,0.08891352075749447,0.13855518252610943,0.15529774402263258,0.07591356395214373,0.08891352075749447,0.9932349800089056,1.0,0.5292504800098802,0.5904517729439763,0.0,0.0,0.0005594215104179578,0.0,1.0
c148f7693def44022a1791ab193910ea7498f687e58c91ffed285ec3b127fff0,mlb,home_runs>=1,RBI>=1 & total_bases>=1 & total_bases>=4,3,EXACT_IMPLICATION,3,"[{""explanation"": ""Each credited HR is a hit; Each credited HR contributes four TB; The credited HR batter scores; The credited HR includes the batter's RBI; HRR includes nonnegative hits; hits_plus_runs_plus_RBI is the sum of hits, runs, RBI"", ""proven"": true, ""rule_version"": ""mlb-official-batting-v1""}, {""explanation"": ""Each credited HR is a hit; Each credited HR contributes four TB; The credited HR batter scores; The credited HR includes the batter's RBI; HRR includes nonnegative hits; hits_plus_runs_plus_RBI is the sum of hits, runs, RBI"", ""proven"": true, ""rule_version"": ""mlb-official-batting-v1""}, {""explanation"": ""Each credited HR is a hit; Each credited HR contributes four TB; The credited HR batter scores; The credited HR includes the batter's RBI; HRR includes nonnegative hits; hits_plus_runs_plus_RBI is the sum of hits, runs, RBI"", ""proven"": true, ""rule_version"": ""mlb-official-batting-v1""}]",6863,564,704,564,0,0.08217980475010928,0.1025790470639662,0.08217980475010928,1.0,0.8011363636363636,9.748579545454545,9.748579545454545,0.07591356395214373,0.08891352075749447,0.09562168883018762,0.1099810569572712,0.07591356395214373,0.08891352075749447,0.9932349800089056,1.0,0.7700524038196274,0.8289517866193011,0.0,0.0,0.0005594215104179578,0.0,1.0
c1728f01061d587415048f4214e93f6dd3f3384dbd3b57c1f8b8a0a120b600c9,mlb,home_runs>=1,runs>=1 & total_bases>=3 & total_bases>=4,3,EXACT_IMPLICATION,3,"[{""explanation"": ""Each credited HR is a hit; Each credited HR contributes four TB; The credited HR batter scores; The credited HR includes the batter's RBI; HRR includes nonnegative hits; hits_plus_runs_plus_RBI is the sum of hits, runs, RBI"", ""proven"": true, ""rule_version"": ""mlb-official-batting-v1""}, {""explanation"": ""Each credited HR is a hit; Each credited HR contributes four TB; The credited HR batter scores; The credited HR includes the batter's RBI; HRR includes nonnegative hits; hits_plus_runs_plus_RBI is the sum of hits, runs, RBI"", ""proven"": true, ""rule_version"": ""mlb-official-batting-v1""}, {""explanation"": ""Each credited HR is a hit; Each credited HR contributes four TB; The credited HR batter scores; The credited HR includes the batter's RBI; HRR includes nonnegative hits; hits_plus_runs_plus_RBI is the sum of hits, runs, RBI"", ""proven"": true, ""rule_version"": ""mlb-official-batting-v1""}]",6863,564,742,564,0,0.08217980475010928,0.10811598426344164,0.08217980475010928,1.0,0.7601078167115903,9.24932614555256,9.24932614555256,0.07591356395214373,0.08891352075749447,0.10098733174014456,0.11568309348272272,0.07591356395214373,0.08891352075749447,0.9932349800089056,1.0,0.7280930963965941,0.7894431647417095,0.0,0.0,0.0005594215104179578,0.0,1.0
c44e5e9066d365fd419b660674e145fbe607cec31a3973cf01b5f9fed95be4e5,mlb,home_runs>=1,hits>=1 & total_bases>=2 & total_bases>=4,3,EXACT_IMPLICATION,3,"[{""explanation"": ""Each credited HR is a hit; Each credited HR contributes four TB; The credited HR batter scores; The credited HR includes the batter's RBI; HRR includes nonnegative hits; hits_plus_runs_plus_RBI is the sum of hits, runs, RBI"", ""proven"": true, ""rule_version"": ""mlb-official-batting-v1""}, {""explanation"": ""Each credited HR is a hit; Each credited HR contributes four TB; The credited HR batter scores; The credited HR includes the batter's RBI; HRR includes nonnegative hits; hits_plus_runs_plus_RBI is the sum of hits, runs, RBI"", ""proven"": true, ""rule_version"": ""mlb-official-batting-v1""}, {""explanation"": ""Each credited HR is a hit; Each credited HR contributes four TB; The credited HR batter scores; The credited HR includes the batter's RBI; HRR includes nonnegative hits; hits_plus_runs_plus_RBI is the sum of hits, runs, RBI"", ""proven"": true, ""rule_version"": ""mlb-official-batting-v1""}]",6863,564,791,564,0,0.08217980475010928,0.11525571907329156,0.08217980475010928,1.0,0.7130214917825537,8.676359039190897,8.676359039190897,0.07591356395214373,0.08891352075749447,0.10791505722010244,0.12302684938000205,0.07591356395214373,0.08891352075749447,0.9932349800089056,1.0,0.6805277796698896,0.7434561434888327,0.0,0.0,0.0005594215104179578,0.0,1.0
c7c25eebef73de792ad254644d1a8f2fa7682cdafc27c22726b50133cc74a297,mlb,home_runs>=1,RBI>=1 & hits_plus_runs_plus_RBI>=1,2,EXACT_IMPLICATION,2,"[{""explanation"": ""Each credited HR is a hit; Each credited HR contributes four TB; The credited HR batter scores; The credited HR includes the batter's RBI; HRR includes nonnegative hits; hits_plus_runs_plus_RBI is the sum of hits, runs, RBI"", ""proven"": true, ""rule_version"": ""mlb-official-batting-v1""}, {""explanation"": ""Each credited HR is a hit; Each credited HR contributes four TB; The credited HR batter scores; The credited HR includes the batter's RBI; HRR includes nonnegative hits; hits_plus_runs_plus_RBI is the sum of hits, runs, RBI"", ""proven"": true, ""rule_version"": ""mlb-official-batting-v1""}]",6863,564,1778,564,0,0.08217980475010928,0.2590703773859828,0.08217980475010928,1.0,0.3172103487064117,3.8599550056242964,3.859955005624297,0.07591356395214373,0.08891352075749447,0.24884172496455845,0.26956859223418156,0.07591356395214373,0.08891352075749447,0.9932349800089056,1.0,0.2959920280458379,0.33921681908122336,0.0,0.0,0.0005594215104179578,0.0,1.0
c815db4fa66295091a2b84bbc2cb2a671467f8272a1e55b8af3f56519d1e8391,mlb,home_runs>=1,total_bases>=1,1,EXACT_IMPLICATION,1,"[{""explanation"": ""Each credited HR is a hit; Each credited HR contributes four TB; The credited HR batter scores; The credited HR includes the batter's RBI; HRR includes nonnegative hits; hits_plus_runs_plus_RBI is the sum of hits, runs, RBI"", ""proven"": true, ""rule_version"": ""mlb-official-batting-v1""}]",6863,564,3819,564,0,0.08217980475010928,0.5564621885472826,0.08217980475010928,1.0,0.1476826394344069,1.79706729510343,1.79706729510343,0.07591356395214373,0.08891352075749447,0.5446801576520175,0.5681810471169504,0.07591356395214373,0.08891352075749447,0.9932349800089056,1.0,0.1367845252427601,0.159288819941127,0.0,0.0,0.0005594215104179578,0.0,1.0
c9bd4c8f2799638defbd279dceec556e0a78d0efb126ec472e17f03d4299257b,mlb,home_runs>=1,hits_plus_runs_plus_RBI>=2 & runs>=1 & total_bases>=2,3,EXACT_IMPLICATION,3,"[{""explanation"": ""Each credited HR is a hit; Each credited HR contributes four TB; The credited HR batter scores; The credited HR includes the batter's RBI; HRR includes nonnegative hits; hits_plus_runs_plus_RBI is the sum of hits, runs, RBI"", ""proven"": true, ""rule_version"": ""mlb-official-batting-v1""}, {""explanation"": ""Each credited HR is a hit; Each credited HR contributes four TB; The credited HR batter scores; The credited HR includes the batter's RBI; HRR includes nonnegative hits; hits_plus_runs_plus_RBI is the sum of hits, runs, RBI"", ""proven"": true, ""rule_version"": ""mlb-official-batting-v1""}, {""explanation"": ""Each credited HR is a hit; Each credited HR contributes four TB; The credited HR batter scores; The credited HR includes the batter's RBI; HRR includes nonnegative hits; hits_plus_runs_plus_RBI is the sum of hits, runs, RBI"", ""proven"": true, ""rule_version"": ""mlb-official-batting-v1""}]",6863,564,1485,564,0,0.08217980475010928,0.2163776774005537,0.08217980475010928,1.0,0.3797979797979798,4.621548821548822,4.621548821548822,0.07591356395214373,0.08891352075749447,0.20679571667445754,0.22627696698284347,0.07591356395214373,0.08891352075749447,0.9932349800089056,1.0,0.3554533404473364,0.40476290159446,0.0,0.0,0.0005594215104179578,0.0,1.0
c9cc9cadbd3e1f24fb85e66ebbdf5daa3ffb20ded871313259ec82376e2e49f9,mlb,home_runs>=1,RBI>=1 & hits_plus_runs_plus_RBI>=1 & total_bases>=4,3,EXACT_IMPLICATION,3,"[{""explanation"": ""Each credited HR is a hit; Each credited HR contributes four TB; The credited HR batter scores; The credited HR includes the batter's RBI; HRR includes nonnegative hits; hits_plus_runs_plus_RBI is the sum of hits, runs, RBI"", ""proven"": true, ""rule_version"": ""mlb-official-batting-v1""}, {""explanation"": ""Each credited HR is a hit; Each credited HR contributes four TB; The credited HR batter scores; The credited HR includes the batter's RBI; HRR includes nonnegative hits; hits_plus_runs_plus_RBI is the sum of hits, runs, RBI"", ""proven"": true, ""rule_version"": ""mlb-official-batting-v1""}, {""explanation"": ""Each credited HR is a hit; Each credited HR contributes four TB; The credited HR batter scores; The credited HR includes the batter's RBI; HRR includes nonnegative hits; hits_plus_runs_plus_RBI is the sum of hits, runs, RBI"", ""proven"": true, ""rule_version"": ""mlb-official-batting-v1""}]",6863,564,704,564,0,0.08217980475010928,0.1025790470639662,0.08217980475010928,1.0,0.8011363636363636,9.748579545454545,9.748579545454545,0.07591356395214373,0.08891352075749447,0.09562168883018762,0.1099810569572712,0.07591356395214373,0.08891352075749447,0.9932349800089056,1.0,0.7700524038196274,0.8289517866193011,0.0,0.0,0.0005594215104179578,0.0,1.0
cf6fd4524f59687bf4a57b8da15e2405f005bb40fc809739a120300c3908fc73,mlb,home_runs>=1,hits_plus_runs_plus_RBI>=2 & runs>=1 & total_bases>=1,3,EXACT_IMPLICATION,3,"[{""explanation"": ""Each credited HR is a hit; Each credited HR contributes four TB; The credited HR batter scores; The credited HR includes the batter's RBI; HRR includes nonnegative hits; hits_plus_runs_plus_RBI is the sum of hits, runs, RBI"", ""proven"": true, ""rule_version"": ""mlb-official-batting-v1""}, {""explanation"": ""Each credited HR is a hit; Each credited HR contributes four TB; The credited HR batter scores; The credited HR includes the batter's RBI; HRR includes nonnegative hits; hits_plus_runs_plus_RBI is the sum of hits, runs, RBI"", ""proven"": true, ""rule_version"": ""mlb-official-batting-v1""}, {""explanation"": ""Each credited HR is a hit; Each credited HR contributes four TB; The credited HR batter scores; The credited HR includes the batter's RBI; HRR includes nonnegative hits; hits_plus_runs_plus_RBI is the sum of hits, runs, RBI"", ""proven"": true, ""rule_version"": ""mlb-official-batting-v1""}]",6863,564,1964,564,0,0.08217980475010928,0.2861722278886784,0.08217980475010928,1.0,0.28716904276985744,3.494399185336049,3.494399185336049,0.07591356395214373,0.08891352075749447,0.27560112095070594,0.29698257453713856,0.07591356395214373,0.08891352075749447,0.9932349800089056,1.0,0.2675900895882196,0.3075789382556161,0.0,0.0,0.0005594215104179578,0.0,1.0
d1ff4ec6d65712f061535ec185f6c2c2908da172c7a572bb811675fdf1e1f74a,mlb,home_runs>=1,hits_plus_runs_plus_RBI>=1 & hits_plus_runs_plus_RBI>=2 & total_bases>=3,3,EXACT_IMPLICATION,3,"[{""explanation"": ""Each credited HR is a hit; Each credited HR contributes four TB; The credited HR batter scores; The credited HR includes the batter's RBI; HRR includes nonnegative hits; hits_plus_runs_plus_RBI is the sum of hits, runs, RBI"", ""proven"": true, ""rule_version"": ""mlb-official-batting-v1""}, {""explanation"": ""Each credited HR is a hit; Each credited HR contributes four TB; The credited HR batter scores; The credited HR includes the batter's RBI; HRR includes nonnegative hits; hits_plus_runs_plus_RBI is the sum of hits, runs, RBI"", ""proven"": true, ""rule_version"": ""mlb-official-batting-v1""}, {""explanation"": ""Each credited HR is a hit; Each credited HR contributes four TB; The credited HR batter scores; The credited HR includes the batter's RBI; HRR includes nonnegative hits; hits_plus_runs_plus_RBI is the sum of hits, runs, RBI"", ""proven"": true, ""rule_version"": ""mlb-official-batting-v1""}]",6863,564,1205,564,0,0.08217980475010928,0.17557919277283987,0.08217980475010928,1.0,0.46804979253112033,5.695435684647302,5.695435684647303,0.07591356395214373,0.08891352075749447,0.16676013414692334,0.1847612273547364,0.07591356395214373,0.08891352075749447,0.9932349800089056,1.0,0.44002274665619484,0.4962799012732379,0.0,0.0,0.0005594215104179578,0.0,1.0
d7dd9a27777f02365631681acd0cf4a42760e65686c1cf64af568af1f0a8f52c,mlb,home_runs>=1,runs>=1 & total_bases>=1 & total_bases>=3,3,EXACT_IMPLICATION,3,"[{""explanation"": ""Each credited HR is a hit; Each credited HR contributes four TB; The credited HR batter scores; The credited HR includes the batter's RBI; HRR includes nonnegative hits; hits_plus_runs_plus_RBI is the sum of hits, runs, RBI"", ""proven"": true, ""rule_version"": ""mlb-official-batting-v1""}, {""explanation"": ""Each credited HR is a hit; Each credited HR contributes four TB; The credited HR batter scores; The credited HR includes the batter's RBI; HRR includes nonnegative hits; hits_plus_runs_plus_RBI is the sum of hits, runs, RBI"", ""proven"": true, ""rule_version"": ""mlb-official-batting-v1""}, {""explanation"": ""Each credited HR is a hit; Each credited HR contributes four TB; The credited HR batter scores; The credited HR includes the batter's RBI; HRR includes nonnegative hits; hits_plus_runs_plus_RBI is the sum of hits, runs, RBI"", ""proven"": true, ""rule_version"": ""mlb-official-batting-v1""}]",6863,564,1007,564,0,0.08217980475010928,0.14672883578609938,0.08217980475010928,1.0,0.5600794438927508,6.815292949354518,6.815292949354518,0.07591356395214373,0.08891352075749447,0.13855518252610943,0.15529774402263258,0.07591356395214373,0.08891352075749447,0.9932349800089056,1.0,0.5292504800098802,0.5904517729439763,0.0,0.0,0.0005594215104179578,0.0,1.0
d80a6d0a0d7ee2ff692f9c01527c90306df6cb546c94bb449d7882de67cbbfaf,mlb,home_runs>=1,total_bases>=1 & total_bases>=2,2,EXACT_IMPLICATION,2,"[{""explanation"": ""Each credited HR is a hit; Each credited HR contributes four TB; The credited HR batter scores; The credited HR includes the batter's RBI; HRR includes nonnegative hits; hits_plus_runs_plus_RBI is the sum of hits, runs, RBI"", ""proven"": true, ""rule_version"": ""mlb-official-batting-v1""}, {""explanation"": ""Each credited HR is a hit; Each credited HR contributes four TB; The credited HR batter scores; The credited HR includes the batter's RBI; HRR includes nonnegative hits; hits_plus_runs_plus_RBI is the sum of hits, runs, RBI"", ""proven"": true, ""rule_version"": ""mlb-official-batting-v1""}]",6863,564,2181,564,0,0.08217980475010928,0.3177910534751566,0.08217980475010928,1.0,0.2585969738651995,3.146721687299404,3.146721687299404,0.07591356395214373,0.08891352075749447,0.3068796786974051,0.3289062914610614,0.07591356395214373,0.08891352075749447,0.9932349800089056,1.0,0.24065632733296577,0.2773865055925981,0.0,0.0,0.0005594215104179578,0.0,1.0
da99ff0aa2db21b73e4f87314bef6a8488fb45785e1165157c48a9cfa28af00a,mlb,home_runs>=1,hits_plus_runs_plus_RBI>=1 & hits_plus_runs_plus_RBI>=3 & total_bases>=1,3,EXACT_IMPLICATION,3,"[{""explanation"": ""Each credited HR is a hit; Each credited HR contributes four TB; The credited HR batter scores; The credited HR includes the batter's RBI; HRR includes nonnegative hits; hits_plus_runs_plus_RBI is the sum of hits, runs, RBI"", ""proven"": true, ""rule_version"": ""mlb-official-batting-v1""}, {""explanation"": ""Each credited HR is a hit; Each credited HR contributes four TB; The credited HR batter scores; The credited HR includes the batter's RBI; HRR includes nonnegative hits; hits_plus_runs_plus_RBI is the sum of hits, runs, RBI"", ""proven"": true, ""rule_version"": ""mlb-official-batting-v1""}, {""explanation"": ""Each credited HR is a hit; Each credited HR contributes four TB; The credited HR batter scores; The credited HR includes the batter's RBI; HRR includes nonnegative hits; hits_plus_runs_plus_RBI is the sum of hits, runs, RBI"", ""proven"": true, ""rule_version"": ""mlb-official-batting-v1""}]",6863,564,1765,564,0,0.08217980475010928,0.25717616202826754,0.08217980475010928,1.0,0.31954674220963175,3.888385269121813,3.888385269121813,0.07591356395214373,0.08891352075749447,0.24697331696725122,0.2676506888456911,0.07591356395214373,0.08891352075749447,0.9932349800089056,1.0,0.2982045925566414,0.34167268597306094,0.0,0.0,0.0005594215104179578,0.0,1.0
dcf255ff6cde6d0c54bb406e4f5a8bf9451d309eacccfff49436b3cc5137f825,mlb,home_runs>=1,hits>=1 & hits_plus_runs_plus_RBI>=2 & runs>=1,3,EXACT_IMPLICATION,3,"[{""explanation"": ""Each credited HR is a hit; Each credited HR contributes four TB; The credited HR batter scores; The credited HR includes the batter's RBI; HRR includes nonnegative hits; hits_plus_runs_plus_RBI is the sum of hits, runs, RBI"", ""proven"": true, ""rule_version"": ""mlb-official-batting-v1""}, {""explanation"": ""Each credited HR is a hit; Each credited HR contributes four TB; The credited HR batter scores; The credited HR includes the batter's RBI; HRR includes nonnegative hits; hits_plus_runs_plus_RBI is the sum of hits, runs, RBI"", ""proven"": true, ""rule_version"": ""mlb-official-batting-v1""}, {""explanation"": ""Each credited HR is a hit; Each credited HR contributes four TB; The credited HR batter scores; The credited HR includes the batter's RBI; HRR includes nonnegative hits; hits_plus_runs_plus_RBI is the sum of hits, runs, RBI"", ""proven"": true, ""rule_version"": ""mlb-official-batting-v1""}]",6863,564,1964,564,0,0.08217980475010928,0.2861722278886784,0.08217980475010928,1.0,0.28716904276985744,3.494399185336049,3.494399185336049,0.07591356395214373,0.08891352075749447,0.27560112095070594,0.29698257453713856,0.07591356395214373,0.08891352075749447,0.9932349800089056,1.0,0.2675900895882196,0.3075789382556161,0.0,0.0,0.0005594215104179578,0.0,1.0
df8d1311cfb794f286d0676ee53f7f58189e652c9b1e96722ab8cbfe9d48c5da,mlb,home_runs>=1,RBI>=1 & hits_plus_runs_plus_RBI>=1 & hits_plus_runs_plus_RBI>=2,3,EXACT_IMPLICATION,3,"[{""explanation"": ""Each credited HR is a hit; Each credited HR contributes four TB; The credited HR batter scores; The credited HR includes the batter's RBI; HRR includes nonnegative hits; hits_plus_runs_plus_RBI is the sum of hits, runs, RBI"", ""proven"": true, ""rule_version"": ""mlb-official-batting-v1""}, {""explanation"": ""Each credited HR is a hit; Each credited HR contributes four TB; The credited HR batter scores; The credited HR includes the batter's RBI; HRR includes nonnegative hits; hits_plus_runs_plus_RBI is the sum of hits, runs, RBI"", ""proven"": true, ""rule_version"": ""mlb-official-batting-v1""}, {""explanation"": ""Each credited HR is a hit; Each credited HR contributes four TB; The credited HR batter scores; The credited HR includes the batter's RBI; HRR includes nonnegative hits; hits_plus_runs_plus_RBI is the sum of hits, runs, RBI"", ""proven"": true, ""rule_version"": ""mlb-official-batting-v1""}]",6863,564,1634,564,0,0.08217980475010928,0.23808829957744426,0.08217980475010928,1.0,0.34516523867809057,4.200122399020808,4.200122399020808,0.07591356395214373,0.08891352075749447,0.22816000870402398,0.24830962852895755,0.07591356395214373,0.08891352075749447,0.9932349800089056,1.0,0.32250095942171086,0.3685558292101153,0.0,0.0,0.0005594215104179578,0.0,1.0
e1f20a270534685c70765b7087be4623f5993ef64f82441adfe230439baec8e1,mlb,home_runs>=1,hits_plus_runs_plus_RBI>=3 & runs>=1 & total_bases>=1,3,EXACT_IMPLICATION,3,"[{""explanation"": ""Each credited HR is a hit; Each credited HR contributes four TB; The credited HR batter scores; The credited HR includes the batter's RBI; HRR includes nonnegative hits; hits_plus_runs_plus_RBI is the sum of hits, runs, RBI"", ""proven"": true, ""rule_version"": ""mlb-official-batting-v1""}, {""explanation"": ""Each credited HR is a hit; Each credited HR contributes four TB; The credited HR batter scores; The credited HR includes the batter's RBI; HRR includes nonnegative hits; hits_plus_runs_plus_RBI is the sum of hits, runs, RBI"", ""proven"": true, ""rule_version"": ""mlb-official-batting-v1""}, {""explanation"": ""Each credited HR is a hit; Each credited HR contributes four TB; The credited HR batter scores; The credited HR includes the batter's RBI; HRR includes nonnegative hits; hits_plus_runs_plus_RBI is the sum of hits, runs, RBI"", ""proven"": true, ""rule_version"": ""mlb-official-batting-v1""}]",6863,564,1472,564,0,0.08217980475010928,0.2144834620428384,0.08217980475010928,1.0,0.38315217391304346,4.662364130434783,4.662364130434782,0.07591356395214373,0.08891352075749447,0.20493355074849887,0.22435282152300454,0.07591356395214373,0.08891352075749447,0.9932349800089056,1.0,0.3586515264957636,0.4082611063321002,0.0,0.0,0.0005594215104179578,0.0,1.0
e204489845f8be313902803f3b92f05398db8f3641a64e943b818bbf54b653af,mlb,home_runs>=1,hits_plus_runs_plus_RBI>=3 & total_bases>=3 & total_bases>=4,3,EXACT_IMPLICATION,3,"[{""explanation"": ""Each credited HR is a hit; Each credited HR contributes four TB; The credited HR batter scores; The credited HR includes the batter's RBI; HRR includes nonnegative hits; hits_plus_runs_plus_RBI is the sum of hits, runs, RBI"", ""proven"": true, ""rule_version"": ""mlb-official-batting-v1""}, {""explanation"": ""Each credited HR is a hit; Each credited HR contributes four TB; The credited HR batter scores; The credited HR includes the batter's RBI; HRR includes nonnegative hits; hits_plus_runs_plus_RBI is the sum of hits, runs, RBI"", ""proven"": true, ""rule_version"": ""mlb-official-batting-v1""}, {""explanation"": ""Each credited HR is a hit; Each credited HR contributes four TB; The credited HR batter scores; The credited HR includes the batter's RBI; HRR includes nonnegative hits; hits_plus_runs_plus_RBI is the sum of hits, runs, RBI"", ""proven"": true, ""rule_version"": ""mlb-official-batting-v1""}]",6863,564,788,564,0,0.08217980475010928,0.11481859245228035,0.08217980475010928,1.0,0.7157360406091371,8.709390862944163,8.709390862944161,0.07591356395214373,0.08891352075749447,0.10749063733176285,0.12257750510238836,0.07591356395214373,0.08891352075749447,0.9932349800089056,1.0,0.683254896864254,0.7461239847446595,0.0,0.0,0.0005594215104179578,0.0,1.0
e280ba9b723cc6e25793b75a7237aa44115076aa3cf93f0ef11b5ed852aa5651,mlb,home_runs>=1,total_bases>=2 & total_bases>=3 & total_bases>=4,3,EXACT_IMPLICATION,3,"[{""explanation"": ""Each credited HR is a hit; Each credited HR contributes four TB; The credited HR batter scores; The credited HR includes the batter's RBI; HRR includes nonnegative hits; hits_plus_runs_plus_RBI is the sum of hits, runs, RBI"", ""proven"": true, ""rule_version"": ""mlb-official-batting-v1""}, {""explanation"": ""Each credited HR is a hit; Each credited HR contributes four TB; The credited HR batter scores; The credited HR includes the batter's RBI; HRR includes nonnegative hits; hits_plus_runs_plus_RBI is the sum of hits, runs, RBI"", ""proven"": true, ""rule_version"": ""mlb-official-batting-v1""}, {""explanation"": ""Each credited HR is a hit; Each credited HR contributes four TB; The credited HR batter scores; The credited HR includes the batter's RBI; HRR includes nonnegative hits; hits_plus_runs_plus_RBI is the sum of hits, runs, RBI"", ""proven"": true, ""rule_version"": ""mlb-official-batting-v1""}]",6863,564,791,564,0,0.08217980475010928,0.11525571907329156,0.08217980475010928,1.0,0.7130214917825537,8.676359039190897,8.676359039190897,0.07591356395214373,0.08891352075749447,0.10791505722010244,0.12302684938000205,0.07591356395214373,0.08891352075749447,0.9932349800089056,1.0,0.6805277796698896,0.7434561434888327,0.0,0.0,0.0005594215104179578,0.0,1.0
e307821afbbb5d9ebfec66baf8df212954ae1acd5e5eb5151bcb6af5c738332f,mlb,home_runs>=1,hits>=1 & hits_plus_runs_plus_RBI>=3 & total_bases>=4,3,EXACT_IMPLICATION,3,"[{""explanation"": ""Each credited HR is a hit; Each credited HR contributes four TB; The credited HR batter scores; The credited HR includes the batter's RBI; HRR includes nonnegative hits; hits_plus_runs_plus_RBI is the sum of hits, runs, RBI"", ""proven"": true, ""rule_version"": ""mlb-official-batting-v1""}, {""explanation"": ""Each credited HR is a hit; Each credited HR contributes four TB; The credited HR batter scores; The credited HR includes the batter's RBI; HRR includes nonnegative hits; hits_plus_runs_plus_RBI is the sum of hits, runs, RBI"", ""proven"": true, ""rule_version"": ""mlb-official-batting-v1""}, {""explanation"": ""Each credited HR is a hit; Each credited HR contributes four TB; The credited HR batter scores; The credited HR includes the batter's RBI; HRR includes nonnegative hits; hits_plus_runs_plus_RBI is the sum of hits, runs, RBI"", ""proven"": true, ""rule_version"": ""mlb-official-batting-v1""}]",6863,564,788,564,0,0.08217980475010928,0.11481859245228035,0.08217980475010928,1.0,0.7157360406091371,8.709390862944163,8.709390862944161,0.07591356395214373,0.08891352075749447,0.10749063733176285,0.12257750510238836,0.07591356395214373,0.08891352075749447,0.9932349800089056,1.0,0.683254896864254,0.7461239847446595,0.0,0.0,0.0005594215104179578,0.0,1.0
e470bf71156631e6cd6f8cab03029f38464b054f336f52888bc99b526b848339,mlb,home_runs>=1,total_bases>=2 & total_bases>=4,2,EXACT_IMPLICATION,2,"[{""explanation"": ""Each credited HR is a hit; Each credited HR contributes four TB; The credited HR batter scores; The credited HR includes the batter's RBI; HRR includes nonnegative hits; hits_plus_runs_plus_RBI is the sum of hits, runs, RBI"", ""proven"": true, ""rule_version"": ""mlb-official-batting-v1""}, {""explanation"": ""Each credited HR is a hit; Each credited HR contributes four TB; The credited HR batter scores; The credited HR includes the batter's RBI; HRR includes nonnegative hits; hits_plus_runs_plus_RBI is the sum of hits, runs, RBI"", ""proven"": true, ""rule_version"": ""mlb-official-batting-v1""}]",6863,564,791,564,0,0.08217980475010928,0.11525571907329156,0.08217980475010928,1.0,0.7130214917825537,8.676359039190897,8.676359039190897,0.07591356395214373,0.08891352075749447,0.10791505722010244,0.12302684938000205,0.07591356395214373,0.08891352075749447,0.9932349800089056,1.0,0.6805277796698896,0.7434561434888327,0.0,0.0,0.0005594215104179578,0.0,1.0
e5638970e8ba471bcf342623c0368744c543cb53270e2d9d0c25ca265322890f,mlb,home_runs>=1,hits>=1 & hits_plus_runs_plus_RBI>=1 & total_bases>=2,3,EXACT_IMPLICATION,3,"[{""explanation"": ""Each credited HR is a hit; Each credited HR contributes four TB; The credited HR batter scores; The credited HR includes the batter's RBI; HRR includes nonnegative hits; hits_plus_runs_plus_RBI is the sum of hits, runs, RBI"", ""proven"": true, ""rule_version"": ""mlb-official-batting-v1""}, {""explanation"": ""Each credited HR is a hit; Each credited HR contributes four TB; The credited HR batter scores; The credited HR includes the batter's RBI; HRR includes nonnegative hits; hits_plus_runs_plus_RBI is the sum of hits, runs, RBI"", ""proven"": true, ""rule_version"": ""mlb-official-batting-v1""}, {""explanation"": ""Each credited HR is a hit; Each credited HR contributes four TB; The credited HR batter scores; The credited HR includes the batter's RBI; HRR includes nonnegative hits; hits_plus_runs_plus_RBI is the sum of hits, runs, RBI"", ""proven"": true, ""rule_version"": ""mlb-official-batting-v1""}]",6863,564,2181,564,0,0.08217980475010928,0.3177910534751566,0.08217980475010928,1.0,0.2585969738651995,3.146721687299404,3.146721687299404,0.07591356395214373,0.08891352075749447,0.3068796786974051,0.3289062914610614,0.07591356395214373,0.08891352075749447,0.9932349800089056,1.0,0.24065632733296577,0.2773865055925981,0.0,0.0,0.0005594215104179578,0.0,1.0
e5d94f0b90db9b076e6ebe9183bdbfb596c9a76aa906d10e7c37031d1be2a6bf,mlb,home_runs>=1,hits_plus_runs_plus_RBI>=3 & total_bases>=2 & total_bases>=3,3,EXACT_IMPLICATION,3,"[{""explanation"": ""Each credited HR is a hit; Each credited HR contributes four TB; The credited HR batter scores; The credited HR includes the batter's RBI; HRR includes nonnegative hits; hits_plus_runs_plus_RBI is the sum of hits, runs, RBI"", ""proven"": true, ""rule_version"": ""mlb-official-batting-v1""}, {""explanation"": ""Each credited HR is a hit; Each credited HR contributes four TB; The credited HR batter scores; The credited HR includes the batter's RBI; HRR includes nonnegative hits; hits_plus_runs_plus_RBI is the sum of hits, runs, RBI"", ""proven"": true, ""rule_version"": ""mlb-official-batting-v1""}, {""explanation"": ""Each credited HR is a hit; Each credited HR contributes four TB; The credited HR batter scores; The credited HR includes the batter's RBI; HRR includes nonnegative hits; hits_plus_runs_plus_RBI is the sum of hits, runs, RBI"", ""proven"": true, ""rule_version"": ""mlb-official-batting-v1""}]",6863,564,1135,564,0,0.08217980475010928,0.1653795716159114,0.08217980475010928,1.0,0.49691629955947136,6.046696035242291,6.046696035242291,0.07591356395214373,0.08891352075749447,0.1567774806586179,0.17435605030413154,0.07591356395214373,0.08891352075749447,0.9932349800089056,1.0,0.46788793047288507,0.5259654720830346,0.0,0.0,0.0005594215104179578,0.0,1.0
e6efc6aa1719a82ef1fdf447700f7137ea0e5129be30ea58f79138546aad575f,mlb,home_runs>=1,hits>=1 & total_bases>=3,2,EXACT_IMPLICATION,2,"[{""explanation"": ""Each credited HR is a hit; Each credited HR contributes four TB; The credited HR batter scores; The credited HR includes the batter's RBI; HRR includes nonnegative hits; hits_plus_runs_plus_RBI is the sum of hits, runs, RBI"", ""proven"": true, ""rule_version"": ""mlb-official-batting-v1""}, {""explanation"": ""Each credited HR is a hit; Each credited HR contributes four TB; The credited HR batter scores; The credited HR includes the batter's RBI; HRR includes nonnegative hits; hits_plus_runs_plus_RBI is the sum of hits, runs, RBI"", ""proven"": true, ""rule_version"": ""mlb-official-batting-v1""}]",6863,564,1215,564,0,0.08217980475010928,0.17703628150954392,0.08217980475010928,1.0,0.4641975308641975,5.648559670781893,5.648559670781893,0.07591356395214373,0.08891352075749447,0.16818715677568946,0.18624675194581464,0.07591356395214373,0.08891352075749447,0.9932349800089056,1.0,0.43631206317800986,0.4923086779607285,0.0,0.0,0.0005594215104179578,0.0,1.0
e7470de966734a552b6c0e1f5e1d4504e660acda034ea635f6d119ebbf94ea0f,mlb,home_runs>=1,RBI>=1 & hits_plus_runs_plus_RBI>=2 & hits_plus_runs_plus_RBI>=3,3,EXACT_IMPLICATION,3,"[{""explanation"": ""Each credited HR is a hit; Each credited HR contributes four TB; The credited HR batter scores; The credited HR includes the batter's RBI; HRR includes nonnegative hits; hits_plus_runs_plus_RBI is the sum of hits, runs, RBI"", ""proven"": true, ""rule_version"": ""mlb-official-batting-v1""}, {""explanation"": ""Each credited HR is a hit; Each credited HR contributes four TB; The credited HR batter scores; The credited HR includes the batter's RBI; HRR includes nonnegative hits; hits_plus_runs_plus_RBI is the sum of hits, runs, RBI"", ""proven"": true, ""rule_version"": ""mlb-official-batting-v1""}, {""explanation"": ""Each credited HR is a hit; Each credited HR contributes four TB; The credited HR batter scores; The credited HR includes the batter's RBI; HRR includes nonnegative hits; hits_plus_runs_plus_RBI is the sum of hits, runs, RBI"", ""proven"": true, ""rule_version"": ""mlb-official-batting-v1""}]",6863,564,1319,564,0,0.08217980475010928,0.1921900043712662,0.08217980475010928,1.0,0.4275966641394996,5.203184230477635,5.203184230477635,0.07591356395214373,0.08891352075749447,0.18304117406203216,0.20168322574585298,0.07591356395214373,0.08891352075749447,0.9932349800089056,1.0,0.4011459504398162,0.4544678884473656,0.0,0.0,0.0005594215104179578,0.0,1.0
e7547c692953072c7b82005f8569fcf45cfec57a72097f906f0a23eca23a02ca,mlb,home_runs>=1,hits_plus_runs_plus_RBI>=3,1,EXACT_IMPLICATION,1,"[{""explanation"": ""Each credited HR is a hit; Each credited HR contributes four TB; The credited HR batter scores; The credited HR includes the batter's RBI; HRR includes nonnegative hits; hits_plus_runs_plus_RBI is the sum of hits, runs, RBI"", ""proven"": true, ""rule_version"": ""mlb-official-batting-v1""}]",6863,564,1770,564,0,0.08217980475010928,0.25790470639661955,0.08217980475010928,1.0,0.31864406779661014,3.877401129943503,3.877401129943503,0.07591356395214373,0.08891352075749447,0.24769190548167133,0.26838837394119314,0.07591356395214373,0.08891352075749447,0.9932349800089056,1.0,0.29734969628900226,0.3407239337935745,0.0,0.0,0.0005594215104179578,0.0,1.0
e7d6c9991f27b2e15bb7345bc7135c10f5869b5084cf810617c936341950c29f,mlb,home_runs>=1,RBI>=1 & hits_plus_runs_plus_RBI>=1 & runs>=1,3,EXACT_IMPLICATION,3,"[{""explanation"": ""Each credited HR is a hit; Each credited HR contributes four TB; The credited HR batter scores; The credited HR includes the batter's RBI; HRR includes nonnegative hits; hits_plus_runs_plus_RBI is the sum of hits, runs, RBI"", ""proven"": true, ""rule_version"": ""mlb-official-batting-v1""}, {""explanation"": ""Each credited HR is a hit; Each credited HR contributes four TB; The credited HR batter scores; The credited HR includes the batter's RBI; HRR includes nonnegative hits; hits_plus_runs_plus_RBI is the sum of hits, runs, RBI"", ""proven"": true, ""rule_version"": ""mlb-official-batting-v1""}, {""explanation"": ""Each credited HR is a hit; Each credited HR contributes four TB; The credited HR batter scores; The credited HR includes the batter's RBI; HRR includes nonnegative hits; hits_plus_runs_plus_RBI is the sum of hits, runs, RBI"", ""proven"": true, ""rule_version"": ""mlb-official-batting-v1""}]",6863,564,1073,564,0,0.08217980475010928,0.1563456214483462,0.08217980475010928,1.0,0.5256290773532153,6.396085740913327,6.3960857409133265,0.07591356395214373,0.08891352075749447,0.14794568721421644,0.16513005098549818,0.07591356395214373,0.08891352075749447,0.9932349800089056,1.0,0.49571316365076884,0.5553621358276087,0.0,0.0,0.0005594215104179578,0.0,1.0
e7fd30a490e7b236dba0c03d988a25114905dd82a48d243557c39f03569ce870,mlb,home_runs>=1,hits_plus_runs_plus_RBI>=1 & runs>=1 & total_bases>=2,3,EXACT_IMPLICATION,3,"[{""explanation"": ""Each credited HR is a hit; Each credited HR contributes four TB; The credited HR batter scores; The credited HR includes the batter's RBI; HRR includes nonnegative hits; hits_plus_runs_plus_RBI is the sum of hits, runs, RBI"", ""proven"": true, ""rule_version"": ""mlb-official-batting-v1""}, {""explanation"": ""Each credited HR is a hit; Each credited HR contributes four TB; The credited HR batter scores; The credited HR includes the batter's RBI; HRR includes nonnegative hits; hits_plus_runs_plus_RBI is the sum of hits, runs, RBI"", ""proven"": true, ""rule_version"": ""mlb-official-batting-v1""}, {""explanation"": ""Each credited HR is a hit; Each credited HR contributes four TB; The credited HR batter scores; The credited HR includes the batter's RBI; HRR includes nonnegative hits; hits_plus_runs_plus_RBI is the sum of hits, runs, RBI"", ""proven"": true, ""rule_version"": ""mlb-official-batting-v1""}]",6863,564,1485,564,0,0.08217980475010928,0.2163776774005537,0.08217980475010928,1.0,0.3797979797979798,4.621548821548822,4.621548821548822,0.07591356395214373,0.08891352075749447,0.20679571667445754,0.22627696698284347,0.07591356395214373,0.08891352075749447,0.9932349800089056,1.0,0.3554533404473364,0.40476290159446,0.0,0.0,0.0005594215104179578,0.0,1.0
e902c86e6c7c8f27ad7f0ed7ee3205614d287c74681afd383cf8a872f772ca43,mlb,home_runs>=1,hits_plus_runs_plus_RBI>=1 & total_bases>=2 & total_bases>=4,3,EXACT_IMPLICATION,3,"[{""explanation"": ""Each credited HR is a hit; Each credited HR contributes four TB; The credited HR batter scores; The credited HR includes the batter's RBI; HRR includes nonnegative hits; hits_plus_runs_plus_RBI is the sum of hits, runs, RBI"", ""proven"": true, ""rule_version"": ""mlb-official-batting-v1""}, {""explanation"": ""Each credited HR is a hit; Each credited HR contributes four TB; The credited HR batter scores; The credited HR includes the batter's RBI; HRR includes nonnegative hits; hits_plus_runs_plus_RBI is the sum of hits, runs, RBI"", ""proven"": true, ""rule_version"": ""mlb-official-batting-v1""}, {""explanation"": ""Each credited HR is a hit; Each credited HR contributes four TB; The credited HR batter scores; The credited HR includes the batter's RBI; HRR includes nonnegative hits; hits_plus_runs_plus_RBI is the sum of hits, runs, RBI"", ""proven"": true, ""rule_version"": ""mlb-official-batting-v1""}]",6863,564,791,564,0,0.08217980475010928,0.11525571907329156,0.08217980475010928,1.0,0.7130214917825537,8.676359039190897,8.676359039190897,0.07591356395214373,0.08891352075749447,0.10791505722010244,0.12302684938000205,0.07591356395214373,0.08891352075749447,0.9932349800089056,1.0,0.6805277796698896,0.7434561434888327,0.0,0.0,0.0005594215104179578,0.0,1.0
ea50e82d4b735dfe1e39c17c2665cb7daa74108ed22233d79bc734373d5ae7ac,mlb,home_runs>=1,RBI>=1 & hits_plus_runs_plus_RBI>=1 & total_bases>=2,3,EXACT_IMPLICATION,3,"[{""explanation"": ""Each credited HR is a hit; Each credited HR contributes four TB; The credited HR batter scores; The credited HR includes the batter's RBI; HRR includes nonnegative hits; hits_plus_runs_plus_RBI is the sum of hits, runs, RBI"", ""proven"": true, ""rule_version"": ""mlb-official-batting-v1""}, {""explanation"": ""Each credited HR is a hit; Each credited HR contributes four TB; The credited HR batter scores; The credited HR includes the batter's RBI; HRR includes nonnegative hits; hits_plus_runs_plus_RBI is the sum of hits, runs, RBI"", ""proven"": true, ""rule_version"": ""mlb-official-batting-v1""}, {""explanation"": ""Each credited HR is a hit; Each credited HR contributes four TB; The credited HR batter scores; The credited HR includes the batter's RBI; HRR includes nonnegative hits; hits_plus_runs_plus_RBI is the sum of hits, runs, RBI"", ""proven"": true, ""rule_version"": ""mlb-official-batting-v1""}]",6863,564,1262,564,0,0.08217980475010928,0.18388459857205303,0.08217980475010928,1.0,0.4469096671949287,5.438193343898574,5.438193343898574,0.07591356395214373,0.08891352075749447,0.17489714831247632,0.19322573234229612,0.07591356395214373,0.08891352075749447,0.9932349800089056,1.0,0.41968192716441677,0.4744596345088441,0.0,0.0,0.0005594215104179578,0.0,1.0
eb000b11bc1907bee983e9247ccfbfd091f775e9e343aadf658dc9e76e1d243c,mlb,home_runs>=1,hits_plus_runs_plus_RBI>=2 & runs>=1,2,EXACT_IMPLICATION,2,"[{""explanation"": ""Each credited HR is a hit; Each credited HR contributes four TB; The credited HR batter scores; The credited HR includes the batter's RBI; HRR includes nonnegative hits; hits_plus_runs_plus_RBI is the sum of hits, runs, RBI"", ""proven"": true, ""rule_version"": ""mlb-official-batting-v1""}, {""explanation"": ""Each credited HR is a hit; Each credited HR contributes four TB; The credited HR batter scores; The credited HR includes the batter's RBI; HRR includes nonnegative hits; hits_plus_runs_plus_RBI is the sum of hits, runs, RBI"", ""proven"": true, ""rule_version"": ""mlb-official-batting-v1""}]",6863,564,2006,564,0,0.08217980475010928,0.2922920005828355,0.08217980475010928,1.0,0.2811565304087737,3.42123629112662,3.42123629112662,0.07591356395214373,0.08891352075749447,0.28165022435265424,0.3031661694585364,0.07591356395214373,0.08891352075749447,0.9932349800089056,1.0,0.26191602178054096,0.3012336007199422,0.0,0.0,0.0005594215104179578,0.0,1.0
ebdfa8e4a31baa62afc726a3c1b13629d620b781035a7f69ce9155934fd29267,mlb,home_runs>=1,hits>=1 & hits_plus_runs_plus_RBI>=1 & hits_plus_runs_plus_RBI>=3,3,EXACT_IMPLICATION,3,"[{""explanation"": ""Each credited HR is a hit; Each credited HR contributes four TB; The credited HR batter scores; The credited HR includes the batter's RBI; HRR includes nonnegative hits; hits_plus_runs_plus_RBI is the sum of hits, runs, RBI"", ""proven"": true, ""rule_version"": ""mlb-official-batting-v1""}, {""explanation"": ""Each credited HR is a hit; Each credited HR contributes four TB; The credited HR batter scores; The credited HR includes the batter's RBI; HRR includes nonnegative hits; hits_plus_runs_plus_RBI is the sum of hits, runs, RBI"", ""proven"": true, ""rule_version"": ""mlb-official-batting-v1""}, {""explanation"": ""Each credited HR is a hit; Each credited HR contributes four TB; The credited HR batter scores; The credited HR includes the batter's RBI; HRR includes nonnegative hits; hits_plus_runs_plus_RBI is the sum of hits, runs, RBI"", ""proven"": true, ""rule_version"": ""mlb-official-batting-v1""}]",6863,564,1765,564,0,0.08217980475010928,0.25717616202826754,0.08217980475010928,1.0,0.31954674220963175,3.888385269121813,3.888385269121813,0.07591356395214373,0.08891352075749447,0.24697331696725122,0.2676506888456911,0.07591356395214373,0.08891352075749447,0.9932349800089056,1.0,0.2982045925566414,0.34167268597306094,0.0,0.0,0.0005594215104179578,0.0,1.0
ee2cacb6e837537b30ac35f49724ade4d88e790a23b3e8aed4440a05722b9326,mlb,home_runs>=1,RBI>=1 & total_bases>=2 & total_bases>=3,3,EXACT_IMPLICATION,3,"[{""explanation"": ""Each credited HR is a hit; Each credited HR contributes four TB; The credited HR batter scores; The credited HR includes the batter's RBI; HRR includes nonnegative hits; hits_plus_runs_plus_RBI is the sum of hits, runs, RBI"", ""proven"": true, ""rule_version"": ""mlb-official-batting-v1""}, {""explanation"": ""Each credited HR is a hit; Each credited HR contributes four TB; The credited HR batter scores; The credited HR includes the batter's RBI; HRR includes nonnegative hits; hits_plus_runs_plus_RBI is the sum of hits, runs, RBI"", ""proven"": true, ""rule_version"": ""mlb-official-batting-v1""}, {""explanation"": ""Each credited HR is a hit; Each credited HR contributes four TB; The credited HR batter scores; The credited HR includes the batter's RBI; HRR includes nonnegative hits; hits_plus_runs_plus_RBI is the sum of hits, runs, RBI"", ""proven"": true, ""rule_version"": ""mlb-official-batting-v1""}]",6863,564,915,564,0,0.08217980475010928,0.13332361940842197,0.08217980475010928,1.0,0.6163934426229508,7.500546448087431,7.500546448087432,0.07591356395214373,0.08891352075749447,0.12548621193176537,0.14157128019440882,0.07591356395214373,0.08891352075749447,0.9932349800089056,1.0,0.5844618128860933,0.6473518454498933,0.0,0.0,0.0005594215104179578,0.0,1.0
ee8044493cd9284d19b23352ece67d6897336c6beae4c3591e1fcc74dd53b325,mlb,home_runs>=1,hits_plus_runs_plus_RBI>=3 & total_bases>=1 & total_bases>=2,3,EXACT_IMPLICATION,3,"[{""explanation"": ""Each credited HR is a hit; Each credited HR contributes four TB; The credited HR batter scores; The credited HR includes the batter's RBI; HRR includes nonnegative hits; hits_plus_runs_plus_RBI is the sum of hits, runs, RBI"", ""proven"": true, ""rule_version"": ""mlb-official-batting-v1""}, {""explanation"": ""Each credited HR is a hit; Each credited HR contributes four TB; The credited HR batter scores; The credited HR includes the batter's RBI; HRR includes nonnegative hits; hits_plus_runs_plus_RBI is the sum of hits, runs, RBI"", ""proven"": true, ""rule_version"": ""mlb-official-batting-v1""}, {""explanation"": ""Each credited HR is a hit; Each credited HR contributes four TB; The credited HR batter scores; The credited HR includes the batter's RBI; HRR includes nonnegative hits; hits_plus_runs_plus_RBI is the sum of hits, runs, RBI"", ""proven"": true, ""rule_version"": ""mlb-official-batting-v1""}]",6863,564,1592,564,0,0.08217980475010928,0.2319685268832872,0.08217980475010928,1.0,0.3542713567839196,4.310929648241206,4.310929648241206,0.07591356395214373,0.08891352075749447,0.22213405499782432,0.24210288391181103,0.07591356395214373,0.08891352075749447,0.9932349800089056,1.0,0.3311531393507233,0.37809116093027706,0.0,0.0,0.0005594215104179578,0.0,1.0
f087aa1723837445b1172213eeed3a783efa8fcfd354800791dc49f89e50b602,mlb,home_runs>=1,hits>=1 & total_bases>=2 & total_bases>=3,3,EXACT_IMPLICATION,3,"[{""explanation"": ""Each credited HR is a hit; Each credited HR contributes four TB; The credited HR batter scores; The credited HR includes the batter's RBI; HRR includes nonnegative hits; hits_plus_runs_plus_RBI is the sum of hits, runs, RBI"", ""proven"": true, ""rule_version"": ""mlb-official-batting-v1""}, {""explanation"": ""Each credited HR is a hit; Each credited HR contributes four TB; The credited HR batter scores; The credited HR includes the batter's RBI; HRR includes nonnegative hits; hits_plus_runs_plus_RBI is the sum of hits, runs, RBI"", ""proven"": true, ""rule_version"": ""mlb-official-batting-v1""}, {""explanation"": ""Each credited HR is a hit; Each credited HR contributes four TB; The credited HR batter scores; The credited HR includes the batter's RBI; HRR includes nonnegative hits; hits_plus_runs_plus_RBI is the sum of hits, runs, RBI"", ""proven"": true, ""rule_version"": ""mlb-official-batting-v1""}]",6863,564,1215,564,0,0.08217980475010928,0.17703628150954392,0.08217980475010928,1.0,0.4641975308641975,5.648559670781893,5.648559670781893,0.07591356395214373,0.08891352075749447,0.16818715677568946,0.18624675194581464,0.07591356395214373,0.08891352075749447,0.9932349800089056,1.0,0.43631206317800986,0.4923086779607285,0.0,0.0,0.0005594215104179578,0.0,1.0
f0e2edb52bece6577d576648ba1b4b6100b9b4f1eab905928040fb4d54d05109,mlb,home_runs>=1,hits_plus_runs_plus_RBI>=1 & hits_plus_runs_plus_RBI>=2 & total_bases>=1,3,EXACT_IMPLICATION,3,"[{""explanation"": ""Each credited HR is a hit; Each credited HR contributes four TB; The credited HR batter scores; The credited HR includes the batter's RBI; HRR includes nonnegative hits; hits_plus_runs_plus_RBI is the sum of hits, runs, RBI"", ""proven"": true, ""rule_version"": ""mlb-official-batting-v1""}, {""explanation"": ""Each credited HR is a hit; Each credited HR contributes four TB; The credited HR batter scores; The credited HR includes the batter's RBI; HRR includes nonnegative hits; hits_plus_runs_plus_RBI is the sum of hits, runs, RBI"", ""proven"": true, ""rule_version"": ""mlb-official-batting-v1""}, {""explanation"": ""Each credited HR is a hit; Each credited HR contributes four TB; The credited HR batter scores; The credited HR includes the batter's RBI; HRR includes nonnegative hits; hits_plus_runs_plus_RBI is the sum of hits, runs, RBI"", ""proven"": true, ""rule_version"": ""mlb-official-batting-v1""}]",6863,564,2742,564,0,0.08217980475010928,0.3995337316042547,0.08217980475010928,1.0,0.20568927789934355,2.5029175784099196,2.5029175784099196,0.07591356395214373,0.08891352075749447,0.3880049429454243,0.41117492624630914,0.07591356395214373,0.08891352075749447,0.9932349800089056,1.0,0.1909768218419708,0.22122522106359682,0.0,0.0,0.0005594215104179578,0.0,1.0
f11d2e5ce705d898941de4201c845132ac917709ab5d1f54d6e25e9ef41bfb5f,mlb,home_runs>=1,total_bases>=1 & total_bases>=4,2,EXACT_IMPLICATION,2,"[{""explanation"": ""Each credited HR is a hit; Each credited HR contributes four TB; The credited HR batter scores; The credited HR includes the batter's RBI; HRR includes nonnegative hits; hits_plus_runs_plus_RBI is the sum of hits, runs, RBI"", ""proven"": true, ""rule_version"": ""mlb-official-batting-v1""}, {""explanation"": ""Each credited HR is a hit; Each credited HR contributes four TB; The credited HR batter scores; The credited HR includes the batter's RBI; HRR includes nonnegative hits; hits_plus_runs_plus_RBI is the sum of hits, runs, RBI"", ""proven"": true, ""rule_version"": ""mlb-official-batting-v1""}]",6863,564,791,564,0,0.08217980475010928,0.11525571907329156,0.08217980475010928,1.0,0.7130214917825537,8.676359039190897,8.676359039190897,0.07591356395214373,0.08891352075749447,0.10791505722010244,0.12302684938000205,0.07591356395214373,0.08891352075749447,0.9932349800089056,1.0,0.6805277796698896,0.7434561434888327,0.0,0.0,0.0005594215104179578,0.0,1.0
f29746a3ba70467d9faa3c606c3638d51c2b458c7379a3b2c82ca470293d2a46,mlb,home_runs>=1,hits_plus_runs_plus_RBI>=2 & total_bases>=2 & total_bases>=4,3,EXACT_IMPLICATION,3,"[{""explanation"": ""Each credited HR is a hit; Each credited HR contributes four TB; The credited HR batter scores; The credited HR includes the batter's RBI; HRR includes nonnegative hits; hits_plus_runs_plus_RBI is the sum of hits, runs, RBI"", ""proven"": true, ""rule_version"": ""mlb-official-batting-v1""}, {""explanation"": ""Each credited HR is a hit; Each credited HR contributes four TB; The credited HR batter scores; The credited HR includes the batter's RBI; HRR includes nonnegative hits; hits_plus_runs_plus_RBI is the sum of hits, runs, RBI"", ""proven"": true, ""rule_version"": ""mlb-official-batting-v1""}, {""explanation"": ""Each credited HR is a hit; Each credited HR contributes four TB; The credited HR batter scores; The credited HR includes the batter's RBI; HRR includes nonnegative hits; hits_plus_runs_plus_RBI is the sum of hits, runs, RBI"", ""proven"": true, ""rule_version"": ""mlb-official-batting-v1""}]",6863,564,791,564,0,0.08217980475010928,0.11525571907329156,0.08217980475010928,1.0,0.7130214917825537,8.676359039190897,8.676359039190897,0.07591356395214373,0.08891352075749447,0.10791505722010244,0.12302684938000205,0.07591356395214373,0.08891352075749447,0.9932349800089056,1.0,0.6805277796698896,0.7434561434888327,0.0,0.0,0.0005594215104179578,0.0,1.0
f2ae938a6f18a764990a71b7386938596e8318b9708545a0a6964a18ca6419c3,mlb,home_runs>=1,hits>=1 & hits_plus_runs_plus_RBI>=2 & hits_plus_runs_plus_RBI>=3,3,EXACT_IMPLICATION,3,"[{""explanation"": ""Each credited HR is a hit; Each credited HR contributes four TB; The credited HR batter scores; The credited HR includes the batter's RBI; HRR includes nonnegative hits; hits_plus_runs_plus_RBI is the sum of hits, runs, RBI"", ""proven"": true, ""rule_version"": ""mlb-official-batting-v1""}, {""explanation"": ""Each credited HR is a hit; Each credited HR contributes four TB; The credited HR batter scores; The credited HR includes the batter's RBI; HRR includes nonnegative hits; hits_plus_runs_plus_RBI is the sum of hits, runs, RBI"", ""proven"": true, ""rule_version"": ""mlb-official-batting-v1""}, {""explanation"": ""Each credited HR is a hit; Each credited HR contributes four TB; The credited HR batter scores; The credited HR includes the batter's RBI; HRR includes nonnegative hits; hits_plus_runs_plus_RBI is the sum of hits, runs, RBI"", ""proven"": true, ""rule_version"": ""mlb-official-batting-v1""}]",6863,564,1765,564,0,0.08217980475010928,0.25717616202826754,0.08217980475010928,1.0,0.31954674220963175,3.888385269121813,3.888385269121813,0.07591356395214373,0.08891352075749447,0.24697331696725122,0.2676506888456911,0.07591356395214373,0.08891352075749447,0.9932349800089056,1.0,0.2982045925566414,0.34167268597306094,0.0,0.0,0.0005594215104179578,0.0,1.0
f4c3192d8f6c8eb1150576ff6c8f531b983d2f8662c76eb6bd8a02c1019a5b95,mlb,home_runs>=1,total_bases>=1 & total_bases>=3 & total_bases>=4,3,EXACT_IMPLICATION,3,"[{""explanation"": ""Each credited HR is a hit; Each credited HR contributes four TB; The credited HR batter scores; The credited HR includes the batter's RBI; HRR includes nonnegative hits; hits_plus_runs_plus_RBI is the sum of hits, runs, RBI"", ""proven"": true, ""rule_version"": ""mlb-official-batting-v1""}, {""explanation"": ""Each credited HR is a hit; Each credited HR contributes four TB; The credited HR batter scores; The credited HR includes the batter's RBI; HRR includes nonnegative hits; hits_plus_runs_plus_RBI is the sum of hits, runs, RBI"", ""proven"": true, ""rule_version"": ""mlb-official-batting-v1""}, {""explanation"": ""Each credited HR is a hit; Each credited HR contributes four TB; The credited HR batter scores; The credited HR includes the batter's RBI; HRR includes nonnegative hits; hits_plus_runs_plus_RBI is the sum of hits, runs, RBI"", ""proven"": true, ""rule_version"": ""mlb-official-batting-v1""}]",6863,564,791,564,0,0.08217980475010928,0.11525571907329156,0.08217980475010928,1.0,0.7130214917825537,8.676359039190897,8.676359039190897,0.07591356395214373,0.08891352075749447,0.10791505722010244,0.12302684938000205,0.07591356395214373,0.08891352075749447,0.9932349800089056,1.0,0.6805277796698896,0.7434561434888327,0.0,0.0,0.0005594215104179578,0.0,1.0
f4da48e23a9bb3d77f7399ca979cd49de59ad1cbb7960c8a67bd8aa20ddf4cd9,mlb,home_runs>=1,RBI>=1 & hits>=1 & runs>=1,3,EXACT_IMPLICATION,3,"[{""explanation"": ""Each credited HR is a hit; Each credited HR contributes four TB; The credited HR batter scores; The credited HR includes the batter's RBI; HRR includes nonnegative hits; hits_plus_runs_plus_RBI is the sum of hits, runs, RBI"", ""proven"": true, ""rule_version"": ""mlb-official-batting-v1""}, {""explanation"": ""Each credited HR is a hit; Each credited HR contributes four TB; The credited HR batter scores; The credited HR includes the batter's RBI; HRR includes nonnegative hits; hits_plus_runs_plus_RBI is the sum of hits, runs, RBI"", ""proven"": true, ""rule_version"": ""mlb-official-batting-v1""}, {""explanation"": ""Each credited HR is a hit; Each credited HR contributes four TB; The credited HR batter scores; The credited HR includes the batter's RBI; HRR includes nonnegative hits; hits_plus_runs_plus_RBI is the sum of hits, runs, RBI"", ""proven"": true, ""rule_version"": ""mlb-official-batting-v1""}]",6863,564,1050,564,0,0.08217980475010928,0.15299431735392685,0.08217980475010928,1.0,0.5371428571428571,6.536190476190477,6.536190476190477,0.07591356395214373,0.08891352075749447,0.14467189881848877,0.16170498077558385,0.07591356395214373,0.08891352075749447,0.9932349800089056,1.0,0.5069028385170711,0.5671120897694724,0.0,0.0,0.0005594215104179578,0.0,1.0
f52b343527ce32ee5a236cdacaf8209cf9816018d8a97c974216019533657a0d,mlb,home_runs>=1,hits_plus_runs_plus_RBI>=1 & total_bases>=2 & total_bases>=3,3,EXACT_IMPLICATION,3,"[{""explanation"": ""Each credited HR is a hit; Each credited HR contributes four TB; The credited HR batter scores; The credited HR includes the batter's RBI; HRR includes nonnegative hits; hits_plus_runs_plus_RBI is the sum of hits, runs, RBI"", ""proven"": true, ""rule_version"": ""mlb-official-batting-v1""}, {""explanation"": ""Each credited HR is a hit; Each credited HR contributes four TB; The credited HR batter scores; The credited HR includes the batter's RBI; HRR includes nonnegative hits; hits_plus_runs_plus_RBI is the sum of hits, runs, RBI"", ""proven"": true, ""rule_version"": ""mlb-official-batting-v1""}, {""explanation"": ""Each credited HR is a hit; Each credited HR contributes four TB; The credited HR batter scores; The credited HR includes the batter's RBI; HRR includes nonnegative hits; hits_plus_runs_plus_RBI is the sum of hits, runs, RBI"", ""proven"": true, ""rule_version"": ""mlb-official-batting-v1""}]",6863,564,1215,564,0,0.08217980475010928,0.17703628150954392,0.08217980475010928,1.0,0.4641975308641975,5.648559670781893,5.648559670781893,0.07591356395214373,0.08891352075749447,0.16818715677568946,0.18624675194581464,0.07591356395214373,0.08891352075749447,0.9932349800089056,1.0,0.43631206317800986,0.4923086779607285,0.0,0.0,0.0005594215104179578,0.0,1.0
f592ce23e8a191e2f8972530e01cbded1600c3f1eab607b3aafbbf2a27123ce2,mlb,home_runs>=1,hits>=1 & hits_plus_runs_plus_RBI>=2 & total_bases>=3,3,EXACT_IMPLICATION,3,"[{""explanation"": ""Each credited HR is a hit; Each credited HR contributes four TB; The credited HR batter scores; The credited HR includes the batter's RBI; HRR includes nonnegative hits; hits_plus_runs_plus_RBI is the sum of hits, runs, RBI"", ""proven"": true, ""rule_version"": ""mlb-official-batting-v1""}, {""explanation"": ""Each credited HR is a hit; Each credited HR contributes four TB; The credited HR batter scores; The credited HR includes the batter's RBI; HRR includes nonnegative hits; hits_plus_runs_plus_RBI is the sum of hits, runs, RBI"", ""proven"": true, ""rule_version"": ""mlb-official-batting-v1""}, {""explanation"": ""Each credited HR is a hit; Each credited HR contributes four TB; The credited HR batter scores; The credited HR includes the batter's RBI; HRR includes nonnegative hits; hits_plus_runs_plus_RBI is the sum of hits, runs, RBI"", ""proven"": true, ""rule_version"": ""mlb-official-batting-v1""}]",6863,564,1205,564,0,0.08217980475010928,0.17557919277283987,0.08217980475010928,1.0,0.46804979253112033,5.695435684647302,5.695435684647303,0.07591356395214373,0.08891352075749447,0.16676013414692334,0.1847612273547364,0.07591356395214373,0.08891352075749447,0.9932349800089056,1.0,0.44002274665619484,0.4962799012732379,0.0,0.0,0.0005594215104179578,0.0,1.0
f6e9f1f1021fb4dee83a524c7f94b88cebfd29b05c95c018d6e6d2817c8ac66c,mlb,home_runs>=1,hits>=1 & hits_plus_runs_plus_RBI>=1 & total_bases>=1,3,EXACT_IMPLICATION,3,"[{""explanation"": ""Each credited HR is a hit; Each credited HR contributes four TB; The credited HR batter scores; The credited HR includes the batter's RBI; HRR includes nonnegative hits; hits_plus_runs_plus_RBI is the sum of hits, runs, RBI"", ""proven"": true, ""rule_version"": ""mlb-official-batting-v1""}, {""explanation"": ""Each credited HR is a hit; Each credited HR contributes four TB; The credited HR batter scores; The credited HR includes the batter's RBI; HRR includes nonnegative hits; hits_plus_runs_plus_RBI is the sum of hits, runs, RBI"", ""proven"": true, ""rule_version"": ""mlb-official-batting-v1""}, {""explanation"": ""Each credited HR is a hit; Each credited HR contributes four TB; The credited HR batter scores; The credited HR includes the batter's RBI; HRR includes nonnegative hits; hits_plus_runs_plus_RBI is the sum of hits, runs, RBI"", ""proven"": true, ""rule_version"": ""mlb-official-batting-v1""}]",6863,564,3819,564,0,0.08217980475010928,0.5564621885472826,0.08217980475010928,1.0,0.1476826394344069,1.79706729510343,1.79706729510343,0.07591356395214373,0.08891352075749447,0.5446801576520175,0.5681810471169504,0.07591356395214373,0.08891352075749447,0.9932349800089056,1.0,0.1367845252427601,0.159288819941127,0.0,0.0,0.0005594215104179578,0.0,1.0
f78adff29c7d871dbb4b9ce4427252ce25255c0af9750a641892199a0aaf0ece,mlb,home_runs>=1,hits>=1 & total_bases>=2,2,EXACT_IMPLICATION,2,"[{""explanation"": ""Each credited HR is a hit; Each credited HR contributes four TB; The credited HR batter scores; The credited HR includes the batter's RBI; HRR includes nonnegative hits; hits_plus_runs_plus_RBI is the sum of hits, runs, RBI"", ""proven"": true, ""rule_version"": ""mlb-official-batting-v1""}, {""explanation"": ""Each credited HR is a hit; Each credited HR contributes four TB; The credited HR batter scores; The credited HR includes the batter's RBI; HRR includes nonnegative hits; hits_plus_runs_plus_RBI is the sum of hits, runs, RBI"", ""proven"": true, ""rule_version"": ""mlb-official-batting-v1""}]",6863,564,2181,564,0,0.08217980475010928,0.3177910534751566,0.08217980475010928,1.0,0.2585969738651995,3.146721687299404,3.146721687299404,0.07591356395214373,0.08891352075749447,0.3068796786974051,0.3289062914610614,0.07591356395214373,0.08891352075749447,0.9932349800089056,1.0,0.24065632733296577,0.2773865055925981,0.0,0.0,0.0005594215104179578,0.0,1.0
fa138810191158e838d706bf217216603767d472c19d7b1b397a1c51be1b0b73,mlb,home_runs>=1,hits_plus_runs_plus_RBI>=2 & hits_plus_runs_plus_RBI>=3 & total_bases>=2,3,EXACT_IMPLICATION,3,"[{""explanation"": ""Each credited HR is a hit; Each credited HR contributes four TB; The credited HR batter scores; The credited HR includes the batter's RBI; HRR includes nonnegative hits; hits_plus_runs_plus_RBI is the sum of hits, runs, RBI"", ""proven"": true, ""rule_version"": ""mlb-official-batting-v1""}, {""explanation"": ""Each credited HR is a hit; Each credited HR contributes four TB; The credited HR batter scores; The credited HR includes the batter's RBI; HRR includes nonnegative hits; hits_plus_runs_plus_RBI is the sum of hits, runs, RBI"", ""proven"": true, ""rule_version"": ""mlb-official-batting-v1""}, {""explanation"": ""Each credited HR is a hit; Each credited HR contributes four TB; The credited HR batter scores; The credited HR includes the batter's RBI; HRR includes nonnegative hits; hits_plus_runs_plus_RBI is the sum of hits, runs, RBI"", ""proven"": true, ""rule_version"": ""mlb-official-batting-v1""}]",6863,564,1592,564,0,0.08217980475010928,0.2319685268832872,0.08217980475010928,1.0,0.3542713567839196,4.310929648241206,4.310929648241206,0.07591356395214373,0.08891352075749447,0.22213405499782432,0.24210288391181103,0.07591356395214373,0.08891352075749447,0.9932349800089056,1.0,0.3311531393507233,0.37809116093027706,0.0,0.0,0.0005594215104179578,0.0,1.0
fb703c3dd8306823505cef7252197bd47a6179fa98e263b29d66eaa77f312a87,mlb,home_runs>=1,runs>=1 & total_bases>=2 & total_bases>=3,3,EXACT_IMPLICATION,3,"[{""explanation"": ""Each credited HR is a hit; Each credited HR contributes four TB; The credited HR batter scores; The credited HR includes the batter's RBI; HRR includes nonnegative hits; hits_plus_runs_plus_RBI is the sum of hits, runs, RBI"", ""proven"": true, ""rule_version"": ""mlb-official-batting-v1""}, {""explanation"": ""Each credited HR is a hit; Each credited HR contributes four TB; The credited HR batter scores; The credited HR includes the batter's RBI; HRR includes nonnegative hits; hits_plus_runs_plus_RBI is the sum of hits, runs, RBI"", ""proven"": true, ""rule_version"": ""mlb-official-batting-v1""}, {""explanation"": ""Each credited HR is a hit; Each credited HR contributes four TB; The credited HR batter scores; The credited HR includes the batter's RBI; HRR includes nonnegative hits; hits_plus_runs_plus_RBI is the sum of hits, runs, RBI"", ""proven"": true, ""rule_version"": ""mlb-official-batting-v1""}]",6863,564,1007,564,0,0.08217980475010928,0.14672883578609938,0.08217980475010928,1.0,0.5600794438927508,6.815292949354518,6.815292949354518,0.07591356395214373,0.08891352075749447,0.13855518252610943,0.15529774402263258,0.07591356395214373,0.08891352075749447,0.9932349800089056,1.0,0.5292504800098802,0.5904517729439763,0.0,0.0,0.0005594215104179578,0.0,1.0
fe9a4dc504c242e7282cd968757f958d629282d18ce0e5e887d6c47963ed75c1,mlb,home_runs>=1,total_bases>=1 & total_bases>=2 & total_bases>=4,3,EXACT_IMPLICATION,3,"[{""explanation"": ""Each credited HR is a hit; Each credited HR contributes four TB; The credited HR batter scores; The credited HR includes the batter's RBI; HRR includes nonnegative hits; hits_plus_runs_plus_RBI is the sum of hits, runs, RBI"", ""proven"": true, ""rule_version"": ""mlb-official-batting-v1""}, {""explanation"": ""Each credited HR is a hit; Each credited HR contributes four TB; The credited HR batter scores; The credited HR includes the batter's RBI; HRR includes nonnegative hits; hits_plus_runs_plus_RBI is the sum of hits, runs, RBI"", ""proven"": true, ""rule_version"": ""mlb-official-batting-v1""}, {""explanation"": ""Each credited HR is a hit; Each credited HR contributes four TB; The credited HR batter scores; The credited HR includes the batter's RBI; HRR includes nonnegative hits; hits_plus_runs_plus_RBI is the sum of hits, runs, RBI"", ""proven"": true, ""rule_version"": ""mlb-official-batting-v1""}]",6863,564,791,564,0,0.08217980475010928,0.11525571907329156,0.08217980475010928,1.0,0.7130214917825537,8.676359039190897,8.676359039190897,0.07591356395214373,0.08891352075749447,0.10791505722010244,0.12302684938000205,0.07591356395214373,0.08891352075749447,0.9932349800089056,1.0,0.6805277796698896,0.7434561434888327,0.0,0.0,0.0005594215104179578,0.0,1.0
ffd59a466c01b7b7a81078d4af27b8b6bfe0453f2be922d3c40c9f4dc66ff668,mlb,home_runs>=1,RBI>=1 & hits>=1 & hits_plus_runs_plus_RBI>=3,3,EXACT_IMPLICATION,3,"[{""explanation"": ""Each credited HR is a hit; Each credited HR contributes four TB; The credited HR batter scores; The credited HR includes the batter's RBI; HRR includes nonnegative hits; hits_plus_runs_plus_RBI is the sum of hits, runs, RBI"", ""proven"": true, ""rule_version"": ""mlb-official-batting-v1""}, {""explanation"": ""Each credited HR is a hit; Each credited HR contributes four TB; The credited HR batter scores; The credited HR includes the batter's RBI; HRR includes nonnegative hits; hits_plus_runs_plus_RBI is the sum of hits, runs, RBI"", ""proven"": true, ""rule_version"": ""mlb-official-batting-v1""}, {""explanation"": ""Each credited HR is a hit; Each credited HR contributes four TB; The credited HR batter scores; The credited HR includes the batter's RBI; HRR includes nonnegative hits; hits_plus_runs_plus_RBI is the sum of hits, runs, RBI"", ""proven"": true, ""rule_version"": ""mlb-official-batting-v1""}]",6863,564,1315,564,0,0.08217980475010928,0.19160716887658458,0.08217980475010928,1.0,0.42889733840304184,5.219011406844107,5.219011406844107,0.07591356395214373,0.08891352075749447,0.182469442247925,0.2010899386720224,0.07591356395214373,0.08891352075749447,0.9932349800089056,1.0,0.4023929219164186,0.4558159638072564,0.0,0.0,0.0005594215104179578,0.0,1.0
226de3fd8007818dfdf77cfb8b99983cef2de6698043083467ab530e641588c2,mlb,hits_plus_runs_plus_RBI>=5,hits_plus_runs_plus_RBI>=2 & hits_plus_runs_plus_RBI>=3,2,EXACT_IMPLICATION,2,"[{""explanation"": ""Threshold monotonicity"", ""proven"": true, ""rule_version"": ""mlb-official-batting-v1""}, {""explanation"": ""Threshold monotonicity"", ""proven"": true, ""rule_version"": ""mlb-official-batting-v1""}]",6863,554,1770,554,0,0.08072271601340522,0.25790470639661955,0.08072271601340522,1.0,0.3129943502824859,3.877401129943503,3.877401129943503,0.07450996230136143,0.08740457518843243,0.24769190548167133,0.26838837394119314,0.07450996230136143,0.08740457518843243,0.9931137086353976,1.0,0.2918161462904595,0.3349825189971821,0.0,0.0,0.0005594215104179578,0.0,1.0
28be38fb186cf2a9030971fba9c62546c9b5221e84dc006d228065479336d0ab,mlb,hits_plus_runs_plus_RBI>=5,hits_plus_runs_plus_RBI>=1,1,EXACT_IMPLICATION,1,"[{""explanation"": ""Threshold monotonicity"", ""proven"": true, ""rule_version"": ""mlb-official-batting-v1""}]",6863,554,4254,554,0,0.08072271601340522,0.6198455485939094,0.08072271601340522,1.0,0.13023037141513868,1.6133051245886225,1.6133051245886225,0.07450996230136143,0.08740457518843243,0.6082970007577593,0.631260008074437,0.07450996230136143,0.08740457518843243,0.9931137086353976,1.0,0.12044939796248882,0.14067856313558452,0.0,0.0,0.0005594215104179578,0.0,1.0
41011aa522f4bf46d121abb85dc5866656d82d41d96cc60f9a288a3ea2b3b9bd,mlb,hits_plus_runs_plus_RBI>=5,hits_plus_runs_plus_RBI>=1 & hits_plus_runs_plus_RBI>=2 & hits_plus_runs_plus_RBI>=4,3,EXACT_IMPLICATION,3,"[{""explanation"": ""Threshold monotonicity"", ""proven"": true, ""rule_version"": ""mlb-official-batting-v1""}, {""explanation"": ""Threshold monotonicity"", ""proven"": true, ""rule_version"": ""mlb-official-batting-v1""}, {""explanation"": ""Threshold monotonicity"", ""proven"": true, ""rule_version"": ""mlb-official-batting-v1""}]",6863,554,1017,554,0,0.08072271601340522,0.14818592452280344,0.08072271601340522,1.0,0.5447394296951819,6.748279252704032,6.748279252704031,0.07450996230136143,0.08740457518843243,0.13997721764333465,0.1567882561252517,0.07450996230136143,0.08740457518843243,0.9931137086353976,1.0,0.5140218653925828,0.5751202822089907,0.0,0.0,0.0005594215104179578,0.0,1.0
4421cbbaa12ccc93ea31b7cda69b0503a174d8439e0b480ca8831b2fee5edb2e,mlb,hits_plus_runs_plus_RBI>=5,hits_plus_runs_plus_RBI>=3 & hits_plus_runs_plus_RBI>=4,2,EXACT_IMPLICATION,2,"[{""explanation"": ""Threshold monotonicity"", ""proven"": true, ""rule_version"": ""mlb-official-batting-v1""}, {""explanation"": ""Threshold monotonicity"", ""proven"": true, ""rule_version"": ""mlb-official-batting-v1""}]",6863,554,1017,554,0,0.08072271601340522,0.14818592452280344,0.08072271601340522,1.0,0.5447394296951819,6.748279252704032,6.748279252704031,0.07450996230136143,0.08740457518843243,0.13997721764333465,0.1567882561252517,0.07450996230136143,0.08740457518843243,0.9931137086353976,1.0,0.5140218653925828,0.5751202822089907,0.0,0.0,0.0005594215104179578,0.0,1.0
4599b122b376baf13b1abaf7b76aaceca80a354fbe5cbe930164e950a620d4d0,mlb,hits_plus_runs_plus_RBI>=5,hits_plus_runs_plus_RBI>=1 & hits_plus_runs_plus_RBI>=2,2,EXACT_IMPLICATION,2,"[{""explanation"": ""Threshold monotonicity"", ""proven"": true, ""rule_version"": ""mlb-official-batting-v1""}, {""explanation"": ""Threshold monotonicity"", ""proven"": true, ""rule_version"": ""mlb-official-batting-v1""}]",6863,554,2787,554,0,0.08072271601340522,0.406090630919423,0.08072271601340522,1.0,0.1987800502332257,2.4625044851094366,2.4625044851094366,0.07450996230136143,0.08740457518843243,0.394527460255928,0.4177588714251049,0.07450996230136143,0.08740457518843243,0.9931137086353976,1.0,0.18438268916339176,0.21400664080253082,0.0,0.0,0.0005594215104179578,0.0,1.0
46ab49133319a0540979d0273d004bbe66e1c7cbc12aebf42952532b8b2d71cd,mlb,hits_plus_runs_plus_RBI>=5,hits_plus_runs_plus_RBI>=2 & hits_plus_runs_plus_RBI>=3 & hits_plus_runs_plus_RBI>=4,3,EXACT_IMPLICATION,3,"[{""explanation"": ""Threshold monotonicity"", ""proven"": true, ""rule_version"": ""mlb-official-batting-v1""}, {""explanation"": ""Threshold monotonicity"", ""proven"": true, ""rule_version"": ""mlb-official-batting-v1""}, {""explanation"": ""Threshold monotonicity"", ""proven"": true, ""rule_version"": ""mlb-official-batting-v1""}]",6863,554,1017,554,0,0.08072271601340522,0.14818592452280344,0.08072271601340522,1.0,0.5447394296951819,6.748279252704032,6.748279252704031,0.07450996230136143,0.08740457518843243,0.13997721764333465,0.1567882561252517,0.07450996230136143,0.08740457518843243,0.9931137086353976,1.0,0.5140218653925828,0.5751202822089907,0.0,0.0,0.0005594215104179578,0.0,1.0
4785dcc508d594521a15630b48e466a89aeb1f3b82eb29924e05b9a938013636,mlb,hits_plus_runs_plus_RBI>=5,hits_plus_runs_plus_RBI>=1 & hits_plus_runs_plus_RBI>=3,2,EXACT_IMPLICATION,2,"[{""explanation"": ""Threshold monotonicity"", ""proven"": true, ""rule_version"": ""mlb-official-batting-v1""}, {""explanation"": ""Threshold monotonicity"", ""proven"": true, ""rule_version"": ""mlb-official-batting-v1""}]",6863,554,1770,554,0,0.08072271601340522,0.25790470639661955,0.08072271601340522,1.0,0.3129943502824859,3.877401129943503,3.877401129943503,0.07450996230136143,0.08740457518843243,0.24769190548167133,0.26838837394119314,0.07450996230136143,0.08740457518843243,0.9931137086353976,1.0,0.2918161462904595,0.3349825189971821,0.0,0.0,0.0005594215104179578,0.0,1.0
7c60396f28175ef7ba42d9f92c7036a7964aa1c16abe8cc6e76416a80c5948b4,mlb,hits_plus_runs_plus_RBI>=5,hits_plus_runs_plus_RBI>=1 & hits_plus_runs_plus_RBI>=4,2,EXACT_IMPLICATION,2,"[{""explanation"": ""Threshold monotonicity"", ""proven"": true, ""rule_version"": ""mlb-official-batting-v1""}, {""explanation"": ""Threshold monotonicity"", ""proven"": true, ""rule_version"": ""mlb-official-batting-v1""}]",6863,554,1017,554,0,0.08072271601340522,0.14818592452280344,0.08072271601340522,1.0,0.5447394296951819,6.748279252704032,6.748279252704031,0.07450996230136143,0.08740457518843243,0.13997721764333465,0.1567882561252517,0.07450996230136143,0.08740457518843243,0.9931137086353976,1.0,0.5140218653925828,0.5751202822089907,0.0,0.0,0.0005594215104179578,0.0,1.0
90334a47dd5a413b310b2b966bba756a60c21492361a603341a6d53488e6279e,mlb,hits_plus_runs_plus_RBI>=5,hits_plus_runs_plus_RBI>=2,1,EXACT_IMPLICATION,1,"[{""explanation"": ""Threshold monotonicity"", ""proven"": true, ""rule_version"": ""mlb-official-batting-v1""}]",6863,554,2787,554,0,0.08072271601340522,0.406090630919423,0.08072271601340522,1.0,0.1987800502332257,2.4625044851094366,2.4625044851094366,0.07450996230136143,0.08740457518843243,0.394527460255928,0.4177588714251049,0.07450996230136143,0.08740457518843243,0.9931137086353976,1.0,0.18438268916339176,0.21400664080253082,0.0,0.0,0.0005594215104179578,0.0,1.0
a2b73020acfcf103ba17461d3416764d8e2b74ff34aeed2b0ec02f17164d557b,mlb,hits_plus_runs_plus_RBI>=5,hits_plus_runs_plus_RBI>=3,1,EXACT_IMPLICATION,1,"[{""explanation"": ""Threshold monotonicity"", ""proven"": true, ""rule_version"": ""mlb-official-batting-v1""}]",6863,554,1770,554,0,0.08072271601340522,0.25790470639661955,0.08072271601340522,1.0,0.3129943502824859,3.877401129943503,3.877401129943503,0.07450996230136143,0.08740457518843243,0.24769190548167133,0.26838837394119314,0.07450996230136143,0.08740457518843243,0.9931137086353976,1.0,0.2918161462904595,0.3349825189971821,0.0,0.0,0.0005594215104179578,0.0,1.0
a42ed7ece77a39a8d46c13571fe61f71c507c969790b8325fdf4669a6146e41f,mlb,hits_plus_runs_plus_RBI>=5,hits_plus_runs_plus_RBI>=2 & hits_plus_runs_plus_RBI>=4,2,EXACT_IMPLICATION,2,"[{""explanation"": ""Threshold monotonicity"", ""proven"": true, ""rule_version"": ""mlb-official-batting-v1""}, {""explanation"": ""Threshold monotonicity"", ""proven"": true, ""rule_version"": ""mlb-official-batting-v1""}]",6863,554,1017,554,0,0.08072271601340522,0.14818592452280344,0.08072271601340522,1.0,0.5447394296951819,6.748279252704032,6.748279252704031,0.07450996230136143,0.08740457518843243,0.13997721764333465,0.1567882561252517,0.07450996230136143,0.08740457518843243,0.9931137086353976,1.0,0.5140218653925828,0.5751202822089907,0.0,0.0,0.0005594215104179578,0.0,1.0
aeb84f04b0485de64f9dd7cd5d063d7c611135f0b023861840efd0a9f52a9271,mlb,hits_plus_runs_plus_RBI>=5,hits_plus_runs_plus_RBI>=1 & hits_plus_runs_plus_RBI>=2 & hits_plus_runs_plus_RBI>=3,3,EXACT_IMPLICATION,3,"[{""explanation"": ""Threshold monotonicity"", ""proven"": true, ""rule_version"": ""mlb-official-batting-v1""}, {""explanation"": ""Threshold monotonicity"", ""proven"": true, ""rule_version"": ""mlb-official-batting-v1""}, {""explanation"": ""Threshold monotonicity"", ""proven"": true, ""rule_version"": ""mlb-official-batting-v1""}]",6863,554,1770,554,0,0.08072271601340522,0.25790470639661955,0.08072271601340522,1.0,0.3129943502824859,3.877401129943503,3.877401129943503,0.07450996230136143,0.08740457518843243,0.24769190548167133,0.26838837394119314,0.07450996230136143,0.08740457518843243,0.9931137086353976,1.0,0.2918161462904595,0.3349825189971821,0.0,0.0,0.0005594215104179578,0.0,1.0
b284c1e68f434573e77a156cc3f5ad44757b3a81c67b61e9ebd1ff14588776d9,mlb,hits_plus_runs_plus_RBI>=5,hits_plus_runs_plus_RBI>=4,1,EXACT_IMPLICATION,1,"[{""explanation"": ""Threshold monotonicity"", ""proven"": true, ""rule_version"": ""mlb-official-batting-v1""}]",6863,554,1017,554,0,0.08072271601340522,0.14818592452280344,0.08072271601340522,1.0,0.5447394296951819,6.748279252704032,6.748279252704031,0.07450996230136143,0.08740457518843243,0.13997721764333465,0.1567882561252517,0.07450996230136143,0.08740457518843243,0.9931137086353976,1.0,0.5140218653925828,0.5751202822089907,0.0,0.0,0.0005594215104179578,0.0,1.0
bc24c1a57aa9a6b6fca89cd87febb6e91e39214bafb8356e73408d0b6e3e7406,mlb,hits_plus_runs_plus_RBI>=5,hits_plus_runs_plus_RBI>=1 & hits_plus_runs_plus_RBI>=3 & hits_plus_runs_plus_RBI>=4,3,EXACT_IMPLICATION,3,"[{""explanation"": ""Threshold monotonicity"", ""proven"": true, ""rule_version"": ""mlb-official-batting-v1""}, {""explanation"": ""Threshold monotonicity"", ""proven"": true, ""rule_version"": ""mlb-official-batting-v1""}, {""explanation"": ""Threshold monotonicity"", ""proven"": true, ""rule_version"": ""mlb-official-batting-v1""}]",6863,554,1017,554,0,0.08072271601340522,0.14818592452280344,0.08072271601340522,1.0,0.5447394296951819,6.748279252704032,6.748279252704031,0.07450996230136143,0.08740457518843243,0.13997721764333465,0.1567882561252517,0.07450996230136143,0.08740457518843243,0.9931137086353976,1.0,0.5140218653925828,0.5751202822089907,0.0,0.0,0.0005594215104179578,0.0,1.0
0644b1ce3c4d0b02cced6ce34c63b9ca14878e463247f08fe5ffea0397c14be9,mlb,runs>=2,runs>=1,1,EXACT_IMPLICATION,1,"[{""explanation"": ""Threshold monotonicity"", ""proven"": true, ""rule_version"": ""mlb-official-batting-v1""}]",6863,458,2252,458,0,0.06673466414104619,0.3281363835057555,0.06673466414104619,1.0,0.2033747779751332,3.047513321492007,3.0475133214920067,0.061069406236753686,0.0728846779425346,0.3171266314954659,0.3393384239238954,0.061069406236753686,0.0728846779425346,0.9916822997430694,1.0,0.1872622303096977,0.22049756824528036,0.0,0.0,0.0005594215104179578,0.0,1.0
51ed1f4b78b4758924393b216fc5df9231b0b791640686ff6a6a120426bd735d,mlb,runs>=2,hits_plus_runs_plus_RBI>=2,1,EXACT_IMPLICATION,1,"[{""explanation"": ""HRR includes nonnegative runs"", ""proven"": true, ""rule_version"": ""mlb-official-batting-v1""}]",6863,458,2787,458,0,0.06673466414104619,0.406090630919423,0.06673466414104619,1.0,0.16433440975959812,2.4625044851094366,2.4625044851094366,0.061069406236753686,0.0728846779425346,0.394527460255928,0.4177588714251049,0.061069406236753686,0.0728846779425346,0.9916822997430694,1.0,0.15103999560270637,0.1785528789453824,0.0,0.0,0.0005594215104179578,0.0,1.0
5981259242d9c978dd98e92d12a69befef6c6d14267d63ab336e3f67c0c14061,mlb,runs>=2,hits_plus_runs_plus_RBI>=1 & hits_plus_runs_plus_RBI>=2,2,EXACT_IMPLICATION,2,"[{""explanation"": ""HRR includes nonnegative runs"", ""proven"": true, ""rule_version"": ""mlb-official-batting-v1""}, {""explanation"": ""HRR includes nonnegative runs"", ""proven"": true, ""rule_version"": ""mlb-official-batting-v1""}]",6863,458,2787,458,0,0.06673466414104619,0.406090630919423,0.06673466414104619,1.0,0.16433440975959812,2.4625044851094366,2.4625044851094366,0.061069406236753686,0.0728846779425346,0.394527460255928,0.4177588714251049,0.061069406236753686,0.0728846779425346,0.9916822997430694,1.0,0.15103999560270637,0.1785528789453824,0.0,0.0,0.0005594215104179578,0.0,1.0
8002df610e8e827faaa9b091205190bb30a8e73735261fc501bf8858e94541f4,mlb,runs>=2,hits_plus_runs_plus_RBI>=1 & runs>=1,2,EXACT_IMPLICATION,2,"[{""explanation"": ""HRR includes nonnegative runs"", ""proven"": true, ""rule_version"": ""mlb-official-batting-v1""}, {""explanation"": ""Threshold monotonicity"", ""proven"": true, ""rule_version"": ""mlb-official-batting-v1""}]",6863,458,2252,458,0,0.06673466414104619,0.3281363835057555,0.06673466414104619,1.0,0.2033747779751332,3.047513321492007,3.0475133214920067,0.061069406236753686,0.0728846779425346,0.3171266314954659,0.3393384239238954,0.061069406236753686,0.0728846779425346,0.9916822997430694,1.0,0.1872622303096977,0.22049756824528036,0.0,0.0,0.0005594215104179578,0.0,1.0
865f5306508e58962ea8e468066307988892b716dd926a8327b90a5d0c3ab3dd,mlb,runs>=2,hits_plus_runs_plus_RBI>=2 & runs>=1,2,EXACT_IMPLICATION,2,"[{""explanation"": ""HRR includes nonnegative runs"", ""proven"": true, ""rule_version"": ""mlb-official-batting-v1""}, {""explanation"": ""Threshold monotonicity"", ""proven"": true, ""rule_version"": ""mlb-official-batting-v1""}]",6863,458,2006,458,0,0.06673466414104619,0.2922920005828355,0.06673466414104619,1.0,0.22831505483549352,3.42123629112662,3.42123629112662,0.061069406236753686,0.0728846779425346,0.28165022435265424,0.3031661694585364,0.061069406236753686,0.0728846779425346,0.9916822997430694,1.0,0.2104762093413608,0.24719245640525261,0.0,0.0,0.0005594215104179578,0.0,1.0
d3b41a6ddc5247c6d6da131320d3889a938c39b808fbfe7a4b368ce43e8545c3,mlb,runs>=2,hits_plus_runs_plus_RBI>=1,1,EXACT_IMPLICATION,1,"[{""explanation"": ""HRR includes nonnegative runs"", ""proven"": true, ""rule_version"": ""mlb-official-batting-v1""}]",6863,458,4254,458,0,0.06673466414104619,0.6198455485939094,0.06673466414104619,1.0,0.1076633756464504,1.6133051245886225,1.6133051245886225,0.061069406236753686,0.0728846779425346,0.6082970007577593,0.631260008074437,0.061069406236753686,0.0728846779425346,0.9916822997430694,1.0,0.0987005750039634,0.1173341148070248,0.0,0.0,0.0005594215104179578,0.0,1.0
d5d54b05f3199da65944360329c97b519af66197a4d11234f3e4478886d09b3e,mlb,runs>=2,hits_plus_runs_plus_RBI>=1 & hits_plus_runs_plus_RBI>=2 & runs>=1,3,EXACT_IMPLICATION,3,"[{""explanation"": ""HRR includes nonnegative runs"", ""proven"": true, ""rule_version"": ""mlb-official-batting-v1""}, {""explanation"": ""HRR includes nonnegative runs"", ""proven"": true, ""rule_version"": ""mlb-official-batting-v1""}, {""explanation"": ""Threshold monotonicity"", ""proven"": true, ""rule_version"": ""mlb-official-batting-v1""}]",6863,458,2006,458,0,0.06673466414104619,0.2922920005828355,0.06673466414104619,1.0,0.22831505483549352,3.42123629112662,3.42123629112662,0.061069406236753686,0.0728846779425346,0.28165022435265424,0.3031661694585364,0.061069406236753686,0.0728846779425346,0.9916822997430694,1.0,0.2104762093413608,0.24719245640525261,0.0,0.0,0.0005594215104179578,0.0,1.0
006dddc5dc5fdc6ca3937077a3e1750f057f3c651f94cff8f8cb0787c2022e45,mlb,total_bases>=5,total_bases>=1 & total_bases>=3 & total_bases>=4,3,EXACT_IMPLICATION,3,"[{""explanation"": ""Threshold monotonicity"", ""proven"": true, ""rule_version"": ""mlb-official-batting-v1""}, {""explanation"": ""Threshold monotonicity"", ""proven"": true, ""rule_version"": ""mlb-official-batting-v1""}, {""explanation"": ""Threshold monotonicity"", ""proven"": true, ""rule_version"": ""mlb-official-batting-v1""}]",6863,359,791,359,0,0.05230948564767594,0.11525571907329156,0.05230948564767594,1.0,0.4538558786346397,8.6763590391909,8.676359039190897,0.047287833167272794,0.05783203353555663,0.10791505722010244,0.12302684938000205,0.047287833167272794,0.05783203353555663,0.9894128448463978,1.0,0.4194666718858281,0.4886911133053091,0.0,0.0,0.0005594215104179578,0.0,1.0
05a32c3f55557690319e42832e0be3b982794f43354f0937c581b19148336ad0,mlb,total_bases>=5,hits>=2 & hits_plus_runs_plus_RBI>=2,2,EXACT_IMPLICATION,2,"[{""explanation"": ""At most four TB per hit, so hits >= ceil(TB/4); HRR includes nonnegative hits"", ""proven"": true, ""rule_version"": ""mlb-official-batting-v1""}, {""explanation"": ""At most four TB per hit, so hits >= ceil(TB/4); HRR includes nonnegative hits"", ""proven"": true, ""rule_version"": ""mlb-official-batting-v1""}]",6863,359,1371,359,0,0.05230948564767594,0.19976686580212735,0.05230948564767594,1.0,0.2618526622902991,5.00583515681984,5.005835156819839,0.047287833167272794,0.05783203353555663,0.1904766321191096,0.20939301323196607,0.047287833167272794,0.05783203353555663,0.9894128448463978,1.0,0.23926931395593226,0.28576683053150015,0.0,0.0,0.0005594215104179578,0.0,1.0
097579f7b15aeeeecc55cf817d2e53d1853140403553836e69eec293a5395c52,mlb,total_bases>=5,hits_plus_runs_plus_RBI>=2,1,EXACT_IMPLICATION,1,"[{""explanation"": ""At most four TB per hit, so hits >= ceil(TB/4); HRR includes nonnegative hits"", ""proven"": true, ""rule_version"": ""mlb-official-batting-v1""}]",6863,359,2787,359,0,0.05230948564767594,0.406090630919423,0.05230948564767594,1.0,0.12881234302116973,2.4625044851094366,2.4625044851094366,0.047287833167272794,0.05783203353555663,0.394527460255928,0.4177588714251049,0.047287833167272794,0.05783203353555663,0.9894128448463978,1.0,0.11688437093810816,0.1417621589603396,0.0,0.0,0.0005594215104179578,0.0,1.0
09ed2135982ac6fe307021bf1a307e717840205cd2931e155a6c1269b83ae12b,mlb,total_bases>=5,hits>=2 & hits_plus_runs_plus_RBI>=1 & total_bases>=1,3,EXACT_IMPLICATION,3,"[{""explanation"": ""At most four TB per hit, so hits >= ceil(TB/4); HRR includes nonnegative hits"", ""proven"": true, ""rule_version"": ""mlb-official-batting-v1""}, {""explanation"": ""At most four TB per hit, so hits >= ceil(TB/4); HRR includes nonnegative hits"", ""proven"": true, ""rule_version"": ""mlb-official-batting-v1""}, {""explanation"": ""Threshold monotonicity"", ""proven"": true, ""rule_version"": ""mlb-official-batting-v1""}]",6863,359,1371,359,0,0.05230948564767594,0.19976686580212735,0.05230948564767594,1.0,0.2618526622902991,5.00583515681984,5.005835156819839,0.047287833167272794,0.05783203353555663,0.1904766321191096,0.20939301323196607,0.047287833167272794,0.05783203353555663,0.9894128448463978,1.0,0.23926931395593226,0.28576683053150015,0.0,0.0,0.0005594215104179578,0.0,1.0
0ea0924a1653a2e38382fe770f80d20f1883f6914a0284a7772aa005fc0c6e0e,mlb,total_bases>=5,hits>=1 & hits_plus_runs_plus_RBI>=1,2,EXACT_IMPLICATION,2,"[{""explanation"": ""At most four TB per hit, so hits >= ceil(TB/4); HRR includes nonnegative hits"", ""proven"": true, ""rule_version"": ""mlb-official-batting-v1""}, {""explanation"": ""At most four TB per hit, so hits >= ceil(TB/4); HRR includes nonnegative hits"", ""proven"": true, ""rule_version"": ""mlb-official-batting-v1""}]",6863,359,3819,359,0,0.05230948564767594,0.5564621885472826,0.05230948564767594,1.0,0.09400366588112072,1.79706729510343,1.79706729510343,0.047287833167272794,0.05783203353555663,0.5446801576520175,0.5681810471169504,0.047287833167272794,0.05783203353555663,0.9894128448463978,1.0,0.085151607841117,0.1036716710199882,0.0,0.0,0.0005594215104179578,0.0,1.0
103a294826d80c79c67b21c89a61ecc256d6ac842a8dfba31b84e643d57ac945,mlb,total_bases>=5,hits>=1 & hits>=2 & hits_plus_runs_plus_RBI>=1,3,EXACT_IMPLICATION,3,"[{""explanation"": ""At most four TB per hit, so hits >= ceil(TB/4); HRR includes nonnegative hits"", ""proven"": true, ""rule_version"": ""mlb-official-batting-v1""}, {""explanation"": ""At most four TB per hit, so hits >= ceil(TB/4); HRR includes nonnegative hits"", ""proven"": true, ""rule_version"": ""mlb-official-batting-v1""}, {""explanation"": ""At most four TB per hit, so hits >= ceil(TB/4); HRR includes nonnegative hits"", ""proven"": true, ""rule_version"": ""mlb-official-batting-v1""}]",6863,359,1371,359,0,0.05230948564767594,0.19976686580212735,0.05230948564767594,1.0,0.2618526622902991,5.00583515681984,5.005835156819839,0.047287833167272794,0.05783203353555663,0.1904766321191096,0.20939301323196607,0.047287833167272794,0.05783203353555663,0.9894128448463978,1.0,0.23926931395593226,0.28576683053150015,0.0,0.0,0.0005594215104179578,0.0,1.0
116ad3aaf3e987d47e125c8f1186dad97836ed2e9de1c7d87a1aab85dc242a58,mlb,total_bases>=5,hits_plus_runs_plus_RBI>=2 & total_bases>=3 & total_bases>=4,3,EXACT_IMPLICATION,3,"[{""explanation"": ""At most four TB per hit, so hits >= ceil(TB/4); HRR includes nonnegative hits"", ""proven"": true, ""rule_version"": ""mlb-official-batting-v1""}, {""explanation"": ""Threshold monotonicity"", ""proven"": true, ""rule_version"": ""mlb-official-batting-v1""}, {""explanation"": ""Threshold monotonicity"", ""proven"": true, ""rule_version"": ""mlb-official-batting-v1""}]",6863,359,791,359,0,0.05230948564767594,0.11525571907329156,0.05230948564767594,1.0,0.4538558786346397,8.6763590391909,8.676359039190897,0.047287833167272794,0.05783203353555663,0.10791505722010244,0.12302684938000205,0.047287833167272794,0.05783203353555663,0.9894128448463978,1.0,0.4194666718858281,0.4886911133053091,0.0,0.0,0.0005594215104179578,0.0,1.0
15c787c6cb8e7347ced6da22f2d28008c7770e4e62c79e8b2907d8b4715b6303,mlb,total_bases>=5,hits>=1 & hits>=2,2,EXACT_IMPLICATION,2,"[{""explanation"": ""At most four TB per hit, so hits >= ceil(TB/4); HRR includes nonnegative hits"", ""proven"": true, ""rule_version"": ""mlb-official-batting-v1""}, {""explanation"": ""At most four TB per hit, so hits >= ceil(TB/4); HRR includes nonnegative hits"", ""proven"": true, ""rule_version"": ""mlb-official-batting-v1""}]",6863,359,1371,359,0,0.05230948564767594,0.19976686580212735,0.05230948564767594,1.0,0.2618526622902991,5.00583515681984,5.005835156819839,0.047287833167272794,0.05783203353555663,0.1904766321191096,0.20939301323196607,0.047287833167272794,0.05783203353555663,0.9894128448463978,1.0,0.23926931395593226,0.28576683053150015,0.0,0.0,0.0005594215104179578,0.0,1.0
1a180049aa1ed43306a7a62b9ba0b6d5b9cb3b685f2e235e7f9924259034a177,mlb,total_bases>=5,hits_plus_runs_plus_RBI>=1 & total_bases>=3 & total_bases>=4,3,EXACT_IMPLICATION,3,"[{""explanation"": ""At most four TB per hit, so hits >= ceil(TB/4); HRR includes nonnegative hits"", ""proven"": true, ""rule_version"": ""mlb-official-batting-v1""}, {""explanation"": ""Threshold monotonicity"", ""proven"": true, ""rule_version"": ""mlb-official-batting-v1""}, {""explanation"": ""Threshold monotonicity"", ""proven"": true, ""rule_version"": ""mlb-official-batting-v1""}]",6863,359,791,359,0,0.05230948564767594,0.11525571907329156,0.05230948564767594,1.0,0.4538558786346397,8.6763590391909,8.676359039190897,0.047287833167272794,0.05783203353555663,0.10791505722010244,0.12302684938000205,0.047287833167272794,0.05783203353555663,0.9894128448463978,1.0,0.4194666718858281,0.4886911133053091,0.0,0.0,0.0005594215104179578,0.0,1.0
1eb5c8669dadf9eba185675e14c1cd4e9dc9cdef7d5d67ccc62f8ff1b092634e,mlb,total_bases>=5,hits>=2 & hits_plus_runs_plus_RBI>=2 & total_bases>=1,3,EXACT_IMPLICATION,3,"[{""explanation"": ""At most four TB per hit, so hits >= ceil(TB/4); HRR includes nonnegative hits"", ""proven"": true, ""rule_version"": ""mlb-official-batting-v1""}, {""explanation"": ""At most four TB per hit, so hits >= ceil(TB/4); HRR includes nonnegative hits"", ""proven"": true, ""rule_version"": ""mlb-official-batting-v1""}, {""explanation"": ""Threshold monotonicity"", ""proven"": true, ""rule_version"": ""mlb-official-batting-v1""}]",6863,359,1371,359,0,0.05230948564767594,0.19976686580212735,0.05230948564767594,1.0,0.2618526622902991,5.00583515681984,5.005835156819839,0.047287833167272794,0.05783203353555663,0.1904766321191096,0.20939301323196607,0.047287833167272794,0.05783203353555663,0.9894128448463978,1.0,0.23926931395593226,0.28576683053150015,0.0,0.0,0.0005594215104179578,0.0,1.0
1f03818408cd93fcd4d29663220c41617b473a7d73be0069d745f2ac1d470322,mlb,total_bases>=5,hits>=1 & hits_plus_runs_plus_RBI>=2 & total_bases>=1,3,EXACT_IMPLICATION,3,"[{""explanation"": ""At most four TB per hit, so hits >= ceil(TB/4); HRR includes nonnegative hits"", ""proven"": true, ""rule_version"": ""mlb-official-batting-v1""}, {""explanation"": ""At most four TB per hit, so hits >= ceil(TB/4); HRR includes nonnegative hits"", ""proven"": true, ""rule_version"": ""mlb-official-batting-v1""}, {""explanation"": ""Threshold monotonicity"", ""proven"": true, ""rule_version"": ""mlb-official-batting-v1""}]",6863,359,2742,359,0,0.05230948564767594,0.3995337316042547,0.05230948564767594,1.0,0.13092633114514954,2.50291757840992,2.5029175784099196,0.047287833167272794,0.05783203353555663,0.3880049429454243,0.41117492624630914,0.047287833167272794,0.05783203353555663,0.9894128448463978,1.0,0.11881522245780882,0.14407011511398107,0.0,0.0,0.0005594215104179578,0.0,1.0
1f93a5bff81c173369ee12a40ee2ae5fa96525690d2bb4d4cbbd24819d6dc7ff,mlb,total_bases>=5,hits_plus_runs_plus_RBI>=2 & total_bases>=1,2,EXACT_IMPLICATION,2,"[{""explanation"": ""At most four TB per hit, so hits >= ceil(TB/4); HRR includes nonnegative hits"", ""proven"": true, ""rule_version"": ""mlb-official-batting-v1""}, {""explanation"": ""Threshold monotonicity"", ""proven"": true, ""rule_version"": ""mlb-official-batting-v1""}]",6863,359,2742,359,0,0.05230948564767594,0.3995337316042547,0.05230948564767594,1.0,0.13092633114514954,2.50291757840992,2.5029175784099196,0.047287833167272794,0.05783203353555663,0.3880049429454243,0.41117492624630914,0.047287833167272794,0.05783203353555663,0.9894128448463978,1.0,0.11881522245780882,0.14407011511398107,0.0,0.0,0.0005594215104179578,0.0,1.0
247eac5e7c91330ce1e5107e32a5f277b4377d872cdf33a15534a8ca24bfb0e2,mlb,total_bases>=5,total_bases>=1 & total_bases>=2,2,EXACT_IMPLICATION,2,"[{""explanation"": ""Threshold monotonicity"", ""proven"": true, ""rule_version"": ""mlb-official-batting-v1""}, {""explanation"": ""Threshold monotonicity"", ""proven"": true, ""rule_version"": ""mlb-official-batting-v1""}]",6863,359,2181,359,0,0.05230948564767594,0.3177910534751566,0.05230948564767594,1.0,0.1646033929390188,3.1467216872994044,3.146721687299404,0.047287833167272794,0.05783203353555663,0.3068796786974051,0.3289062914610614,0.047287833167272794,0.05783203353555663,0.9894128448463978,1.0,0.14963286925637898,0.18075332691655543,0.0,0.0,0.0005594215104179578,0.0,1.0
298042c55285e19834d33485ce89a59a4ccf3f4c1663f5c91efd949f1bfeee48,mlb,total_bases>=5,hits_plus_runs_plus_RBI>=2 & total_bases>=1 & total_bases>=3,3,EXACT_IMPLICATION,3,"[{""explanation"": ""At most four TB per hit, so hits >= ceil(TB/4); HRR includes nonnegative hits"", ""proven"": true, ""rule_version"": ""mlb-official-batting-v1""}, {""explanation"": ""Threshold monotonicity"", ""proven"": true, ""rule_version"": ""mlb-official-batting-v1""}, {""explanation"": ""Threshold monotonicity"", ""proven"": true, ""rule_version"": ""mlb-official-batting-v1""}]",6863,359,1205,359,0,0.05230948564767594,0.17557919277283987,0.05230948564767594,1.0,0.2979253112033195,5.695435684647302,5.695435684647303,0.047287833167272794,0.05783203353555663,0.16676013414692334,0.1847612273547364,0.047287833167272794,0.05783203353555663,0.9894128448463978,1.0,0.2727779332468181,0.324356995865308,0.0,0.0,0.0005594215104179578,0.0,1.0
2ae1731d68530f735c990f20e12604747fe02dc0c0dde413906b1fe9f55ce5b1,mlb,total_bases>=5,hits>=2 & total_bases>=3,2,EXACT_IMPLICATION,2,"[{""explanation"": ""At most four TB per hit, so hits >= ceil(TB/4); HRR includes nonnegative hits"", ""proven"": true, ""rule_version"": ""mlb-official-batting-v1""}, {""explanation"": ""Threshold monotonicity"", ""proven"": true, ""rule_version"": ""mlb-official-batting-v1""}]",6863,359,888,359,0,0.05230948564767594,0.129389479819321,0.05230948564767594,1.0,0.40427927927927926,7.728603603603604,7.728603603603603,0.047287833167272794,0.05783203353555663,0.12165573617989746,0.13753787845269705,0.047287833167272794,0.05783203353555663,0.9894128448463978,1.0,0.372480748751793,0.43690241198980845,0.0,0.0,0.0005594215104179578,0.0,1.0
2f198572e19ff81b0292a6f84f535f31633b5c341bf643a860bbade287a80980,mlb,total_bases>=5,hits_plus_runs_plus_RBI>=1 & hits_plus_runs_plus_RBI>=2 & total_bases>=2,3,EXACT_IMPLICATION,3,"[{""explanation"": ""At most four TB per hit, so hits >= ceil(TB/4); HRR includes nonnegative hits"", ""proven"": true, ""rule_version"": ""mlb-official-batting-v1""}, {""explanation"": ""At most four TB per hit, so hits >= ceil(TB/4); HRR includes nonnegative hits"", ""proven"": true, ""rule_version"": ""mlb-official-batting-v1""}, {""explanation"": ""Threshold monotonicity"", ""proven"": true, ""rule_version"": ""mlb-official-batting-v1""}]",6863,359,2010,359,0,0.05230948564767594,0.29287483607751713,0.05230948564767594,1.0,0.17860696517412936,3.414427860696517,3.4144278606965175,0.047287833167272794,0.05783203353555663,0.28222645280215375,0.30375495989697465,0.047287833167272794,0.05783203353555663,0.9894128448463978,1.0,0.1624801798545389,0.195959882871851,0.0,0.0,0.0005594215104179578,0.0,1.0
3349a5f3b96b9b08bb1c7b37fa1655067e285f8b2b48c7f04d1f088369da0441,mlb,total_bases>=5,hits>=2 & hits_plus_runs_plus_RBI>=2 & total_bases>=2,3,EXACT_IMPLICATION,3,"[{""explanation"": ""At most four TB per hit, so hits >= ceil(TB/4); HRR includes nonnegative hits"", ""proven"": true, ""rule_version"": ""mlb-official-batting-v1""}, {""explanation"": ""At most four TB per hit, so hits >= ceil(TB/4); HRR includes nonnegative hits"", ""proven"": true, ""rule_version"": ""mlb-official-batting-v1""}, {""explanation"": ""Threshold monotonicity"", ""proven"": true, ""rule_version"": ""mlb-official-batting-v1""}]",6863,359,1371,359,0,0.05230948564767594,0.19976686580212735,0.05230948564767594,1.0,0.2618526622902991,5.00583515681984,5.005835156819839,0.047287833167272794,0.05783203353555663,0.1904766321191096,0.20939301323196607,0.047287833167272794,0.05783203353555663,0.9894128448463978,1.0,0.23926931395593226,0.28576683053150015,0.0,0.0,0.0005594215104179578,0.0,1.0
372436b6102c5fc6101d0705673d9a5ba71db989da8e43b20c801644813fcb74,mlb,total_bases>=5,hits>=1 & hits>=2 & total_bases>=1,3,EXACT_IMPLICATION,3,"[{""explanation"": ""At most four TB per hit, so hits >= ceil(TB/4); HRR includes nonnegative hits"", ""proven"": true, ""rule_version"": ""mlb-official-batting-v1""}, {""explanation"": ""At most four TB per hit, so hits >= ceil(TB/4); HRR includes nonnegative hits"", ""proven"": true, ""rule_version"": ""mlb-official-batting-v1""}, {""explanation"": ""Threshold monotonicity"", ""proven"": true, ""rule_version"": ""mlb-official-batting-v1""}]",6863,359,1371,359,0,0.05230948564767594,0.19976686580212735,0.05230948564767594,1.0,0.2618526622902991,5.00583515681984,5.005835156819839,0.047287833167272794,0.05783203353555663,0.1904766321191096,0.20939301323196607,0.047287833167272794,0.05783203353555663,0.9894128448463978,1.0,0.23926931395593226,0.28576683053150015,0.0,0.0,0.0005594215104179578,0.0,1.0
3cfe7339ae57abbf32b6defe9a1511775f3f0a569573454053bf9d710f6bbb3c,mlb,total_bases>=5,hits_plus_runs_plus_RBI>=1,1,EXACT_IMPLICATION,1,"[{""explanation"": ""At most four TB per hit, so hits >= ceil(TB/4); HRR includes nonnegative hits"", ""proven"": true, ""rule_version"": ""mlb-official-batting-v1""}]",6863,359,4254,359,0,0.05230948564767594,0.6198455485939094,0.05230948564767594,1.0,0.08439116125999059,1.6133051245886223,1.6133051245886225,0.047287833167272794,0.05783203353555663,0.6082970007577593,0.631260008074437,0.047287833167272794,0.05783203353555663,0.9894128448463978,1.0,0.07640828164997983,0.09312397214620176,0.0,0.0,0.0005594215104179578,0.0,1.0
458a654303bfc1837059b2781245093bdeef053072ef372549049f48167ae535,mlb,total_bases>=5,hits_plus_runs_plus_RBI>=2 & total_bases>=1 & total_bases>=4,3,EXACT_IMPLICATION,3,"[{""explanation"": ""At most four TB per hit, so hits >= ceil(TB/4); HRR includes nonnegative hits"", ""proven"": true, ""rule_version"": ""mlb-official-batting-v1""}, {""explanation"": ""Threshold monotonicity"", ""proven"": true, ""rule_version"": ""mlb-official-batting-v1""}, {""explanation"": ""Threshold monotonicity"", ""proven"": true, ""rule_version"": ""mlb-official-batting-v1""}]",6863,359,791,359,0,0.05230948564767594,0.11525571907329156,0.05230948564767594,1.0,0.4538558786346397,8.6763590391909,8.676359039190897,0.047287833167272794,0.05783203353555663,0.10791505722010244,0.12302684938000205,0.047287833167272794,0.05783203353555663,0.9894128448463978,1.0,0.4194666718858281,0.4886911133053091,0.0,0.0,0.0005594215104179578,0.0,1.0
484cda7807363695a5e9d342db0bd3d2d527d1e606cbe8da91acc3c7e1d29aba,mlb,total_bases>=5,hits>=1 & hits_plus_runs_plus_RBI>=1 & total_bases>=3,3,EXACT_IMPLICATION,3,"[{""explanation"": ""At most four TB per hit, so hits >= ceil(TB/4); HRR includes nonnegative hits"", ""proven"": true, ""rule_version"": ""mlb-official-batting-v1""}, {""explanation"": ""At most four TB per hit, so hits >= ceil(TB/4); HRR includes nonnegative hits"", ""proven"": true, ""rule_version"": ""mlb-official-batting-v1""}, {""explanation"": ""Threshold monotonicity"", ""proven"": true, ""rule_version"": ""mlb-official-batting-v1""}]",6863,359,1215,359,0,0.05230948564767594,0.17703628150954392,0.05230948564767594,1.0,0.29547325102880656,5.648559670781894,5.648559670781893,0.047287833167272794,0.05783203353555663,0.16818715677568946,0.18624675194581464,0.047287833167272794,0.05783203353555663,0.9894128448463978,1.0,0.27049546481438935,0.32174026330001293,0.0,0.0,0.0005594215104179578,0.0,1.0
4ad5cfd2f0e0d40108ea8db1d4f60e157b67ae411c89f027f9ee258ca1778224,mlb,total_bases>=5,hits>=1 & hits_plus_runs_plus_RBI>=2 & total_bases>=2,3,EXACT_IMPLICATION,3,"[{""explanation"": ""At most four TB per hit, so hits >= ceil(TB/4); HRR includes nonnegative hits"", ""proven"": true, ""rule_version"": ""mlb-official-batting-v1""}, {""explanation"": ""At most four TB per hit, so hits >= ceil(TB/4); HRR includes nonnegative hits"", ""proven"": true, ""rule_version"": ""mlb-official-batting-v1""}, {""explanation"": ""Threshold monotonicity"", ""proven"": true, ""rule_version"": ""mlb-official-batting-v1""}]",6863,359,2010,359,0,0.05230948564767594,0.29287483607751713,0.05230948564767594,1.0,0.17860696517412936,3.414427860696517,3.4144278606965175,0.047287833167272794,0.05783203353555663,0.28222645280215375,0.30375495989697465,0.047287833167272794,0.05783203353555663,0.9894128448463978,1.0,0.1624801798545389,0.195959882871851,0.0,0.0,0.0005594215104179578,0.0,1.0
505b069d2584809f2831be893aa84070553fcb9bfe167bca726c662c23c5c634,mlb,total_bases>=5,hits_plus_runs_plus_RBI>=1 & total_bases>=4,2,EXACT_IMPLICATION,2,"[{""explanation"": ""At most four TB per hit, so hits >= ceil(TB/4); HRR includes nonnegative hits"", ""proven"": true, ""rule_version"": ""mlb-official-batting-v1""}, {""explanation"": ""Threshold monotonicity"", ""proven"": true, ""rule_version"": ""mlb-official-batting-v1""}]",6863,359,791,359,0,0.05230948564767594,0.11525571907329156,0.05230948564767594,1.0,0.4538558786346397,8.6763590391909,8.676359039190897,0.047287833167272794,0.05783203353555663,0.10791505722010244,0.12302684938000205,0.047287833167272794,0.05783203353555663,0.9894128448463978,1.0,0.4194666718858281,0.4886911133053091,0.0,0.0,0.0005594215104179578,0.0,1.0
5469c4e75887243a69c885a3eac580254641fd3253ec7e02ae5492133528dc8a,mlb,total_bases>=5,hits>=1 & total_bases>=1 & total_bases>=3,3,EXACT_IMPLICATION,3,"[{""explanation"": ""At most four TB per hit, so hits >= ceil(TB/4); HRR includes nonnegative hits"", ""proven"": true, ""rule_version"": ""mlb-official-batting-v1""}, {""explanation"": ""Threshold monotonicity"", ""proven"": true, ""rule_version"": ""mlb-official-batting-v1""}, {""explanation"": ""Threshold monotonicity"", ""proven"": true, ""rule_version"": ""mlb-official-batting-v1""}]",6863,359,1215,359,0,0.05230948564767594,0.17703628150954392,0.05230948564767594,1.0,0.29547325102880656,5.648559670781894,5.648559670781893,0.047287833167272794,0.05783203353555663,0.16818715677568946,0.18624675194581464,0.047287833167272794,0.05783203353555663,0.9894128448463978,1.0,0.27049546481438935,0.32174026330001293,0.0,0.0,0.0005594215104179578,0.0,1.0
5889157fc5bd17499b7df4a5d27202104234f18e6bacd9c095d9d71dafd0b1ef,mlb,total_bases>=5,hits_plus_runs_plus_RBI>=1 & total_bases>=2 & total_bases>=3,3,EXACT_IMPLICATION,3,"[{""explanation"": ""At most four TB per hit, so hits >= ceil(TB/4); HRR includes nonnegative hits"", ""proven"": true, ""rule_version"": ""mlb-official-batting-v1""}, {""explanation"": ""Threshold monotonicity"", ""proven"": true, ""rule_version"": ""mlb-official-batting-v1""}, {""explanation"": ""Threshold monotonicity"", ""proven"": true, ""rule_version"": ""mlb-official-batting-v1""}]",6863,359,1215,359,0,0.05230948564767594,0.17703628150954392,0.05230948564767594,1.0,0.29547325102880656,5.648559670781894,5.648559670781893,0.047287833167272794,0.05783203353555663,0.16818715677568946,0.18624675194581464,0.047287833167272794,0.05783203353555663,0.9894128448463978,1.0,0.27049546481438935,0.32174026330001293,0.0,0.0,0.0005594215104179578,0.0,1.0
5924fbb02078a1752b358c7a6a9dcf72639a160e6b75e8a4e15f897abd3e95e2,mlb,total_bases>=5,hits>=1 & total_bases>=3,2,EXACT_IMPLICATION,2,"[{""explanation"": ""At most four TB per hit, so hits >= ceil(TB/4); HRR includes nonnegative hits"", ""proven"": true, ""rule_version"": ""mlb-official-batting-v1""}, {""explanation"": ""Threshold monotonicity"", ""proven"": true, ""rule_version"": ""mlb-official-batting-v1""}]",6863,359,1215,359,0,0.05230948564767594,0.17703628150954392,0.05230948564767594,1.0,0.29547325102880656,5.648559670781894,5.648559670781893,0.047287833167272794,0.05783203353555663,0.16818715677568946,0.18624675194581464,0.047287833167272794,0.05783203353555663,0.9894128448463978,1.0,0.27049546481438935,0.32174026330001293,0.0,0.0,0.0005594215104179578,0.0,1.0
5af15bfccb29f9e24b91a78ca7e815b1d4891b163894e88d72a39a75a4b80f09,mlb,total_bases>=5,hits_plus_runs_plus_RBI>=1 & hits_plus_runs_plus_RBI>=2,2,EXACT_IMPLICATION,2,"[{""explanation"": ""At most four TB per hit, so hits >= ceil(TB/4); HRR includes nonnegative hits"", ""proven"": true, ""rule_version"": ""mlb-official-batting-v1""}, {""explanation"": ""At most four TB per hit, so hits >= ceil(TB/4); HRR includes nonnegative hits"", ""proven"": true, ""rule_version"": ""mlb-official-batting-v1""}]",6863,359,2787,359,0,0.05230948564767594,0.406090630919423,0.05230948564767594,1.0,0.12881234302116973,2.4625044851094366,2.4625044851094366,0.047287833167272794,0.05783203353555663,0.394527460255928,0.4177588714251049,0.047287833167272794,0.05783203353555663,0.9894128448463978,1.0,0.11688437093810816,0.1417621589603396,0.0,0.0,0.0005594215104179578,0.0,1.0
5caea4a7f09db7340a63e0f990b2372838429f3b6542753cd143cb719b19141f,mlb,total_bases>=5,hits_plus_runs_plus_RBI>=1 & hits_plus_runs_plus_RBI>=2 & total_bases>=4,3,EXACT_IMPLICATION,3,"[{""explanation"": ""At most four TB per hit, so hits >= ceil(TB/4); HRR includes nonnegative hits"", ""proven"": true, ""rule_version"": ""mlb-official-batting-v1""}, {""explanation"": ""At most four TB per hit, so hits >= ceil(TB/4); HRR includes nonnegative hits"", ""proven"": true, ""rule_version"": ""mlb-official-batting-v1""}, {""explanation"": ""Threshold monotonicity"", ""proven"": true, ""rule_version"": ""mlb-official-batting-v1""}]",6863,359,791,359,0,0.05230948564767594,0.11525571907329156,0.05230948564767594,1.0,0.4538558786346397,8.6763590391909,8.676359039190897,0.047287833167272794,0.05783203353555663,0.10791505722010244,0.12302684938000205,0.047287833167272794,0.05783203353555663,0.9894128448463978,1.0,0.4194666718858281,0.4886911133053091,0.0,0.0,0.0005594215104179578,0.0,1.0
6034cee7e490e2611dcd7d2bad8f7c0eb231fc5cda81fb651d03554ca3f3849e,mlb,total_bases>=5,hits_plus_runs_plus_RBI>=1 & total_bases>=2 & total_bases>=4,3,EXACT_IMPLICATION,3,"[{""explanation"": ""At most four TB per hit, so hits >= ceil(TB/4); HRR includes nonnegative hits"", ""proven"": true, ""rule_version"": ""mlb-official-batting-v1""}, {""explanation"": ""Threshold monotonicity"", ""proven"": true, ""rule_version"": ""mlb-official-batting-v1""}, {""explanation"": ""Threshold monotonicity"", ""proven"": true, ""rule_version"": ""mlb-official-batting-v1""}]",6863,359,791,359,0,0.05230948564767594,0.11525571907329156,0.05230948564767594,1.0,0.4538558786346397,8.6763590391909,8.676359039190897,0.047287833167272794,0.05783203353555663,0.10791505722010244,0.12302684938000205,0.047287833167272794,0.05783203353555663,0.9894128448463978,1.0,0.4194666718858281,0.4886911133053091,0.0,0.0,0.0005594215104179578,0.0,1.0
621faf149a42604a31a22cfe4a6aece6933af3e9fded26e9a15b532e5e5a5031,mlb,total_bases>=5,hits>=1 & total_bases>=1 & total_bases>=4,3,EXACT_IMPLICATION,3,"[{""explanation"": ""At most four TB per hit, so hits >= ceil(TB/4); HRR includes nonnegative hits"", ""proven"": true, ""rule_version"": ""mlb-official-batting-v1""}, {""explanation"": ""Threshold monotonicity"", ""proven"": true, ""rule_version"": ""mlb-official-batting-v1""}, {""explanation"": ""Threshold monotonicity"", ""proven"": true, ""rule_version"": ""mlb-official-batting-v1""}]",6863,359,791,359,0,0.05230948564767594,0.11525571907329156,0.05230948564767594,1.0,0.4538558786346397,8.6763590391909,8.676359039190897,0.047287833167272794,0.05783203353555663,0.10791505722010244,0.12302684938000205,0.047287833167272794,0.05783203353555663,0.9894128448463978,1.0,0.4194666718858281,0.4886911133053091,0.0,0.0,0.0005594215104179578,0.0,1.0
63664eaa9219db30a5bc811965d66df6e73c782b7474159855548b95768f1888,mlb,total_bases>=5,hits>=1 & total_bases>=1 & total_bases>=2,3,EXACT_IMPLICATION,3,"[{""explanation"": ""At most four TB per hit, so hits >= ceil(TB/4); HRR includes nonnegative hits"", ""proven"": true, ""rule_version"": ""mlb-official-batting-v1""}, {""explanation"": ""Threshold monotonicity"", ""proven"": true, ""rule_version"": ""mlb-official-batting-v1""}, {""explanation"": ""Threshold monotonicity"", ""proven"": true, ""rule_version"": ""mlb-official-batting-v1""}]",6863,359,2181,359,0,0.05230948564767594,0.3177910534751566,0.05230948564767594,1.0,0.1646033929390188,3.1467216872994044,3.146721687299404,0.047287833167272794,0.05783203353555663,0.3068796786974051,0.3289062914610614,0.047287833167272794,0.05783203353555663,0.9894128448463978,1.0,0.14963286925637898,0.18075332691655543,0.0,0.0,0.0005594215104179578,0.0,1.0
64ef5a2b1317181748256ac9872d7b2873f2b7d1f31aa7652a26ebfab46e85c1,mlb,total_bases>=5,hits>=2 & hits_plus_runs_plus_RBI>=1,2,EXACT_IMPLICATION,2,"[{""explanation"": ""At most four TB per hit, so hits >= ceil(TB/4); HRR includes nonnegative hits"", ""proven"": true, ""rule_version"": ""mlb-official-batting-v1""}, {""explanation"": ""At most four TB per hit, so hits >= ceil(TB/4); HRR includes nonnegative hits"", ""proven"": true, ""rule_version"": ""mlb-official-batting-v1""}]",6863,359,1371,359,0,0.05230948564767594,0.19976686580212735,0.05230948564767594,1.0,0.2618526622902991,5.00583515681984,5.005835156819839,0.047287833167272794,0.05783203353555663,0.1904766321191096,0.20939301323196607,0.047287833167272794,0.05783203353555663,0.9894128448463978,1.0,0.23926931395593226,0.28576683053150015,0.0,0.0,0.0005594215104179578,0.0,1.0
65f6c4699188ec8e96b4e5f8998fd15d500baea026138655649363e2d1f59843,mlb,total_bases>=5,hits_plus_runs_plus_RBI>=1 & total_bases>=1 & total_bases>=3,3,EXACT_IMPLICATION,3,"[{""explanation"": ""At most four TB per hit, so hits >= ceil(TB/4); HRR includes nonnegative hits"", ""proven"": true, ""rule_version"": ""mlb-official-batting-v1""}, {""explanation"": ""Threshold monotonicity"", ""proven"": true, ""rule_version"": ""mlb-official-batting-v1""}, {""explanation"": ""Threshold monotonicity"", ""proven"": true, ""rule_version"": ""mlb-official-batting-v1""}]",6863,359,1215,359,0,0.05230948564767594,0.17703628150954392,0.05230948564767594,1.0,0.29547325102880656,5.648559670781894,5.648559670781893,0.047287833167272794,0.05783203353555663,0.16818715677568946,0.18624675194581464,0.047287833167272794,0.05783203353555663,0.9894128448463978,1.0,0.27049546481438935,0.32174026330001293,0.0,0.0,0.0005594215104179578,0.0,1.0
68e513e1026c453c23a4fca25e9d8ca24b6b457477b00c08d1ab0951fe52f70b,mlb,total_bases>=5,hits>=1 & hits>=2 & hits_plus_runs_plus_RBI>=2,3,EXACT_IMPLICATION,3,"[{""explanation"": ""At most four TB per hit, so hits >= ceil(TB/4); HRR includes nonnegative hits"", ""proven"": true, ""rule_version"": ""mlb-official-batting-v1""}, {""explanation"": ""At most four TB per hit, so hits >= ceil(TB/4); HRR includes nonnegative hits"", ""proven"": true, ""rule_version"": ""mlb-official-batting-v1""}, {""explanation"": ""At most four TB per hit, so hits >= ceil(TB/4); HRR includes nonnegative hits"", ""proven"": true, ""rule_version"": ""mlb-official-batting-v1""}]",6863,359,1371,359,0,0.05230948564767594,0.19976686580212735,0.05230948564767594,1.0,0.2618526622902991,5.00583515681984,5.005835156819839,0.047287833167272794,0.05783203353555663,0.1904766321191096,0.20939301323196607,0.047287833167272794,0.05783203353555663,0.9894128448463978,1.0,0.23926931395593226,0.28576683053150015,0.0,0.0,0.0005594215104179578,0.0,1.0
69bf34b805bea46e4e07874db25c96206f900cf60f4110b7969414852e39df13,mlb,total_bases>=5,total_bases>=4,1,EXACT_IMPLICATION,1,"[{""explanation"": ""Threshold monotonicity"", ""proven"": true, ""rule_version"": ""mlb-official-batting-v1""}]",6863,359,791,359,0,0.05230948564767594,0.11525571907329156,0.05230948564767594,1.0,0.4538558786346397,8.6763590391909,8.676359039190897,0.047287833167272794,0.05783203353555663,0.10791505722010244,0.12302684938000205,0.047287833167272794,0.05783203353555663,0.9894128448463978,1.0,0.4194666718858281,0.4886911133053091,0.0,0.0,0.0005594215104179578,0.0,1.0
6c2ed75e2774e49607bfcc81c262810fa75f6ddea97501ac92c696c26ae0cd3b,mlb,total_bases>=5,hits>=1 & hits>=2 & total_bases>=4,3,EXACT_IMPLICATION,3,"[{""explanation"": ""At most four TB per hit, so hits >= ceil(TB/4); HRR includes nonnegative hits"", ""proven"": true, ""rule_version"": ""mlb-official-batting-v1""}, {""explanation"": ""At most four TB per hit, so hits >= ceil(TB/4); HRR includes nonnegative hits"", ""proven"": true, ""rule_version"": ""mlb-official-batting-v1""}, {""explanation"": ""Threshold monotonicity"", ""proven"": true, ""rule_version"": ""mlb-official-batting-v1""}]",6863,359,517,359,0,0.05230948564767594,0.07533148768760017,0.05230948564767594,1.0,0.6943907156673114,13.274661508704062,13.274661508704062,0.047287833167272794,0.05783203353555663,0.06932214756520125,0.0818159652111686,0.047287833167272794,0.05783203353555663,0.9894128448463978,1.0,0.653368809392896,0.7325451699879133,0.0,0.0,0.0005594215104179578,0.0,1.0
70f73f6fd07084587525e0d3fc8a39285540d7104440c7d9221b79503571f4d9,mlb,total_bases>=5,hits>=1 & hits_plus_runs_plus_RBI>=1 & total_bases>=2,3,EXACT_IMPLICATION,3,"[{""explanation"": ""At most four TB per hit, so hits >= ceil(TB/4); HRR includes nonnegative hits"", ""proven"": true, ""rule_version"": ""mlb-official-batting-v1""}, {""explanation"": ""At most four TB per hit, so hits >= ceil(TB/4); HRR includes nonnegative hits"", ""proven"": true, ""rule_version"": ""mlb-official-batting-v1""}, {""explanation"": ""Threshold monotonicity"", ""proven"": true, ""rule_version"": ""mlb-official-batting-v1""}]",6863,359,2181,359,0,0.05230948564767594,0.3177910534751566,0.05230948564767594,1.0,0.1646033929390188,3.1467216872994044,3.146721687299404,0.047287833167272794,0.05783203353555663,0.3068796786974051,0.3289062914610614,0.047287833167272794,0.05783203353555663,0.9894128448463978,1.0,0.14963286925637898,0.18075332691655543,0.0,0.0,0.0005594215104179578,0.0,1.0
74972800dbafa867f501dcbe31ba137e516b1679250aba3cb83c0d830d73d49c,mlb,total_bases>=5,hits>=1 & total_bases>=4,2,EXACT_IMPLICATION,2,"[{""explanation"": ""At most four TB per hit, so hits >= ceil(TB/4); HRR includes nonnegative hits"", ""proven"": true, ""rule_version"": ""mlb-official-batting-v1""}, {""explanation"": ""Threshold monotonicity"", ""proven"": true, ""rule_version"": ""mlb-official-batting-v1""}]",6863,359,791,359,0,0.05230948564767594,0.11525571907329156,0.05230948564767594,1.0,0.4538558786346397,8.6763590391909,8.676359039190897,0.047287833167272794,0.05783203353555663,0.10791505722010244,0.12302684938000205,0.047287833167272794,0.05783203353555663,0.9894128448463978,1.0,0.4194666718858281,0.4886911133053091,0.0,0.0,0.0005594215104179578,0.0,1.0
757e7ce88a5206e71566e485d7b82e7885329553fc164ba17b7e39d2eb6127b3,mlb,total_bases>=5,total_bases>=2 & total_bases>=3,2,EXACT_IMPLICATION,2,"[{""explanation"": ""Threshold monotonicity"", ""proven"": true, ""rule_version"": ""mlb-official-batting-v1""}, {""explanation"": ""Threshold monotonicity"", ""proven"": true, ""rule_version"": ""mlb-official-batting-v1""}]",6863,359,1215,359,0,0.05230948564767594,0.17703628150954392,0.05230948564767594,1.0,0.29547325102880656,5.648559670781894,5.648559670781893,0.047287833167272794,0.05783203353555663,0.16818715677568946,0.18624675194581464,0.047287833167272794,0.05783203353555663,0.9894128448463978,1.0,0.27049546481438935,0.32174026330001293,0.0,0.0,0.0005594215104179578,0.0,1.0
789a58108d186b3de262e5b344a375443361b001d5f358969158fb0fad4e99f7,mlb,total_bases>=5,total_bases>=2 & total_bases>=4,2,EXACT_IMPLICATION,2,"[{""explanation"": ""Threshold monotonicity"", ""proven"": true, ""rule_version"": ""mlb-official-batting-v1""}, {""explanation"": ""Threshold monotonicity"", ""proven"": true, ""rule_version"": ""mlb-official-batting-v1""}]",6863,359,791,359,0,0.05230948564767594,0.11525571907329156,0.05230948564767594,1.0,0.4538558786346397,8.6763590391909,8.676359039190897,0.047287833167272794,0.05783203353555663,0.10791505722010244,0.12302684938000205,0.047287833167272794,0.05783203353555663,0.9894128448463978,1.0,0.4194666718858281,0.4886911133053091,0.0,0.0,0.0005594215104179578,0.0,1.0
79c173995982be44ca0cbd4401254e2bfc2bab7e32ec2ec676545eb8ef7c7861,mlb,total_bases>=5,total_bases>=3,1,EXACT_IMPLICATION,1,"[{""explanation"": ""Threshold monotonicity"", ""proven"": true, ""rule_version"": ""mlb-official-batting-v1""}]",6863,359,1215,359,0,0.05230948564767594,0.17703628150954392,0.05230948564767594,1.0,0.29547325102880656,5.648559670781894,5.648559670781893,0.047287833167272794,0.05783203353555663,0.16818715677568946,0.18624675194581464,0.047287833167272794,0.05783203353555663,0.9894128448463978,1.0,0.27049546481438935,0.32174026330001293,0.0,0.0,0.0005594215104179578,0.0,1.0
7ba1ec6904160c9b833f000cdaeab45ccdcd9404e0be5765129b687349b07aad,mlb,total_bases>=5,hits_plus_runs_plus_RBI>=2 & total_bases>=4,2,EXACT_IMPLICATION,2,"[{""explanation"": ""At most four TB per hit, so hits >= ceil(TB/4); HRR includes nonnegative hits"", ""proven"": true, ""rule_version"": ""mlb-official-batting-v1""}, {""explanation"": ""Threshold monotonicity"", ""proven"": true, ""rule_version"": ""mlb-official-batting-v1""}]",6863,359,791,359,0,0.05230948564767594,0.11525571907329156,0.05230948564767594,1.0,0.4538558786346397,8.6763590391909,8.676359039190897,0.047287833167272794,0.05783203353555663,0.10791505722010244,0.12302684938000205,0.047287833167272794,0.05783203353555663,0.9894128448463978,1.0,0.4194666718858281,0.4886911133053091,0.0,0.0,0.0005594215104179578,0.0,1.0
7c37d988c15f4c4762a3b7b19400b04ac6097ae185835d6ae53a66db98ee9e4c,mlb,total_bases>=5,hits>=2 & total_bases>=4,2,EXACT_IMPLICATION,2,"[{""explanation"": ""At most four TB per hit, so hits >= ceil(TB/4); HRR includes nonnegative hits"", ""proven"": true, ""rule_version"": ""mlb-official-batting-v1""}, {""explanation"": ""Threshold monotonicity"", ""proven"": true, ""rule_version"": ""mlb-official-batting-v1""}]",6863,359,517,359,0,0.05230948564767594,0.07533148768760017,0.05230948564767594,1.0,0.6943907156673114,13.274661508704062,13.274661508704062,0.047287833167272794,0.05783203353555663,0.06932214756520125,0.0818159652111686,0.047287833167272794,0.05783203353555663,0.9894128448463978,1.0,0.653368809392896,0.7325451699879133,0.0,0.0,0.0005594215104179578,0.0,1.0
7ca3514e65ec79b5f6d8d8f0dd128e119f8e7fec44cbed7df4a86951965ff69d,mlb,total_bases>=5,hits>=2 & total_bases>=2 & total_bases>=3,3,EXACT_IMPLICATION,3,"[{""explanation"": ""At most four TB per hit, so hits >= ceil(TB/4); HRR includes nonnegative hits"", ""proven"": true, ""rule_version"": ""mlb-official-batting-v1""}, {""explanation"": ""Threshold monotonicity"", ""proven"": true, ""rule_version"": ""mlb-official-batting-v1""}, {""explanation"": ""Threshold monotonicity"", ""proven"": true, ""rule_version"": ""mlb-official-batting-v1""}]",6863,359,888,359,0,0.05230948564767594,0.129389479819321,0.05230948564767594,1.0,0.40427927927927926,7.728603603603604,7.728603603603603,0.047287833167272794,0.05783203353555663,0.12165573617989746,0.13753787845269705,0.047287833167272794,0.05783203353555663,0.9894128448463978,1.0,0.372480748751793,0.43690241198980845,0.0,0.0,0.0005594215104179578,0.0,1.0
7d92dd563760544d6ee312cf4a82d236e4f94197fe49470ac6a82ce9a01f5cfb,mlb,total_bases>=5,hits>=2 & hits_plus_runs_plus_RBI>=1 & total_bases>=3,3,EXACT_IMPLICATION,3,"[{""explanation"": ""At most four TB per hit, so hits >= ceil(TB/4); HRR includes nonnegative hits"", ""proven"": true, ""rule_version"": ""mlb-official-batting-v1""}, {""explanation"": ""At most four TB per hit, so hits >= ceil(TB/4); HRR includes nonnegative hits"", ""proven"": true, ""rule_version"": ""mlb-official-batting-v1""}, {""explanation"": ""Threshold monotonicity"", ""proven"": true, ""rule_version"": ""mlb-official-batting-v1""}]",6863,359,888,359,0,0.05230948564767594,0.129389479819321,0.05230948564767594,1.0,0.40427927927927926,7.728603603603604,7.728603603603603,0.047287833167272794,0.05783203353555663,0.12165573617989746,0.13753787845269705,0.047287833167272794,0.05783203353555663,0.9894128448463978,1.0,0.372480748751793,0.43690241198980845,0.0,0.0,0.0005594215104179578,0.0,1.0
7dd0449b3b1cc660177fa1dbbd2aa5e3dc1aca33ddf5d11a220bf0df1f6ae243,mlb,total_bases>=5,hits_plus_runs_plus_RBI>=2 & total_bases>=2 & total_bases>=4,3,EXACT_IMPLICATION,3,"[{""explanation"": ""At most four TB per hit, so hits >= ceil(TB/4); HRR includes nonnegative hits"", ""proven"": true, ""rule_version"": ""mlb-official-batting-v1""}, {""explanation"": ""Threshold monotonicity"", ""proven"": true, ""rule_version"": ""mlb-official-batting-v1""}, {""explanation"": ""Threshold monotonicity"", ""proven"": true, ""rule_version"": ""mlb-official-batting-v1""}]",6863,359,791,359,0,0.05230948564767594,0.11525571907329156,0.05230948564767594,1.0,0.4538558786346397,8.6763590391909,8.676359039190897,0.047287833167272794,0.05783203353555663,0.10791505722010244,0.12302684938000205,0.047287833167272794,0.05783203353555663,0.9894128448463978,1.0,0.4194666718858281,0.4886911133053091,0.0,0.0,0.0005594215104179578,0.0,1.0
7edd0e5bd5873bc2eee4a5d655413289dc9e60ff9a0774729e05a7e6aaf600b2,mlb,total_bases>=5,total_bases>=1 & total_bases>=2 & total_bases>=3,3,EXACT_IMPLICATION,3,"[{""explanation"": ""Threshold monotonicity"", ""proven"": true, ""rule_version"": ""mlb-official-batting-v1""}, {""explanation"": ""Threshold monotonicity"", ""proven"": true, ""rule_version"": ""mlb-official-batting-v1""}, {""explanation"": ""Threshold monotonicity"", ""proven"": true, ""rule_version"": ""mlb-official-batting-v1""}]",6863,359,1215,359,0,0.05230948564767594,0.17703628150954392,0.05230948564767594,1.0,0.29547325102880656,5.648559670781894,5.648559670781893,0.047287833167272794,0.05783203353555663,0.16818715677568946,0.18624675194581464,0.047287833167272794,0.05783203353555663,0.9894128448463978,1.0,0.27049546481438935,0.32174026330001293,0.0,0.0,0.0005594215104179578,0.0,1.0
81825e22ff77e9f9286e4397fd78755d23164c019583f3ea607353664c3861bf,mlb,total_bases>=5,hits_plus_runs_plus_RBI>=1 & total_bases>=2,2,EXACT_IMPLICATION,2,"[{""explanation"": ""At most four TB per hit, so hits >= ceil(TB/4); HRR includes nonnegative hits"", ""proven"": true, ""rule_version"": ""mlb-official-batting-v1""}, {""explanation"": ""Threshold monotonicity"", ""proven"": true, ""rule_version"": ""mlb-official-batting-v1""}]",6863,359,2181,359,0,0.05230948564767594,0.3177910534751566,0.05230948564767594,1.0,0.1646033929390188,3.1467216872994044,3.146721687299404,0.047287833167272794,0.05783203353555663,0.3068796786974051,0.3289062914610614,0.047287833167272794,0.05783203353555663,0.9894128448463978,1.0,0.14963286925637898,0.18075332691655543,0.0,0.0,0.0005594215104179578,0.0,1.0
82562d052c5ba9f9a87fed2953e453f2a7b07966cd666e42296c12a3344a7744,mlb,total_bases>=5,total_bases>=3 & total_bases>=4,2,EXACT_IMPLICATION,2,"[{""explanation"": ""Threshold monotonicity"", ""proven"": true, ""rule_version"": ""mlb-official-batting-v1""}, {""explanation"": ""Threshold monotonicity"", ""proven"": true, ""rule_version"": ""mlb-official-batting-v1""}]",6863,359,791,359,0,0.05230948564767594,0.11525571907329156,0.05230948564767594,1.0,0.4538558786346397,8.6763590391909,8.676359039190897,0.047287833167272794,0.05783203353555663,0.10791505722010244,0.12302684938000205,0.047287833167272794,0.05783203353555663,0.9894128448463978,1.0,0.4194666718858281,0.4886911133053091,0.0,0.0,0.0005594215104179578,0.0,1.0
83d621f5484bd9ee6a4f08e44951d6e5cfdc7953416e522252bf9e96316bc16a,mlb,total_bases>=5,hits>=1 & hits_plus_runs_plus_RBI>=2,2,EXACT_IMPLICATION,2,"[{""explanation"": ""At most four TB per hit, so hits >= ceil(TB/4); HRR includes nonnegative hits"", ""proven"": true, ""rule_version"": ""mlb-official-batting-v1""}, {""explanation"": ""At most four TB per hit, so hits >= ceil(TB/4); HRR includes nonnegative hits"", ""proven"": true, ""rule_version"": ""mlb-official-batting-v1""}]",6863,359,2742,359,0,0.05230948564767594,0.3995337316042547,0.05230948564767594,1.0,0.13092633114514954,2.50291757840992,2.5029175784099196,0.047287833167272794,0.05783203353555663,0.3880049429454243,0.41117492624630914,0.047287833167272794,0.05783203353555663,0.9894128448463978,1.0,0.11881522245780882,0.14407011511398107,0.0,0.0,0.0005594215104179578,0.0,1.0
83eb598cb9a3da3b734318971005bee3920166ed0aa907634bfe1a936c3507d0,mlb,total_bases>=5,hits>=1,1,EXACT_IMPLICATION,1,"[{""explanation"": ""At most four TB per hit, so hits >= ceil(TB/4); HRR includes nonnegative hits"", ""proven"": true, ""rule_version"": ""mlb-official-batting-v1""}]",6863,359,3819,359,0,0.05230948564767594,0.5564621885472826,0.05230948564767594,1.0,0.09400366588112072,1.79706729510343,1.79706729510343,0.047287833167272794,0.05783203353555663,0.5446801576520175,0.5681810471169504,0.047287833167272794,0.05783203353555663,0.9894128448463978,1.0,0.085151607841117,0.1036716710199882,0.0,0.0,0.0005594215104179578,0.0,1.0
865631f3b130099d19f720c98448ab1e4f627c704a1990dfc789d8d540d286d1,mlb,total_bases>=5,total_bases>=1,1,EXACT_IMPLICATION,1,"[{""explanation"": ""Threshold monotonicity"", ""proven"": true, ""rule_version"": ""mlb-official-batting-v1""}]",6863,359,3819,359,0,0.05230948564767594,0.5564621885472826,0.05230948564767594,1.0,0.09400366588112072,1.79706729510343,1.79706729510343,0.047287833167272794,0.05783203353555663,0.5446801576520175,0.5681810471169504,0.047287833167272794,0.05783203353555663,0.9894128448463978,1.0,0.085151607841117,0.1036716710199882,0.0,0.0,0.0005594215104179578,0.0,1.0
8917e5388911d54fc42a57b656c8297190bb39823bafc7ccf17d235d7656172a,mlb,total_bases>=5,hits>=2 & hits_plus_runs_plus_RBI>=1 & hits_plus_runs_plus_RBI>=2,3,EXACT_IMPLICATION,3,"[{""explanation"": ""At most four TB per hit, so hits >= ceil(TB/4); HRR includes nonnegative hits"", ""proven"": true, ""rule_version"": ""mlb-official-batting-v1""}, {""explanation"": ""At most four TB per hit, so hits >= ceil(TB/4); HRR includes nonnegative hits"", ""proven"": true, ""rule_version"": ""mlb-official-batting-v1""}, {""explanation"": ""At most four TB per hit, so hits >= ceil(TB/4); HRR includes nonnegative hits"", ""proven"": true, ""rule_version"": ""mlb-official-batting-v1""}]",6863,359,1371,359,0,0.05230948564767594,0.19976686580212735,0.05230948564767594,1.0,0.2618526622902991,5.00583515681984,5.005835156819839,0.047287833167272794,0.05783203353555663,0.1904766321191096,0.20939301323196607,0.047287833167272794,0.05783203353555663,0.9894128448463978,1.0,0.23926931395593226,0.28576683053150015,0.0,0.0,0.0005594215104179578,0.0,1.0
91271238b66f75f65e8a7cdf0a6ec9d6bcadbc03d0dd13e8fe3c137ecc0a11d8,mlb,total_bases>=5,hits_plus_runs_plus_RBI>=1 & hits_plus_runs_plus_RBI>=2 & total_bases>=3,3,EXACT_IMPLICATION,3,"[{""explanation"": ""At most four TB per hit, so hits >= ceil(TB/4); HRR includes nonnegative hits"", ""proven"": true, ""rule_version"": ""mlb-official-batting-v1""}, {""explanation"": ""At most four TB per hit, so hits >= ceil(TB/4); HRR includes nonnegative hits"", ""proven"": true, ""rule_version"": ""mlb-official-batting-v1""}, {""explanation"": ""Threshold monotonicity"", ""proven"": true, ""rule_version"": ""mlb-official-batting-v1""}]",6863,359,1205,359,0,0.05230948564767594,0.17557919277283987,0.05230948564767594,1.0,0.2979253112033195,5.695435684647302,5.695435684647303,0.047287833167272794,0.05783203353555663,0.16676013414692334,0.1847612273547364,0.047287833167272794,0.05783203353555663,0.9894128448463978,1.0,0.2727779332468181,0.324356995865308,0.0,0.0,0.0005594215104179578,0.0,1.0
92047aadb8980f32b6e55c5151d40fb45657f7205eafcd1388dc1a79efe621d4,mlb,total_bases>=5,hits>=2 & total_bases>=3 & total_bases>=4,3,EXACT_IMPLICATION,3,"[{""explanation"": ""At most four TB per hit, so hits >= ceil(TB/4); HRR includes nonnegative hits"", ""proven"": true, ""rule_version"": ""mlb-official-batting-v1""}, {""explanation"": ""Threshold monotonicity"", ""proven"": true, ""rule_version"": ""mlb-official-batting-v1""}, {""explanation"": ""Threshold monotonicity"", ""proven"": true, ""rule_version"": ""mlb-official-batting-v1""}]",6863,359,517,359,0,0.05230948564767594,0.07533148768760017,0.05230948564767594,1.0,0.6943907156673114,13.274661508704062,13.274661508704062,0.047287833167272794,0.05783203353555663,0.06932214756520125,0.0818159652111686,0.047287833167272794,0.05783203353555663,0.9894128448463978,1.0,0.653368809392896,0.7325451699879133,0.0,0.0,0.0005594215104179578,0.0,1.0
963182c614f7239d9e22cd35d9e593f0f01b95553e8258b882a0a9afe7c86953,mlb,total_bases>=5,hits>=1 & total_bases>=2 & total_bases>=4,3,EXACT_IMPLICATION,3,"[{""explanation"": ""At most four TB per hit, so hits >= ceil(TB/4); HRR includes nonnegative hits"", ""proven"": true, ""rule_version"": ""mlb-official-batting-v1""}, {""explanation"": ""Threshold monotonicity"", ""proven"": true, ""rule_version"": ""mlb-official-batting-v1""}, {""explanation"": ""Threshold monotonicity"", ""proven"": true, ""rule_version"": ""mlb-official-batting-v1""}]",6863,359,791,359,0,0.05230948564767594,0.11525571907329156,0.05230948564767594,1.0,0.4538558786346397,8.6763590391909,8.676359039190897,0.047287833167272794,0.05783203353555663,0.10791505722010244,0.12302684938000205,0.047287833167272794,0.05783203353555663,0.9894128448463978,1.0,0.4194666718858281,0.4886911133053091,0.0,0.0,0.0005594215104179578,0.0,1.0
9a869ebe76f266a85c902236ca5cd62df27afa979fd59f3ea7d2be6b4ca1eb12,mlb,total_bases>=5,hits>=2 & hits_plus_runs_plus_RBI>=2 & total_bases>=4,3,EXACT_IMPLICATION,3,"[{""explanation"": ""At most four TB per hit, so hits >= ceil(TB/4); HRR includes nonnegative hits"", ""proven"": true, ""rule_version"": ""mlb-official-batting-v1""}, {""explanation"": ""At most four TB per hit, so hits >= ceil(TB/4); HRR includes nonnegative hits"", ""proven"": true, ""rule_version"": ""mlb-official-batting-v1""}, {""explanation"": ""Threshold monotonicity"", ""proven"": true, ""rule_version"": ""mlb-official-batting-v1""}]",6863,359,517,359,0,0.05230948564767594,0.07533148768760017,0.05230948564767594,1.0,0.6943907156673114,13.274661508704062,13.274661508704062,0.047287833167272794,0.05783203353555663,0.06932214756520125,0.0818159652111686,0.047287833167272794,0.05783203353555663,0.9894128448463978,1.0,0.653368809392896,0.7325451699879133,0.0,0.0,0.0005594215104179578,0.0,1.0
a19394f0d97e273769b572dbc3277ebafc24cac2291edd0a2e6d7c0f7ed2176b,mlb,total_bases>=5,hits_plus_runs_plus_RBI>=1 & total_bases>=1,2,EXACT_IMPLICATION,2,"[{""explanation"": ""At most four TB per hit, so hits >= ceil(TB/4); HRR includes nonnegative hits"", ""proven"": true, ""rule_version"": ""mlb-official-batting-v1""}, {""explanation"": ""Threshold monotonicity"", ""proven"": true, ""rule_version"": ""mlb-official-batting-v1""}]",6863,359,3819,359,0,0.05230948564767594,0.5564621885472826,0.05230948564767594,1.0,0.09400366588112072,1.79706729510343,1.79706729510343,0.047287833167272794,0.05783203353555663,0.5446801576520175,0.5681810471169504,0.047287833167272794,0.05783203353555663,0.9894128448463978,1.0,0.085151607841117,0.1036716710199882,0.0,0.0,0.0005594215104179578,0.0,1.0
a62ea59f915903c2c653566848aa18b5854feee87de7145e2a047436cab70cd0,mlb,total_bases>=5,hits>=1 & hits_plus_runs_plus_RBI>=2 & total_bases>=4,3,EXACT_IMPLICATION,3,"[{""explanation"": ""At most four TB per hit, so hits >= ceil(TB/4); HRR includes nonnegative hits"", ""proven"": true, ""rule_version"": ""mlb-official-batting-v1""}, {""explanation"": ""At most four TB per hit, so hits >= ceil(TB/4); HRR includes nonnegative hits"", ""proven"": true, ""rule_version"": ""mlb-official-batting-v1""}, {""explanation"": ""Threshold monotonicity"", ""proven"": true, ""rule_version"": ""mlb-official-batting-v1""}]",6863,359,791,359,0,0.05230948564767594,0.11525571907329156,0.05230948564767594,1.0,0.4538558786346397,8.6763590391909,8.676359039190897,0.047287833167272794,0.05783203353555663,0.10791505722010244,0.12302684938000205,0.047287833167272794,0.05783203353555663,0.9894128448463978,1.0,0.4194666718858281,0.4886911133053091,0.0,0.0,0.0005594215104179578,0.0,1.0
aa3016cbf967ff6b5f3e98d3a9d65275d309abb165873f32bbdc761db78c9fe0,mlb,total_bases>=5,hits_plus_runs_plus_RBI>=2 & total_bases>=2 & total_bases>=3,3,EXACT_IMPLICATION,3,"[{""explanation"": ""At most four TB per hit, so hits >= ceil(TB/4); HRR includes nonnegative hits"", ""proven"": true, ""rule_version"": ""mlb-official-batting-v1""}, {""explanation"": ""Threshold monotonicity"", ""proven"": true, ""rule_version"": ""mlb-official-batting-v1""}, {""explanation"": ""Threshold monotonicity"", ""proven"": true, ""rule_version"": ""mlb-official-batting-v1""}]",6863,359,1205,359,0,0.05230948564767594,0.17557919277283987,0.05230948564767594,1.0,0.2979253112033195,5.695435684647302,5.695435684647303,0.047287833167272794,0.05783203353555663,0.16676013414692334,0.1847612273547364,0.047287833167272794,0.05783203353555663,0.9894128448463978,1.0,0.2727779332468181,0.324356995865308,0.0,0.0,0.0005594215104179578,0.0,1.0
ae8662c47840ae5f2e0193c31954ac7de5b7854a4ac7dd7c7a095f7949e3a9c0,mlb,total_bases>=5,hits>=2 & total_bases>=2 & total_bases>=4,3,EXACT_IMPLICATION,3,"[{""explanation"": ""At most four TB per hit, so hits >= ceil(TB/4); HRR includes nonnegative hits"", ""proven"": true, ""rule_version"": ""mlb-official-batting-v1""}, {""explanation"": ""Threshold monotonicity"", ""proven"": true, ""rule_version"": ""mlb-official-batting-v1""}, {""explanation"": ""Threshold monotonicity"", ""proven"": true, ""rule_version"": ""mlb-official-batting-v1""}]",6863,359,517,359,0,0.05230948564767594,0.07533148768760017,0.05230948564767594,1.0,0.6943907156673114,13.274661508704062,13.274661508704062,0.047287833167272794,0.05783203353555663,0.06932214756520125,0.0818159652111686,0.047287833167272794,0.05783203353555663,0.9894128448463978,1.0,0.653368809392896,0.7325451699879133,0.0,0.0,0.0005594215104179578,0.0,1.0
b128dd1a6109313f82e6cd043a929e50179a54cf9540d38b179755ee38ce5753,mlb,total_bases>=5,hits>=1 & hits_plus_runs_plus_RBI>=1 & total_bases>=1,3,EXACT_IMPLICATION,3,"[{""explanation"": ""At most four TB per hit, so hits >= ceil(TB/4); HRR includes nonnegative hits"", ""proven"": true, ""rule_version"": ""mlb-official-batting-v1""}, {""explanation"": ""At most four TB per hit, so hits >= ceil(TB/4); HRR includes nonnegative hits"", ""proven"": true, ""rule_version"": ""mlb-official-batting-v1""}, {""explanation"": ""Threshold monotonicity"", ""proven"": true, ""rule_version"": ""mlb-official-batting-v1""}]",6863,359,3819,359,0,0.05230948564767594,0.5564621885472826,0.05230948564767594,1.0,0.09400366588112072,1.79706729510343,1.79706729510343,0.047287833167272794,0.05783203353555663,0.5446801576520175,0.5681810471169504,0.047287833167272794,0.05783203353555663,0.9894128448463978,1.0,0.085151607841117,0.1036716710199882,0.0,0.0,0.0005594215104179578,0.0,1.0
b33427528f330aa96e88f9d1a4ef3f8e090bc25e232175f8657265994680729f,mlb,total_bases>=5,hits>=2 & hits_plus_runs_plus_RBI>=1 & total_bases>=4,3,EXACT_IMPLICATION,3,"[{""explanation"": ""At most four TB per hit, so hits >= ceil(TB/4); HRR includes nonnegative hits"", ""proven"": true, ""rule_version"": ""mlb-official-batting-v1""}, {""explanation"": ""At most four TB per hit, so hits >= ceil(TB/4); HRR includes nonnegative hits"", ""proven"": true, ""rule_version"": ""mlb-official-batting-v1""}, {""explanation"": ""Threshold monotonicity"", ""proven"": true, ""rule_version"": ""mlb-official-batting-v1""}]",6863,359,517,359,0,0.05230948564767594,0.07533148768760017,0.05230948564767594,1.0,0.6943907156673114,13.274661508704062,13.274661508704062,0.047287833167272794,0.05783203353555663,0.06932214756520125,0.0818159652111686,0.047287833167272794,0.05783203353555663,0.9894128448463978,1.0,0.653368809392896,0.7325451699879133,0.0,0.0,0.0005594215104179578,0.0,1.0
b8523bed40b73331549096a131bb44b662713d591f6dca31d4226099f84135a6,mlb,total_bases>=5,total_bases>=2,1,EXACT_IMPLICATION,1,"[{""explanation"": ""Threshold monotonicity"", ""proven"": true, ""rule_version"": ""mlb-official-batting-v1""}]",6863,359,2181,359,0,0.05230948564767594,0.3177910534751566,0.05230948564767594,1.0,0.1646033929390188,3.1467216872994044,3.146721687299404,0.047287833167272794,0.05783203353555663,0.3068796786974051,0.3289062914610614,0.047287833167272794,0.05783203353555663,0.9894128448463978,1.0,0.14963286925637898,0.18075332691655543,0.0,0.0,0.0005594215104179578,0.0,1.0
bc1ded5b8686234a1e4ee307b597f7e7f7b08639419e4e34f66bb7381dd2914d,mlb,total_bases>=5,hits>=2 & total_bases>=1 & total_bases>=4,3,EXACT_IMPLICATION,3,"[{""explanation"": ""At most four TB per hit, so hits >= ceil(TB/4); HRR includes nonnegative hits"", ""proven"": true, ""rule_version"": ""mlb-official-batting-v1""}, {""explanation"": ""Threshold monotonicity"", ""proven"": true, ""rule_version"": ""mlb-official-batting-v1""}, {""explanation"": ""Threshold monotonicity"", ""proven"": true, ""rule_version"": ""mlb-official-batting-v1""}]",6863,359,517,359,0,0.05230948564767594,0.07533148768760017,0.05230948564767594,1.0,0.6943907156673114,13.274661508704062,13.274661508704062,0.047287833167272794,0.05783203353555663,0.06932214756520125,0.0818159652111686,0.047287833167272794,0.05783203353555663,0.9894128448463978,1.0,0.653368809392896,0.7325451699879133,0.0,0.0,0.0005594215104179578,0.0,1.0
bd9b90249d09f5d3e7fd4b8593eae6b61487ae2c0c37a500c1a5bacbe993e956,mlb,total_bases>=5,hits>=2,1,EXACT_IMPLICATION,1,"[{""explanation"": ""At most four TB per hit, so hits >= ceil(TB/4); HRR includes nonnegative hits"", ""proven"": true, ""rule_version"": ""mlb-official-batting-v1""}]",6863,359,1371,359,0,0.05230948564767594,0.19976686580212735,0.05230948564767594,1.0,0.2618526622902991,5.00583515681984,5.005835156819839,0.047287833167272794,0.05783203353555663,0.1904766321191096,0.20939301323196607,0.047287833167272794,0.05783203353555663,0.9894128448463978,1.0,0.23926931395593226,0.28576683053150015,0.0,0.0,0.0005594215104179578,0.0,1.0
be7bbd7a544b59e5770af5e3e013b668f562c119c81efbbacdac439f3c393025,mlb,total_bases>=5,hits>=2 & total_bases>=1,2,EXACT_IMPLICATION,2,"[{""explanation"": ""At most four TB per hit, so hits >= ceil(TB/4); HRR includes nonnegative hits"", ""proven"": true, ""rule_version"": ""mlb-official-batting-v1""}, {""explanation"": ""Threshold monotonicity"", ""proven"": true, ""rule_version"": ""mlb-official-batting-v1""}]",6863,359,1371,359,0,0.05230948564767594,0.19976686580212735,0.05230948564767594,1.0,0.2618526622902991,5.00583515681984,5.005835156819839,0.047287833167272794,0.05783203353555663,0.1904766321191096,0.20939301323196607,0.047287833167272794,0.05783203353555663,0.9894128448463978,1.0,0.23926931395593226,0.28576683053150015,0.0,0.0,0.0005594215104179578,0.0,1.0
bf3acea12b8bd239273bbfb3429d0abc96dfd26045f9c2f18d3f283641a94a98,mlb,total_bases>=5,hits_plus_runs_plus_RBI>=2 & total_bases>=1 & total_bases>=2,3,EXACT_IMPLICATION,3,"[{""explanation"": ""At most four TB per hit, so hits >= ceil(TB/4); HRR includes nonnegative hits"", ""proven"": true, ""rule_version"": ""mlb-official-batting-v1""}, {""explanation"": ""Threshold monotonicity"", ""proven"": true, ""rule_version"": ""mlb-official-batting-v1""}, {""explanation"": ""Threshold monotonicity"", ""proven"": true, ""rule_version"": ""mlb-official-batting-v1""}]",6863,359,2010,359,0,0.05230948564767594,0.29287483607751713,0.05230948564767594,1.0,0.17860696517412936,3.414427860696517,3.4144278606965175,0.047287833167272794,0.05783203353555663,0.28222645280215375,0.30375495989697465,0.047287833167272794,0.05783203353555663,0.9894128448463978,1.0,0.1624801798545389,0.195959882871851,0.0,0.0,0.0005594215104179578,0.0,1.0
bf91e0ac45065c9f33f3e355006711dea16b1c1830d77ed652ad3b33c6029694,mlb,total_bases>=5,hits_plus_runs_plus_RBI>=2 & total_bases>=3,2,EXACT_IMPLICATION,2,"[{""explanation"": ""At most four TB per hit, so hits >= ceil(TB/4); HRR includes nonnegative hits"", ""proven"": true, ""rule_version"": ""mlb-official-batting-v1""}, {""explanation"": ""Threshold monotonicity"", ""proven"": true, ""rule_version"": ""mlb-official-batting-v1""}]",6863,359,1205,359,0,0.05230948564767594,0.17557919277283987,0.05230948564767594,1.0,0.2979253112033195,5.695435684647302,5.695435684647303,0.047287833167272794,0.05783203353555663,0.16676013414692334,0.1847612273547364,0.047287833167272794,0.05783203353555663,0.9894128448463978,1.0,0.2727779332468181,0.324356995865308,0.0,0.0,0.0005594215104179578,0.0,1.0
c002b68a0672c5fe9b9ab1929d3a36a5ff3c4d4947bf0f1708bab65fd597aea6,mlb,total_bases>=5,hits>=2 & total_bases>=2,2,EXACT_IMPLICATION,2,"[{""explanation"": ""At most four TB per hit, so hits >= ceil(TB/4); HRR includes nonnegative hits"", ""proven"": true, ""rule_version"": ""mlb-official-batting-v1""}, {""explanation"": ""Threshold monotonicity"", ""proven"": true, ""rule_version"": ""mlb-official-batting-v1""}]",6863,359,1371,359,0,0.05230948564767594,0.19976686580212735,0.05230948564767594,1.0,0.2618526622902991,5.00583515681984,5.005835156819839,0.047287833167272794,0.05783203353555663,0.1904766321191096,0.20939301323196607,0.047287833167272794,0.05783203353555663,0.9894128448463978,1.0,0.23926931395593226,0.28576683053150015,0.0,0.0,0.0005594215104179578,0.0,1.0
c63178120cae375698d6788090974206a3bee7b40c77516446b7a7295366a143,mlb,total_bases>=5,hits>=2 & hits_plus_runs_plus_RBI>=1 & total_bases>=2,3,EXACT_IMPLICATION,3,"[{""explanation"": ""At most four TB per hit, so hits >= ceil(TB/4); HRR includes nonnegative hits"", ""proven"": true, ""rule_version"": ""mlb-official-batting-v1""}, {""explanation"": ""At most four TB per hit, so hits >= ceil(TB/4); HRR includes nonnegative hits"", ""proven"": true, ""rule_version"": ""mlb-official-batting-v1""}, {""explanation"": ""Threshold monotonicity"", ""proven"": true, ""rule_version"": ""mlb-official-batting-v1""}]",6863,359,1371,359,0,0.05230948564767594,0.19976686580212735,0.05230948564767594,1.0,0.2618526622902991,5.00583515681984,5.005835156819839,0.047287833167272794,0.05783203353555663,0.1904766321191096,0.20939301323196607,0.047287833167272794,0.05783203353555663,0.9894128448463978,1.0,0.23926931395593226,0.28576683053150015,0.0,0.0,0.0005594215104179578,0.0,1.0
c65070b7d5dcac01b2aa4bf651bd487d056e34f818d8728f40cf66c0bb8334b9,mlb,total_bases>=5,hits_plus_runs_plus_RBI>=1 & total_bases>=1 & total_bases>=4,3,EXACT_IMPLICATION,3,"[{""explanation"": ""At most four TB per hit, so hits >= ceil(TB/4); HRR includes nonnegative hits"", ""proven"": true, ""rule_version"": ""mlb-official-batting-v1""}, {""explanation"": ""Threshold monotonicity"", ""proven"": true, ""rule_version"": ""mlb-official-batting-v1""}, {""explanation"": ""Threshold monotonicity"", ""proven"": true, ""rule_version"": ""mlb-official-batting-v1""}]",6863,359,791,359,0,0.05230948564767594,0.11525571907329156,0.05230948564767594,1.0,0.4538558786346397,8.6763590391909,8.676359039190897,0.047287833167272794,0.05783203353555663,0.10791505722010244,0.12302684938000205,0.047287833167272794,0.05783203353555663,0.9894128448463978,1.0,0.4194666718858281,0.4886911133053091,0.0,0.0,0.0005594215104179578,0.0,1.0
c7f761826106ac4933d29e2767f00c8e63203d90ff459face77341f178e52029,mlb,total_bases>=5,hits>=1 & hits>=2 & total_bases>=2,3,EXACT_IMPLICATION,3,"[{""explanation"": ""At most four TB per hit, so hits >= ceil(TB/4); HRR includes nonnegative hits"", ""proven"": true, ""rule_version"": ""mlb-official-batting-v1""}, {""explanation"": ""At most four TB per hit, so hits >= ceil(TB/4); HRR includes nonnegative hits"", ""proven"": true, ""rule_version"": ""mlb-official-batting-v1""}, {""explanation"": ""Threshold monotonicity"", ""proven"": true, ""rule_version"": ""mlb-official-batting-v1""}]",6863,359,1371,359,0,0.05230948564767594,0.19976686580212735,0.05230948564767594,1.0,0.2618526622902991,5.00583515681984,5.005835156819839,0.047287833167272794,0.05783203353555663,0.1904766321191096,0.20939301323196607,0.047287833167272794,0.05783203353555663,0.9894128448463978,1.0,0.23926931395593226,0.28576683053150015,0.0,0.0,0.0005594215104179578,0.0,1.0
c8175b9c731113ddb5cdb4558145f4eebae207223f4e534f43592fdc33dc40fc,mlb,total_bases>=5,hits_plus_runs_plus_RBI>=1 & total_bases>=3,2,EXACT_IMPLICATION,2,"[{""explanation"": ""At most four TB per hit, so hits >= ceil(TB/4); HRR includes nonnegative hits"", ""proven"": true, ""rule_version"": ""mlb-official-batting-v1""}, {""explanation"": ""Threshold monotonicity"", ""proven"": true, ""rule_version"": ""mlb-official-batting-v1""}]",6863,359,1215,359,0,0.05230948564767594,0.17703628150954392,0.05230948564767594,1.0,0.29547325102880656,5.648559670781894,5.648559670781893,0.047287833167272794,0.05783203353555663,0.16818715677568946,0.18624675194581464,0.047287833167272794,0.05783203353555663,0.9894128448463978,1.0,0.27049546481438935,0.32174026330001293,0.0,0.0,0.0005594215104179578,0.0,1.0
ca0cadc1bc921bb8501b5faa3078e3162820c05fa75c2f01a87b6e7619184001,mlb,total_bases>=5,hits>=1 & hits_plus_runs_plus_RBI>=1 & total_bases>=4,3,EXACT_IMPLICATION,3,"[{""explanation"": ""At most four TB per hit, so hits >= ceil(TB/4); HRR includes nonnegative hits"", ""proven"": true, ""rule_version"": ""mlb-official-batting-v1""}, {""explanation"": ""At most four TB per hit, so hits >= ceil(TB/4); HRR includes nonnegative hits"", ""proven"": true, ""rule_version"": ""mlb-official-batting-v1""}, {""explanation"": ""Threshold monotonicity"", ""proven"": true, ""rule_version"": ""mlb-official-batting-v1""}]",6863,359,791,359,0,0.05230948564767594,0.11525571907329156,0.05230948564767594,1.0,0.4538558786346397,8.6763590391909,8.676359039190897,0.047287833167272794,0.05783203353555663,0.10791505722010244,0.12302684938000205,0.047287833167272794,0.05783203353555663,0.9894128448463978,1.0,0.4194666718858281,0.4886911133053091,0.0,0.0,0.0005594215104179578,0.0,1.0
cd3576d952e46e3a34e3389c16d9a1a0081a3a59bad4216bf2dc056479157a09,mlb,total_bases>=5,hits_plus_runs_plus_RBI>=1 & total_bases>=1 & total_bases>=2,3,EXACT_IMPLICATION,3,"[{""explanation"": ""At most four TB per hit, so hits >= ceil(TB/4); HRR includes nonnegative hits"", ""proven"": true, ""rule_version"": ""mlb-official-batting-v1""}, {""explanation"": ""Threshold monotonicity"", ""proven"": true, ""rule_version"": ""mlb-official-batting-v1""}, {""explanation"": ""Threshold monotonicity"", ""proven"": true, ""rule_version"": ""mlb-official-batting-v1""}]",6863,359,2181,359,0,0.05230948564767594,0.3177910534751566,0.05230948564767594,1.0,0.1646033929390188,3.1467216872994044,3.146721687299404,0.047287833167272794,0.05783203353555663,0.3068796786974051,0.3289062914610614,0.047287833167272794,0.05783203353555663,0.9894128448463978,1.0,0.14963286925637898,0.18075332691655543,0.0,0.0,0.0005594215104179578,0.0,1.0
d6460552f4b0f1fdd7be0da022617c64a7133c3d569b99f9238de4de8db4c118,mlb,total_bases>=5,hits>=1 & total_bases>=3 & total_bases>=4,3,EXACT_IMPLICATION,3,"[{""explanation"": ""At most four TB per hit, so hits >= ceil(TB/4); HRR includes nonnegative hits"", ""proven"": true, ""rule_version"": ""mlb-official-batting-v1""}, {""explanation"": ""Threshold monotonicity"", ""proven"": true, ""rule_version"": ""mlb-official-batting-v1""}, {""explanation"": ""Threshold monotonicity"", ""proven"": true, ""rule_version"": ""mlb-official-batting-v1""}]",6863,359,791,359,0,0.05230948564767594,0.11525571907329156,0.05230948564767594,1.0,0.4538558786346397,8.6763590391909,8.676359039190897,0.047287833167272794,0.05783203353555663,0.10791505722010244,0.12302684938000205,0.047287833167272794,0.05783203353555663,0.9894128448463978,1.0,0.4194666718858281,0.4886911133053091,0.0,0.0,0.0005594215104179578,0.0,1.0
d7ec25ea19e39fabf834f6f925bba35cc035e03c7079acb2eb1d81ded8974071,mlb,total_bases>=5,hits>=1 & total_bases>=2,2,EXACT_IMPLICATION,2,"[{""explanation"": ""At most four TB per hit, so hits >= ceil(TB/4); HRR includes nonnegative hits"", ""proven"": true, ""rule_version"": ""mlb-official-batting-v1""}, {""explanation"": ""Threshold monotonicity"", ""proven"": true, ""rule_version"": ""mlb-official-batting-v1""}]",6863,359,2181,359,0,0.05230948564767594,0.3177910534751566,0.05230948564767594,1.0,0.1646033929390188,3.1467216872994044,3.146721687299404,0.047287833167272794,0.05783203353555663,0.3068796786974051,0.3289062914610614,0.047287833167272794,0.05783203353555663,0.9894128448463978,1.0,0.14963286925637898,0.18075332691655543,0.0,0.0,0.0005594215104179578,0.0,1.0
da2b73d8d2db761b085c8524064121205ae4ceb61af1321f3931e7ecbbd81876,mlb,total_bases>=5,total_bases>=1 & total_bases>=4,2,EXACT_IMPLICATION,2,"[{""explanation"": ""Threshold monotonicity"", ""proven"": true, ""rule_version"": ""mlb-official-batting-v1""}, {""explanation"": ""Threshold monotonicity"", ""proven"": true, ""rule_version"": ""mlb-official-batting-v1""}]",6863,359,791,359,0,0.05230948564767594,0.11525571907329156,0.05230948564767594,1.0,0.4538558786346397,8.6763590391909,8.676359039190897,0.047287833167272794,0.05783203353555663,0.10791505722010244,0.12302684938000205,0.047287833167272794,0.05783203353555663,0.9894128448463978,1.0,0.4194666718858281,0.4886911133053091,0.0,0.0,0.0005594215104179578,0.0,1.0
da9bb09ba17c4c1193f9fce467bf5abd32d1a12ff696b27065731061b457a452,mlb,total_bases>=5,hits>=2 & total_bases>=1 & total_bases>=3,3,EXACT_IMPLICATION,3,"[{""explanation"": ""At most four TB per hit, so hits >= ceil(TB/4); HRR includes nonnegative hits"", ""proven"": true, ""rule_version"": ""mlb-official-batting-v1""}, {""explanation"": ""Threshold monotonicity"", ""proven"": true, ""rule_version"": ""mlb-official-batting-v1""}, {""explanation"": ""Threshold monotonicity"", ""proven"": true, ""rule_version"": ""mlb-official-batting-v1""}]",6863,359,888,359,0,0.05230948564767594,0.129389479819321,0.05230948564767594,1.0,0.40427927927927926,7.728603603603604,7.728603603603603,0.047287833167272794,0.05783203353555663,0.12165573617989746,0.13753787845269705,0.047287833167272794,0.05783203353555663,0.9894128448463978,1.0,0.372480748751793,0.43690241198980845,0.0,0.0,0.0005594215104179578,0.0,1.0
dd64009972b1c6eccf9341db5f3dce2981b659b9d5e65c4476df10b83f023645,mlb,total_bases>=5,total_bases>=2 & total_bases>=3 & total_bases>=4,3,EXACT_IMPLICATION,3,"[{""explanation"": ""Threshold monotonicity"", ""proven"": true, ""rule_version"": ""mlb-official-batting-v1""}, {""explanation"": ""Threshold monotonicity"", ""proven"": true, ""rule_version"": ""mlb-official-batting-v1""}, {""explanation"": ""Threshold monotonicity"", ""proven"": true, ""rule_version"": ""mlb-official-batting-v1""}]",6863,359,791,359,0,0.05230948564767594,0.11525571907329156,0.05230948564767594,1.0,0.4538558786346397,8.6763590391909,8.676359039190897,0.047287833167272794,0.05783203353555663,0.10791505722010244,0.12302684938000205,0.047287833167272794,0.05783203353555663,0.9894128448463978,1.0,0.4194666718858281,0.4886911133053091,0.0,0.0,0.0005594215104179578,0.0,1.0
e415477a71ffb87075c22829a15a26c00104cefb60a71eb8d5e8e8b240212f55,mlb,total_bases>=5,hits>=1 & hits_plus_runs_plus_RBI>=2 & total_bases>=3,3,EXACT_IMPLICATION,3,"[{""explanation"": ""At most four TB per hit, so hits >= ceil(TB/4); HRR includes nonnegative hits"", ""proven"": true, ""rule_version"": ""mlb-official-batting-v1""}, {""explanation"": ""At most four TB per hit, so hits >= ceil(TB/4); HRR includes nonnegative hits"", ""proven"": true, ""rule_version"": ""mlb-official-batting-v1""}, {""explanation"": ""Threshold monotonicity"", ""proven"": true, ""rule_version"": ""mlb-official-batting-v1""}]",6863,359,1205,359,0,0.05230948564767594,0.17557919277283987,0.05230948564767594,1.0,0.2979253112033195,5.695435684647302,5.695435684647303,0.047287833167272794,0.05783203353555663,0.16676013414692334,0.1847612273547364,0.047287833167272794,0.05783203353555663,0.9894128448463978,1.0,0.2727779332468181,0.324356995865308,0.0,0.0,0.0005594215104179578,0.0,1.0
e53db540d73be308505c22f9a33e91408c99958e2adaf0213f8611b52f5cb940,mlb,total_bases>=5,hits>=1 & hits_plus_runs_plus_RBI>=1 & hits_plus_runs_plus_RBI>=2,3,EXACT_IMPLICATION,3,"[{""explanation"": ""At most four TB per hit, so hits >= ceil(TB/4); HRR includes nonnegative hits"", ""proven"": true, ""rule_version"": ""mlb-official-batting-v1""}, {""explanation"": ""At most four TB per hit, so hits >= ceil(TB/4); HRR includes nonnegative hits"", ""proven"": true, ""rule_version"": ""mlb-official-batting-v1""}, {""explanation"": ""At most four TB per hit, so hits >= ceil(TB/4); HRR includes nonnegative hits"", ""proven"": true, ""rule_version"": ""mlb-official-batting-v1""}]",6863,359,2742,359,0,0.05230948564767594,0.3995337316042547,0.05230948564767594,1.0,0.13092633114514954,2.50291757840992,2.5029175784099196,0.047287833167272794,0.05783203353555663,0.3880049429454243,0.41117492624630914,0.047287833167272794,0.05783203353555663,0.9894128448463978,1.0,0.11881522245780882,0.14407011511398107,0.0,0.0,0.0005594215104179578,0.0,1.0
e76711acfa3e004f001b05d01618defd8b81d72207d58fb2b489192bb888c1ab,mlb,total_bases>=5,hits>=1 & total_bases>=2 & total_bases>=3,3,EXACT_IMPLICATION,3,"[{""explanation"": ""At most four TB per hit, so hits >= ceil(TB/4); HRR includes nonnegative hits"", ""proven"": true, ""rule_version"": ""mlb-official-batting-v1""}, {""explanation"": ""Threshold monotonicity"", ""proven"": true, ""rule_version"": ""mlb-official-batting-v1""}, {""explanation"": ""Threshold monotonicity"", ""proven"": true, ""rule_version"": ""mlb-official-batting-v1""}]",6863,359,1215,359,0,0.05230948564767594,0.17703628150954392,0.05230948564767594,1.0,0.29547325102880656,5.648559670781894,5.648559670781893,0.047287833167272794,0.05783203353555663,0.16818715677568946,0.18624675194581464,0.047287833167272794,0.05783203353555663,0.9894128448463978,1.0,0.27049546481438935,0.32174026330001293,0.0,0.0,0.0005594215104179578,0.0,1.0
e7c47b023c205d251a5675ccc182e9031d08ad11b060ab663d785716fb931a4c,mlb,total_bases>=5,total_bases>=1 & total_bases>=2 & total_bases>=4,3,EXACT_IMPLICATION,3,"[{""explanation"": ""Threshold monotonicity"", ""proven"": true, ""rule_version"": ""mlb-official-batting-v1""}, {""explanation"": ""Threshold monotonicity"", ""proven"": true, ""rule_version"": ""mlb-official-batting-v1""}, {""explanation"": ""Threshold monotonicity"", ""proven"": true, ""rule_version"": ""mlb-official-batting-v1""}]",6863,359,791,359,0,0.05230948564767594,0.11525571907329156,0.05230948564767594,1.0,0.4538558786346397,8.6763590391909,8.676359039190897,0.047287833167272794,0.05783203353555663,0.10791505722010244,0.12302684938000205,0.047287833167272794,0.05783203353555663,0.9894128448463978,1.0,0.4194666718858281,0.4886911133053091,0.0,0.0,0.0005594215104179578,0.0,1.0
eee78448f71abe3aa1205cd292045aa9cc0b6c3f56f7a6d8daebd5b86dd96431,mlb,total_bases>=5,hits_plus_runs_plus_RBI>=2 & total_bases>=2,2,EXACT_IMPLICATION,2,"[{""explanation"": ""At most four TB per hit, so hits >= ceil(TB/4); HRR includes nonnegative hits"", ""proven"": true, ""rule_version"": ""mlb-official-batting-v1""}, {""explanation"": ""Threshold monotonicity"", ""proven"": true, ""rule_version"": ""mlb-official-batting-v1""}]",6863,359,2010,359,0,0.05230948564767594,0.29287483607751713,0.05230948564767594,1.0,0.17860696517412936,3.414427860696517,3.4144278606965175,0.047287833167272794,0.05783203353555663,0.28222645280215375,0.30375495989697465,0.047287833167272794,0.05783203353555663,0.9894128448463978,1.0,0.1624801798545389,0.195959882871851,0.0,0.0,0.0005594215104179578,0.0,1.0
ef4bf08fd90e2f95c8959d2d4d246003125d99fd2912f6f82a70139b89d050ab,mlb,total_bases>=5,hits>=2 & total_bases>=1 & total_bases>=2,3,EXACT_IMPLICATION,3,"[{""explanation"": ""At most four TB per hit, so hits >= ceil(TB/4); HRR includes nonnegative hits"", ""proven"": true, ""rule_version"": ""mlb-official-batting-v1""}, {""explanation"": ""Threshold monotonicity"", ""proven"": true, ""rule_version"": ""mlb-official-batting-v1""}, {""explanation"": ""Threshold monotonicity"", ""proven"": true, ""rule_version"": ""mlb-official-batting-v1""}]",6863,359,1371,359,0,0.05230948564767594,0.19976686580212735,0.05230948564767594,1.0,0.2618526622902991,5.00583515681984,5.005835156819839,0.047287833167272794,0.05783203353555663,0.1904766321191096,0.20939301323196607,0.047287833167272794,0.05783203353555663,0.9894128448463978,1.0,0.23926931395593226,0.28576683053150015,0.0,0.0,0.0005594215104179578,0.0,1.0
ef6a97b59ad701cfeb2a5992bff1be9321e58cf5c5150ca7765f01b56f82dccb,mlb,total_bases>=5,hits>=1 & hits>=2 & total_bases>=3,3,EXACT_IMPLICATION,3,"[{""explanation"": ""At most four TB per hit, so hits >= ceil(TB/4); HRR includes nonnegative hits"", ""proven"": true, ""rule_version"": ""mlb-official-batting-v1""}, {""explanation"": ""At most four TB per hit, so hits >= ceil(TB/4); HRR includes nonnegative hits"", ""proven"": true, ""rule_version"": ""mlb-official-batting-v1""}, {""explanation"": ""Threshold monotonicity"", ""proven"": true, ""rule_version"": ""mlb-official-batting-v1""}]",6863,359,888,359,0,0.05230948564767594,0.129389479819321,0.05230948564767594,1.0,0.40427927927927926,7.728603603603604,7.728603603603603,0.047287833167272794,0.05783203353555663,0.12165573617989746,0.13753787845269705,0.047287833167272794,0.05783203353555663,0.9894128448463978,1.0,0.372480748751793,0.43690241198980845,0.0,0.0,0.0005594215104179578,0.0,1.0
f18866446487d11d68aee5f73f82dcbbb413d6043827706666779a02ce7db2c3,mlb,total_bases>=5,hits>=1 & total_bases>=1,2,EXACT_IMPLICATION,2,"[{""explanation"": ""At most four TB per hit, so hits >= ceil(TB/4); HRR includes nonnegative hits"", ""proven"": true, ""rule_version"": ""mlb-official-batting-v1""}, {""explanation"": ""Threshold monotonicity"", ""proven"": true, ""rule_version"": ""mlb-official-batting-v1""}]",6863,359,3819,359,0,0.05230948564767594,0.5564621885472826,0.05230948564767594,1.0,0.09400366588112072,1.79706729510343,1.79706729510343,0.047287833167272794,0.05783203353555663,0.5446801576520175,0.5681810471169504,0.047287833167272794,0.05783203353555663,0.9894128448463978,1.0,0.085151607841117,0.1036716710199882,0.0,0.0,0.0005594215104179578,0.0,1.0
f3267e1b93c63a567babf92f1dfe805ebb8a5c7e7042821812a264e9a46baf37,mlb,total_bases>=5,hits_plus_runs_plus_RBI>=1 & hits_plus_runs_plus_RBI>=2 & total_bases>=1,3,EXACT_IMPLICATION,3,"[{""explanation"": ""At most four TB per hit, so hits >= ceil(TB/4); HRR includes nonnegative hits"", ""proven"": true, ""rule_version"": ""mlb-official-batting-v1""}, {""explanation"": ""At most four TB per hit, so hits >= ceil(TB/4); HRR includes nonnegative hits"", ""proven"": true, ""rule_version"": ""mlb-official-batting-v1""}, {""explanation"": ""Threshold monotonicity"", ""proven"": true, ""rule_version"": ""mlb-official-batting-v1""}]",6863,359,2742,359,0,0.05230948564767594,0.3995337316042547,0.05230948564767594,1.0,0.13092633114514954,2.50291757840992,2.5029175784099196,0.047287833167272794,0.05783203353555663,0.3880049429454243,0.41117492624630914,0.047287833167272794,0.05783203353555663,0.9894128448463978,1.0,0.11881522245780882,0.14407011511398107,0.0,0.0,0.0005594215104179578,0.0,1.0
f3a84c10a7d4dae406dcc0881de2bcd10153b6272c787cbc0cd07670893b7693,mlb,total_bases>=5,total_bases>=1 & total_bases>=3,2,EXACT_IMPLICATION,2,"[{""explanation"": ""Threshold monotonicity"", ""proven"": true, ""rule_version"": ""mlb-official-batting-v1""}, {""explanation"": ""Threshold monotonicity"", ""proven"": true, ""rule_version"": ""mlb-official-batting-v1""}]",6863,359,1215,359,0,0.05230948564767594,0.17703628150954392,0.05230948564767594,1.0,0.29547325102880656,5.648559670781894,5.648559670781893,0.047287833167272794,0.05783203353555663,0.16818715677568946,0.18624675194581464,0.047287833167272794,0.05783203353555663,0.9894128448463978,1.0,0.27049546481438935,0.32174026330001293,0.0,0.0,0.0005594215104179578,0.0,1.0
f8637ecba42014cec30c6d1ad21133aacfbc79b9adf97b235d1cafc63393180f,mlb,total_bases>=5,hits>=2 & hits_plus_runs_plus_RBI>=2 & total_bases>=3,3,EXACT_IMPLICATION,3,"[{""explanation"": ""At most four TB per hit, so hits >= ceil(TB/4); HRR includes nonnegative hits"", ""proven"": true, ""rule_version"": ""mlb-official-batting-v1""}, {""explanation"": ""At most four TB per hit, so hits >= ceil(TB/4); HRR includes nonnegative hits"", ""proven"": true, ""rule_version"": ""mlb-official-batting-v1""}, {""explanation"": ""Threshold monotonicity"", ""proven"": true, ""rule_version"": ""mlb-official-batting-v1""}]",6863,359,888,359,0,0.05230948564767594,0.129389479819321,0.05230948564767594,1.0,0.40427927927927926,7.728603603603604,7.728603603603603,0.047287833167272794,0.05783203353555663,0.12165573617989746,0.13753787845269705,0.047287833167272794,0.05783203353555663,0.9894128448463978,1.0,0.372480748751793,0.43690241198980845,0.0,0.0,0.0005594215104179578,0.0,1.0
0291524947ac45e4b1a4069c19c92bfb50eee010b27dd58abb58b2e3862483c5,mlb,hits>=3,total_bases>=1 & total_bases>=2 & total_bases>=3,3,EXACT_IMPLICATION,3,"[{""explanation"": ""Each hit contributes at least one TB; HRR includes nonnegative hits"", ""proven"": true, ""rule_version"": ""mlb-official-batting-v1""}, {""explanation"": ""Each hit contributes at least one TB; HRR includes nonnegative hits"", ""proven"": true, ""rule_version"": ""mlb-official-batting-v1""}, {""explanation"": ""Each hit contributes at least one TB; HRR includes nonnegative hits"", ""proven"": true, ""rule_version"": ""mlb-official-batting-v1""}]",6863,303,1215,303,0,0.044149788722133175,0.17703628150954392,0.044149788722133175,1.0,0.24938271604938272,5.648559670781894,5.648559670781893,0.03953931593249423,0.04927028633920693,0.16818715677568946,0.18624675194581464,0.03953931593249423,0.04927028633920693,0.987480639560709,1.0,0.2258703457732408,0.27447484219792834,0.0,0.0,0.0005594215104179578,0.0,1.0
072a01cfbf658470ce67aab5fb9a9a8dab0dbb68c1e9ff167ac887a1de072df0,mlb,hits>=3,hits>=2 & hits_plus_runs_plus_RBI>=2 & total_bases>=1,3,EXACT_IMPLICATION,3,"[{""explanation"": ""Threshold monotonicity"", ""proven"": true, ""rule_version"": ""mlb-official-batting-v1""}, {""explanation"": ""Each hit contributes at least one TB; HRR includes nonnegative hits"", ""proven"": true, ""rule_version"": ""mlb-official-batting-v1""}, {""explanation"": ""Each hit contributes at least one TB; HRR includes nonnegative hits"", ""proven"": true, ""rule_version"": ""mlb-official-batting-v1""}]",6863,303,1371,303,0,0.044149788722133175,0.19976686580212735,0.044149788722133175,1.0,0.2210065645514223,5.00583515681984,5.005835156819839,0.03953931593249423,0.04927028633920693,0.1904766321191096,0.20939301323196607,0.03953931593249423,0.04927028633920693,0.987480639560709,1.0,0.19983959605454477,0.24373260996825113,0.0,0.0,0.0005594215104179578,0.0,1.0
0a54ac6a1150e81225b6ced866029bbbc0e3498d6b8535990b5ee613fef2b342,mlb,hits>=3,hits>=1 & total_bases>=1 & total_bases>=3,3,EXACT_IMPLICATION,3,"[{""explanation"": ""Threshold monotonicity"", ""proven"": true, ""rule_version"": ""mlb-official-batting-v1""}, {""explanation"": ""Each hit contributes at least one TB; HRR includes nonnegative hits"", ""proven"": true, ""rule_version"": ""mlb-official-batting-v1""}, {""explanation"": ""Each hit contributes at least one TB; HRR includes nonnegative hits"", ""proven"": true, ""rule_version"": ""mlb-official-batting-v1""}]",6863,303,1215,303,0,0.044149788722133175,0.17703628150954392,0.044149788722133175,1.0,0.24938271604938272,5.648559670781894,5.648559670781893,0.03953931593249423,0.04927028633920693,0.16818715677568946,0.18624675194581464,0.03953931593249423,0.04927028633920693,0.987480639560709,1.0,0.2258703457732408,0.27447484219792834,0.0,0.0,0.0005594215104179578,0.0,1.0
0c68e58c1993eb067cef60cfac1bb8bf665e8566ce18fb1c83d08718861e5ca2,mlb,hits>=3,hits_plus_runs_plus_RBI>=1 & hits_plus_runs_plus_RBI>=3 & total_bases>=2,3,EXACT_IMPLICATION,3,"[{""explanation"": ""Each hit contributes at least one TB; HRR includes nonnegative hits"", ""proven"": true, ""rule_version"": ""mlb-official-batting-v1""}, {""explanation"": ""Each hit contributes at least one TB; HRR includes nonnegative hits"", ""proven"": true, ""rule_version"": ""mlb-official-batting-v1""}, {""explanation"": ""Each hit contributes at least one TB; HRR includes nonnegative hits"", ""proven"": true, ""rule_version"": ""mlb-official-batting-v1""}]",6863,303,1592,303,0,0.044149788722133175,0.2319685268832872,0.044149788722133175,1.0,0.19032663316582915,4.310929648241206,4.310929648241206,0.03953931593249423,0.04927028633920693,0.22213405499782432,0.24210288391181103,0.03953931593249423,0.04927028633920693,0.987480639560709,1.0,0.17179757589140204,0.21034656220572379,0.0,0.0,0.0005594215104179578,0.0,1.0
1536bb8ac4f5a04fdc975726783ead7ce773a6be81499d2f5afe2cc921522390,mlb,hits>=3,hits_plus_runs_plus_RBI>=1,1,EXACT_IMPLICATION,1,"[{""explanation"": ""Each hit contributes at least one TB; HRR includes nonnegative hits"", ""proven"": true, ""rule_version"": ""mlb-official-batting-v1""}]",6863,303,4254,303,0,0.044149788722133175,0.6198455485939094,0.044149788722133175,1.0,0.07122708039492243,1.6133051245886225,1.6133051245886225,0.03953931593249423,0.04927028633920693,0.6082970007577593,0.631260008074437,0.03953931593249423,0.04927028633920693,0.987480639560709,1.0,0.0638786708270657,0.07934917471831622,0.0,0.0,0.0005594215104179578,0.0,1.0
1b3d285d3cad40220ccdf5925b32dcea5e694c0bc19cae584ce3b290bcd3b90d,mlb,hits>=3,hits>=2 & total_bases>=1 & total_bases>=3,3,EXACT_IMPLICATION,3,"[{""explanation"": ""Threshold monotonicity"", ""proven"": true, ""rule_version"": ""mlb-official-batting-v1""}, {""explanation"": ""Each hit contributes at least one TB; HRR includes nonnegative hits"", ""proven"": true, ""rule_version"": ""mlb-official-batting-v1""}, {""explanation"": ""Each hit contributes at least one TB; HRR includes nonnegative hits"", ""proven"": true, ""rule_version"": ""mlb-official-batting-v1""}]",6863,303,888,303,0,0.044149788722133175,0.129389479819321,0.044149788722133175,1.0,0.34121621621621623,7.728603603603604,7.728603603603603,0.03953931593249423,0.04927028633920693,0.12165573617989746,0.13753787845269705,0.03953931593249423,0.04927028633920693,0.987480639560709,1.0,0.3107761496503653,0.3730241522857029,0.0,0.0,0.0005594215104179578,0.0,1.0
1b6ebf06134b93ce76e7d00126ed889666ba2c0033b8be447b51b24933da89e4,mlb,hits>=3,hits>=1 & hits>=2 & hits_plus_runs_plus_RBI>=3,3,EXACT_IMPLICATION,3,"[{""explanation"": ""Threshold monotonicity"", ""proven"": true, ""rule_version"": ""mlb-official-batting-v1""}, {""explanation"": ""Threshold monotonicity"", ""proven"": true, ""rule_version"": ""mlb-official-batting-v1""}, {""explanation"": ""Each hit contributes at least one TB; HRR includes nonnegative hits"", ""proven"": true, ""rule_version"": ""mlb-official-batting-v1""}]",6863,303,1179,303,0,0.044149788722133175,0.17179076205740929,0.044149788722133175,1.0,0.25699745547073793,5.821034775233248,5.821034775233249,0.03953931593249423,0.04927028633920693,0.16305094655019958,0.1808977921798649,0.03953931593249423,0.04927028633920693,0.987480639560709,1.0,0.23287155920751038,0.2827017277051016,0.0,0.0,0.0005594215104179578,0.0,1.0
1bf6f3099c621c61f50cbe18f4742fda7ed2a9ca95283972a36bc5b3ec9fb14a,mlb,hits>=3,hits>=1 & hits_plus_runs_plus_RBI>=2 & total_bases>=2,3,EXACT_IMPLICATION,3,"[{""explanation"": ""Threshold monotonicity"", ""proven"": true, ""rule_version"": ""mlb-official-batting-v1""}, {""explanation"": ""Each hit contributes at least one TB; HRR includes nonnegative hits"", ""proven"": true, ""rule_version"": ""mlb-official-batting-v1""}, {""explanation"": ""Each hit contributes at least one TB; HRR includes nonnegative hits"", ""proven"": true, ""rule_version"": ""mlb-official-batting-v1""}]",6863,303,2010,303,0,0.044149788722133175,0.29287483607751713,0.044149788722133175,1.0,0.15074626865671642,3.4144278606965175,3.4144278606965175,0.03953931593249423,0.04927028633920693,0.28222645280215375,0.30375495989697465,0.03953931593249423,0.04927028633920693,0.987480639560709,1.0,0.1357712185903664,0.16705374121447214,0.0,0.0,0.0005594215104179578,0.0,1.0
1e24e061880e56e6842638f4e37c0e540e2ced9599501adb3ca3d9159efbb08c,mlb,hits>=3,hits>=1 & hits_plus_runs_plus_RBI>=2 & total_bases>=3,3,EXACT_IMPLICATION,3,"[{""explanation"": ""Threshold monotonicity"", ""proven"": true, ""rule_version"": ""mlb-official-batting-v1""}, {""explanation"": ""Each hit contributes at least one TB; HRR includes nonnegative hits"", ""proven"": true, ""rule_version"": ""mlb-official-batting-v1""}, {""explanation"": ""Each hit contributes at least one TB; HRR includes nonnegative hits"", ""proven"": true, ""rule_version"": ""mlb-official-batting-v1""}]",6863,303,1205,303,0,0.044149788722133175,0.17557919277283987,0.044149788722133175,1.0,0.25145228215767634,5.695435684647303,5.695435684647303,0.03953931593249423,0.04927028633920693,0.16676013414692334,0.1847612273547364,0.03953931593249423,0.04927028633920693,0.987480639560709,1.0,0.22777249259694815,0.27671174259435266,0.0,0.0,0.0005594215104179578,0.0,1.0
285b42d95eb438ad3523cf54928090889623cb4d701571aa4f780c58ca00b869,mlb,hits>=3,hits_plus_runs_plus_RBI>=1 & hits_plus_runs_plus_RBI>=2 & total_bases>=3,3,EXACT_IMPLICATION,3,"[{""explanation"": ""Each hit contributes at least one TB; HRR includes nonnegative hits"", ""proven"": true, ""rule_version"": ""mlb-official-batting-v1""}, {""explanation"": ""Each hit contributes at least one TB; HRR includes nonnegative hits"", ""proven"": true, ""rule_version"": ""mlb-official-batting-v1""}, {""explanation"": ""Each hit contributes at least one TB; HRR includes nonnegative hits"", ""proven"": true, ""rule_version"": ""mlb-official-batting-v1""}]",6863,303,1205,303,0,0.044149788722133175,0.17557919277283987,0.044149788722133175,1.0,0.25145228215767634,5.695435684647303,5.695435684647303,0.03953931593249423,0.04927028633920693,0.16676013414692334,0.1847612273547364,0.03953931593249423,0.04927028633920693,0.987480639560709,1.0,0.22777249259694815,0.27671174259435266,0.0,0.0,0.0005594215104179578,0.0,1.0
29d1411e0df3faaa4a3f74f19752d6dc2c1dd4bc302450e4fe6dba38f88e6774,mlb,hits>=3,total_bases>=2,1,EXACT_IMPLICATION,1,"[{""explanation"": ""Each hit contributes at least one TB; HRR includes nonnegative hits"", ""proven"": true, ""rule_version"": ""mlb-official-batting-v1""}]",6863,303,2181,303,0,0.044149788722133175,0.3177910534751566,0.044149788722133175,1.0,0.13892709766162312,3.146721687299404,3.146721687299404,0.03953931593249423,0.04927028633920693,0.3068796786974051,0.3289062914610614,0.03953931593249423,0.04927028633920693,0.987480639560709,1.0,0.12504526891039291,0.1540786264910915,0.0,0.0,0.0005594215104179578,0.0,1.0
2b70c9c305f02afc8d60409a1d1fe1cfb5c86e3e453dd60ed8090240719ad9bc,mlb,hits>=3,hits_plus_runs_plus_RBI>=1 & hits_plus_runs_plus_RBI>=2,2,EXACT_IMPLICATION,2,"[{""explanation"": ""Each hit contributes at least one TB; HRR includes nonnegative hits"", ""proven"": true, ""rule_version"": ""mlb-official-batting-v1""}, {""explanation"": ""Each hit contributes at least one TB; HRR includes nonnegative hits"", ""proven"": true, ""rule_version"": ""mlb-official-batting-v1""}]",6863,303,2787,303,0,0.044149788722133175,0.406090630919423,0.044149788722133175,1.0,0.10871905274488698,2.4625044851094366,2.4625044851094366,0.03953931593249423,0.04927028633920693,0.394527460255928,0.4177588714251049,0.03953931593249423,0.04927028633920693,0.987480639560709,1.0,0.09769617994227496,0.12081908429576978,0.0,0.0,0.0005594215104179578,0.0,1.0
2bd3f6ad81c15259ff1bf73ffa400a9be49ce9bdd13d87c6be956caa4e1b505e,mlb,hits>=3,hits_plus_runs_plus_RBI>=1 & total_bases>=1 & total_bases>=2,3,EXACT_IMPLICATION,3,"[{""explanation"": ""Each hit contributes at least one TB; HRR includes nonnegative hits"", ""proven"": true, ""rule_version"": ""mlb-official-batting-v1""}, {""explanation"": ""Each hit contributes at least one TB; HRR includes nonnegative hits"", ""proven"": true, ""rule_version"": ""mlb-official-batting-v1""}, {""explanation"": ""Each hit contributes at least one TB; HRR includes nonnegative hits"", ""proven"": true, ""rule_version"": ""mlb-official-batting-v1""}]",6863,303,2181,303,0,0.044149788722133175,0.3177910534751566,0.044149788722133175,1.0,0.13892709766162312,3.146721687299404,3.146721687299404,0.03953931593249423,0.04927028633920693,0.3068796786974051,0.3289062914610614,0.03953931593249423,0.04927028633920693,0.987480639560709,1.0,0.12504526891039291,0.1540786264910915,0.0,0.0,0.0005594215104179578,0.0,1.0
2d144d9328b6dac2e1c3d4e84c96c978475dc173e755a6b5c3fb7ca0ebe5ac49,mlb,hits>=3,hits>=2 & total_bases>=2 & total_bases>=3,3,EXACT_IMPLICATION,3,"[{""explanation"": ""Threshold monotonicity"", ""proven"": true, ""rule_version"": ""mlb-official-batting-v1""}, {""explanation"": ""Each hit contributes at least one TB; HRR includes nonnegative hits"", ""proven"": true, ""rule_version"": ""mlb-official-batting-v1""}, {""explanation"": ""Each hit contributes at least one TB; HRR includes nonnegative hits"", ""proven"": true, ""rule_version"": ""mlb-official-batting-v1""}]",6863,303,888,303,0,0.044149788722133175,0.129389479819321,0.044149788722133175,1.0,0.34121621621621623,7.728603603603604,7.728603603603603,0.03953931593249423,0.04927028633920693,0.12165573617989746,0.13753787845269705,0.03953931593249423,0.04927028633920693,0.987480639560709,1.0,0.3107761496503653,0.3730241522857029,0.0,0.0,0.0005594215104179578,0.0,1.0
2eca2139d1ef6c8ec18fd0b49dfb05ac0c0b04bb1c8ca993f75db46624b1be73,mlb,hits>=3,hits>=2 & hits_plus_runs_plus_RBI>=2 & total_bases>=2,3,EXACT_IMPLICATION,3,"[{""explanation"": ""Threshold monotonicity"", ""proven"": true, ""rule_version"": ""mlb-official-batting-v1""}, {""explanation"": ""Each hit contributes at least one TB; HRR includes nonnegative hits"", ""proven"": true, ""rule_version"": ""mlb-official-batting-v1""}, {""explanation"": ""Each hit contributes at least one TB; HRR includes nonnegative hits"", ""proven"": true, ""rule_version"": ""mlb-official-batting-v1""}]",6863,303,1371,303,0,0.044149788722133175,0.19976686580212735,0.044149788722133175,1.0,0.2210065645514223,5.00583515681984,5.005835156819839,0.03953931593249423,0.04927028633920693,0.1904766321191096,0.20939301323196607,0.03953931593249423,0.04927028633920693,0.987480639560709,1.0,0.19983959605454477,0.24373260996825113,0.0,0.0,0.0005594215104179578,0.0,1.0
2ef2e69aaa3d1c356d53baa3068b1de0c6793b104ddfe223e025fc52126c19cb,mlb,hits>=3,hits_plus_runs_plus_RBI>=1 & total_bases>=1 & total_bases>=3,3,EXACT_IMPLICATION,3,"[{""explanation"": ""Each hit contributes at least one TB; HRR includes nonnegative hits"", ""proven"": true, ""rule_version"": ""mlb-official-batting-v1""}, {""explanation"": ""Each hit contributes at least one TB; HRR includes nonnegative hits"", ""proven"": true, ""rule_version"": ""mlb-official-batting-v1""}, {""explanation"": ""Each hit contributes at least one TB; HRR includes nonnegative hits"", ""proven"": true, ""rule_version"": ""mlb-official-batting-v1""}]",6863,303,1215,303,0,0.044149788722133175,0.17703628150954392,0.044149788722133175,1.0,0.24938271604938272,5.648559670781894,5.648559670781893,0.03953931593249423,0.04927028633920693,0.16818715677568946,0.18624675194581464,0.03953931593249423,0.04927028633920693,0.987480639560709,1.0,0.2258703457732408,0.27447484219792834,0.0,0.0,0.0005594215104179578,0.0,1.0
2fd3ae1eb7bcf62a49ea369b97c3c49bdeae9f9f1158ddaffbd9c2b9bd8e0659,mlb,hits>=3,hits_plus_runs_plus_RBI>=3 & total_bases>=2,2,EXACT_IMPLICATION,2,"[{""explanation"": ""Each hit contributes at least one TB; HRR includes nonnegative hits"", ""proven"": true, ""rule_version"": ""mlb-official-batting-v1""}, {""explanation"": ""Each hit contributes at least one TB; HRR includes nonnegative hits"", ""proven"": true, ""rule_version"": ""mlb-official-batting-v1""}]",6863,303,1592,303,0,0.044149788722133175,0.2319685268832872,0.044149788722133175,1.0,0.19032663316582915,4.310929648241206,4.310929648241206,0.03953931593249423,0.04927028633920693,0.22213405499782432,0.24210288391181103,0.03953931593249423,0.04927028633920693,0.987480639560709,1.0,0.17179757589140204,0.21034656220572379,0.0,0.0,0.0005594215104179578,0.0,1.0
308ccbf23b46f425092573f4af5bf54cd72fd2df4fc3b023450eb92093769809,mlb,hits>=3,total_bases>=1 & total_bases>=2,2,EXACT_IMPLICATION,2,"[{""explanation"": ""Each hit contributes at least one TB; HRR includes nonnegative hits"", ""proven"": true, ""rule_version"": ""mlb-official-batting-v1""}, {""explanation"": ""Each hit contributes at least one TB; HRR includes nonnegative hits"", ""proven"": true, ""rule_version"": ""mlb-official-batting-v1""}]",6863,303,2181,303,0,0.044149788722133175,0.3177910534751566,0.044149788722133175,1.0,0.13892709766162312,3.146721687299404,3.146721687299404,0.03953931593249423,0.04927028633920693,0.3068796786974051,0.3289062914610614,0.03953931593249423,0.04927028633920693,0.987480639560709,1.0,0.12504526891039291,0.1540786264910915,0.0,0.0,0.0005594215104179578,0.0,1.0
32235782b5f47a0c7781be3f069c2688707635b8d35486008759640b912ca862,mlb,hits>=3,hits>=1 & total_bases>=2,2,EXACT_IMPLICATION,2,"[{""explanation"": ""Threshold monotonicity"", ""proven"": true, ""rule_version"": ""mlb-official-batting-v1""}, {""explanation"": ""Each hit contributes at least one TB; HRR includes nonnegative hits"", ""proven"": true, ""rule_version"": ""mlb-official-batting-v1""}]",6863,303,2181,303,0,0.044149788722133175,0.3177910534751566,0.044149788722133175,1.0,0.13892709766162312,3.146721687299404,3.146721687299404,0.03953931593249423,0.04927028633920693,0.3068796786974051,0.3289062914610614,0.03953931593249423,0.04927028633920693,0.987480639560709,1.0,0.12504526891039291,0.1540786264910915,0.0,0.0,0.0005594215104179578,0.0,1.0
334ce3bf62b3d27dede8e2c970dbf5ca3bcb62d4b00f2b0f483bc754d256bb9a,mlb,hits>=3,hits>=1 & hits>=2 & total_bases>=2,3,EXACT_IMPLICATION,3,"[{""explanation"": ""Threshold monotonicity"", ""proven"": true, ""rule_version"": ""mlb-official-batting-v1""}, {""explanation"": ""Threshold monotonicity"", ""proven"": true, ""rule_version"": ""mlb-official-batting-v1""}, {""explanation"": ""Each hit contributes at least one TB; HRR includes nonnegative hits"", ""proven"": true, ""rule_version"": ""mlb-official-batting-v1""}]",6863,303,1371,303,0,0.044149788722133175,0.19976686580212735,0.044149788722133175,1.0,0.2210065645514223,5.00583515681984,5.005835156819839,0.03953931593249423,0.04927028633920693,0.1904766321191096,0.20939301323196607,0.03953931593249423,0.04927028633920693,0.987480639560709,1.0,0.19983959605454477,0.24373260996825113,0.0,0.0,0.0005594215104179578,0.0,1.0
3b7dfd3af7145f48fe5f87166bcc33d85548b87e2aef951509e6321cb585d5ef,mlb,hits>=3,hits>=1 & hits>=2 & total_bases>=3,3,EXACT_IMPLICATION,3,"[{""explanation"": ""Threshold monotonicity"", ""proven"": true, ""rule_version"": ""mlb-official-batting-v1""}, {""explanation"": ""Threshold monotonicity"", ""proven"": true, ""rule_version"": ""mlb-official-batting-v1""}, {""explanation"": ""Each hit contributes at least one TB; HRR includes nonnegative hits"", ""proven"": true, ""rule_version"": ""mlb-official-batting-v1""}]",6863,303,888,303,0,0.044149788722133175,0.129389479819321,0.044149788722133175,1.0,0.34121621621621623,7.728603603603604,7.728603603603603,0.03953931593249423,0.04927028633920693,0.12165573617989746,0.13753787845269705,0.03953931593249423,0.04927028633920693,0.987480639560709,1.0,0.3107761496503653,0.3730241522857029,0.0,0.0,0.0005594215104179578,0.0,1.0
3fa90abfe2356f626b7464efd08009047ca7d5c0d5bc62b0b5f3fc2d937f079b,mlb,hits>=3,hits_plus_runs_plus_RBI>=2 & total_bases>=2,2,EXACT_IMPLICATION,2,"[{""explanation"": ""Each hit contributes at least one TB; HRR includes nonnegative hits"", ""proven"": true, ""rule_version"": ""mlb-official-batting-v1""}, {""explanation"": ""Each hit contributes at least one TB; HRR includes nonnegative hits"", ""proven"": true, ""rule_version"": ""mlb-official-batting-v1""}]",6863,303,2010,303,0,0.044149788722133175,0.29287483607751713,0.044149788722133175,1.0,0.15074626865671642,3.4144278606965175,3.4144278606965175,0.03953931593249423,0.04927028633920693,0.28222645280215375,0.30375495989697465,0.03953931593249423,0.04927028633920693,0.987480639560709,1.0,0.1357712185903664,0.16705374121447214,0.0,0.0,0.0005594215104179578,0.0,1.0
4205f2346ed62069e646309ff459af9b5258116a93a6bda141fc2508dbba6a50,mlb,hits>=3,hits_plus_runs_plus_RBI>=3 & total_bases>=1 & total_bases>=2,3,EXACT_IMPLICATION,3,"[{""explanation"": ""Each hit contributes at least one TB; HRR includes nonnegative hits"", ""proven"": true, ""rule_version"": ""mlb-official-batting-v1""}, {""explanation"": ""Each hit contributes at least one TB; HRR includes nonnegative hits"", ""proven"": true, ""rule_version"": ""mlb-official-batting-v1""}, {""explanation"": ""Each hit contributes at least one TB; HRR includes nonnegative hits"", ""proven"": true, ""rule_version"": ""mlb-official-batting-v1""}]",6863,303,1592,303,0,0.044149788722133175,0.2319685268832872,0.044149788722133175,1.0,0.19032663316582915,4.310929648241206,4.310929648241206,0.03953931593249423,0.04927028633920693,0.22213405499782432,0.24210288391181103,0.03953931593249423,0.04927028633920693,0.987480639560709,1.0,0.17179757589140204,0.21034656220572379,0.0,0.0,0.0005594215104179578,0.0,1.0
431a038fce5f9c9d56e0ef13725fd114c2a69a0029ffc4cac88730968e616ada,mlb,hits>=3,hits>=1 & hits_plus_runs_plus_RBI>=1,2,EXACT_IMPLICATION,2,"[{""explanation"": ""Threshold monotonicity"", ""proven"": true, ""rule_version"": ""mlb-official-batting-v1""}, {""explanation"": ""Each hit contributes at least one TB; HRR includes nonnegative hits"", ""proven"": true, ""rule_version"": ""mlb-official-batting-v1""}]",6863,303,3819,303,0,0.044149788722133175,0.5564621885472826,0.044149788722133175,1.0,0.0793401413982718,1.79706729510343,1.79706729510343,0.03953931593249423,0.04927028633920693,0.5446801576520175,0.5681810471169504,0.03953931593249423,0.04927028633920693,0.987480639560709,1.0,0.07118498891967041,0.08834071084838212,0.0,0.0,0.0005594215104179578,0.0,1.0
460985187d2e5356f1269e85c584552cfafb5061b4f0b5ec61fd7f55aa3881b3,mlb,hits>=3,hits>=1 & total_bases>=1,2,EXACT_IMPLICATION,2,"[{""explanation"": ""Threshold monotonicity"", ""proven"": true, ""rule_version"": ""mlb-official-batting-v1""}, {""explanation"": ""Each hit contributes at least one TB; HRR includes nonnegative hits"", ""proven"": true, ""rule_version"": ""mlb-official-batting-v1""}]",6863,303,3819,303,0,0.044149788722133175,0.5564621885472826,0.044149788722133175,1.0,0.0793401413982718,1.79706729510343,1.79706729510343,0.03953931593249423,0.04927028633920693,0.5446801576520175,0.5681810471169504,0.03953931593249423,0.04927028633920693,0.987480639560709,1.0,0.07118498891967041,0.08834071084838212,0.0,0.0,0.0005594215104179578,0.0,1.0
48a3011f2a37198dcf478a1d9902837143dbdaa79bfc34de23bf1cebd10256b5,mlb,hits>=3,hits>=1 & hits_plus_runs_plus_RBI>=1 & total_bases>=2,3,EXACT_IMPLICATION,3,"[{""explanation"": ""Threshold monotonicity"", ""proven"": true, ""rule_version"": ""mlb-official-batting-v1""}, {""explanation"": ""Each hit contributes at least one TB; HRR includes nonnegative hits"", ""proven"": true, ""rule_version"": ""mlb-official-batting-v1""}, {""explanation"": ""Each hit contributes at least one TB; HRR includes nonnegative hits"", ""proven"": true, ""rule_version"": ""mlb-official-batting-v1""}]",6863,303,2181,303,0,0.044149788722133175,0.3177910534751566,0.044149788722133175,1.0,0.13892709766162312,3.146721687299404,3.146721687299404,0.03953931593249423,0.04927028633920693,0.3068796786974051,0.3289062914610614,0.03953931593249423,0.04927028633920693,0.987480639560709,1.0,0.12504526891039291,0.1540786264910915,0.0,0.0,0.0005594215104179578,0.0,1.0
4b325eb8fa03373aac8e4b3b05781bcb7b22c913fd001a2bc8bd4cb1456f991c,mlb,hits>=3,hits>=1 & hits>=2 & hits_plus_runs_plus_RBI>=2,3,EXACT_IMPLICATION,3,"[{""explanation"": ""Threshold monotonicity"", ""proven"": true, ""rule_version"": ""mlb-official-batting-v1""}, {""explanation"": ""Threshold monotonicity"", ""proven"": true, ""rule_version"": ""mlb-official-batting-v1""}, {""explanation"": ""Each hit contributes at least one TB; HRR includes nonnegative hits"", ""proven"": true, ""rule_version"": ""mlb-official-batting-v1""}]",6863,303,1371,303,0,0.044149788722133175,0.19976686580212735,0.044149788722133175,1.0,0.2210065645514223,5.00583515681984,5.005835156819839,0.03953931593249423,0.04927028633920693,0.1904766321191096,0.20939301323196607,0.03953931593249423,0.04927028633920693,0.987480639560709,1.0,0.19983959605454477,0.24373260996825113,0.0,0.0,0.0005594215104179578,0.0,1.0
50304ec905967d127cf557fdb687f95f2af877f68fabff5bbdc5156d3cfea3ba,mlb,hits>=3,hits_plus_runs_plus_RBI>=2 & hits_plus_runs_plus_RBI>=3 & total_bases>=3,3,EXACT_IMPLICATION,3,"[{""explanation"": ""Each hit contributes at least one TB; HRR includes nonnegative hits"", ""proven"": true, ""rule_version"": ""mlb-official-batting-v1""}, {""explanation"": ""Each hit contributes at least one TB; HRR includes nonnegative hits"", ""proven"": true, ""rule_version"": ""mlb-official-batting-v1""}, {""explanation"": ""Each hit contributes at least one TB; HRR includes nonnegative hits"", ""proven"": true, ""rule_version"": ""mlb-official-batting-v1""}]",6863,303,1135,303,0,0.044149788722133175,0.1653795716159114,0.044149788722133175,1.0,0.2669603524229075,6.046696035242291,6.046696035242291,0.03953931593249423,0.04927028633920693,0.1567774806586179,0.17435605030413154,0.03953931593249423,0.04927028633920693,0.987480639560709,1.0,0.24204206799265732,0.29345078230470006,0.0,0.0,0.0005594215104179578,0.0,1.0
525da406c4f7dca0560f82c321e490a5adce87e3a2ea0789bcfa82b303e743f1,mlb,hits>=3,hits>=1 & hits_plus_runs_plus_RBI>=2 & total_bases>=1,3,EXACT_IMPLICATION,3,"[{""explanation"": ""Threshold monotonicity"", ""proven"": true, ""rule_version"": ""mlb-official-batting-v1""}, {""explanation"": ""Each hit contributes at least one TB; HRR includes nonnegative hits"", ""proven"": true, ""rule_version"": ""mlb-official-batting-v1""}, {""explanation"": ""Each hit contributes at least one TB; HRR includes nonnegative hits"", ""proven"": true, ""rule_version"": ""mlb-official-batting-v1""}]",6863,303,2742,303,0,0.044149788722133175,0.3995337316042547,0.044149788722133175,1.0,0.11050328227571116,2.50291757840992,2.5029175784099196,0.03953931593249423,0.04927028633920693,0.3880049429454243,0.41117492624630914,0.03953931593249423,0.04927028633920693,0.987480639560709,1.0,0.09930899195320503,0.1227873919664309,0.0,0.0,0.0005594215104179578,0.0,1.0
54f0592b5700fbfffc9b0edf25272989c5204da4e5e3dcc2f367b8caf9719dec,mlb,hits>=3,hits_plus_runs_plus_RBI>=2 & total_bases>=1 & total_bases>=3,3,EXACT_IMPLICATION,3,"[{""explanation"": ""Each hit contributes at least one TB; HRR includes nonnegative hits"", ""proven"": true, ""rule_version"": ""mlb-official-batting-v1""}, {""explanation"": ""Each hit contributes at least one TB; HRR includes nonnegative hits"", ""proven"": true, ""rule_version"": ""mlb-official-batting-v1""}, {""explanation"": ""Each hit contributes at least one TB; HRR includes nonnegative hits"", ""proven"": true, ""rule_version"": ""mlb-official-batting-v1""}]",6863,303,1205,303,0,0.044149788722133175,0.17557919277283987,0.044149788722133175,1.0,0.25145228215767634,5.695435684647303,5.695435684647303,0.03953931593249423,0.04927028633920693,0.16676013414692334,0.1847612273547364,0.03953931593249423,0.04927028633920693,0.987480639560709,1.0,0.22777249259694815,0.27671174259435266,0.0,0.0,0.0005594215104179578,0.0,1.0
5b805e4950eb548c215ce309239be5ef20568e6fb3bf2aa85a5d836ad49ca819,mlb,hits>=3,hits>=1 & hits_plus_runs_plus_RBI>=3 & total_bases>=2,3,EXACT_IMPLICATION,3,"[{""explanation"": ""Threshold monotonicity"", ""proven"": true, ""rule_version"": ""mlb-official-batting-v1""}, {""explanation"": ""Each hit contributes at least one TB; HRR includes nonnegative hits"", ""proven"": true, ""rule_version"": ""mlb-official-batting-v1""}, {""explanation"": ""Each hit contributes at least one TB; HRR includes nonnegative hits"", ""proven"": true, ""rule_version"": ""mlb-official-batting-v1""}]",6863,303,1592,303,0,0.044149788722133175,0.2319685268832872,0.044149788722133175,1.0,0.19032663316582915,4.310929648241206,4.310929648241206,0.03953931593249423,0.04927028633920693,0.22213405499782432,0.24210288391181103,0.03953931593249423,0.04927028633920693,0.987480639560709,1.0,0.17179757589140204,0.21034656220572379,0.0,0.0,0.0005594215104179578,0.0,1.0
5bf672528d9cbebf7f260bb93ba4ebfa1321a304959c7cbdeb84b8c3819fa976,mlb,hits>=3,hits>=2 & hits_plus_runs_plus_RBI>=3,2,EXACT_IMPLICATION,2,"[{""explanation"": ""Threshold monotonicity"", ""proven"": true, ""rule_version"": ""mlb-official-batting-v1""}, {""explanation"": ""Each hit contributes at least one TB; HRR includes nonnegative hits"", ""proven"": true, ""rule_version"": ""mlb-official-batting-v1""}]",6863,303,1179,303,0,0.044149788722133175,0.17179076205740929,0.044149788722133175,1.0,0.25699745547073793,5.821034775233248,5.821034775233249,0.03953931593249423,0.04927028633920693,0.16305094655019958,0.1808977921798649,0.03953931593249423,0.04927028633920693,0.987480639560709,1.0,0.23287155920751038,0.2827017277051016,0.0,0.0,0.0005594215104179578,0.0,1.0
600908b2a40a79e4f38ad7aca60e1e866293b9e33314e87a1a79e91c66269744,mlb,hits>=3,hits_plus_runs_plus_RBI>=1 & total_bases>=3,2,EXACT_IMPLICATION,2,"[{""explanation"": ""Each hit contributes at least one TB; HRR includes nonnegative hits"", ""proven"": true, ""rule_version"": ""mlb-official-batting-v1""}, {""explanation"": ""Each hit contributes at least one TB; HRR includes nonnegative hits"", ""proven"": true, ""rule_version"": ""mlb-official-batting-v1""}]",6863,303,1215,303,0,0.044149788722133175,0.17703628150954392,0.044149788722133175,1.0,0.24938271604938272,5.648559670781894,5.648559670781893,0.03953931593249423,0.04927028633920693,0.16818715677568946,0.18624675194581464,0.03953931593249423,0.04927028633920693,0.987480639560709,1.0,0.2258703457732408,0.27447484219792834,0.0,0.0,0.0005594215104179578,0.0,1.0
6532eea5660b365f2f9d8f051d14d5bf1c25703e75b725f93d99dde654c84920,mlb,hits>=3,hits_plus_runs_plus_RBI>=3 & total_bases>=2 & total_bases>=3,3,EXACT_IMPLICATION,3,"[{""explanation"": ""Each hit contributes at least one TB; HRR includes nonnegative hits"", ""proven"": true, ""rule_version"": ""mlb-official-batting-v1""}, {""explanation"": ""Each hit contributes at least one TB; HRR includes nonnegative hits"", ""proven"": true, ""rule_version"": ""mlb-official-batting-v1""}, {""explanation"": ""Each hit contributes at least one TB; HRR includes nonnegative hits"", ""proven"": true, ""rule_version"": ""mlb-official-batting-v1""}]",6863,303,1135,303,0,0.044149788722133175,0.1653795716159114,0.044149788722133175,1.0,0.2669603524229075,6.046696035242291,6.046696035242291,0.03953931593249423,0.04927028633920693,0.1567774806586179,0.17435605030413154,0.03953931593249423,0.04927028633920693,0.987480639560709,1.0,0.24204206799265732,0.29345078230470006,0.0,0.0,0.0005594215104179578,0.0,1.0
6808eac073bd08cba5ea31de18c9413a277023c72227f4642d66ce909395d13c,mlb,hits>=3,hits_plus_runs_plus_RBI>=1 & hits_plus_runs_plus_RBI>=2 & hits_plus_runs_plus_RBI>=3,3,EXACT_IMPLICATION,3,"[{""explanation"": ""Each hit contributes at least one TB; HRR includes nonnegative hits"", ""proven"": true, ""rule_version"": ""mlb-official-batting-v1""}, {""explanation"": ""Each hit contributes at least one TB; HRR includes nonnegative hits"", ""proven"": true, ""rule_version"": ""mlb-official-batting-v1""}, {""explanation"": ""Each hit contributes at least one TB; HRR includes nonnegative hits"", ""proven"": true, ""rule_version"": ""mlb-official-batting-v1""}]",6863,303,1770,303,0,0.044149788722133175,0.25790470639661955,0.044149788722133175,1.0,0.1711864406779661,3.877401129943503,3.877401129943503,0.03953931593249423,0.04927028633920693,0.24769190548167133,0.26838837394119314,0.03953931593249423,0.04927028633920693,0.987480639560709,1.0,0.15435520180472767,0.18944184713003787,0.0,0.0,0.0005594215104179578,0.0,1.0
6a4cfbac001d8158c62e1d59fc0821b9ee6e823fde8b6a6574533aa7b818281f,mlb,hits>=3,hits_plus_runs_plus_RBI>=2 & hits_plus_runs_plus_RBI>=3 & total_bases>=1,3,EXACT_IMPLICATION,3,"[{""explanation"": ""Each hit contributes at least one TB; HRR includes nonnegative hits"", ""proven"": true, ""rule_version"": ""mlb-official-batting-v1""}, {""explanation"": ""Each hit contributes at least one TB; HRR includes nonnegative hits"", ""proven"": true, ""rule_version"": ""mlb-official-batting-v1""}, {""explanation"": ""Each hit contributes at least one TB; HRR includes nonnegative hits"", ""proven"": true, ""rule_version"": ""mlb-official-batting-v1""}]",6863,303,1765,303,0,0.044149788722133175,0.25717616202826754,0.044149788722133175,1.0,0.171671388101983,3.8883852691218124,3.888385269121813,0.03953931593249423,0.04927028633920693,0.24697331696725122,0.2676506888456911,0.03953931593249423,0.04927028633920693,0.987480639560709,1.0,0.15479664707435695,0.18997221605896322,0.0,0.0,0.0005594215104179578,0.0,1.0
70fbe9764a3fd218459f087f235727a3a9284c94e3e3b2876448f4523225a0dc,mlb,hits>=3,hits>=2 & hits_plus_runs_plus_RBI>=3 & total_bases>=2,3,EXACT_IMPLICATION,3,"[{""explanation"": ""Threshold monotonicity"", ""proven"": true, ""rule_version"": ""mlb-official-batting-v1""}, {""explanation"": ""Each hit contributes at least one TB; HRR includes nonnegative hits"", ""proven"": true, ""rule_version"": ""mlb-official-batting-v1""}, {""explanation"": ""Each hit contributes at least one TB; HRR includes nonnegative hits"", ""proven"": true, ""rule_version"": ""mlb-official-batting-v1""}]",6863,303,1179,303,0,0.044149788722133175,0.17179076205740929,0.044149788722133175,1.0,0.25699745547073793,5.821034775233248,5.821034775233249,0.03953931593249423,0.04927028633920693,0.16305094655019958,0.1808977921798649,0.03953931593249423,0.04927028633920693,0.987480639560709,1.0,0.23287155920751038,0.2827017277051016,0.0,0.0,0.0005594215104179578,0.0,1.0
73b7047fc34d0e7a02137d49f153d29c7d685d13905e0abd5c762259a7238168,mlb,hits>=3,hits_plus_runs_plus_RBI>=1 & hits_plus_runs_plus_RBI>=2 & total_bases>=1,3,EXACT_IMPLICATION,3,"[{""explanation"": ""Each hit contributes at least one TB; HRR includes nonnegative hits"", ""proven"": true, ""rule_version"": ""mlb-official-batting-v1""}, {""explanation"": ""Each hit contributes at least one TB; HRR includes nonnegative hits"", ""proven"": true, ""rule_version"": ""mlb-official-batting-v1""}, {""explanation"": ""Each hit contributes at least one TB; HRR includes nonnegative hits"", ""proven"": true, ""rule_version"": ""mlb-official-batting-v1""}]",6863,303,2742,303,0,0.044149788722133175,0.3995337316042547,0.044149788722133175,1.0,0.11050328227571116,2.50291757840992,2.5029175784099196,0.03953931593249423,0.04927028633920693,0.3880049429454243,0.41117492624630914,0.03953931593249423,0.04927028633920693,0.987480639560709,1.0,0.09930899195320503,0.1227873919664309,0.0,0.0,0.0005594215104179578,0.0,1.0
77196096f4e7944cf019098293135e3e080ac2b9d44ff12f4b7fc6d5caf05523,mlb,hits>=3,hits_plus_runs_plus_RBI>=2 & total_bases>=1 & total_bases>=2,3,EXACT_IMPLICATION,3,"[{""explanation"": ""Each hit contributes at least one TB; HRR includes nonnegative hits"", ""proven"": true, ""rule_version"": ""mlb-official-batting-v1""}, {""explanation"": ""Each hit contributes at least one TB; HRR includes nonnegative hits"", ""proven"": true, ""rule_version"": ""mlb-official-batting-v1""}, {""explanation"": ""Each hit contributes at least one TB; HRR includes nonnegative hits"", ""proven"": true, ""rule_version"": ""mlb-official-batting-v1""}]",6863,303,2010,303,0,0.044149788722133175,0.29287483607751713,0.044149788722133175,1.0,0.15074626865671642,3.4144278606965175,3.4144278606965175,0.03953931593249423,0.04927028633920693,0.28222645280215375,0.30375495989697465,0.03953931593249423,0.04927028633920693,0.987480639560709,1.0,0.1357712185903664,0.16705374121447214,0.0,0.0,0.0005594215104179578,0.0,1.0
79d2c1b5ec03da4e88e1e64eacf20f8ca4b906f4e5566bf5dbb511849aa027ee,mlb,hits>=3,hits_plus_runs_plus_RBI>=2,1,EXACT_IMPLICATION,1,"[{""explanation"": ""Each hit contributes at least one TB; HRR includes nonnegative hits"", ""proven"": true, ""rule_version"": ""mlb-official-batting-v1""}]",6863,303,2787,303,0,0.044149788722133175,0.406090630919423,0.044149788722133175,1.0,0.10871905274488698,2.4625044851094366,2.4625044851094366,0.03953931593249423,0.04927028633920693,0.394527460255928,0.4177588714251049,0.03953931593249423,0.04927028633920693,0.987480639560709,1.0,0.09769617994227496,0.12081908429576978,0.0,0.0,0.0005594215104179578,0.0,1.0
7b30fadab30661ae91f2969914c5520ed6434b55df1ecf1ee2b390df706b9883,mlb,hits>=3,hits_plus_runs_plus_RBI>=3 & total_bases>=1 & total_bases>=3,3,EXACT_IMPLICATION,3,"[{""explanation"": ""Each hit contributes at least one TB; HRR includes nonnegative hits"", ""proven"": true, ""rule_version"": ""mlb-official-batting-v1""}, {""explanation"": ""Each hit contributes at least one TB; HRR includes nonnegative hits"", ""proven"": true, ""rule_version"": ""mlb-official-batting-v1""}, {""explanation"": ""Each hit contributes at least one TB; HRR includes nonnegative hits"", ""proven"": true, ""rule_version"": ""mlb-official-batting-v1""}]",6863,303,1135,303,0,0.044149788722133175,0.1653795716159114,0.044149788722133175,1.0,0.2669603524229075,6.046696035242291,6.046696035242291,0.03953931593249423,0.04927028633920693,0.1567774806586179,0.17435605030413154,0.03953931593249423,0.04927028633920693,0.987480639560709,1.0,0.24204206799265732,0.29345078230470006,0.0,0.0,0.0005594215104179578,0.0,1.0
7dda6ae200227cff3716fd04212259e705dfa7369ad1847aab7584818c2d9b55,mlb,hits>=3,hits>=1 & hits_plus_runs_plus_RBI>=1 & total_bases>=3,3,EXACT_IMPLICATION,3,"[{""explanation"": ""Threshold monotonicity"", ""proven"": true, ""rule_version"": ""mlb-official-batting-v1""}, {""explanation"": ""Each hit contributes at least one TB; HRR includes nonnegative hits"", ""proven"": true, ""rule_version"": ""mlb-official-batting-v1""}, {""explanation"": ""Each hit contributes at least one TB; HRR includes nonnegative hits"", ""proven"": true, ""rule_version"": ""mlb-official-batting-v1""}]",6863,303,1215,303,0,0.044149788722133175,0.17703628150954392,0.044149788722133175,1.0,0.24938271604938272,5.648559670781894,5.648559670781893,0.03953931593249423,0.04927028633920693,0.16818715677568946,0.18624675194581464,0.03953931593249423,0.04927028633920693,0.987480639560709,1.0,0.2258703457732408,0.27447484219792834,0.0,0.0,0.0005594215104179578,0.0,1.0
832b86b76c458de60fe9e1a61d462ad65c4942c18489c2c35fa8cbbb7f1014da,mlb,hits>=3,hits>=1 & hits>=2 & total_bases>=1,3,EXACT_IMPLICATION,3,"[{""explanation"": ""Threshold monotonicity"", ""proven"": true, ""rule_version"": ""mlb-official-batting-v1""}, {""explanation"": ""Threshold monotonicity"", ""proven"": true, ""rule_version"": ""mlb-official-batting-v1""}, {""explanation"": ""Each hit contributes at least one TB; HRR includes nonnegative hits"", ""proven"": true, ""rule_version"": ""mlb-official-batting-v1""}]",6863,303,1371,303,0,0.044149788722133175,0.19976686580212735,0.044149788722133175,1.0,0.2210065645514223,5.00583515681984,5.005835156819839,0.03953931593249423,0.04927028633920693,0.1904766321191096,0.20939301323196607,0.03953931593249423,0.04927028633920693,0.987480639560709,1.0,0.19983959605454477,0.24373260996825113,0.0,0.0,0.0005594215104179578,0.0,1.0
843b9ec90eac645170a69d42e3af5c02b65dc58755be2b2d7dfc859409a9f8f3,mlb,hits>=3,hits>=1,1,EXACT_IMPLICATION,1,"[{""explanation"": ""Threshold monotonicity"", ""proven"": true, ""rule_version"": ""mlb-official-batting-v1""}]",6863,303,3819,303,0,0.044149788722133175,0.5564621885472826,0.044149788722133175,1.0,0.0793401413982718,1.79706729510343,1.79706729510343,0.03953931593249423,0.04927028633920693,0.5446801576520175,0.5681810471169504,0.03953931593249423,0.04927028633920693,0.987480639560709,1.0,0.07118498891967041,0.08834071084838212,0.0,0.0,0.0005594215104179578,0.0,1.0
8520c0c9d3b0063843e7175f673270ac06b0a153e7c408b1abaa5c8be60cd10d,mlb,hits>=3,hits_plus_runs_plus_RBI>=2 & total_bases>=3,2,EXACT_IMPLICATION,2,"[{""explanation"": ""Each hit contributes at least one TB; HRR includes nonnegative hits"", ""proven"": true, ""rule_version"": ""mlb-official-batting-v1""}, {""explanation"": ""Each hit contributes at least one TB; HRR includes nonnegative hits"", ""proven"": true, ""rule_version"": ""mlb-official-batting-v1""}]",6863,303,1205,303,0,0.044149788722133175,0.17557919277283987,0.044149788722133175,1.0,0.25145228215767634,5.695435684647303,5.695435684647303,0.03953931593249423,0.04927028633920693,0.16676013414692334,0.1847612273547364,0.03953931593249423,0.04927028633920693,0.987480639560709,1.0,0.22777249259694815,0.27671174259435266,0.0,0.0,0.0005594215104179578,0.0,1.0
85691eb05b29b2dc4b8feaa677cb54f3d6ba7af693b4fb3cdd41563eea7db8ca,mlb,hits>=3,total_bases>=3,1,EXACT_IMPLICATION,1,"[{""explanation"": ""Each hit contributes at least one TB; HRR includes nonnegative hits"", ""proven"": true, ""rule_version"": ""mlb-official-batting-v1""}]",6863,303,1215,303,0,0.044149788722133175,0.17703628150954392,0.044149788722133175,1.0,0.24938271604938272,5.648559670781894,5.648559670781893,0.03953931593249423,0.04927028633920693,0.16818715677568946,0.18624675194581464,0.03953931593249423,0.04927028633920693,0.987480639560709,1.0,0.2258703457732408,0.27447484219792834,0.0,0.0,0.0005594215104179578,0.0,1.0
86a033f884d2c15da081a22864f16a6f88428fa748feff47341f36cb45d8e0bd,mlb,hits>=3,hits>=1 & hits>=2,2,EXACT_IMPLICATION,2,"[{""explanation"": ""Threshold monotonicity"", ""proven"": true, ""rule_version"": ""mlb-official-batting-v1""}, {""explanation"": ""Threshold monotonicity"", ""proven"": true, ""rule_version"": ""mlb-official-batting-v1""}]",6863,303,1371,303,0,0.044149788722133175,0.19976686580212735,0.044149788722133175,1.0,0.2210065645514223,5.00583515681984,5.005835156819839,0.03953931593249423,0.04927028633920693,0.1904766321191096,0.20939301323196607,0.03953931593249423,0.04927028633920693,0.987480639560709,1.0,0.19983959605454477,0.24373260996825113,0.0,0.0,0.0005594215104179578,0.0,1.0
898b63bc81a90e6813cf41bff2491c6cfe5676193224635a57bde62b2c813df3,mlb,hits>=3,hits>=1 & hits_plus_runs_plus_RBI>=3 & total_bases>=3,3,EXACT_IMPLICATION,3,"[{""explanation"": ""Threshold monotonicity"", ""proven"": true, ""rule_version"": ""mlb-official-batting-v1""}, {""explanation"": ""Each hit contributes at least one TB; HRR includes nonnegative hits"", ""proven"": true, ""rule_version"": ""mlb-official-batting-v1""}, {""explanation"": ""Each hit contributes at least one TB; HRR includes nonnegative hits"", ""proven"": true, ""rule_version"": ""mlb-official-batting-v1""}]",6863,303,1135,303,0,0.044149788722133175,0.1653795716159114,0.044149788722133175,1.0,0.2669603524229075,6.046696035242291,6.046696035242291,0.03953931593249423,0.04927028633920693,0.1567774806586179,0.17435605030413154,0.03953931593249423,0.04927028633920693,0.987480639560709,1.0,0.24204206799265732,0.29345078230470006,0.0,0.0,0.0005594215104179578,0.0,1.0
898d923910d0110e0d37895b17f305d2210f5624fb6095a01d9fae39c22f3110,mlb,hits>=3,hits>=2 & hits_plus_runs_plus_RBI>=2 & hits_plus_runs_plus_RBI>=3,3,EXACT_IMPLICATION,3,"[{""explanation"": ""Threshold monotonicity"", ""proven"": true, ""rule_version"": ""mlb-official-batting-v1""}, {""explanation"": ""Each hit contributes at least one TB; HRR includes nonnegative hits"", ""proven"": true, ""rule_version"": ""mlb-official-batting-v1""}, {""explanation"": ""Each hit contributes at least one TB; HRR includes nonnegative hits"", ""proven"": true, ""rule_version"": ""mlb-official-batting-v1""}]",6863,303,1179,303,0,0.044149788722133175,0.17179076205740929,0.044149788722133175,1.0,0.25699745547073793,5.821034775233248,5.821034775233249,0.03953931593249423,0.04927028633920693,0.16305094655019958,0.1808977921798649,0.03953931593249423,0.04927028633920693,0.987480639560709,1.0,0.23287155920751038,0.2827017277051016,0.0,0.0,0.0005594215104179578,0.0,1.0
8acbb2666d85fcb9ba45c1bd25b0b395b172b1f199b96f0ce3f87f68f17418a3,mlb,hits>=3,hits>=2 & hits_plus_runs_plus_RBI>=2,2,EXACT_IMPLICATION,2,"[{""explanation"": ""Threshold monotonicity"", ""proven"": true, ""rule_version"": ""mlb-official-batting-v1""}, {""explanation"": ""Each hit contributes at least one TB; HRR includes nonnegative hits"", ""proven"": true, ""rule_version"": ""mlb-official-batting-v1""}]",6863,303,1371,303,0,0.044149788722133175,0.19976686580212735,0.044149788722133175,1.0,0.2210065645514223,5.00583515681984,5.005835156819839,0.03953931593249423,0.04927028633920693,0.1904766321191096,0.20939301323196607,0.03953931593249423,0.04927028633920693,0.987480639560709,1.0,0.19983959605454477,0.24373260996825113,0.0,0.0,0.0005594215104179578,0.0,1.0
8ad06a7f0042c13f024df52842115fb9f78fb27edd0d53e1819a8c383d4eb5e8,mlb,hits>=3,hits>=2 & total_bases>=1 & total_bases>=2,3,EXACT_IMPLICATION,3,"[{""explanation"": ""Threshold monotonicity"", ""proven"": true, ""rule_version"": ""mlb-official-batting-v1""}, {""explanation"": ""Each hit contributes at least one TB; HRR includes nonnegative hits"", ""proven"": true, ""rule_version"": ""mlb-official-batting-v1""}, {""explanation"": ""Each hit contributes at least one TB; HRR includes nonnegative hits"", ""proven"": true, ""rule_version"": ""mlb-official-batting-v1""}]",6863,303,1371,303,0,0.044149788722133175,0.19976686580212735,0.044149788722133175,1.0,0.2210065645514223,5.00583515681984,5.005835156819839,0.03953931593249423,0.04927028633920693,0.1904766321191096,0.20939301323196607,0.03953931593249423,0.04927028633920693,0.987480639560709,1.0,0.19983959605454477,0.24373260996825113,0.0,0.0,0.0005594215104179578,0.0,1.0
8cac89213adedfbc07efead64072519b535c27ad4b226818b81e48d6b35cce85,mlb,hits>=3,hits_plus_runs_plus_RBI>=1 & hits_plus_runs_plus_RBI>=3,2,EXACT_IMPLICATION,2,"[{""explanation"": ""Each hit contributes at least one TB; HRR includes nonnegative hits"", ""proven"": true, ""rule_version"": ""mlb-official-batting-v1""}, {""explanation"": ""Each hit contributes at least one TB; HRR includes nonnegative hits"", ""proven"": true, ""rule_version"": ""mlb-official-batting-v1""}]",6863,303,1770,303,0,0.044149788722133175,0.25790470639661955,0.044149788722133175,1.0,0.1711864406779661,3.877401129943503,3.877401129943503,0.03953931593249423,0.04927028633920693,0.24769190548167133,0.26838837394119314,0.03953931593249423,0.04927028633920693,0.987480639560709,1.0,0.15435520180472767,0.18944184713003787,0.0,0.0,0.0005594215104179578,0.0,1.0
8e223a9556009256a0025cca45c2e21ada0d00b6858c06bf739dbfe377ee21eb,mlb,hits>=3,hits>=1 & total_bases>=2 & total_bases>=3,3,EXACT_IMPLICATION,3,"[{""explanation"": ""Threshold monotonicity"", ""proven"": true, ""rule_version"": ""mlb-official-batting-v1""}, {""explanation"": ""Each hit contributes at least one TB; HRR includes nonnegative hits"", ""proven"": true, ""rule_version"": ""mlb-official-batting-v1""}, {""explanation"": ""Each hit contributes at least one TB; HRR includes nonnegative hits"", ""proven"": true, ""rule_version"": ""mlb-official-batting-v1""}]",6863,303,1215,303,0,0.044149788722133175,0.17703628150954392,0.044149788722133175,1.0,0.24938271604938272,5.648559670781894,5.648559670781893,0.03953931593249423,0.04927028633920693,0.16818715677568946,0.18624675194581464,0.03953931593249423,0.04927028633920693,0.987480639560709,1.0,0.2258703457732408,0.27447484219792834,0.0,0.0,0.0005594215104179578,0.0,1.0
8ecbd8e7de14730f72b18eaf8c05c4f25347f04b975770e34ad314cadf3179d5,mlb,hits>=3,hits>=2 & hits_plus_runs_plus_RBI>=2 & total_bases>=3,3,EXACT_IMPLICATION,3,"[{""explanation"": ""Threshold monotonicity"", ""proven"": true, ""rule_version"": ""mlb-official-batting-v1""}, {""explanation"": ""Each hit contributes at least one TB; HRR includes nonnegative hits"", ""proven"": true, ""rule_version"": ""mlb-official-batting-v1""}, {""explanation"": ""Each hit contributes at least one TB; HRR includes nonnegative hits"", ""proven"": true, ""rule_version"": ""mlb-official-batting-v1""}]",6863,303,888,303,0,0.044149788722133175,0.129389479819321,0.044149788722133175,1.0,0.34121621621621623,7.728603603603604,7.728603603603603,0.03953931593249423,0.04927028633920693,0.12165573617989746,0.13753787845269705,0.03953931593249423,0.04927028633920693,0.987480639560709,1.0,0.3107761496503653,0.3730241522857029,0.0,0.0,0.0005594215104179578,0.0,1.0
9017630ea16dd8680247824ae73d752b8da2185e3e8499ba229090c8cc6e50f6,mlb,hits>=3,hits>=2 & hits_plus_runs_plus_RBI>=1 & total_bases>=3,3,EXACT_IMPLICATION,3,"[{""explanation"": ""Threshold monotonicity"", ""proven"": true, ""rule_version"": ""mlb-official-batting-v1""}, {""explanation"": ""Each hit contributes at least one TB; HRR includes nonnegative hits"", ""proven"": true, ""rule_version"": ""mlb-official-batting-v1""}, {""explanation"": ""Each hit contributes at least one TB; HRR includes nonnegative hits"", ""proven"": true, ""rule_version"": ""mlb-official-batting-v1""}]",6863,303,888,303,0,0.044149788722133175,0.129389479819321,0.044149788722133175,1.0,0.34121621621621623,7.728603603603604,7.728603603603603,0.03953931593249423,0.04927028633920693,0.12165573617989746,0.13753787845269705,0.03953931593249423,0.04927028633920693,0.987480639560709,1.0,0.3107761496503653,0.3730241522857029,0.0,0.0,0.0005594215104179578,0.0,1.0
922af54efc4d6e2d03978e8d0512862df7e29d3da5db93c46b7d7b4734a6ce1d,mlb,hits>=3,hits>=2 & total_bases>=2,2,EXACT_IMPLICATION,2,"[{""explanation"": ""Threshold monotonicity"", ""proven"": true, ""rule_version"": ""mlb-official-batting-v1""}, {""explanation"": ""Each hit contributes at least one TB; HRR includes nonnegative hits"", ""proven"": true, ""rule_version"": ""mlb-official-batting-v1""}]",6863,303,1371,303,0,0.044149788722133175,0.19976686580212735,0.044149788722133175,1.0,0.2210065645514223,5.00583515681984,5.005835156819839,0.03953931593249423,0.04927028633920693,0.1904766321191096,0.20939301323196607,0.03953931593249423,0.04927028633920693,0.987480639560709,1.0,0.19983959605454477,0.24373260996825113,0.0,0.0,0.0005594215104179578,0.0,1.0
986e5105c539c2dfa7ebf5d988974c8c5e0d229f1ae79a451c5e6673179491af,mlb,hits>=3,hits>=1 & hits>=2 & hits_plus_runs_plus_RBI>=1,3,EXACT_IMPLICATION,3,"[{""explanation"": ""Threshold monotonicity"", ""proven"": true, ""rule_version"": ""mlb-official-batting-v1""}, {""explanation"": ""Threshold monotonicity"", ""proven"": true, ""rule_version"": ""mlb-official-batting-v1""}, {""explanation"": ""Each hit contributes at least one TB; HRR includes nonnegative hits"", ""proven"": true, ""rule_version"": ""mlb-official-batting-v1""}]",6863,303,1371,303,0,0.044149788722133175,0.19976686580212735,0.044149788722133175,1.0,0.2210065645514223,5.00583515681984,5.005835156819839,0.03953931593249423,0.04927028633920693,0.1904766321191096,0.20939301323196607,0.03953931593249423,0.04927028633920693,0.987480639560709,1.0,0.19983959605454477,0.24373260996825113,0.0,0.0,0.0005594215104179578,0.0,1.0
98ee5fd2dccf03bfdfef0acacc1b174fd67a30d628a03044200437865822f898,mlb,hits>=3,hits>=2 & hits_plus_runs_plus_RBI>=1 & total_bases>=2,3,EXACT_IMPLICATION,3,"[{""explanation"": ""Threshold monotonicity"", ""proven"": true, ""rule_version"": ""mlb-official-batting-v1""}, {""explanation"": ""Each hit contributes at least one TB; HRR includes nonnegative hits"", ""proven"": true, ""rule_version"": ""mlb-official-batting-v1""}, {""explanation"": ""Each hit contributes at least one TB; HRR includes nonnegative hits"", ""proven"": true, ""rule_version"": ""mlb-official-batting-v1""}]",6863,303,1371,303,0,0.044149788722133175,0.19976686580212735,0.044149788722133175,1.0,0.2210065645514223,5.00583515681984,5.005835156819839,0.03953931593249423,0.04927028633920693,0.1904766321191096,0.20939301323196607,0.03953931593249423,0.04927028633920693,0.987480639560709,1.0,0.19983959605454477,0.24373260996825113,0.0,0.0,0.0005594215104179578,0.0,1.0
9a6a8f5caac5aa8d6752ab6d80ba84318ad22530c4fde649617bf2814a91206d,mlb,hits>=3,hits_plus_runs_plus_RBI>=1 & total_bases>=1,2,EXACT_IMPLICATION,2,"[{""explanation"": ""Each hit contributes at least one TB; HRR includes nonnegative hits"", ""proven"": true, ""rule_version"": ""mlb-official-batting-v1""}, {""explanation"": ""Each hit contributes at least one TB; HRR includes nonnegative hits"", ""proven"": true, ""rule_version"": ""mlb-official-batting-v1""}]",6863,303,3819,303,0,0.044149788722133175,0.5564621885472826,0.044149788722133175,1.0,0.0793401413982718,1.79706729510343,1.79706729510343,0.03953931593249423,0.04927028633920693,0.5446801576520175,0.5681810471169504,0.03953931593249423,0.04927028633920693,0.987480639560709,1.0,0.07118498891967041,0.08834071084838212,0.0,0.0,0.0005594215104179578,0.0,1.0
9dabbd8b1eb8e105269371466e36d060f5fcda5923dea768d1e601b2c30eee06,mlb,hits>=3,total_bases>=1 & total_bases>=3,2,EXACT_IMPLICATION,2,"[{""explanation"": ""Each hit contributes at least one TB; HRR includes nonnegative hits"", ""proven"": true, ""rule_version"": ""mlb-official-batting-v1""}, {""explanation"": ""Each hit contributes at least one TB; HRR includes nonnegative hits"", ""proven"": true, ""rule_version"": ""mlb-official-batting-v1""}]",6863,303,1215,303,0,0.044149788722133175,0.17703628150954392,0.044149788722133175,1.0,0.24938271604938272,5.648559670781894,5.648559670781893,0.03953931593249423,0.04927028633920693,0.16818715677568946,0.18624675194581464,0.03953931593249423,0.04927028633920693,0.987480639560709,1.0,0.2258703457732408,0.27447484219792834,0.0,0.0,0.0005594215104179578,0.0,1.0
a0e97bf7e7cdeb38f2eca73f224e2bcbfb7f6c22f634bffa070903d79990012e,mlb,hits>=3,hits_plus_runs_plus_RBI>=3 & total_bases>=3,2,EXACT_IMPLICATION,2,"[{""explanation"": ""Each hit contributes at least one TB; HRR includes nonnegative hits"", ""proven"": true, ""rule_version"": ""mlb-official-batting-v1""}, {""explanation"": ""Each hit contributes at least one TB; HRR includes nonnegative hits"", ""proven"": true, ""rule_version"": ""mlb-official-batting-v1""}]",6863,303,1135,303,0,0.044149788722133175,0.1653795716159114,0.044149788722133175,1.0,0.2669603524229075,6.046696035242291,6.046696035242291,0.03953931593249423,0.04927028633920693,0.1567774806586179,0.17435605030413154,0.03953931593249423,0.04927028633920693,0.987480639560709,1.0,0.24204206799265732,0.29345078230470006,0.0,0.0,0.0005594215104179578,0.0,1.0
a36aeeeb1ab9fe82d2d735faa2d53c7e81b3f08c3b4248bb093685bf709aca18,mlb,hits>=3,hits_plus_runs_plus_RBI>=1 & total_bases>=2 & total_bases>=3,3,EXACT_IMPLICATION,3,"[{""explanation"": ""Each hit contributes at least one TB; HRR includes nonnegative hits"", ""proven"": true, ""rule_version"": ""mlb-official-batting-v1""}, {""explanation"": ""Each hit contributes at least one TB; HRR includes nonnegative hits"", ""proven"": true, ""rule_version"": ""mlb-official-batting-v1""}, {""explanation"": ""Each hit contributes at least one TB; HRR includes nonnegative hits"", ""proven"": true, ""rule_version"": ""mlb-official-batting-v1""}]",6863,303,1215,303,0,0.044149788722133175,0.17703628150954392,0.044149788722133175,1.0,0.24938271604938272,5.648559670781894,5.648559670781893,0.03953931593249423,0.04927028633920693,0.16818715677568946,0.18624675194581464,0.03953931593249423,0.04927028633920693,0.987480639560709,1.0,0.2258703457732408,0.27447484219792834,0.0,0.0,0.0005594215104179578,0.0,1.0
b482658863e37f5e362ef5e7d2523fc008a19821101a61442edecbbe70dd42f7,mlb,hits>=3,hits_plus_runs_plus_RBI>=1 & hits_plus_runs_plus_RBI>=2 & total_bases>=2,3,EXACT_IMPLICATION,3,"[{""explanation"": ""Each hit contributes at least one TB; HRR includes nonnegative hits"", ""proven"": true, ""rule_version"": ""mlb-official-batting-v1""}, {""explanation"": ""Each hit contributes at least one TB; HRR includes nonnegative hits"", ""proven"": true, ""rule_version"": ""mlb-official-batting-v1""}, {""explanation"": ""Each hit contributes at least one TB; HRR includes nonnegative hits"", ""proven"": true, ""rule_version"": ""mlb-official-batting-v1""}]",6863,303,2010,303,0,0.044149788722133175,0.29287483607751713,0.044149788722133175,1.0,0.15074626865671642,3.4144278606965175,3.4144278606965175,0.03953931593249423,0.04927028633920693,0.28222645280215375,0.30375495989697465,0.03953931593249423,0.04927028633920693,0.987480639560709,1.0,0.1357712185903664,0.16705374121447214,0.0,0.0,0.0005594215104179578,0.0,1.0
b5e2b3d313178568b9f89e14c61a9605d2f882be16399e5fff2acbfc98342224,mlb,hits>=3,hits_plus_runs_plus_RBI>=1 & hits_plus_runs_plus_RBI>=3 & total_bases>=1,3,EXACT_IMPLICATION,3,"[{""explanation"": ""Each hit contributes at least one TB; HRR includes nonnegative hits"", ""proven"": true, ""rule_version"": ""mlb-official-batting-v1""}, {""explanation"": ""Each hit contributes at least one TB; HRR includes nonnegative hits"", ""proven"": true, ""rule_version"": ""mlb-official-batting-v1""}, {""explanation"": ""Each hit contributes at least one TB; HRR includes nonnegative hits"", ""proven"": true, ""rule_version"": ""mlb-official-batting-v1""}]",6863,303,1765,303,0,0.044149788722133175,0.25717616202826754,0.044149788722133175,1.0,0.171671388101983,3.8883852691218124,3.888385269121813,0.03953931593249423,0.04927028633920693,0.24697331696725122,0.2676506888456911,0.03953931593249423,0.04927028633920693,0.987480639560709,1.0,0.15479664707435695,0.18997221605896322,0.0,0.0,0.0005594215104179578,0.0,1.0
b97a95f4cc6dc7f1ae6d48489c5bf9c4607b20bb5434b20ecdb9a7e8c5abecd5,mlb,hits>=3,hits>=2 & hits_plus_runs_plus_RBI>=1 & hits_plus_runs_plus_RBI>=3,3,EXACT_IMPLICATION,3,"[{""explanation"": ""Threshold monotonicity"", ""proven"": true, ""rule_version"": ""mlb-official-batting-v1""}, {""explanation"": ""Each hit contributes at least one TB; HRR includes nonnegative hits"", ""proven"": true, ""rule_version"": ""mlb-official-batting-v1""}, {""explanation"": ""Each hit contributes at least one TB; HRR includes nonnegative hits"", ""proven"": true, ""rule_version"": ""mlb-official-batting-v1""}]",6863,303,1179,303,0,0.044149788722133175,0.17179076205740929,0.044149788722133175,1.0,0.25699745547073793,5.821034775233248,5.821034775233249,0.03953931593249423,0.04927028633920693,0.16305094655019958,0.1808977921798649,0.03953931593249423,0.04927028633920693,0.987480639560709,1.0,0.23287155920751038,0.2827017277051016,0.0,0.0,0.0005594215104179578,0.0,1.0
ba89b346ad20aea160f1d2c761e952bdaf64d2d1fe261f6d55d0381662d0769e,mlb,hits>=3,hits_plus_runs_plus_RBI>=1 & total_bases>=2,2,EXACT_IMPLICATION,2,"[{""explanation"": ""Each hit contributes at least one TB; HRR includes nonnegative hits"", ""proven"": true, ""rule_version"": ""mlb-official-batting-v1""}, {""explanation"": ""Each hit contributes at least one TB; HRR includes nonnegative hits"", ""proven"": true, ""rule_version"": ""mlb-official-batting-v1""}]",6863,303,2181,303,0,0.044149788722133175,0.3177910534751566,0.044149788722133175,1.0,0.13892709766162312,3.146721687299404,3.146721687299404,0.03953931593249423,0.04927028633920693,0.3068796786974051,0.3289062914610614,0.03953931593249423,0.04927028633920693,0.987480639560709,1.0,0.12504526891039291,0.1540786264910915,0.0,0.0,0.0005594215104179578,0.0,1.0
bc84cef99137443fbb8b6b623dcec7d6613974f9f4d1bf1bb846becb8a18f9ef,mlb,hits>=3,hits>=2 & total_bases>=3,2,EXACT_IMPLICATION,2,"[{""explanation"": ""Threshold monotonicity"", ""proven"": true, ""rule_version"": ""mlb-official-batting-v1""}, {""explanation"": ""Each hit contributes at least one TB; HRR includes nonnegative hits"", ""proven"": true, ""rule_version"": ""mlb-official-batting-v1""}]",6863,303,888,303,0,0.044149788722133175,0.129389479819321,0.044149788722133175,1.0,0.34121621621621623,7.728603603603604,7.728603603603603,0.03953931593249423,0.04927028633920693,0.12165573617989746,0.13753787845269705,0.03953931593249423,0.04927028633920693,0.987480639560709,1.0,0.3107761496503653,0.3730241522857029,0.0,0.0,0.0005594215104179578,0.0,1.0
bce8ce87406f216a2ec649f2b7a0c7ebb8dc61f4bb85acab97c214217021ca57,mlb,hits>=3,hits>=1 & hits_plus_runs_plus_RBI>=3,2,EXACT_IMPLICATION,2,"[{""explanation"": ""Threshold monotonicity"", ""proven"": true, ""rule_version"": ""mlb-official-batting-v1""}, {""explanation"": ""Each hit contributes at least one TB; HRR includes nonnegative hits"", ""proven"": true, ""rule_version"": ""mlb-official-batting-v1""}]",6863,303,1765,303,0,0.044149788722133175,0.25717616202826754,0.044149788722133175,1.0,0.171671388101983,3.8883852691218124,3.888385269121813,0.03953931593249423,0.04927028633920693,0.24697331696725122,0.2676506888456911,0.03953931593249423,0.04927028633920693,0.987480639560709,1.0,0.15479664707435695,0.18997221605896322,0.0,0.0,0.0005594215104179578,0.0,1.0
c1b6eca36c6654d15a67fd101b611fa4b7e7f19ef0c5cc0196edcf665106f29f,mlb,hits>=3,hits>=2 & hits_plus_runs_plus_RBI>=1 & hits_plus_runs_plus_RBI>=2,3,EXACT_IMPLICATION,3,"[{""explanation"": ""Threshold monotonicity"", ""proven"": true, ""rule_version"": ""mlb-official-batting-v1""}, {""explanation"": ""Each hit contributes at least one TB; HRR includes nonnegative hits"", ""proven"": true, ""rule_version"": ""mlb-official-batting-v1""}, {""explanation"": ""Each hit contributes at least one TB; HRR includes nonnegative hits"", ""proven"": true, ""rule_version"": ""mlb-official-batting-v1""}]",6863,303,1371,303,0,0.044149788722133175,0.19976686580212735,0.044149788722133175,1.0,0.2210065645514223,5.00583515681984,5.005835156819839,0.03953931593249423,0.04927028633920693,0.1904766321191096,0.20939301323196607,0.03953931593249423,0.04927028633920693,0.987480639560709,1.0,0.19983959605454477,0.24373260996825113,0.0,0.0,0.0005594215104179578,0.0,1.0
c2a63bcedc141011fe63dd90f8121ff74e3cf32c46e2ab0bb9a5d49f58193475,mlb,hits>=3,hits>=2,1,EXACT_IMPLICATION,1,"[{""explanation"": ""Threshold monotonicity"", ""proven"": true, ""rule_version"": ""mlb-official-batting-v1""}]",6863,303,1371,303,0,0.044149788722133175,0.19976686580212735,0.044149788722133175,1.0,0.2210065645514223,5.00583515681984,5.005835156819839,0.03953931593249423,0.04927028633920693,0.1904766321191096,0.20939301323196607,0.03953931593249423,0.04927028633920693,0.987480639560709,1.0,0.19983959605454477,0.24373260996825113,0.0,0.0,0.0005594215104179578,0.0,1.0
c4ccfb11f8a2ee40f835f820fb34be5ecf5a505b355decaef0efc479739b77a8,mlb,hits>=3,hits>=2 & hits_plus_runs_plus_RBI>=3 & total_bases>=1,3,EXACT_IMPLICATION,3,"[{""explanation"": ""Threshold monotonicity"", ""proven"": true, ""rule_version"": ""mlb-official-batting-v1""}, {""explanation"": ""Each hit contributes at least one TB; HRR includes nonnegative hits"", ""proven"": true, ""rule_version"": ""mlb-official-batting-v1""}, {""explanation"": ""Each hit contributes at least one TB; HRR includes nonnegative hits"", ""proven"": true, ""rule_version"": ""mlb-official-batting-v1""}]",6863,303,1179,303,0,0.044149788722133175,0.17179076205740929,0.044149788722133175,1.0,0.25699745547073793,5.821034775233248,5.821034775233249,0.03953931593249423,0.04927028633920693,0.16305094655019958,0.1808977921798649,0.03953931593249423,0.04927028633920693,0.987480639560709,1.0,0.23287155920751038,0.2827017277051016,0.0,0.0,0.0005594215104179578,0.0,1.0
cb40313c498da897132ca4a8888eeb05fc68294c62bc5f39aad0af368fbd5b13,mlb,hits>=3,hits>=2 & hits_plus_runs_plus_RBI>=1 & total_bases>=1,3,EXACT_IMPLICATION,3,"[{""explanation"": ""Threshold monotonicity"", ""proven"": true, ""rule_version"": ""mlb-official-batting-v1""}, {""explanation"": ""Each hit contributes at least one TB; HRR includes nonnegative hits"", ""proven"": true, ""rule_version"": ""mlb-official-batting-v1""}, {""explanation"": ""Each hit contributes at least one TB; HRR includes nonnegative hits"", ""proven"": true, ""rule_version"": ""mlb-official-batting-v1""}]",6863,303,1371,303,0,0.044149788722133175,0.19976686580212735,0.044149788722133175,1.0,0.2210065645514223,5.00583515681984,5.005835156819839,0.03953931593249423,0.04927028633920693,0.1904766321191096,0.20939301323196607,0.03953931593249423,0.04927028633920693,0.987480639560709,1.0,0.19983959605454477,0.24373260996825113,0.0,0.0,0.0005594215104179578,0.0,1.0
d4854f65aaaf3b928681e1cbfb546ba3ee004c1a0eec586fd5f19595a6d6de46,mlb,hits>=3,total_bases>=2 & total_bases>=3,2,EXACT_IMPLICATION,2,"[{""explanation"": ""Each hit contributes at least one TB; HRR includes nonnegative hits"", ""proven"": true, ""rule_version"": ""mlb-official-batting-v1""}, {""explanation"": ""Each hit contributes at least one TB; HRR includes nonnegative hits"", ""proven"": true, ""rule_version"": ""mlb-official-batting-v1""}]",6863,303,1215,303,0,0.044149788722133175,0.17703628150954392,0.044149788722133175,1.0,0.24938271604938272,5.648559670781894,5.648559670781893,0.03953931593249423,0.04927028633920693,0.16818715677568946,0.18624675194581464,0.03953931593249423,0.04927028633920693,0.987480639560709,1.0,0.2258703457732408,0.27447484219792834,0.0,0.0,0.0005594215104179578,0.0,1.0
d5d02d8819916aefeb95ea01ff3d1386b144740fb997592ca027124b1710711c,mlb,hits>=3,hits_plus_runs_plus_RBI>=2 & hits_plus_runs_plus_RBI>=3 & total_bases>=2,3,EXACT_IMPLICATION,3,"[{""explanation"": ""Each hit contributes at least one TB; HRR includes nonnegative hits"", ""proven"": true, ""rule_version"": ""mlb-official-batting-v1""}, {""explanation"": ""Each hit contributes at least one TB; HRR includes nonnegative hits"", ""proven"": true, ""rule_version"": ""mlb-official-batting-v1""}, {""explanation"": ""Each hit contributes at least one TB; HRR includes nonnegative hits"", ""proven"": true, ""rule_version"": ""mlb-official-batting-v1""}]",6863,303,1592,303,0,0.044149788722133175,0.2319685268832872,0.044149788722133175,1.0,0.19032663316582915,4.310929648241206,4.310929648241206,0.03953931593249423,0.04927028633920693,0.22213405499782432,0.24210288391181103,0.03953931593249423,0.04927028633920693,0.987480639560709,1.0,0.17179757589140204,0.21034656220572379,0.0,0.0,0.0005594215104179578,0.0,1.0
d5d80d4426765e070a1734c57248ee89c8e38ef8b2166aa0ea077df20989d660,mlb,hits>=3,hits_plus_runs_plus_RBI>=3 & total_bases>=1,2,EXACT_IMPLICATION,2,"[{""explanation"": ""Each hit contributes at least one TB; HRR includes nonnegative hits"", ""proven"": true, ""rule_version"": ""mlb-official-batting-v1""}, {""explanation"": ""Each hit contributes at least one TB; HRR includes nonnegative hits"", ""proven"": true, ""rule_version"": ""mlb-official-batting-v1""}]",6863,303,1765,303,0,0.044149788722133175,0.25717616202826754,0.044149788722133175,1.0,0.171671388101983,3.8883852691218124,3.888385269121813,0.03953931593249423,0.04927028633920693,0.24697331696725122,0.2676506888456911,0.03953931593249423,0.04927028633920693,0.987480639560709,1.0,0.15479664707435695,0.18997221605896322,0.0,0.0,0.0005594215104179578,0.0,1.0
d9bfa4f430e1f88f83867168686e4222150cb3c34b11a9b254182a1e15982314,mlb,hits>=3,hits>=1 & hits_plus_runs_plus_RBI>=2 & hits_plus_runs_plus_RBI>=3,3,EXACT_IMPLICATION,3,"[{""explanation"": ""Threshold monotonicity"", ""proven"": true, ""rule_version"": ""mlb-official-batting-v1""}, {""explanation"": ""Each hit contributes at least one TB; HRR includes nonnegative hits"", ""proven"": true, ""rule_version"": ""mlb-official-batting-v1""}, {""explanation"": ""Each hit contributes at least one TB; HRR includes nonnegative hits"", ""proven"": true, ""rule_version"": ""mlb-official-batting-v1""}]",6863,303,1765,303,0,0.044149788722133175,0.25717616202826754,0.044149788722133175,1.0,0.171671388101983,3.8883852691218124,3.888385269121813,0.03953931593249423,0.04927028633920693,0.24697331696725122,0.2676506888456911,0.03953931593249423,0.04927028633920693,0.987480639560709,1.0,0.15479664707435695,0.18997221605896322,0.0,0.0,0.0005594215104179578,0.0,1.0
daca0d926cced3eaff703836d1ff0b3398e75b0c27b480eb332174ac212b757d,mlb,hits>=3,hits_plus_runs_plus_RBI>=3,1,EXACT_IMPLICATION,1,"[{""explanation"": ""Each hit contributes at least one TB; HRR includes nonnegative hits"", ""proven"": true, ""rule_version"": ""mlb-official-batting-v1""}]",6863,303,1770,303,0,0.044149788722133175,0.25790470639661955,0.044149788722133175,1.0,0.1711864406779661,3.877401129943503,3.877401129943503,0.03953931593249423,0.04927028633920693,0.24769190548167133,0.26838837394119314,0.03953931593249423,0.04927028633920693,0.987480639560709,1.0,0.15435520180472767,0.18944184713003787,0.0,0.0,0.0005594215104179578,0.0,1.0
db3954480e0e314356c7234b4c5b7d1b5716851d12ed9fb2f5ea03a8639e4695,mlb,hits>=3,hits>=1 & hits_plus_runs_plus_RBI>=1 & total_bases>=1,3,EXACT_IMPLICATION,3,"[{""explanation"": ""Threshold monotonicity"", ""proven"": true, ""rule_version"": ""mlb-official-batting-v1""}, {""explanation"": ""Each hit contributes at least one TB; HRR includes nonnegative hits"", ""proven"": true, ""rule_version"": ""mlb-official-batting-v1""}, {""explanation"": ""Each hit contributes at least one TB; HRR includes nonnegative hits"", ""proven"": true, ""rule_version"": ""mlb-official-batting-v1""}]",6863,303,3819,303,0,0.044149788722133175,0.5564621885472826,0.044149788722133175,1.0,0.0793401413982718,1.79706729510343,1.79706729510343,0.03953931593249423,0.04927028633920693,0.5446801576520175,0.5681810471169504,0.03953931593249423,0.04927028633920693,0.987480639560709,1.0,0.07118498891967041,0.08834071084838212,0.0,0.0,0.0005594215104179578,0.0,1.0
ea88c195e10b8990eaa53f96323c036658012bcc4b1771b51cbb20c08139142d,mlb,hits>=3,hits>=2 & hits_plus_runs_plus_RBI>=3 & total_bases>=3,3,EXACT_IMPLICATION,3,"[{""explanation"": ""Threshold monotonicity"", ""proven"": true, ""rule_version"": ""mlb-official-batting-v1""}, {""explanation"": ""Each hit contributes at least one TB; HRR includes nonnegative hits"", ""proven"": true, ""rule_version"": ""mlb-official-batting-v1""}, {""explanation"": ""Each hit contributes at least one TB; HRR includes nonnegative hits"", ""proven"": true, ""rule_version"": ""mlb-official-batting-v1""}]",6863,303,842,303,0,0.044149788722133175,0.1226868716304823,0.044149788722133175,1.0,0.35985748218527314,8.150831353919239,8.15083135391924,0.03953931593249423,0.04927028633920693,0.11513536037356788,0.1306605370477427,0.03953931593249423,0.04927028633920693,0.987480639560709,1.0,0.3281426853206376,0.39284521668047656,0.0,0.0,0.0005594215104179578,0.0,1.0
ecb34d53b70f42a9dbe06f81a977d5025d322fb1f956026c496a98c0d9db4e1b,mlb,hits>=3,hits>=1 & hits_plus_runs_plus_RBI>=1 & hits_plus_runs_plus_RBI>=2,3,EXACT_IMPLICATION,3,"[{""explanation"": ""Threshold monotonicity"", ""proven"": true, ""rule_version"": ""mlb-official-batting-v1""}, {""explanation"": ""Each hit contributes at least one TB; HRR includes nonnegative hits"", ""proven"": true, ""rule_version"": ""mlb-official-batting-v1""}, {""explanation"": ""Each hit contributes at least one TB; HRR includes nonnegative hits"", ""proven"": true, ""rule_version"": ""mlb-official-batting-v1""}]",6863,303,2742,303,0,0.044149788722133175,0.3995337316042547,0.044149788722133175,1.0,0.11050328227571116,2.50291757840992,2.5029175784099196,0.03953931593249423,0.04927028633920693,0.3880049429454243,0.41117492624630914,0.03953931593249423,0.04927028633920693,0.987480639560709,1.0,0.09930899195320503,0.1227873919664309,0.0,0.0,0.0005594215104179578,0.0,1.0
f018fa602e884d16b3dd2de44ab00f58a01cb8e17b758453e3932c5d4cd18316,mlb,hits>=3,hits>=1 & total_bases>=1 & total_bases>=2,3,EXACT_IMPLICATION,3,"[{""explanation"": ""Threshold monotonicity"", ""proven"": true, ""rule_version"": ""mlb-official-batting-v1""}, {""explanation"": ""Each hit contributes at least one TB; HRR includes nonnegative hits"", ""proven"": true, ""rule_version"": ""mlb-official-batting-v1""}, {""explanation"": ""Each hit contributes at least one TB; HRR includes nonnegative hits"", ""proven"": true, ""rule_version"": ""mlb-official-batting-v1""}]",6863,303,2181,303,0,0.044149788722133175,0.3177910534751566,0.044149788722133175,1.0,0.13892709766162312,3.146721687299404,3.146721687299404,0.03953931593249423,0.04927028633920693,0.3068796786974051,0.3289062914610614,0.03953931593249423,0.04927028633920693,0.987480639560709,1.0,0.12504526891039291,0.1540786264910915,0.0,0.0,0.0005594215104179578,0.0,1.0
f072b1a8a73fff12decf2c8777acad29efc4bb2354bb882e5c4256c38616a83c,mlb,hits>=3,hits>=2 & total_bases>=1,2,EXACT_IMPLICATION,2,"[{""explanation"": ""Threshold monotonicity"", ""proven"": true, ""rule_version"": ""mlb-official-batting-v1""}, {""explanation"": ""Each hit contributes at least one TB; HRR includes nonnegative hits"", ""proven"": true, ""rule_version"": ""mlb-official-batting-v1""}]",6863,303,1371,303,0,0.044149788722133175,0.19976686580212735,0.044149788722133175,1.0,0.2210065645514223,5.00583515681984,5.005835156819839,0.03953931593249423,0.04927028633920693,0.1904766321191096,0.20939301323196607,0.03953931593249423,0.04927028633920693,0.987480639560709,1.0,0.19983959605454477,0.24373260996825113,0.0,0.0,0.0005594215104179578,0.0,1.0
f26391ad3a744f0f21194aaddc0dcf6871cf16c4e79f048dde6739eb418ab116,mlb,hits>=3,hits_plus_runs_plus_RBI>=2 & hits_plus_runs_plus_RBI>=3,2,EXACT_IMPLICATION,2,"[{""explanation"": ""Each hit contributes at least one TB; HRR includes nonnegative hits"", ""proven"": true, ""rule_version"": ""mlb-official-batting-v1""}, {""explanation"": ""Each hit contributes at least one TB; HRR includes nonnegative hits"", ""proven"": true, ""rule_version"": ""mlb-official-batting-v1""}]",6863,303,1770,303,0,0.044149788722133175,0.25790470639661955,0.044149788722133175,1.0,0.1711864406779661,3.877401129943503,3.877401129943503,0.03953931593249423,0.04927028633920693,0.24769190548167133,0.26838837394119314,0.03953931593249423,0.04927028633920693,0.987480639560709,1.0,0.15435520180472767,0.18944184713003787,0.0,0.0,0.0005594215104179578,0.0,1.0
f36362b81173903ea71ac7191ac5345443432e7ef4d0b8852cecff03076df6ad,mlb,hits>=3,hits_plus_runs_plus_RBI>=2 & total_bases>=2 & total_bases>=3,3,EXACT_IMPLICATION,3,"[{""explanation"": ""Each hit contributes at least one TB; HRR includes nonnegative hits"", ""proven"": true, ""rule_version"": ""mlb-official-batting-v1""}, {""explanation"": ""Each hit contributes at least one TB; HRR includes nonnegative hits"", ""proven"": true, ""rule_version"": ""mlb-official-batting-v1""}, {""explanation"": ""Each hit contributes at least one TB; HRR includes nonnegative hits"", ""proven"": true, ""rule_version"": ""mlb-official-batting-v1""}]",6863,303,1205,303,0,0.044149788722133175,0.17557919277283987,0.044149788722133175,1.0,0.25145228215767634,5.695435684647303,5.695435684647303,0.03953931593249423,0.04927028633920693,0.16676013414692334,0.1847612273547364,0.03953931593249423,0.04927028633920693,0.987480639560709,1.0,0.22777249259694815,0.27671174259435266,0.0,0.0,0.0005594215104179578,0.0,1.0
f6a13603591675ca5ec1b6cc2a8079c1ccb1a42d2a859082837e127489709684,mlb,hits>=3,hits>=1 & hits_plus_runs_plus_RBI>=2,2,EXACT_IMPLICATION,2,"[{""explanation"": ""Threshold monotonicity"", ""proven"": true, ""rule_version"": ""mlb-official-batting-v1""}, {""explanation"": ""Each hit contributes at least one TB; HRR includes nonnegative hits"", ""proven"": true, ""rule_version"": ""mlb-official-batting-v1""}]",6863,303,2742,303,0,0.044149788722133175,0.3995337316042547,0.044149788722133175,1.0,0.11050328227571116,2.50291757840992,2.5029175784099196,0.03953931593249423,0.04927028633920693,0.3880049429454243,0.41117492624630914,0.03953931593249423,0.04927028633920693,0.987480639560709,1.0,0.09930899195320503,0.1227873919664309,0.0,0.0,0.0005594215104179578,0.0,1.0
f8ec10d2dc9b5de1632b5076995a88514c6cd612f3b944ed631c15541a081abc,mlb,hits>=3,hits>=2 & hits_plus_runs_plus_RBI>=1,2,EXACT_IMPLICATION,2,"[{""explanation"": ""Threshold monotonicity"", ""proven"": true, ""rule_version"": ""mlb-official-batting-v1""}, {""explanation"": ""Each hit contributes at least one TB; HRR includes nonnegative hits"", ""proven"": true, ""rule_version"": ""mlb-official-batting-v1""}]",6863,303,1371,303,0,0.044149788722133175,0.19976686580212735,0.044149788722133175,1.0,0.2210065645514223,5.00583515681984,5.005835156819839,0.03953931593249423,0.04927028633920693,0.1904766321191096,0.20939301323196607,0.03953931593249423,0.04927028633920693,0.987480639560709,1.0,0.19983959605454477,0.24373260996825113,0.0,0.0,0.0005594215104179578,0.0,1.0
f91ea9ca16c778211e7ccec4223f5e7ff1aaf103d3565d67c484646ebc12fff4,mlb,hits>=3,hits>=1 & total_bases>=3,2,EXACT_IMPLICATION,2,"[{""explanation"": ""Threshold monotonicity"", ""proven"": true, ""rule_version"": ""mlb-official-batting-v1""}, {""explanation"": ""Each hit contributes at least one TB; HRR includes nonnegative hits"", ""proven"": true, ""rule_version"": ""mlb-official-batting-v1""}]",6863,303,1215,303,0,0.044149788722133175,0.17703628150954392,0.044149788722133175,1.0,0.24938271604938272,5.648559670781894,5.648559670781893,0.03953931593249423,0.04927028633920693,0.16818715677568946,0.18624675194581464,0.03953931593249423,0.04927028633920693,0.987480639560709,1.0,0.2258703457732408,0.27447484219792834,0.0,0.0,0.0005594215104179578,0.0,1.0
f96418ce83d14af7a20972199d870a4a46160101b9ddb902b8c043ab8b7a0a6e,mlb,hits>=3,hits>=1 & hits_plus_runs_plus_RBI>=3 & total_bases>=1,3,EXACT_IMPLICATION,3,"[{""explanation"": ""Threshold monotonicity"", ""proven"": true, ""rule_version"": ""mlb-official-batting-v1""}, {""explanation"": ""Each hit contributes at least one TB; HRR includes nonnegative hits"", ""proven"": true, ""rule_version"": ""mlb-official-batting-v1""}, {""explanation"": ""Each hit contributes at least one TB; HRR includes nonnegative hits"", ""proven"": true, ""rule_version"": ""mlb-official-batting-v1""}]",6863,303,1765,303,0,0.044149788722133175,0.25717616202826754,0.044149788722133175,1.0,0.171671388101983,3.8883852691218124,3.888385269121813,0.03953931593249423,0.04927028633920693,0.24697331696725122,0.2676506888456911,0.03953931593249423,0.04927028633920693,0.987480639560709,1.0,0.15479664707435695,0.18997221605896322,0.0,0.0,0.0005594215104179578,0.0,1.0
f96824275977266dcc1922bc7168bdc2169edbcc51aaaa9ef55e9ce2cc986974,mlb,hits>=3,total_bases>=1,1,EXACT_IMPLICATION,1,"[{""explanation"": ""Each hit contributes at least one TB; HRR includes nonnegative hits"", ""proven"": true, ""rule_version"": ""mlb-official-batting-v1""}]",6863,303,3819,303,0,0.044149788722133175,0.5564621885472826,0.044149788722133175,1.0,0.0793401413982718,1.79706729510343,1.79706729510343,0.03953931593249423,0.04927028633920693,0.5446801576520175,0.5681810471169504,0.03953931593249423,0.04927028633920693,0.987480639560709,1.0,0.07118498891967041,0.08834071084838212,0.0,0.0,0.0005594215104179578,0.0,1.0
fa855e1f8bca5844368e31e2beab7d4d73a8f476d9996bd2dab745d7a0180ef3,mlb,hits>=3,hits>=1 & hits_plus_runs_plus_RBI>=1 & hits_plus_runs_plus_RBI>=3,3,EXACT_IMPLICATION,3,"[{""explanation"": ""Threshold monotonicity"", ""proven"": true, ""rule_version"": ""mlb-official-batting-v1""}, {""explanation"": ""Each hit contributes at least one TB; HRR includes nonnegative hits"", ""proven"": true, ""rule_version"": ""mlb-official-batting-v1""}, {""explanation"": ""Each hit contributes at least one TB; HRR includes nonnegative hits"", ""proven"": true, ""rule_version"": ""mlb-official-batting-v1""}]",6863,303,1765,303,0,0.044149788722133175,0.25717616202826754,0.044149788722133175,1.0,0.171671388101983,3.8883852691218124,3.888385269121813,0.03953931593249423,0.04927028633920693,0.24697331696725122,0.2676506888456911,0.03953931593249423,0.04927028633920693,0.987480639560709,1.0,0.15479664707435695,0.18997221605896322,0.0,0.0,0.0005594215104179578,0.0,1.0
fb302b1f6e08b7f03ec58352232cd12885846ed7170eae0b98f5108301741d04,mlb,hits>=3,hits_plus_runs_plus_RBI>=1 & hits_plus_runs_plus_RBI>=3 & total_bases>=3,3,EXACT_IMPLICATION,3,"[{""explanation"": ""Each hit contributes at least one TB; HRR includes nonnegative hits"", ""proven"": true, ""rule_version"": ""mlb-official-batting-v1""}, {""explanation"": ""Each hit contributes at least one TB; HRR includes nonnegative hits"", ""proven"": true, ""rule_version"": ""mlb-official-batting-v1""}, {""explanation"": ""Each hit contributes at least one TB; HRR includes nonnegative hits"", ""proven"": true, ""rule_version"": ""mlb-official-batting-v1""}]",6863,303,1135,303,0,0.044149788722133175,0.1653795716159114,0.044149788722133175,1.0,0.2669603524229075,6.046696035242291,6.046696035242291,0.03953931593249423,0.04927028633920693,0.1567774806586179,0.17435605030413154,0.03953931593249423,0.04927028633920693,0.987480639560709,1.0,0.24204206799265732,0.29345078230470006,0.0,0.0,0.0005594215104179578,0.0,1.0
ffb32613f5364bc93fdb75dbbd173c910eee781df501aa52a2e8904183c91124,mlb,hits>=3,hits_plus_runs_plus_RBI>=2 & total_bases>=1,2,EXACT_IMPLICATION,2,"[{""explanation"": ""Each hit contributes at least one TB; HRR includes nonnegative hits"", ""proven"": true, ""rule_version"": ""mlb-official-batting-v1""}, {""explanation"": ""Each hit contributes at least one TB; HRR includes nonnegative hits"", ""proven"": true, ""rule_version"": ""mlb-official-batting-v1""}]",6863,303,2742,303,0,0.044149788722133175,0.3995337316042547,0.044149788722133175,1.0,0.11050328227571116,2.50291757840992,2.5029175784099196,0.03953931593249423,0.04927028633920693,0.3880049429454243,0.41117492624630914,0.03953931593249423,0.04927028633920693,0.987480639560709,1.0,0.09930899195320503,0.1227873919664309,0.0,0.0,0.0005594215104179578,0.0,1.0
1866f64614da2edfd54ed8da2684f83454ccdd636e6394b263b589ebd06a7c92,mlb,hits_plus_runs_plus_RBI>=6,hits_plus_runs_plus_RBI>=1 & hits_plus_runs_plus_RBI>=2,2,EXACT_IMPLICATION,2,"[{""explanation"": ""Threshold monotonicity"", ""proven"": true, ""rule_version"": ""mlb-official-batting-v1""}, {""explanation"": ""Threshold monotonicity"", ""proven"": true, ""rule_version"": ""mlb-official-batting-v1""}]",6863,293,2787,293,0,0.042692699985429114,0.406090630919423,0.042692699985429114,1.0,0.10513096519555078,2.4625044851094366,2.4625044851094366,0.038160101529856244,0.04773695352200061,0.394527460255928,0.4177588714251049,0.038160101529856244,0.04773695352200061,0.9870588871380849,1.0,0.0942819481290757,0.11706701866961136,0.0,0.0,0.0005594215104179578,0.0,1.0
1d846c85fed3350c7837faca7db2667dc1f53a1aa052164b682d0a91e4dc9e9a,mlb,hits_plus_runs_plus_RBI>=6,hits_plus_runs_plus_RBI>=3,1,EXACT_IMPLICATION,1,"[{""explanation"": ""Threshold monotonicity"", ""proven"": true, ""rule_version"": ""mlb-official-batting-v1""}]",6863,293,1770,293,0,0.042692699985429114,0.25790470639661955,0.042692699985429114,1.0,0.1655367231638418,3.877401129943503,3.877401129943503,0.038160101529856244,0.04773695352200061,0.24769190548167133,0.26838837394119314,0.038160101529856244,0.04773695352200061,0.9870588871380849,1.0,0.14895004917133972,0.18357203496849053,0.0,0.0,0.0005594215104179578,0.0,1.0
20562de36a1c77cb428e69ad55669c314a661b96e50bb25295e7c248ba930cba,mlb,hits_plus_runs_plus_RBI>=6,hits_plus_runs_plus_RBI>=1 & hits_plus_runs_plus_RBI>=2 & hits_plus_runs_plus_RBI>=5,3,EXACT_IMPLICATION,3,"[{""explanation"": ""Threshold monotonicity"", ""proven"": true, ""rule_version"": ""mlb-official-batting-v1""}, {""explanation"": ""Threshold monotonicity"", ""proven"": true, ""rule_version"": ""mlb-official-batting-v1""}, {""explanation"": ""Threshold monotonicity"", ""proven"": true, ""rule_version"": ""mlb-official-batting-v1""}]",6863,293,554,293,0,0.042692699985429114,0.08072271601340522,0.042692699985429114,1.0,0.5288808664259927,12.388086642599276,12.388086642599276,0.038160101529856244,0.04773695352200061,0.07450996230136143,0.08740457518843243,0.038160101529856244,0.04773695352200061,0.9870588871380849,1.0,0.4872589411524233,0.5701050275774191,0.0,0.0,0.0005594215104179578,0.0,1.0
3274586b8bfb69d7f860846d76c52b6839765989e5af34d1a6ecc8c518dce41b,mlb,hits_plus_runs_plus_RBI>=6,hits_plus_runs_plus_RBI>=2 & hits_plus_runs_plus_RBI>=3 & hits_plus_runs_plus_RBI>=4,3,EXACT_IMPLICATION,3,"[{""explanation"": ""Threshold monotonicity"", ""proven"": true, ""rule_version"": ""mlb-official-batting-v1""}, {""explanation"": ""Threshold monotonicity"", ""proven"": true, ""rule_version"": ""mlb-official-batting-v1""}, {""explanation"": ""Threshold monotonicity"", ""proven"": true, ""rule_version"": ""mlb-official-batting-v1""}]",6863,293,1017,293,0,0.042692699985429114,0.14818592452280344,0.042692699985429114,1.0,0.288102261553589,6.748279252704031,6.748279252704031,0.038160101529856244,0.04773695352200061,0.13997721764333465,0.1567882561252517,0.038160101529856244,0.04773695352200061,0.9870588871380849,1.0,0.26110699347392485,0.31669228546807293,0.0,0.0,0.0005594215104179578,0.0,1.0
349fc54229eac738c7476094811f8c73f53709dbc6c6eeef7079436f0d903b22,mlb,hits_plus_runs_plus_RBI>=6,hits_plus_runs_plus_RBI>=1 & hits_plus_runs_plus_RBI>=2 & hits_plus_runs_plus_RBI>=4,3,EXACT_IMPLICATION,3,"[{""explanation"": ""Threshold monotonicity"", ""proven"": true, ""rule_version"": ""mlb-official-batting-v1""}, {""explanation"": ""Threshold monotonicity"", ""proven"": true, ""rule_version"": ""mlb-official-batting-v1""}, {""explanation"": ""Threshold monotonicity"", ""proven"": true, ""rule_version"": ""mlb-official-batting-v1""}]",6863,293,1017,293,0,0.042692699985429114,0.14818592452280344,0.042692699985429114,1.0,0.288102261553589,6.748279252704031,6.748279252704031,0.038160101529856244,0.04773695352200061,0.13997721764333465,0.1567882561252517,0.038160101529856244,0.04773695352200061,0.9870588871380849,1.0,0.26110699347392485,0.31669228546807293,0.0,0.0,0.0005594215104179578,0.0,1.0
3d55d4e3da1a8e0ded31e68996f8e60c8b2e1f3de3fb84b03ab195c17d925bed,mlb,hits_plus_runs_plus_RBI>=6,hits_plus_runs_plus_RBI>=2 & hits_plus_runs_plus_RBI>=4 & hits_plus_runs_plus_RBI>=5,3,EXACT_IMPLICATION,3,"[{""explanation"": ""Threshold monotonicity"", ""proven"": true, ""rule_version"": ""mlb-official-batting-v1""}, {""explanation"": ""Threshold monotonicity"", ""proven"": true, ""rule_version"": ""mlb-official-batting-v1""}, {""explanation"": ""Threshold monotonicity"", ""proven"": true, ""rule_version"": ""mlb-official-batting-v1""}]",6863,293,554,293,0,0.042692699985429114,0.08072271601340522,0.042692699985429114,1.0,0.5288808664259927,12.388086642599276,12.388086642599276,0.038160101529856244,0.04773695352200061,0.07450996230136143,0.08740457518843243,0.038160101529856244,0.04773695352200061,0.9870588871380849,1.0,0.4872589411524233,0.5701050275774191,0.0,0.0,0.0005594215104179578,0.0,1.0
3f28558c34603d0eb44f46926bc1214a0d54718f3e87719ba363421ba99e15c4,mlb,hits_plus_runs_plus_RBI>=6,hits_plus_runs_plus_RBI>=1 & hits_plus_runs_plus_RBI>=2 & hits_plus_runs_plus_RBI>=3,3,EXACT_IMPLICATION,3,"[{""explanation"": ""Threshold monotonicity"", ""proven"": true, ""rule_version"": ""mlb-official-batting-v1""}, {""explanation"": ""Threshold monotonicity"", ""proven"": true, ""rule_version"": ""mlb-official-batting-v1""}, {""explanation"": ""Threshold monotonicity"", ""proven"": true, ""rule_version"": ""mlb-official-batting-v1""}]",6863,293,1770,293,0,0.042692699985429114,0.25790470639661955,0.042692699985429114,1.0,0.1655367231638418,3.877401129943503,3.877401129943503,0.038160101529856244,0.04773695352200061,0.24769190548167133,0.26838837394119314,0.038160101529856244,0.04773695352200061,0.9870588871380849,1.0,0.14895004917133972,0.18357203496849053,0.0,0.0,0.0005594215104179578,0.0,1.0
426005f07155af65829e64c0f904c9f1e353d18fc234859a856b3f835c0746ab,mlb,hits_plus_runs_plus_RBI>=6,hits_plus_runs_plus_RBI>=3 & hits_plus_runs_plus_RBI>=4,2,EXACT_IMPLICATION,2,"[{""explanation"": ""Threshold monotonicity"", ""proven"": true, ""rule_version"": ""mlb-official-batting-v1""}, {""explanation"": ""Threshold monotonicity"", ""proven"": true, ""rule_version"": ""mlb-official-batting-v1""}]",6863,293,1017,293,0,0.042692699985429114,0.14818592452280344,0.042692699985429114,1.0,0.288102261553589,6.748279252704031,6.748279252704031,0.038160101529856244,0.04773695352200061,0.13997721764333465,0.1567882561252517,0.038160101529856244,0.04773695352200061,0.9870588871380849,1.0,0.26110699347392485,0.31669228546807293,0.0,0.0,0.0005594215104179578,0.0,1.0
63c83a83f7b785b033a9bdd53022008ed33b32aa7660c0049e16836847d887ce,mlb,hits_plus_runs_plus_RBI>=6,hits_plus_runs_plus_RBI>=5,1,EXACT_IMPLICATION,1,"[{""explanation"": ""Threshold monotonicity"", ""proven"": true, ""rule_version"": ""mlb-official-batting-v1""}]",6863,293,554,293,0,0.042692699985429114,0.08072271601340522,0.042692699985429114,1.0,0.5288808664259927,12.388086642599276,12.388086642599276,0.038160101529856244,0.04773695352200061,0.07450996230136143,0.08740457518843243,0.038160101529856244,0.04773695352200061,0.9870588871380849,1.0,0.4872589411524233,0.5701050275774191,0.0,0.0,0.0005594215104179578,0.0,1.0
6773e606e94fdb07f6741b2ee473bdc0d8f482a3501eaca74f7a37a5c1a14d26,mlb,hits_plus_runs_plus_RBI>=6,hits_plus_runs_plus_RBI>=3 & hits_plus_runs_plus_RBI>=5,2,EXACT_IMPLICATION,2,"[{""explanation"": ""Threshold monotonicity"", ""proven"": true, ""rule_version"": ""mlb-official-batting-v1""}, {""explanation"": ""Threshold monotonicity"", ""proven"": true, ""rule_version"": ""mlb-official-batting-v1""}]",6863,293,554,293,0,0.042692699985429114,0.08072271601340522,0.042692699985429114,1.0,0.5288808664259927,12.388086642599276,12.388086642599276,0.038160101529856244,0.04773695352200061,0.07450996230136143,0.08740457518843243,0.038160101529856244,0.04773695352200061,0.9870588871380849,1.0,0.4872589411524233,0.5701050275774191,0.0,0.0,0.0005594215104179578,0.0,1.0
6b91e95fb528ef06fd132267d8958aa92ce9d4958493f767c2bd2910f2991ac5,mlb,hits_plus_runs_plus_RBI>=6,hits_plus_runs_plus_RBI>=1 & hits_plus_runs_plus_RBI>=3 & hits_plus_runs_plus_RBI>=5,3,EXACT_IMPLICATION,3,"[{""explanation"": ""Threshold monotonicity"", ""proven"": true, ""rule_version"": ""mlb-official-batting-v1""}, {""explanation"": ""Threshold monotonicity"", ""proven"": true, ""rule_version"": ""mlb-official-batting-v1""}, {""explanation"": ""Threshold monotonicity"", ""proven"": true, ""rule_version"": ""mlb-official-batting-v1""}]",6863,293,554,293,0,0.042692699985429114,0.08072271601340522,0.042692699985429114,1.0,0.5288808664259927,12.388086642599276,12.388086642599276,0.038160101529856244,0.04773695352200061,0.07450996230136143,0.08740457518843243,0.038160101529856244,0.04773695352200061,0.9870588871380849,1.0,0.4872589411524233,0.5701050275774191,0.0,0.0,0.0005594215104179578,0.0,1.0
747a41c86eafbbf69e046f1ff8b15d037d0050512d7577320aa149bb1c948825,mlb,hits_plus_runs_plus_RBI>=6,hits_plus_runs_plus_RBI>=2 & hits_plus_runs_plus_RBI>=4,2,EXACT_IMPLICATION,2,"[{""explanation"": ""Threshold monotonicity"", ""proven"": true, ""rule_version"": ""mlb-official-batting-v1""}, {""explanation"": ""Threshold monotonicity"", ""proven"": true, ""rule_version"": ""mlb-official-batting-v1""}]",6863,293,1017,293,0,0.042692699985429114,0.14818592452280344,0.042692699985429114,1.0,0.288102261553589,6.748279252704031,6.748279252704031,0.038160101529856244,0.04773695352200061,0.13997721764333465,0.1567882561252517,0.038160101529856244,0.04773695352200061,0.9870588871380849,1.0,0.26110699347392485,0.31669228546807293,0.0,0.0,0.0005594215104179578,0.0,1.0
8421b76be3127069165366a1ab66ebe1b1b1e681c1462140b519e0fc27e7a0bd,mlb,hits_plus_runs_plus_RBI>=6,hits_plus_runs_plus_RBI>=1 & hits_plus_runs_plus_RBI>=3 & hits_plus_runs_plus_RBI>=4,3,EXACT_IMPLICATION,3,"[{""explanation"": ""Threshold monotonicity"", ""proven"": true, ""rule_version"": ""mlb-official-batting-v1""}, {""explanation"": ""Threshold monotonicity"", ""proven"": true, ""rule_version"": ""mlb-official-batting-v1""}, {""explanation"": ""Threshold monotonicity"", ""proven"": true, ""rule_version"": ""mlb-official-batting-v1""}]",6863,293,1017,293,0,0.042692699985429114,0.14818592452280344,0.042692699985429114,1.0,0.288102261553589,6.748279252704031,6.748279252704031,0.038160101529856244,0.04773695352200061,0.13997721764333465,0.1567882561252517,0.038160101529856244,0.04773695352200061,0.9870588871380849,1.0,0.26110699347392485,0.31669228546807293,0.0,0.0,0.0005594215104179578,0.0,1.0
8b58476a0c566023c75e8891ab3519936442f86825ca6e55e420dad0fead54b3,mlb,hits_plus_runs_plus_RBI>=6,hits_plus_runs_plus_RBI>=1 & hits_plus_runs_plus_RBI>=3,2,EXACT_IMPLICATION,2,"[{""explanation"": ""Threshold monotonicity"", ""proven"": true, ""rule_version"": ""mlb-official-batting-v1""}, {""explanation"": ""Threshold monotonicity"", ""proven"": true, ""rule_version"": ""mlb-official-batting-v1""}]",6863,293,1770,293,0,0.042692699985429114,0.25790470639661955,0.042692699985429114,1.0,0.1655367231638418,3.877401129943503,3.877401129943503,0.038160101529856244,0.04773695352200061,0.24769190548167133,0.26838837394119314,0.038160101529856244,0.04773695352200061,0.9870588871380849,1.0,0.14895004917133972,0.18357203496849053,0.0,0.0,0.0005594215104179578,0.0,1.0
a7eaafd85bf55f03f3da9a64da47be0528be47e05782ceeb989735f2d15b4c12,mlb,hits_plus_runs_plus_RBI>=6,hits_plus_runs_plus_RBI>=1 & hits_plus_runs_plus_RBI>=4 & hits_plus_runs_plus_RBI>=5,3,EXACT_IMPLICATION,3,"[{""explanation"": ""Threshold monotonicity"", ""proven"": true, ""rule_version"": ""mlb-official-batting-v1""}, {""explanation"": ""Threshold monotonicity"", ""proven"": true, ""rule_version"": ""mlb-official-batting-v1""}, {""explanation"": ""Threshold monotonicity"", ""proven"": true, ""rule_version"": ""mlb-official-batting-v1""}]",6863,293,554,293,0,0.042692699985429114,0.08072271601340522,0.042692699985429114,1.0,0.5288808664259927,12.388086642599276,12.388086642599276,0.038160101529856244,0.04773695352200061,0.07450996230136143,0.08740457518843243,0.038160101529856244,0.04773695352200061,0.9870588871380849,1.0,0.4872589411524233,0.5701050275774191,0.0,0.0,0.0005594215104179578,0.0,1.0
ad3cd963fe678aa863b62f3b2d230c6b80287703990eac76d36879af40289fda,mlb,hits_plus_runs_plus_RBI>=6,hits_plus_runs_plus_RBI>=4,1,EXACT_IMPLICATION,1,"[{""explanation"": ""Threshold monotonicity"", ""proven"": true, ""rule_version"": ""mlb-official-batting-v1""}]",6863,293,1017,293,0,0.042692699985429114,0.14818592452280344,0.042692699985429114,1.0,0.288102261553589,6.748279252704031,6.748279252704031,0.038160101529856244,0.04773695352200061,0.13997721764333465,0.1567882561252517,0.038160101529856244,0.04773695352200061,0.9870588871380849,1.0,0.26110699347392485,0.31669228546807293,0.0,0.0,0.0005594215104179578,0.0,1.0
b0dccdb4481fada2cdee8ab006cebc60a8d02fa75444a7337048e2b082594c24,mlb,hits_plus_runs_plus_RBI>=6,hits_plus_runs_plus_RBI>=1 & hits_plus_runs_plus_RBI>=5,2,EXACT_IMPLICATION,2,"[{""explanation"": ""Threshold monotonicity"", ""proven"": true, ""rule_version"": ""mlb-official-batting-v1""}, {""explanation"": ""Threshold monotonicity"", ""proven"": true, ""rule_version"": ""mlb-official-batting-v1""}]",6863,293,554,293,0,0.042692699985429114,0.08072271601340522,0.042692699985429114,1.0,0.5288808664259927,12.388086642599276,12.388086642599276,0.038160101529856244,0.04773695352200061,0.07450996230136143,0.08740457518843243,0.038160101529856244,0.04773695352200061,0.9870588871380849,1.0,0.4872589411524233,0.5701050275774191,0.0,0.0,0.0005594215104179578,0.0,1.0
b3b4b2965120216301e5d5a76079bada5f441242f4d704d22773f7c18aba4fe2,mlb,hits_plus_runs_plus_RBI>=6,hits_plus_runs_plus_RBI>=4 & hits_plus_runs_plus_RBI>=5,2,EXACT_IMPLICATION,2,"[{""explanation"": ""Threshold monotonicity"", ""proven"": true, ""rule_version"": ""mlb-official-batting-v1""}, {""explanation"": ""Threshold monotonicity"", ""proven"": true, ""rule_version"": ""mlb-official-batting-v1""}]",6863,293,554,293,0,0.042692699985429114,0.08072271601340522,0.042692699985429114,1.0,0.5288808664259927,12.388086642599276,12.388086642599276,0.038160101529856244,0.04773695352200061,0.07450996230136143,0.08740457518843243,0.038160101529856244,0.04773695352200061,0.9870588871380849,1.0,0.4872589411524233,0.5701050275774191,0.0,0.0,0.0005594215104179578,0.0,1.0
c1f728428b3e5498cb841ebd73cdf77954b6af41b27dc9ee0ef7c3e4626aa3c8,mlb,hits_plus_runs_plus_RBI>=6,hits_plus_runs_plus_RBI>=2 & hits_plus_runs_plus_RBI>=3 & hits_plus_runs_plus_RBI>=5,3,EXACT_IMPLICATION,3,"[{""explanation"": ""Threshold monotonicity"", ""proven"": true, ""rule_version"": ""mlb-official-batting-v1""}, {""explanation"": ""Threshold monotonicity"", ""proven"": true, ""rule_version"": ""mlb-official-batting-v1""}, {""explanation"": ""Threshold monotonicity"", ""proven"": true, ""rule_version"": ""mlb-official-batting-v1""}]",6863,293,554,293,0,0.042692699985429114,0.08072271601340522,0.042692699985429114,1.0,0.5288808664259927,12.388086642599276,12.388086642599276,0.038160101529856244,0.04773695352200061,0.07450996230136143,0.08740457518843243,0.038160101529856244,0.04773695352200061,0.9870588871380849,1.0,0.4872589411524233,0.5701050275774191,0.0,0.0,0.0005594215104179578,0.0,1.0
d219465cd7aaa1f21f4c21c6dbf5ba73c66038b5c57f7a51a8d9a662d1260f7e,mlb,hits_plus_runs_plus_RBI>=6,hits_plus_runs_plus_RBI>=2,1,EXACT_IMPLICATION,1,"[{""explanation"": ""Threshold monotonicity"", ""proven"": true, ""rule_version"": ""mlb-official-batting-v1""}]",6863,293,2787,293,0,0.042692699985429114,0.406090630919423,0.042692699985429114,1.0,0.10513096519555078,2.4625044851094366,2.4625044851094366,0.038160101529856244,0.04773695352200061,0.394527460255928,0.4177588714251049,0.038160101529856244,0.04773695352200061,0.9870588871380849,1.0,0.0942819481290757,0.11706701866961136,0.0,0.0,0.0005594215104179578,0.0,1.0
ecce9c79e0838d5d89141439117011a1c9bce7d336e01ba3889401484fcdab4c,mlb,hits_plus_runs_plus_RBI>=6,hits_plus_runs_plus_RBI>=2 & hits_plus_runs_plus_RBI>=5,2,EXACT_IMPLICATION,2,"[{""explanation"": ""Threshold monotonicity"", ""proven"": true, ""rule_version"": ""mlb-official-batting-v1""}, {""explanation"": ""Threshold monotonicity"", ""proven"": true, ""rule_version"": ""mlb-official-batting-v1""}]",6863,293,554,293,0,0.042692699985429114,0.08072271601340522,0.042692699985429114,1.0,0.5288808664259927,12.388086642599276,12.388086642599276,0.038160101529856244,0.04773695352200061,0.07450996230136143,0.08740457518843243,0.038160101529856244,0.04773695352200061,0.9870588871380849,1.0,0.4872589411524233,0.5701050275774191,0.0,0.0,0.0005594215104179578,0.0,1.0
ef0c7e8860d7326920d8553e58dcc5536230492a3260cec4b4a5ae11c013bc73,mlb,hits_plus_runs_plus_RBI>=6,hits_plus_runs_plus_RBI>=1,1,EXACT_IMPLICATION,1,"[{""explanation"": ""Threshold monotonicity"", ""proven"": true, ""rule_version"": ""mlb-official-batting-v1""}]",6863,293,4254,293,0,0.042692699985429114,0.6198455485939094,0.042692699985429114,1.0,0.0688763516690174,1.6133051245886225,1.6133051245886225,0.038160101529856244,0.04773695352200061,0.6082970007577593,0.631260008074437,0.038160101529856244,0.04773695352200061,0.9870588871380849,1.0,0.06164875008264695,0.07688187970366361,0.0,0.0,0.0005594215104179578,0.0,1.0
f0e7d79b2be12e86c9b5038cb9d87f71cc7cea6b7b74e287d093858a3c9b70e1,mlb,hits_plus_runs_plus_RBI>=6,hits_plus_runs_plus_RBI>=1 & hits_plus_runs_plus_RBI>=4,2,EXACT_IMPLICATION,2,"[{""explanation"": ""Threshold monotonicity"", ""proven"": true, ""rule_version"": ""mlb-official-batting-v1""}, {""explanation"": ""Threshold monotonicity"", ""proven"": true, ""rule_version"": ""mlb-official-batting-v1""}]",6863,293,1017,293,0,0.042692699985429114,0.14818592452280344,0.042692699985429114,1.0,0.288102261553589,6.748279252704031,6.748279252704031,0.038160101529856244,0.04773695352200061,0.13997721764333465,0.1567882561252517,0.038160101529856244,0.04773695352200061,0.9870588871380849,1.0,0.26110699347392485,0.31669228546807293,0.0,0.0,0.0005594215104179578,0.0,1.0
f6ae16d73486753c350462dac35408283917e6cafb4b671c3908c0957863e95e,mlb,hits_plus_runs_plus_RBI>=6,hits_plus_runs_plus_RBI>=3 & hits_plus_runs_plus_RBI>=4 & hits_plus_runs_plus_RBI>=5,3,EXACT_IMPLICATION,3,"[{""explanation"": ""Threshold monotonicity"", ""proven"": true, ""rule_version"": ""mlb-official-batting-v1""}, {""explanation"": ""Threshold monotonicity"", ""proven"": true, ""rule_version"": ""mlb-official-batting-v1""}, {""explanation"": ""Threshold monotonicity"", ""proven"": true, ""rule_version"": ""mlb-official-batting-v1""}]",6863,293,554,293,0,0.042692699985429114,0.08072271601340522,0.042692699985429114,1.0,0.5288808664259927,12.388086642599276,12.388086642599276,0.038160101529856244,0.04773695352200061,0.07450996230136143,0.08740457518843243,0.038160101529856244,0.04773695352200061,0.9870588871380849,1.0,0.4872589411524233,0.5701050275774191,0.0,0.0,0.0005594215104179578,0.0,1.0
f7fed4a902526381a6f94b798aeb601355f823786f766186c0177a4160e28372,mlb,hits_plus_runs_plus_RBI>=6,hits_plus_runs_plus_RBI>=2 & hits_plus_runs_plus_RBI>=3,2,EXACT_IMPLICATION,2,"[{""explanation"": ""Threshold monotonicity"", ""proven"": true, ""rule_version"": ""mlb-official-batting-v1""}, {""explanation"": ""Threshold monotonicity"", ""proven"": true, ""rule_version"": ""mlb-official-batting-v1""}]",6863,293,1770,293,0,0.042692699985429114,0.25790470639661955,0.042692699985429114,1.0,0.1655367231638418,3.877401129943503,3.877401129943503,0.038160101529856244,0.04773695352200061,0.24769190548167133,0.26838837394119314,0.038160101529856244,0.04773695352200061,0.9870588871380849,1.0,0.14895004917133972,0.18357203496849053,0.0,0.0,0.0005594215104179578,0.0,1.0
169a316cc3b82cc077a38a42e5c0d4187211fed0dae26d627e0b4172344ac27b,mlb,RBI>=3,hits_plus_runs_plus_RBI>=1 & hits_plus_runs_plus_RBI>=3,2,EXACT_IMPLICATION,2,"[{""explanation"": ""HRR includes nonnegative RBI"", ""proven"": true, ""rule_version"": ""mlb-official-batting-v1""}, {""explanation"": ""HRR includes nonnegative RBI"", ""proven"": true, ""rule_version"": ""mlb-official-batting-v1""}]",6863,198,1770,198,0,0.028850356986740492,0.25790470639661955,0.028850356986740492,1.0,0.11186440677966102,3.877401129943503,3.877401129943503,0.025146139244138867,0.03308171721919684,0.24769190548167133,0.26838837394119314,0.025146139244138867,0.03308171721919684,0.9809679396733518,1.0,0.09801271331826494,0.12739720526968,0.0,0.0,0.0005594215104179578,0.0,1.0
1c09082822582bdcfb82c7e7447b520632ed3fc4a1b9f93d75eb58136e82b18d,mlb,RBI>=3,hits_plus_runs_plus_RBI>=2 & hits_plus_runs_plus_RBI>=3,2,EXACT_IMPLICATION,2,"[{""explanation"": ""HRR includes nonnegative RBI"", ""proven"": true, ""rule_version"": ""mlb-official-batting-v1""}, {""explanation"": ""HRR includes nonnegative RBI"", ""proven"": true, ""rule_version"": ""mlb-official-batting-v1""}]",6863,198,1770,198,0,0.028850356986740492,0.25790470639661955,0.028850356986740492,1.0,0.11186440677966102,3.877401129943503,3.877401129943503,0.025146139244138867,0.03308171721919684,0.24769190548167133,0.26838837394119314,0.025146139244138867,0.03308171721919684,0.9809679396733518,1.0,0.09801271331826494,0.12739720526968,0.0,0.0,0.0005594215104179578,0.0,1.0
1c3e8eab6b2c18e8bc4c780c0d79c4e987895eb3a5adb97c0a809e9c7ec4242c,mlb,RBI>=3,RBI>=1 & RBI>=2,2,EXACT_IMPLICATION,2,"[{""explanation"": ""Threshold monotonicity"", ""proven"": true, ""rule_version"": ""mlb-official-batting-v1""}, {""explanation"": ""Threshold monotonicity"", ""proven"": true, ""rule_version"": ""mlb-official-batting-v1""}]",6863,198,593,198,0,0.028850356986740492,0.08640536208655107,0.028850356986740492,1.0,0.33389544688026984,11.573355817875212,11.57335581787521,0.025146139244138867,0.03308171721919684,0.07998737687584612,0.09328609477134064,0.025146139244138867,0.03308171721919684,0.9809679396733518,1.0,0.2971143319983134,0.3728147637631396,0.0,0.0,0.0005594215104179578,0.0,1.0
2ba8fd7e3d0b4cf45aa5c7b30073adfb44fc5a7dd3b42c46e4fed7d74cf809d5,mlb,RBI>=3,RBI>=1 & RBI>=2 & hits_plus_runs_plus_RBI>=1,3,EXACT_IMPLICATION,3,"[{""explanation"": ""Threshold monotonicity"", ""proven"": true, ""rule_version"": ""mlb-official-batting-v1""}, {""explanation"": ""Threshold monotonicity"", ""proven"": true, ""rule_version"": ""mlb-official-batting-v1""}, {""explanation"": ""HRR includes nonnegative RBI"", ""proven"": true, ""rule_version"": ""mlb-official-batting-v1""}]",6863,198,593,198,0,0.028850356986740492,0.08640536208655107,0.028850356986740492,1.0,0.33389544688026984,11.573355817875212,11.57335581787521,0.025146139244138867,0.03308171721919684,0.07998737687584612,0.09328609477134064,0.025146139244138867,0.03308171721919684,0.9809679396733518,1.0,0.2971143319983134,0.3728147637631396,0.0,0.0,0.0005594215104179578,0.0,1.0
2e290d5376280df1ea788cb73a0b284d7b480bb0362560db9152b0089d4e41a6,mlb,RBI>=3,RBI>=2 & hits_plus_runs_plus_RBI>=1 & hits_plus_runs_plus_RBI>=2,3,EXACT_IMPLICATION,3,"[{""explanation"": ""Threshold monotonicity"", ""proven"": true, ""rule_version"": ""mlb-official-batting-v1""}, {""explanation"": ""HRR includes nonnegative RBI"", ""proven"": true, ""rule_version"": ""mlb-official-batting-v1""}, {""explanation"": ""HRR includes nonnegative RBI"", ""proven"": true, ""rule_version"": ""mlb-official-batting-v1""}]",6863,198,593,198,0,0.028850356986740492,0.08640536208655107,0.028850356986740492,1.0,0.33389544688026984,11.573355817875212,11.57335581787521,0.025146139244138867,0.03308171721919684,0.07998737687584612,0.09328609477134064,0.025146139244138867,0.03308171721919684,0.9809679396733518,1.0,0.2971143319983134,0.3728147637631396,0.0,0.0,0.0005594215104179578,0.0,1.0
4125316c1a1a31ffb3578a50b3297fe6efd3123347d546fb14a2417de7acfaf0,mlb,RBI>=3,RBI>=2 & hits_plus_runs_plus_RBI>=2 & hits_plus_runs_plus_RBI>=3,3,EXACT_IMPLICATION,3,"[{""explanation"": ""Threshold monotonicity"", ""proven"": true, ""rule_version"": ""mlb-official-batting-v1""}, {""explanation"": ""HRR includes nonnegative RBI"", ""proven"": true, ""rule_version"": ""mlb-official-batting-v1""}, {""explanation"": ""HRR includes nonnegative RBI"", ""proven"": true, ""rule_version"": ""mlb-official-batting-v1""}]",6863,198,590,198,0,0.028850356986740492,0.08596823546553985,0.028850356986740492,1.0,0.33559322033898303,11.632203389830508,11.63220338983051,0.025146139244138867,0.03308171721919684,0.07956572218469093,0.09283398529654252,0.025146139244138867,0.03308171721919684,0.9809679396733518,1.0,0.29866347024691403,0.374650009102838,0.0,0.0,0.0005594215104179578,0.0,1.0
434cb1450884f352fe814a673eeb3a6f41f4aa36789a59dc273d4440e7fdd5af,mlb,RBI>=3,RBI>=1 & RBI>=2 & hits_plus_runs_plus_RBI>=2,3,EXACT_IMPLICATION,3,"[{""explanation"": ""Threshold monotonicity"", ""proven"": true, ""rule_version"": ""mlb-official-batting-v1""}, {""explanation"": ""Threshold monotonicity"", ""proven"": true, ""rule_version"": ""mlb-official-batting-v1""}, {""explanation"": ""HRR includes nonnegative RBI"", ""proven"": true, ""rule_version"": ""mlb-official-batting-v1""}]",6863,198,593,198,0,0.028850356986740492,0.08640536208655107,0.028850356986740492,1.0,0.33389544688026984,11.573355817875212,11.57335581787521,0.025146139244138867,0.03308171721919684,0.07998737687584612,0.09328609477134064,0.025146139244138867,0.03308171721919684,0.9809679396733518,1.0,0.2971143319983134,0.3728147637631396,0.0,0.0,0.0005594215104179578,0.0,1.0
441cbf10ef1d7be245c250dc384a8120286f9210e2c1835833f8d0f5c172b035,mlb,RBI>=3,RBI>=1 & hits_plus_runs_plus_RBI>=1 & hits_plus_runs_plus_RBI>=2,3,EXACT_IMPLICATION,3,"[{""explanation"": ""Threshold monotonicity"", ""proven"": true, ""rule_version"": ""mlb-official-batting-v1""}, {""explanation"": ""HRR includes nonnegative RBI"", ""proven"": true, ""rule_version"": ""mlb-official-batting-v1""}, {""explanation"": ""HRR includes nonnegative RBI"", ""proven"": true, ""rule_version"": ""mlb-official-batting-v1""}]",6863,198,1634,198,0,0.028850356986740492,0.23808829957744426,0.028850356986740492,1.0,0.1211750305997552,4.200122399020808,4.200122399020808,0.025146139244138867,0.03308171721919684,0.22816000870402398,0.24830962852895755,0.025146139244138867,0.03308171721919684,0.9809679396733518,1.0,0.10623447972204976,0.13789260392656824,0.0,0.0,0.0005594215104179578,0.0,1.0
4c94ed475217a63aad17dfb72d635515d10caa718fb3f04217884f2c5e051f25,mlb,RBI>=3,RBI>=1 & hits_plus_runs_plus_RBI>=1 & hits_plus_runs_plus_RBI>=3,3,EXACT_IMPLICATION,3,"[{""explanation"": ""Threshold monotonicity"", ""proven"": true, ""rule_version"": ""mlb-official-batting-v1""}, {""explanation"": ""HRR includes nonnegative RBI"", ""proven"": true, ""rule_version"": ""mlb-official-batting-v1""}, {""explanation"": ""HRR includes nonnegative RBI"", ""proven"": true, ""rule_version"": ""mlb-official-batting-v1""}]",6863,198,1319,198,0,0.028850356986740492,0.1921900043712662,0.028850356986740492,1.0,0.15011372251705837,5.203184230477635,5.203184230477635,0.025146139244138867,0.03308171721919684,0.18304117406203216,0.20168322574585298,0.025146139244138867,0.03308171721919684,0.9809679396733518,1.0,0.13185501031013838,0.17040453572582462,0.0,0.0,0.0005594215104179578,0.0,1.0
51df6ca54f703c593d0cae9a647a0cf3b84c0875eb6099bba878c0f0078192c9,mlb,RBI>=3,RBI>=2,1,EXACT_IMPLICATION,1,"[{""explanation"": ""Threshold monotonicity"", ""proven"": true, ""rule_version"": ""mlb-official-batting-v1""}]",6863,198,593,198,0,0.028850356986740492,0.08640536208655107,0.028850356986740492,1.0,0.33389544688026984,11.573355817875212,11.57335581787521,0.025146139244138867,0.03308171721919684,0.07998737687584612,0.09328609477134064,0.025146139244138867,0.03308171721919684,0.9809679396733518,1.0,0.2971143319983134,0.3728147637631396,0.0,0.0,0.0005594215104179578,0.0,1.0
6defaf55393a4c2707f731b7aec9d798eacda0c4858a471240361f9a466efd61,mlb,RBI>=3,RBI>=2 & hits_plus_runs_plus_RBI>=1 & hits_plus_runs_plus_RBI>=3,3,EXACT_IMPLICATION,3,"[{""explanation"": ""Threshold monotonicity"", ""proven"": true, ""rule_version"": ""mlb-official-batting-v1""}, {""explanation"": ""HRR includes nonnegative RBI"", ""proven"": true, ""rule_version"": ""mlb-official-batting-v1""}, {""explanation"": ""HRR includes nonnegative RBI"", ""proven"": true, ""rule_version"": ""mlb-official-batting-v1""}]",6863,198,590,198,0,0.028850356986740492,0.08596823546553985,0.028850356986740492,1.0,0.33559322033898303,11.632203389830508,11.63220338983051,0.025146139244138867,0.03308171721919684,0.07956572218469093,0.09283398529654252,0.025146139244138867,0.03308171721919684,0.9809679396733518,1.0,0.29866347024691403,0.374650009102838,0.0,0.0,0.0005594215104179578,0.0,1.0
76fb6611ea62eb0b32d12fb6425ce443c4a54580c4f475e2b4663336167de576,mlb,RBI>=3,hits_plus_runs_plus_RBI>=1 & hits_plus_runs_plus_RBI>=2,2,EXACT_IMPLICATION,2,"[{""explanation"": ""HRR includes nonnegative RBI"", ""proven"": true, ""rule_version"": ""mlb-official-batting-v1""}, {""explanation"": ""HRR includes nonnegative RBI"", ""proven"": true, ""rule_version"": ""mlb-official-batting-v1""}]",6863,198,2787,198,0,0.028850356986740492,0.406090630919423,0.028850356986740492,1.0,0.07104413347685684,2.4625044851094366,2.4625044851094366,0.025146139244138867,0.03308171721919684,0.394527460255928,0.4177588714251049,0.025146139244138867,0.03308171721919684,0.9809679396733518,1.0,0.06208521871661506,0.081183922408174,0.0,0.0,0.0005594215104179578,0.0,1.0
85cbf82c84e0985e635a70a97bc07d19c6eae42ba62fcac831ac010a58bd4311,mlb,RBI>=3,hits_plus_runs_plus_RBI>=1 & hits_plus_runs_plus_RBI>=2 & hits_plus_runs_plus_RBI>=3,3,EXACT_IMPLICATION,3,"[{""explanation"": ""HRR includes nonnegative RBI"", ""proven"": true, ""rule_version"": ""mlb-official-batting-v1""}, {""explanation"": ""HRR includes nonnegative RBI"", ""proven"": true, ""rule_version"": ""mlb-official-batting-v1""}, {""explanation"": ""HRR includes nonnegative RBI"", ""proven"": true, ""rule_version"": ""mlb-official-batting-v1""}]",6863,198,1770,198,0,0.028850356986740492,0.25790470639661955,0.028850356986740492,1.0,0.11186440677966102,3.877401129943503,3.877401129943503,0.025146139244138867,0.03308171721919684,0.24769190548167133,0.26838837394119314,0.025146139244138867,0.03308171721919684,0.9809679396733518,1.0,0.09801271331826494,0.12739720526968,0.0,0.0,0.0005594215104179578,0.0,1.0
8db46b2a2ad29c4ee397b23c74ee765a274a164b86f8c08d629e81b2f3a21423,mlb,RBI>=3,hits_plus_runs_plus_RBI>=1,1,EXACT_IMPLICATION,1,"[{""explanation"": ""HRR includes nonnegative RBI"", ""proven"": true, ""rule_version"": ""mlb-official-batting-v1""}]",6863,198,4254,198,0,0.028850356986740492,0.6198455485939094,0.028850356986740492,1.0,0.0465444287729196,1.6133051245886223,1.6133051245886225,0.025146139244138867,0.03308171721919684,0.6082970007577593,0.631260008074437,0.025146139244138867,0.03308171721919684,0.9809679396733518,1.0,0.040612751348379154,0.0532943287267534,0.0,0.0,0.0005594215104179578,0.0,1.0
9dfeb4e228cfd11e4b3d1b9f608f29341ea38a70f47eedb926c3d6937844845d,mlb,RBI>=3,hits_plus_runs_plus_RBI>=2,1,EXACT_IMPLICATION,1,"[{""explanation"": ""HRR includes nonnegative RBI"", ""proven"": true, ""rule_version"": ""mlb-official-batting-v1""}]",6863,198,2787,198,0,0.028850356986740492,0.406090630919423,0.028850356986740492,1.0,0.07104413347685684,2.4625044851094366,2.4625044851094366,0.025146139244138867,0.03308171721919684,0.394527460255928,0.4177588714251049,0.025146139244138867,0.03308171721919684,0.9809679396733518,1.0,0.06208521871661506,0.081183922408174,0.0,0.0,0.0005594215104179578,0.0,1.0
ae07619516a916d69edeaf798c9d438c8e6761f0f865158e45f8dd48c257e690,mlb,RBI>=3,RBI>=1 & RBI>=2 & hits_plus_runs_plus_RBI>=3,3,EXACT_IMPLICATION,3,"[{""explanation"": ""Threshold monotonicity"", ""proven"": true, ""rule_version"": ""mlb-official-batting-v1""}, {""explanation"": ""Threshold monotonicity"", ""proven"": true, ""rule_version"": ""mlb-official-batting-v1""}, {""explanation"": ""HRR includes nonnegative RBI"", ""proven"": true, ""rule_version"": ""mlb-official-batting-v1""}]",6863,198,590,198,0,0.028850356986740492,0.08596823546553985,0.028850356986740492,1.0,0.33559322033898303,11.632203389830508,11.63220338983051,0.025146139244138867,0.03308171721919684,0.07956572218469093,0.09283398529654252,0.025146139244138867,0.03308171721919684,0.9809679396733518,1.0,0.29866347024691403,0.374650009102838,0.0,0.0,0.0005594215104179578,0.0,1.0
af1824ba0f0539720cd823a30f6918bb4f93a0254b6b35f41fd5241db6db3d14,mlb,RBI>=3,RBI>=1 & hits_plus_runs_plus_RBI>=3,2,EXACT_IMPLICATION,2,"[{""explanation"": ""Threshold monotonicity"", ""proven"": true, ""rule_version"": ""mlb-official-batting-v1""}, {""explanation"": ""HRR includes nonnegative RBI"", ""proven"": true, ""rule_version"": ""mlb-official-batting-v1""}]",6863,198,1319,198,0,0.028850356986740492,0.1921900043712662,0.028850356986740492,1.0,0.15011372251705837,5.203184230477635,5.203184230477635,0.025146139244138867,0.03308171721919684,0.18304117406203216,0.20168322574585298,0.025146139244138867,0.03308171721919684,0.9809679396733518,1.0,0.13185501031013838,0.17040453572582462,0.0,0.0,0.0005594215104179578,0.0,1.0
c1495aeac79036fed288986764cd843c631b412bbfca9c9db73d2b06b57dbac3,mlb,RBI>=3,hits_plus_runs_plus_RBI>=3,1,EXACT_IMPLICATION,1,"[{""explanation"": ""HRR includes nonnegative RBI"", ""proven"": true, ""rule_version"": ""mlb-official-batting-v1""}]",6863,198,1770,198,0,0.028850356986740492,0.25790470639661955,0.028850356986740492,1.0,0.11186440677966102,3.877401129943503,3.877401129943503,0.025146139244138867,0.03308171721919684,0.24769190548167133,0.26838837394119314,0.025146139244138867,0.03308171721919684,0.9809679396733518,1.0,0.09801271331826494,0.12739720526968,0.0,0.0,0.0005594215104179578,0.0,1.0
e14a6424297b262519e76653d464071b4ef13962c2faedff2086220422c09974,mlb,RBI>=3,RBI>=1 & hits_plus_runs_plus_RBI>=2,2,EXACT_IMPLICATION,2,"[{""explanation"": ""Threshold monotonicity"", ""proven"": true, ""rule_version"": ""mlb-official-batting-v1""}, {""explanation"": ""HRR includes nonnegative RBI"", ""proven"": true, ""rule_version"": ""mlb-official-batting-v1""}]",6863,198,1634,198,0,0.028850356986740492,0.23808829957744426,0.028850356986740492,1.0,0.1211750305997552,4.200122399020808,4.200122399020808,0.025146139244138867,0.03308171721919684,0.22816000870402398,0.24830962852895755,0.025146139244138867,0.03308171721919684,0.9809679396733518,1.0,0.10623447972204976,0.13789260392656824,0.0,0.0,0.0005594215104179578,0.0,1.0
e553f0626ce050b9b968cd205fb140d2f62cb072ea791a3bf0f785f63f17ee9d,mlb,RBI>=3,RBI>=2 & hits_plus_runs_plus_RBI>=2,2,EXACT_IMPLICATION,2,"[{""explanation"": ""Threshold monotonicity"", ""proven"": true, ""rule_version"": ""mlb-official-batting-v1""}, {""explanation"": ""HRR includes nonnegative RBI"", ""proven"": true, ""rule_version"": ""mlb-official-batting-v1""}]",6863,198,593,198,0,0.028850356986740492,0.08640536208655107,0.028850356986740492,1.0,0.33389544688026984,11.573355817875212,11.57335581787521,0.025146139244138867,0.03308171721919684,0.07998737687584612,0.09328609477134064,0.025146139244138867,0.03308171721919684,0.9809679396733518,1.0,0.2971143319983134,0.3728147637631396,0.0,0.0,0.0005594215104179578,0.0,1.0
e601bb4b6b1a8909007a47bb258fdd281468349dab397f0cc072d8666438a918,mlb,RBI>=3,RBI>=2 & hits_plus_runs_plus_RBI>=3,2,EXACT_IMPLICATION,2,"[{""explanation"": ""Threshold monotonicity"", ""proven"": true, ""rule_version"": ""mlb-official-batting-v1""}, {""explanation"": ""HRR includes nonnegative RBI"", ""proven"": true, ""rule_version"": ""mlb-official-batting-v1""}]",6863,198,590,198,0,0.028850356986740492,0.08596823546553985,0.028850356986740492,1.0,0.33559322033898303,11.632203389830508,11.63220338983051,0.025146139244138867,0.03308171721919684,0.07956572218469093,0.09283398529654252,0.025146139244138867,0.03308171721919684,0.9809679396733518,1.0,0.29866347024691403,0.374650009102838,0.0,0.0,0.0005594215104179578,0.0,1.0
f45ed9e5cc5393e28db9d1b01d5d23fb7f6e1208e163a4b78f1f4f8728efd7ce,mlb,RBI>=3,RBI>=1 & hits_plus_runs_plus_RBI>=1,2,EXACT_IMPLICATION,2,"[{""explanation"": ""Threshold monotonicity"", ""proven"": true, ""rule_version"": ""mlb-official-batting-v1""}, {""explanation"": ""HRR includes nonnegative RBI"", ""proven"": true, ""rule_version"": ""mlb-official-batting-v1""}]",6863,198,1778,198,0,0.028850356986740492,0.2590703773859828,0.028850356986740492,1.0,0.11136107986501688,3.8599550056242964,3.859955005624297,0.025146139244138867,0.03308171721919684,0.24884172496455845,0.26956859223418156,0.025146139244138867,0.03308171721919684,0.9809679396733518,1.0,0.09756854055323862,0.12682934672306703,0.0,0.0,0.0005594215104179578,0.0,1.0
f4c4aac4f85b68b34fcc338adbe61ac439e13e6ba9e4e40bde22c02b48da8f12,mlb,RBI>=3,RBI>=1 & hits_plus_runs_plus_RBI>=2 & hits_plus_runs_plus_RBI>=3,3,EXACT_IMPLICATION,3,"[{""explanation"": ""Threshold monotonicity"", ""proven"": true, ""rule_version"": ""mlb-official-batting-v1""}, {""explanation"": ""HRR includes nonnegative RBI"", ""proven"": true, ""rule_version"": ""mlb-official-batting-v1""}, {""explanation"": ""HRR includes nonnegative RBI"", ""proven"": true, ""rule_version"": ""mlb-official-batting-v1""}]",6863,198,1319,198,0,0.028850356986740492,0.1921900043712662,0.028850356986740492,1.0,0.15011372251705837,5.203184230477635,5.203184230477635,0.025146139244138867,0.03308171721919684,0.18304117406203216,0.20168322574585298,0.025146139244138867,0.03308171721919684,0.9809679396733518,1.0,0.13185501031013838,0.17040453572582462,0.0,0.0,0.0005594215104179578,0.0,1.0
fa343aa5d0ce0f8f20176d6cb691a559dfe4b224bdb43dc93d8fcb119a1f1557,mlb,RBI>=3,RBI>=2 & hits_plus_runs_plus_RBI>=1,2,EXACT_IMPLICATION,2,"[{""explanation"": ""Threshold monotonicity"", ""proven"": true, ""rule_version"": ""mlb-official-batting-v1""}, {""explanation"": ""HRR includes nonnegative RBI"", ""proven"": true, ""rule_version"": ""mlb-official-batting-v1""}]",6863,198,593,198,0,0.028850356986740492,0.08640536208655107,0.028850356986740492,1.0,0.33389544688026984,11.573355817875212,11.57335581787521,0.025146139244138867,0.03308171721919684,0.07998737687584612,0.09328609477134064,0.025146139244138867,0.03308171721919684,0.9809679396733518,1.0,0.2971143319983134,0.3728147637631396,0.0,0.0,0.0005594215104179578,0.0,1.0
ff3e3c0b71b6da7e509091e583074692070ac1d664775d12c870b0f9a2dd6eba,mlb,RBI>=3,RBI>=1,1,EXACT_IMPLICATION,1,"[{""explanation"": ""Threshold monotonicity"", ""proven"": true, ""rule_version"": ""mlb-official-batting-v1""}]",6863,198,1778,198,0,0.028850356986740492,0.2590703773859828,0.028850356986740492,1.0,0.11136107986501688,3.8599550056242964,3.859955005624297,0.025146139244138867,0.03308171721919684,0.24884172496455845,0.26956859223418156,0.025146139244138867,0.03308171721919684,0.9809679396733518,1.0,0.09756854055323862,0.12682934672306703,0.0,0.0,0.0005594215104179578,0.0,1.0
062c6382fa51ee8f3ae03beff18750577768dac63f12cfc4145b326b022f8581,mlb,total_bases>=6,hits_plus_runs_plus_RBI>=1 & total_bases>=1 & total_bases>=3,3,EXACT_IMPLICATION,3,"[{""explanation"": ""At most four TB per hit, so hits >= ceil(TB/4); HRR includes nonnegative hits"", ""proven"": true, ""rule_version"": ""mlb-official-batting-v1""}, {""explanation"": ""Threshold monotonicity"", ""proven"": true, ""rule_version"": ""mlb-official-batting-v1""}, {""explanation"": ""Threshold monotonicity"", ""proven"": true, ""rule_version"": ""mlb-official-batting-v1""}]",6863,162,1215,162,0,0.023604837534605856,0.17703628150954392,0.023604837534605856,1.0,0.13333333333333333,5.648559670781893,5.648559670781893,0.020270735508846068,0.027471950963050044,0.16818715677568946,0.18624675194581464,0.020270735508846068,0.027471950963050044,0.9768365591570956,1.0,0.11536998833415207,0.15360794677637607,0.0,0.0,0.0005594215104179578,0.0,1.0
0ff586f08fa7f032c8ee74add825892da46fa40e34f3778f650a6c7c11d03af2,mlb,total_bases>=6,hits_plus_runs_plus_RBI>=2 & total_bases>=1 & total_bases>=3,3,EXACT_IMPLICATION,3,"[{""explanation"": ""At most four TB per hit, so hits >= ceil(TB/4); HRR includes nonnegative hits"", ""proven"": true, ""rule_version"": ""mlb-official-batting-v1""}, {""explanation"": ""Threshold monotonicity"", ""proven"": true, ""rule_version"": ""mlb-official-batting-v1""}, {""explanation"": ""Threshold monotonicity"", ""proven"": true, ""rule_version"": ""mlb-official-batting-v1""}]",6863,162,1205,162,0,0.023604837534605856,0.17557919277283987,0.023604837534605856,1.0,0.13443983402489626,5.695435684647303,5.695435684647303,0.020270735508846068,0.027471950963050044,0.16676013414692334,0.1847612273547364,0.020270735508846068,0.027471950963050044,0.9768365591570956,1.0,0.11633659924896259,0.15486642446311746,0.0,0.0,0.0005594215104179578,0.0,1.0
1415265aedec8c7957d7c96b99c5779d81f538f9cb9043024c7793e649ca8875,mlb,total_bases>=6,hits>=2 & total_bases>=4,2,EXACT_IMPLICATION,2,"[{""explanation"": ""At most four TB per hit, so hits >= ceil(TB/4); HRR includes nonnegative hits"", ""proven"": true, ""rule_version"": ""mlb-official-batting-v1""}, {""explanation"": ""Threshold monotonicity"", ""proven"": true, ""rule_version"": ""mlb-official-batting-v1""}]",6863,162,517,162,0,0.023604837534605856,0.07533148768760017,0.023604837534605856,1.0,0.31334622823984526,13.274661508704062,13.274661508704062,0.020270735508846068,0.027471950963050044,0.06932214756520125,0.0818159652111686,0.020270735508846068,0.027471950963050044,0.9768365591570956,1.0,0.2748630427271488,0.3545827382654074,0.0,0.0,0.0005594215104179578,0.0,1.0
18925b30d6524e69f6e9aaab5f4c7cc132e551c142981b5fff1e030351e833c7,mlb,total_bases>=6,hits>=2 & total_bases>=2 & total_bases>=3,3,EXACT_IMPLICATION,3,"[{""explanation"": ""At most four TB per hit, so hits >= ceil(TB/4); HRR includes nonnegative hits"", ""proven"": true, ""rule_version"": ""mlb-official-batting-v1""}, {""explanation"": ""Threshold monotonicity"", ""proven"": true, ""rule_version"": ""mlb-official-batting-v1""}, {""explanation"": ""Threshold monotonicity"", ""proven"": true, ""rule_version"": ""mlb-official-batting-v1""}]",6863,162,888,162,0,0.023604837534605856,0.129389479819321,0.023604837534605856,1.0,0.18243243243243243,7.728603603603603,7.728603603603603,0.020270735508846068,0.027471950963050044,0.12165573617989746,0.13753787845269705,0.020270735508846068,0.027471950963050044,0.9768365591570956,1.0,0.1584169704960878,0.20918363337604853,0.0,0.0,0.0005594215104179578,0.0,1.0
19e4a72403fe0b42e021cb0aca05bb15ba3c1112a173e7a54096f31db0544ecd,mlb,total_bases>=6,hits>=1 & total_bases>=2 & total_bases>=3,3,EXACT_IMPLICATION,3,"[{""explanation"": ""At most four TB per hit, so hits >= ceil(TB/4); HRR includes nonnegative hits"", ""proven"": true, ""rule_version"": ""mlb-official-batting-v1""}, {""explanation"": ""Threshold monotonicity"", ""proven"": true, ""rule_version"": ""mlb-official-batting-v1""}, {""explanation"": ""Threshold monotonicity"", ""proven"": true, ""rule_version"": ""mlb-official-batting-v1""}]",6863,162,1215,162,0,0.023604837534605856,0.17703628150954392,0.023604837534605856,1.0,0.13333333333333333,5.648559670781893,5.648559670781893,0.020270735508846068,0.027471950963050044,0.16818715677568946,0.18624675194581464,0.020270735508846068,0.027471950963050044,0.9768365591570956,1.0,0.11536998833415207,0.15360794677637607,0.0,0.0,0.0005594215104179578,0.0,1.0
1a4e891333c9f0c9991439f8a1757a72f2f3265084bb4382755ce4fbd72f3207,mlb,total_bases>=6,total_bases>=1 & total_bases>=3,2,EXACT_IMPLICATION,2,"[{""explanation"": ""Threshold monotonicity"", ""proven"": true, ""rule_version"": ""mlb-official-batting-v1""}, {""explanation"": ""Threshold monotonicity"", ""proven"": true, ""rule_version"": ""mlb-official-batting-v1""}]",6863,162,1215,162,0,0.023604837534605856,0.17703628150954392,0.023604837534605856,1.0,0.13333333333333333,5.648559670781893,5.648559670781893,0.020270735508846068,0.027471950963050044,0.16818715677568946,0.18624675194581464,0.020270735508846068,0.027471950963050044,0.9768365591570956,1.0,0.11536998833415207,0.15360794677637607,0.0,0.0,0.0005594215104179578,0.0,1.0
1a54e203706fad8e4b22b2e84c64117ee5cf37eded03b7a1ab60990a719a5c4b,mlb,total_bases>=6,hits>=2 & total_bases>=2 & total_bases>=5,3,EXACT_IMPLICATION,3,"[{""explanation"": ""At most four TB per hit, so hits >= ceil(TB/4); HRR includes nonnegative hits"", ""proven"": true, ""rule_version"": ""mlb-official-batting-v1""}, {""explanation"": ""Threshold monotonicity"", ""proven"": true, ""rule_version"": ""mlb-official-batting-v1""}, {""explanation"": ""Threshold monotonicity"", ""proven"": true, ""rule_version"": ""mlb-official-batting-v1""}]",6863,162,359,162,0,0.023604837534605856,0.05230948564767594,0.023604837534605856,1.0,0.45125348189415043,19.11699164345404,19.11699164345404,0.020270735508846068,0.027471950963050044,0.047287833167272794,0.05783203353555663,0.020270735508846068,0.027471950963050044,0.9768365591570956,1.0,0.4005650993885408,0.5029740383005292,0.0,0.0,0.0005594215104179578,0.0,1.0
1a8a25fb89decc5e43be3c0c80ca7a4747745c4e50f0c6b4e257c0a0b7b36e78,mlb,total_bases>=6,total_bases>=3,1,EXACT_IMPLICATION,1,"[{""explanation"": ""Threshold monotonicity"", ""proven"": true, ""rule_version"": ""mlb-official-batting-v1""}]",6863,162,1215,162,0,0.023604837534605856,0.17703628150954392,0.023604837534605856,1.0,0.13333333333333333,5.648559670781893,5.648559670781893,0.020270735508846068,0.027471950963050044,0.16818715677568946,0.18624675194581464,0.020270735508846068,0.027471950963050044,0.9768365591570956,1.0,0.11536998833415207,0.15360794677637607,0.0,0.0,0.0005594215104179578,0.0,1.0
1f30b240d9e5e071449d9d27f95bdfb88343dc9528805b6457ee2b9bb6ce8bcd,mlb,total_bases>=6,hits>=2 & total_bases>=5,2,EXACT_IMPLICATION,2,"[{""explanation"": ""At most four TB per hit, so hits >= ceil(TB/4); HRR includes nonnegative hits"", ""proven"": true, ""rule_version"": ""mlb-official-batting-v1""}, {""explanation"": ""Threshold monotonicity"", ""proven"": true, ""rule_version"": ""mlb-official-batting-v1""}]",6863,162,359,162,0,0.023604837534605856,0.05230948564767594,0.023604837534605856,1.0,0.45125348189415043,19.11699164345404,19.11699164345404,0.020270735508846068,0.027471950963050044,0.047287833167272794,0.05783203353555663,0.020270735508846068,0.027471950963050044,0.9768365591570956,1.0,0.4005650993885408,0.5029740383005292,0.0,0.0,0.0005594215104179578,0.0,1.0
2296f8bc35005f432870a6c8a309392cd72f3aab9238a21b1ff3a4f446099c23,mlb,total_bases>=6,hits>=2 & hits_plus_runs_plus_RBI>=2 & total_bases>=4,3,EXACT_IMPLICATION,3,"[{""explanation"": ""At most four TB per hit, so hits >= ceil(TB/4); HRR includes nonnegative hits"", ""proven"": true, ""rule_version"": ""mlb-official-batting-v1""}, {""explanation"": ""At most four TB per hit, so hits >= ceil(TB/4); HRR includes nonnegative hits"", ""proven"": true, ""rule_version"": ""mlb-official-batting-v1""}, {""explanation"": ""Threshold monotonicity"", ""proven"": true, ""rule_version"": ""mlb-official-batting-v1""}]",6863,162,517,162,0,0.023604837534605856,0.07533148768760017,0.023604837534605856,1.0,0.31334622823984526,13.274661508704062,13.274661508704062,0.020270735508846068,0.027471950963050044,0.06932214756520125,0.0818159652111686,0.020270735508846068,0.027471950963050044,0.9768365591570956,1.0,0.2748630427271488,0.3545827382654074,0.0,0.0,0.0005594215104179578,0.0,1.0
259aa0f706f2ff73b022e390dcecd358930b0d242a78a53674588e7e5059fcfc,mlb,total_bases>=6,hits>=1 & total_bases>=2 & total_bases>=4,3,EXACT_IMPLICATION,3,"[{""explanation"": ""At most four TB per hit, so hits >= ceil(TB/4); HRR includes nonnegative hits"", ""proven"": true, ""rule_version"": ""mlb-official-batting-v1""}, {""explanation"": ""Threshold monotonicity"", ""proven"": true, ""rule_version"": ""mlb-official-batting-v1""}, {""explanation"": ""Threshold monotonicity"", ""proven"": true, ""rule_version"": ""mlb-official-batting-v1""}]",6863,162,791,162,0,0.023604837534605856,0.11525571907329156,0.023604837534605856,1.0,0.20480404551201012,8.6763590391909,8.676359039190897,0.020270735508846068,0.027471950963050044,0.10791505722010244,0.12302684938000205,0.020270735508846068,0.027471950963050044,0.9768365591570956,1.0,0.17813921974816876,0.23432222798143548,0.0,0.0,0.0005594215104179578,0.0,1.0
26165d005822604a22120f219b0d47b69478232bb3ddad6ec671ff72d43025f8,mlb,total_bases>=6,hits>=1 & total_bases>=1 & total_bases>=3,3,EXACT_IMPLICATION,3,"[{""explanation"": ""At most four TB per hit, so hits >= ceil(TB/4); HRR includes nonnegative hits"", ""proven"": true, ""rule_version"": ""mlb-official-batting-v1""}, {""explanation"": ""Threshold monotonicity"", ""proven"": true, ""rule_version"": ""mlb-official-batting-v1""}, {""explanation"": ""Threshold monotonicity"", ""proven"": true, ""rule_version"": ""mlb-official-batting-v1""}]",6863,162,1215,162,0,0.023604837534605856,0.17703628150954392,0.023604837534605856,1.0,0.13333333333333333,5.648559670781893,5.648559670781893,0.020270735508846068,0.027471950963050044,0.16818715677568946,0.18624675194581464,0.020270735508846068,0.027471950963050044,0.9768365591570956,1.0,0.11536998833415207,0.15360794677637607,0.0,0.0,0.0005594215104179578,0.0,1.0
2abb054a28d9a31ffacbf0928b771aad9c4150ace007fd5990140a188c5706a4,mlb,total_bases>=6,hits>=2 & hits_plus_runs_plus_RBI>=1 & total_bases>=1,3,EXACT_IMPLICATION,3,"[{""explanation"": ""At most four TB per hit, so hits >= ceil(TB/4); HRR includes nonnegative hits"", ""proven"": true, ""rule_version"": ""mlb-official-batting-v1""}, {""explanation"": ""At most four TB per hit, so hits >= ceil(TB/4); HRR includes nonnegative hits"", ""proven"": true, ""rule_version"": ""mlb-official-batting-v1""}, {""explanation"": ""Threshold monotonicity"", ""proven"": true, ""rule_version"": ""mlb-official-batting-v1""}]",6863,162,1371,162,0,0.023604837534605856,0.19976686580212735,0.023604837534605856,1.0,0.11816192560175055,5.005835156819839,5.005835156819839,0.020270735508846068,0.027471950963050044,0.1904766321191096,0.20939301323196607,0.020270735508846068,0.027471950963050044,0.9768365591570956,1.0,0.102132516884731,0.13632512978960534,0.0,0.0,0.0005594215104179578,0.0,1.0
2d973643756bead755ad936f99879d17a53d47eae69e29f52c0854198c437bbc,mlb,total_bases>=6,hits>=1 & total_bases>=3 & total_bases>=5,3,EXACT_IMPLICATION,3,"[{""explanation"": ""At most four TB per hit, so hits >= ceil(TB/4); HRR includes nonnegative hits"", ""proven"": true, ""rule_version"": ""mlb-official-batting-v1""}, {""explanation"": ""Threshold monotonicity"", ""proven"": true, ""rule_version"": ""mlb-official-batting-v1""}, {""explanation"": ""Threshold monotonicity"", ""proven"": true, ""rule_version"": ""mlb-official-batting-v1""}]",6863,162,359,162,0,0.023604837534605856,0.05230948564767594,0.023604837534605856,1.0,0.45125348189415043,19.11699164345404,19.11699164345404,0.020270735508846068,0.027471950963050044,0.047287833167272794,0.05783203353555663,0.020270735508846068,0.027471950963050044,0.9768365591570956,1.0,0.4005650993885408,0.5029740383005292,0.0,0.0,0.0005594215104179578,0.0,1.0
2dbe777e466e73fbf886666d83111fadc6f952d4238ab43d6a14004ecfb7d5ae,mlb,total_bases>=6,hits>=1 & total_bases>=4,2,EXACT_IMPLICATION,2,"[{""explanation"": ""At most four TB per hit, so hits >= ceil(TB/4); HRR includes nonnegative hits"", ""proven"": true, ""rule_version"": ""mlb-official-batting-v1""}, {""explanation"": ""Threshold monotonicity"", ""proven"": true, ""rule_version"": ""mlb-official-batting-v1""}]",6863,162,791,162,0,0.023604837534605856,0.11525571907329156,0.023604837534605856,1.0,0.20480404551201012,8.6763590391909,8.676359039190897,0.020270735508846068,0.027471950963050044,0.10791505722010244,0.12302684938000205,0.020270735508846068,0.027471950963050044,0.9768365591570956,1.0,0.17813921974816876,0.23432222798143548,0.0,0.0,0.0005594215104179578,0.0,1.0
30575556a8cc0bb8d102263939841555548d340fda0b2d8dccdb76ef00791397,mlb,total_bases>=6,hits_plus_runs_plus_RBI>=1 & total_bases>=4,2,EXACT_IMPLICATION,2,"[{""explanation"": ""At most four TB per hit, so hits >= ceil(TB/4); HRR includes nonnegative hits"", ""proven"": true, ""rule_version"": ""mlb-official-batting-v1""}, {""explanation"": ""Threshold monotonicity"", ""proven"": true, ""rule_version"": ""mlb-official-batting-v1""}]",6863,162,791,162,0,0.023604837534605856,0.11525571907329156,0.023604837534605856,1.0,0.20480404551201012,8.6763590391909,8.676359039190897,0.020270735508846068,0.027471950963050044,0.10791505722010244,0.12302684938000205,0.020270735508846068,0.027471950963050044,0.9768365591570956,1.0,0.17813921974816876,0.23432222798143548,0.0,0.0,0.0005594215104179578,0.0,1.0
32259d4c081602f485560be28bfd27097152624a99845ceddff6b438ab9852f0,mlb,total_bases>=6,total_bases>=2 & total_bases>=4 & total_bases>=5,3,EXACT_IMPLICATION,3,"[{""explanation"": ""Threshold monotonicity"", ""proven"": true, ""rule_version"": ""mlb-official-batting-v1""}, {""explanation"": ""Threshold monotonicity"", ""proven"": true, ""rule_version"": ""mlb-official-batting-v1""}, {""explanation"": ""Threshold monotonicity"", ""proven"": true, ""rule_version"": ""mlb-official-batting-v1""}]",6863,162,359,162,0,0.023604837534605856,0.05230948564767594,0.023604837534605856,1.0,0.45125348189415043,19.11699164345404,19.11699164345404,0.020270735508846068,0.027471950963050044,0.047287833167272794,0.05783203353555663,0.020270735508846068,0.027471950963050044,0.9768365591570956,1.0,0.4005650993885408,0.5029740383005292,0.0,0.0,0.0005594215104179578,0.0,1.0
3387d2c14c43944d6f3d380f29788ee1003fbe40477e9b8fe9a68deeba68881a,mlb,total_bases>=6,hits_plus_runs_plus_RBI>=2 & total_bases>=2,2,EXACT_IMPLICATION,2,"[{""explanation"": ""At most four TB per hit, so hits >= ceil(TB/4); HRR includes nonnegative hits"", ""proven"": true, ""rule_version"": ""mlb-official-batting-v1""}, {""explanation"": ""Threshold monotonicity"", ""proven"": true, ""rule_version"": ""mlb-official-batting-v1""}]",6863,162,2010,162,0,0.023604837534605856,0.29287483607751713,0.023604837534605856,1.0,0.08059701492537313,3.4144278606965175,3.4144278606965175,0.020270735508846068,0.027471950963050044,0.28222645280215375,0.30375495989697465,0.020270735508846068,0.027471950963050044,0.9768365591570956,1.0,0.06948108117210403,0.09331299449097136,0.0,0.0,0.0005594215104179578,0.0,1.0
3609b862727ebdd980a9619cd8a0fbd584175fe9bda587a9ead063709192bce2,mlb,total_bases>=6,total_bases>=2 & total_bases>=3,2,EXACT_IMPLICATION,2,"[{""explanation"": ""Threshold monotonicity"", ""proven"": true, ""rule_version"": ""mlb-official-batting-v1""}, {""explanation"": ""Threshold monotonicity"", ""proven"": true, ""rule_version"": ""mlb-official-batting-v1""}]",6863,162,1215,162,0,0.023604837534605856,0.17703628150954392,0.023604837534605856,1.0,0.13333333333333333,5.648559670781893,5.648559670781893,0.020270735508846068,0.027471950963050044,0.16818715677568946,0.18624675194581464,0.020270735508846068,0.027471950963050044,0.9768365591570956,1.0,0.11536998833415207,0.15360794677637607,0.0,0.0,0.0005594215104179578,0.0,1.0
3af0cc80d5ae2f498b45ac1e8cf2b2d3712ef7ff0649155b3eba0a06c3e141f1,mlb,total_bases>=6,hits_plus_runs_plus_RBI>=1 & total_bases>=2,2,EXACT_IMPLICATION,2,"[{""explanation"": ""At most four TB per hit, so hits >= ceil(TB/4); HRR includes nonnegative hits"", ""proven"": true, ""rule_version"": ""mlb-official-batting-v1""}, {""explanation"": ""Threshold monotonicity"", ""proven"": true, ""rule_version"": ""mlb-official-batting-v1""}]",6863,162,2181,162,0,0.023604837534605856,0.3177910534751566,0.023604837534605856,1.0,0.07427785419532325,3.146721687299404,3.146721687299404,0.020270735508846068,0.027471950963050044,0.3068796786974051,0.3289062914610614,0.020270735508846068,0.027471950963050044,0.9768365591570956,1.0,0.06400559753209563,0.08604714771270223,0.0,0.0,0.0005594215104179578,0.0,1.0
3e5af42e46a496829f4b830f8298620cef0731278e0334899b7a1d60ba085567,mlb,total_bases>=6,hits>=1 & hits_plus_runs_plus_RBI>=2 & total_bases>=4,3,EXACT_IMPLICATION,3,"[{""explanation"": ""At most four TB per hit, so hits >= ceil(TB/4); HRR includes nonnegative hits"", ""proven"": true, ""rule_version"": ""mlb-official-batting-v1""}, {""explanation"": ""At most four TB per hit, so hits >= ceil(TB/4); HRR includes nonnegative hits"", ""proven"": true, ""rule_version"": ""mlb-official-batting-v1""}, {""explanation"": ""Threshold monotonicity"", ""proven"": true, ""rule_version"": ""mlb-official-batting-v1""}]",6863,162,791,162,0,0.023604837534605856,0.11525571907329156,0.023604837534605856,1.0,0.20480404551201012,8.6763590391909,8.676359039190897,0.020270735508846068,0.027471950963050044,0.10791505722010244,0.12302684938000205,0.020270735508846068,0.027471950963050044,0.9768365591570956,1.0,0.17813921974816876,0.23432222798143548,0.0,0.0,0.0005594215104179578,0.0,1.0
3e5b49731519e7eefca8ec153402f398765d66521aca6c84ed7ad78546a82fb4,mlb,total_bases>=6,hits>=2 & hits_plus_runs_plus_RBI>=1,2,EXACT_IMPLICATION,2,"[{""explanation"": ""At most four TB per hit, so hits >= ceil(TB/4); HRR includes nonnegative hits"", ""proven"": true, ""rule_version"": ""mlb-official-batting-v1""}, {""explanation"": ""At most four TB per hit, so hits >= ceil(TB/4); HRR includes nonnegative hits"", ""proven"": true, ""rule_version"": ""mlb-official-batting-v1""}]",6863,162,1371,162,0,0.023604837534605856,0.19976686580212735,0.023604837534605856,1.0,0.11816192560175055,5.005835156819839,5.005835156819839,0.020270735508846068,0.027471950963050044,0.1904766321191096,0.20939301323196607,0.020270735508846068,0.027471950963050044,0.9768365591570956,1.0,0.102132516884731,0.13632512978960534,0.0,0.0,0.0005594215104179578,0.0,1.0
404d08d6c57b11841d3b72865be0997bce5b1b7a753136bff6a6f93444219442,mlb,total_bases>=6,hits_plus_runs_plus_RBI>=1 & hits_plus_runs_plus_RBI>=2 & total_bases>=1,3,EXACT_IMPLICATION,3,"[{""explanation"": ""At most four TB per hit, so hits >= ceil(TB/4); HRR includes nonnegative hits"", ""proven"": true, ""rule_version"": ""mlb-official-batting-v1""}, {""explanation"": ""At most four TB per hit, so hits >= ceil(TB/4); HRR includes nonnegative hits"", ""proven"": true, ""rule_version"": ""mlb-official-batting-v1""}, {""explanation"": ""Threshold monotonicity"", ""proven"": true, ""rule_version"": ""mlb-official-batting-v1""}]",6863,162,2742,162,0,0.023604837534605856,0.3995337316042547,0.023604837534605856,1.0,0.05908096280087528,2.5029175784099196,2.5029175784099196,0.020270735508846068,0.027471950963050044,0.3880049429454243,0.41117492624630914,0.020270735508846068,0.027471950963050044,0.9768365591570956,1.0,0.05085744991177352,0.06853817570511775,0.0,0.0,0.0005594215104179578,0.0,1.0
42e320d6afb28bf402b7048685e868532672454871808dedc0b278dc334583c3,mlb,total_bases>=6,hits>=1 & hits_plus_runs_plus_RBI>=2 & total_bases>=1,3,EXACT_IMPLICATION,3,"[{""explanation"": ""At most four TB per hit, so hits >= ceil(TB/4); HRR includes nonnegative hits"", ""proven"": true, ""rule_version"": ""mlb-official-batting-v1""}, {""explanation"": ""At most four TB per hit, so hits >= ceil(TB/4); HRR includes nonnegative hits"", ""proven"": true, ""rule_version"": ""mlb-official-batting-v1""}, {""explanation"": ""Threshold monotonicity"", ""proven"": true, ""rule_version"": ""mlb-official-batting-v1""}]",6863,162,2742,162,0,0.023604837534605856,0.3995337316042547,0.023604837534605856,1.0,0.05908096280087528,2.5029175784099196,2.5029175784099196,0.020270735508846068,0.027471950963050044,0.3880049429454243,0.41117492624630914,0.020270735508846068,0.027471950963050044,0.9768365591570956,1.0,0.05085744991177352,0.06853817570511775,0.0,0.0,0.0005594215104179578,0.0,1.0
45629d138566567770a4e92ff32b74cea3b2c5cfda1e2909c184ffd59a854c1a,mlb,total_bases>=6,hits>=2 & total_bases>=3 & total_bases>=4,3,EXACT_IMPLICATION,3,"[{""explanation"": ""At most four TB per hit, so hits >= ceil(TB/4); HRR includes nonnegative hits"", ""proven"": true, ""rule_version"": ""mlb-official-batting-v1""}, {""explanation"": ""Threshold monotonicity"", ""proven"": true, ""rule_version"": ""mlb-official-batting-v1""}, {""explanation"": ""Threshold monotonicity"", ""proven"": true, ""rule_version"": ""mlb-official-batting-v1""}]",6863,162,517,162,0,0.023604837534605856,0.07533148768760017,0.023604837534605856,1.0,0.31334622823984526,13.274661508704062,13.274661508704062,0.020270735508846068,0.027471950963050044,0.06932214756520125,0.0818159652111686,0.020270735508846068,0.027471950963050044,0.9768365591570956,1.0,0.2748630427271488,0.3545827382654074,0.0,0.0,0.0005594215104179578,0.0,1.0
45f7706550d2d2c3415dfac33f75ad9a9219c0d50ea08329aab7b24a00bbb325,mlb,total_bases>=6,hits>=1 & hits_plus_runs_plus_RBI>=1 & total_bases>=5,3,EXACT_IMPLICATION,3,"[{""explanation"": ""At most four TB per hit, so hits >= ceil(TB/4); HRR includes nonnegative hits"", ""proven"": true, ""rule_version"": ""mlb-official-batting-v1""}, {""explanation"": ""At most four TB per hit, so hits >= ceil(TB/4); HRR includes nonnegative hits"", ""proven"": true, ""rule_version"": ""mlb-official-batting-v1""}, {""explanation"": ""Threshold monotonicity"", ""proven"": true, ""rule_version"": ""mlb-official-batting-v1""}]",6863,162,359,162,0,0.023604837534605856,0.05230948564767594,0.023604837534605856,1.0,0.45125348189415043,19.11699164345404,19.11699164345404,0.020270735508846068,0.027471950963050044,0.047287833167272794,0.05783203353555663,0.020270735508846068,0.027471950963050044,0.9768365591570956,1.0,0.4005650993885408,0.5029740383005292,0.0,0.0,0.0005594215104179578,0.0,1.0
461eb914895a1c3cfa0495a22929ab52b867ed73543acddb12fe5f93ad53e9ca,mlb,total_bases>=6,total_bases>=1 & total_bases>=4 & total_bases>=5,3,EXACT_IMPLICATION,3,"[{""explanation"": ""Threshold monotonicity"", ""proven"": true, ""rule_version"": ""mlb-official-batting-v1""}, {""explanation"": ""Threshold monotonicity"", ""proven"": true, ""rule_version"": ""mlb-official-batting-v1""}, {""explanation"": ""Threshold monotonicity"", ""proven"": true, ""rule_version"": ""mlb-official-batting-v1""}]",6863,162,359,162,0,0.023604837534605856,0.05230948564767594,0.023604837534605856,1.0,0.45125348189415043,19.11699164345404,19.11699164345404,0.020270735508846068,0.027471950963050044,0.047287833167272794,0.05783203353555663,0.020270735508846068,0.027471950963050044,0.9768365591570956,1.0,0.4005650993885408,0.5029740383005292,0.0,0.0,0.0005594215104179578,0.0,1.0
4823059669696fab4d2f6b480f617a8a86663d1918f180b6617184508d9fdfcc,mlb,total_bases>=6,hits_plus_runs_plus_RBI>=1 & total_bases>=1 & total_bases>=2,3,EXACT_IMPLICATION,3,"[{""explanation"": ""At most four TB per hit, so hits >= ceil(TB/4); HRR includes nonnegative hits"", ""proven"": true, ""rule_version"": ""mlb-official-batting-v1""}, {""explanation"": ""Threshold monotonicity"", ""proven"": true, ""rule_version"": ""mlb-official-batting-v1""}, {""explanation"": ""Threshold monotonicity"", ""proven"": true, ""rule_version"": ""mlb-official-batting-v1""}]",6863,162,2181,162,0,0.023604837534605856,0.3177910534751566,0.023604837534605856,1.0,0.07427785419532325,3.146721687299404,3.146721687299404,0.020270735508846068,0.027471950963050044,0.3068796786974051,0.3289062914610614,0.020270735508846068,0.027471950963050044,0.9768365591570956,1.0,0.06400559753209563,0.08604714771270223,0.0,0.0,0.0005594215104179578,0.0,1.0
4e13dcac91611b2e17c4d0f3540e10fa52a0d2cebf4c8a4539c81526aa354e9c,mlb,total_bases>=6,total_bases>=3 & total_bases>=4 & total_bases>=5,3,EXACT_IMPLICATION,3,"[{""explanation"": ""Threshold monotonicity"", ""proven"": true, ""rule_version"": ""mlb-official-batting-v1""}, {""explanation"": ""Threshold monotonicity"", ""proven"": true, ""rule_version"": ""mlb-official-batting-v1""}, {""explanation"": ""Threshold monotonicity"", ""proven"": true, ""rule_version"": ""mlb-official-batting-v1""}]",6863,162,359,162,0,0.023604837534605856,0.05230948564767594,0.023604837534605856,1.0,0.45125348189415043,19.11699164345404,19.11699164345404,0.020270735508846068,0.027471950963050044,0.047287833167272794,0.05783203353555663,0.020270735508846068,0.027471950963050044,0.9768365591570956,1.0,0.4005650993885408,0.5029740383005292,0.0,0.0,0.0005594215104179578,0.0,1.0
4e3e2868d6bd47fc2639fdb88d02d938bd5d14db1b2afb527e82cf4331a951d0,mlb,total_bases>=6,hits>=2 & hits_plus_runs_plus_RBI>=2 & total_bases>=5,3,EXACT_IMPLICATION,3,"[{""explanation"": ""At most four TB per hit, so hits >= ceil(TB/4); HRR includes nonnegative hits"", ""proven"": true, ""rule_version"": ""mlb-official-batting-v1""}, {""explanation"": ""At most four TB per hit, so hits >= ceil(TB/4); HRR includes nonnegative hits"", ""proven"": true, ""rule_version"": ""mlb-official-batting-v1""}, {""explanation"": ""Threshold monotonicity"", ""proven"": true, ""rule_version"": ""mlb-official-batting-v1""}]",6863,162,359,162,0,0.023604837534605856,0.05230948564767594,0.023604837534605856,1.0,0.45125348189415043,19.11699164345404,19.11699164345404,0.020270735508846068,0.027471950963050044,0.047287833167272794,0.05783203353555663,0.020270735508846068,0.027471950963050044,0.9768365591570956,1.0,0.4005650993885408,0.5029740383005292,0.0,0.0,0.0005594215104179578,0.0,1.0
4f640647aa1185759e229a930c71206f897a76c94eedecb3c00f91ed256af78b,mlb,total_bases>=6,total_bases>=1 & total_bases>=3 & total_bases>=5,3,EXACT_IMPLICATION,3,"[{""explanation"": ""Threshold monotonicity"", ""proven"": true, ""rule_version"": ""mlb-official-batting-v1""}, {""explanation"": ""Threshold monotonicity"", ""proven"": true, ""rule_version"": ""mlb-official-batting-v1""}, {""explanation"": ""Threshold monotonicity"", ""proven"": true, ""rule_version"": ""mlb-official-batting-v1""}]",6863,162,359,162,0,0.023604837534605856,0.05230948564767594,0.023604837534605856,1.0,0.45125348189415043,19.11699164345404,19.11699164345404,0.020270735508846068,0.027471950963050044,0.047287833167272794,0.05783203353555663,0.020270735508846068,0.027471950963050044,0.9768365591570956,1.0,0.4005650993885408,0.5029740383005292,0.0,0.0,0.0005594215104179578,0.0,1.0
506f912baf813d384574b82d3dbc167c23f3af2203e4bdd3670240bd1758037d,mlb,total_bases>=6,total_bases>=1 & total_bases>=4,2,EXACT_IMPLICATION,2,"[{""explanation"": ""Threshold monotonicity"", ""proven"": true, ""rule_version"": ""mlb-official-batting-v1""}, {""explanation"": ""Threshold monotonicity"", ""proven"": true, ""rule_version"": ""mlb-official-batting-v1""}]",6863,162,791,162,0,0.023604837534605856,0.11525571907329156,0.023604837534605856,1.0,0.20480404551201012,8.6763590391909,8.676359039190897,0.020270735508846068,0.027471950963050044,0.10791505722010244,0.12302684938000205,0.020270735508846068,0.027471950963050044,0.9768365591570956,1.0,0.17813921974816876,0.23432222798143548,0.0,0.0,0.0005594215104179578,0.0,1.0
51700d7dab74dcd2a0a6e5b72cd39e17124774eb7819f456c243f8ca1691e848,mlb,total_bases>=6,hits_plus_runs_plus_RBI>=2 & total_bases>=2 & total_bases>=5,3,EXACT_IMPLICATION,3,"[{""explanation"": ""At most four TB per hit, so hits >= ceil(TB/4); HRR includes nonnegative hits"", ""proven"": true, ""rule_version"": ""mlb-official-batting-v1""}, {""explanation"": ""Threshold monotonicity"", ""proven"": true, ""rule_version"": ""mlb-official-batting-v1""}, {""explanation"": ""Threshold monotonicity"", ""proven"": true, ""rule_version"": ""mlb-official-batting-v1""}]",6863,162,359,162,0,0.023604837534605856,0.05230948564767594,0.023604837534605856,1.0,0.45125348189415043,19.11699164345404,19.11699164345404,0.020270735508846068,0.027471950963050044,0.047287833167272794,0.05783203353555663,0.020270735508846068,0.027471950963050044,0.9768365591570956,1.0,0.4005650993885408,0.5029740383005292,0.0,0.0,0.0005594215104179578,0.0,1.0
5283b9bda37d8e8f3612f8ca38a06adbcdefeefc477d05354def1d145c3950f7,mlb,total_bases>=6,hits_plus_runs_plus_RBI>=2 & total_bases>=2 & total_bases>=3,3,EXACT_IMPLICATION,3,"[{""explanation"": ""At most four TB per hit, so hits >= ceil(TB/4); HRR includes nonnegative hits"", ""proven"": true, ""rule_version"": ""mlb-official-batting-v1""}, {""explanation"": ""Threshold monotonicity"", ""proven"": true, ""rule_version"": ""mlb-official-batting-v1""}, {""explanation"": ""Threshold monotonicity"", ""proven"": true, ""rule_version"": ""mlb-official-batting-v1""}]",6863,162,1205,162,0,0.023604837534605856,0.17557919277283987,0.023604837534605856,1.0,0.13443983402489626,5.695435684647303,5.695435684647303,0.020270735508846068,0.027471950963050044,0.16676013414692334,0.1847612273547364,0.020270735508846068,0.027471950963050044,0.9768365591570956,1.0,0.11633659924896259,0.15486642446311746,0.0,0.0,0.0005594215104179578,0.0,1.0
53222e89dbaf3762b078b7eb7dc26310933831241f5a6a7de09d6b5cbbf1cf82,mlb,total_bases>=6,hits_plus_runs_plus_RBI>=1 & hits_plus_runs_plus_RBI>=2 & total_bases>=3,3,EXACT_IMPLICATION,3,"[{""explanation"": ""At most four TB per hit, so hits >= ceil(TB/4); HRR includes nonnegative hits"", ""proven"": true, ""rule_version"": ""mlb-official-batting-v1""}, {""explanation"": ""At most four TB per hit, so hits >= ceil(TB/4); HRR includes nonnegative hits"", ""proven"": true, ""rule_version"": ""mlb-official-batting-v1""}, {""explanation"": ""Threshold monotonicity"", ""proven"": true, ""rule_version"": ""mlb-official-batting-v1""}]",6863,162,1205,162,0,0.023604837534605856,0.17557919277283987,0.023604837534605856,1.0,0.13443983402489626,5.695435684647303,5.695435684647303,0.020270735508846068,0.027471950963050044,0.16676013414692334,0.1847612273547364,0.020270735508846068,0.027471950963050044,0.9768365591570956,1.0,0.11633659924896259,0.15486642446311746,0.0,0.0,0.0005594215104179578,0.0,1.0
5370a1bf9f6093ca146eecf4d5f9e5cf33a73b224d57de51b48d4203aefe3821,mlb,total_bases>=6,hits>=1 & total_bases>=1 & total_bases>=5,3,EXACT_IMPLICATION,3,"[{""explanation"": ""At most four TB per hit, so hits >= ceil(TB/4); HRR includes nonnegative hits"", ""proven"": true, ""rule_version"": ""mlb-official-batting-v1""}, {""explanation"": ""Threshold monotonicity"", ""proven"": true, ""rule_version"": ""mlb-official-batting-v1""}, {""explanation"": ""Threshold monotonicity"", ""proven"": true, ""rule_version"": ""mlb-official-batting-v1""}]",6863,162,359,162,0,0.023604837534605856,0.05230948564767594,0.023604837534605856,1.0,0.45125348189415043,19.11699164345404,19.11699164345404,0.020270735508846068,0.027471950963050044,0.047287833167272794,0.05783203353555663,0.020270735508846068,0.027471950963050044,0.9768365591570956,1.0,0.4005650993885408,0.5029740383005292,0.0,0.0,0.0005594215104179578,0.0,1.0
53f128e57c8a183265d2842c9b4bbc7251b67c4636b44e2c78eff6bfb7d0bd09,mlb,total_bases>=6,hits_plus_runs_plus_RBI>=1 & total_bases>=2 & total_bases>=4,3,EXACT_IMPLICATION,3,"[{""explanation"": ""At most four TB per hit, so hits >= ceil(TB/4); HRR includes nonnegative hits"", ""proven"": true, ""rule_version"": ""mlb-official-batting-v1""}, {""explanation"": ""Threshold monotonicity"", ""proven"": true, ""rule_version"": ""mlb-official-batting-v1""}, {""explanation"": ""Threshold monotonicity"", ""proven"": true, ""rule_version"": ""mlb-official-batting-v1""}]",6863,162,791,162,0,0.023604837534605856,0.11525571907329156,0.023604837534605856,1.0,0.20480404551201012,8.6763590391909,8.676359039190897,0.020270735508846068,0.027471950963050044,0.10791505722010244,0.12302684938000205,0.020270735508846068,0.027471950963050044,0.9768365591570956,1.0,0.17813921974816876,0.23432222798143548,0.0,0.0,0.0005594215104179578,0.0,1.0
55c77ef6faafec391c57b5e9ac35f4ad6302c124b04fdbe043a19e27532ff71f,mlb,total_bases>=6,hits>=1 & hits_plus_runs_plus_RBI>=1 & total_bases>=4,3,EXACT_IMPLICATION,3,"[{""explanation"": ""At most four TB per hit, so hits >= ceil(TB/4); HRR includes nonnegative hits"", ""proven"": true, ""rule_version"": ""mlb-official-batting-v1""}, {""explanation"": ""At most four TB per hit, so hits >= ceil(TB/4); HRR includes nonnegative hits"", ""proven"": true, ""rule_version"": ""mlb-official-batting-v1""}, {""explanation"": ""Threshold monotonicity"", ""proven"": true, ""rule_version"": ""mlb-official-batting-v1""}]",6863,162,791,162,0,0.023604837534605856,0.11525571907329156,0.023604837534605856,1.0,0.20480404551201012,8.6763590391909,8.676359039190897,0.020270735508846068,0.027471950963050044,0.10791505722010244,0.12302684938000205,0.020270735508846068,0.027471950963050044,0.9768365591570956,1.0,0.17813921974816876,0.23432222798143548,0.0,0.0,0.0005594215104179578,0.0,1.0
58c4cdb9c3ff132b6f6d630a85544b5957de3db3c1c3362e2862492bca6f6d31,mlb,total_bases>=6,hits_plus_runs_plus_RBI>=1,1,EXACT_IMPLICATION,1,"[{""explanation"": ""At most four TB per hit, so hits >= ceil(TB/4); HRR includes nonnegative hits"", ""proven"": true, ""rule_version"": ""mlb-official-batting-v1""}]",6863,162,4254,162,0,0.023604837534605856,0.6198455485939094,0.023604837534605856,1.0,0.0380818053596615,1.6133051245886223,1.6133051245886225,0.020270735508846068,0.027471950963050044,0.6082970007577593,0.631260008074437,0.020270735508846068,0.027471950963050044,0.9768365591570956,1.0,0.03273461334733862,0.04426248999513701,0.0,0.0,0.0005594215104179578,0.0,1.0
5eaf887f8265e8ae77f39a85d34645fdab1e70b3358ce2630b84de68699ef157,mlb,total_bases>=6,hits>=2 & total_bases>=1,2,EXACT_IMPLICATION,2,"[{""explanation"": ""At most four TB per hit, so hits >= ceil(TB/4); HRR includes nonnegative hits"", ""proven"": true, ""rule_version"": ""mlb-official-batting-v1""}, {""explanation"": ""Threshold monotonicity"", ""proven"": true, ""rule_version"": ""mlb-official-batting-v1""}]",6863,162,1371,162,0,0.023604837534605856,0.19976686580212735,0.023604837534605856,1.0,0.11816192560175055,5.005835156819839,5.005835156819839,0.020270735508846068,0.027471950963050044,0.1904766321191096,0.20939301323196607,0.020270735508846068,0.027471950963050044,0.9768365591570956,1.0,0.102132516884731,0.13632512978960534,0.0,0.0,0.0005594215104179578,0.0,1.0
6296f2a30a7a0765c11237e500d53d913d72a4f20abec7bee8a4e11a704d88b0,mlb,total_bases>=6,total_bases>=4,1,EXACT_IMPLICATION,1,"[{""explanation"": ""Threshold monotonicity"", ""proven"": true, ""rule_version"": ""mlb-official-batting-v1""}]",6863,162,791,162,0,0.023604837534605856,0.11525571907329156,0.023604837534605856,1.0,0.20480404551201012,8.6763590391909,8.676359039190897,0.020270735508846068,0.027471950963050044,0.10791505722010244,0.12302684938000205,0.020270735508846068,0.027471950963050044,0.9768365591570956,1.0,0.17813921974816876,0.23432222798143548,0.0,0.0,0.0005594215104179578,0.0,1.0
629c0c8f1eb57c81ce074b0c11dc5173d97df6fd87c498f62ef0746aefc769a4,mlb,total_bases>=6,hits>=1 & hits>=2 & total_bases>=1,3,EXACT_IMPLICATION,3,"[{""explanation"": ""At most four TB per hit, so hits >= ceil(TB/4); HRR includes nonnegative hits"", ""proven"": true, ""rule_version"": ""mlb-official-batting-v1""}, {""explanation"": ""At most four TB per hit, so hits >= ceil(TB/4); HRR includes nonnegative hits"", ""proven"": true, ""rule_version"": ""mlb-official-batting-v1""}, {""explanation"": ""Threshold monotonicity"", ""proven"": true, ""rule_version"": ""mlb-official-batting-v1""}]",6863,162,1371,162,0,0.023604837534605856,0.19976686580212735,0.023604837534605856,1.0,0.11816192560175055,5.005835156819839,5.005835156819839,0.020270735508846068,0.027471950963050044,0.1904766321191096,0.20939301323196607,0.020270735508846068,0.027471950963050044,0.9768365591570956,1.0,0.102132516884731,0.13632512978960534,0.0,0.0,0.0005594215104179578,0.0,1.0
63a1c3fb860a8c8af0d4316d943cb67293515f49b0840d21ac21ef512e3264df,mlb,total_bases>=6,hits_plus_runs_plus_RBI>=1 & total_bases>=3,2,EXACT_IMPLICATION,2,"[{""explanation"": ""At most four TB per hit, so hits >= ceil(TB/4); HRR includes nonnegative hits"", ""proven"": true, ""rule_version"": ""mlb-official-batting-v1""}, {""explanation"": ""Threshold monotonicity"", ""proven"": true, ""rule_version"": ""mlb-official-batting-v1""}]",6863,162,1215,162,0,0.023604837534605856,0.17703628150954392,0.023604837534605856,1.0,0.13333333333333333,5.648559670781893,5.648559670781893,0.020270735508846068,0.027471950963050044,0.16818715677568946,0.18624675194581464,0.020270735508846068,0.027471950963050044,0.9768365591570956,1.0,0.11536998833415207,0.15360794677637607,0.0,0.0,0.0005594215104179578,0.0,1.0
63a9bc7dbbec0ddaa76fabf9b5fe780ee9b6f19115076eb0ec0724f9944309e7,mlb,total_bases>=6,hits>=1 & hits>=2 & total_bases>=4,3,EXACT_IMPLICATION,3,"[{""explanation"": ""At most four TB per hit, so hits >= ceil(TB/4); HRR includes nonnegative hits"", ""proven"": true, ""rule_version"": ""mlb-official-batting-v1""}, {""explanation"": ""At most four TB per hit, so hits >= ceil(TB/4); HRR includes nonnegative hits"", ""proven"": true, ""rule_version"": ""mlb-official-batting-v1""}, {""explanation"": ""Threshold monotonicity"", ""proven"": true, ""rule_version"": ""mlb-official-batting-v1""}]",6863,162,517,162,0,0.023604837534605856,0.07533148768760017,0.023604837534605856,1.0,0.31334622823984526,13.274661508704062,13.274661508704062,0.020270735508846068,0.027471950963050044,0.06932214756520125,0.0818159652111686,0.020270735508846068,0.027471950963050044,0.9768365591570956,1.0,0.2748630427271488,0.3545827382654074,0.0,0.0,0.0005594215104179578,0.0,1.0
6587202c8e6bf8ac88dc67d7aa24a0e2bd739f0b3edbdcf772248a6b942c984e,mlb,total_bases>=6,hits>=2 & hits_plus_runs_plus_RBI>=1 & total_bases>=3,3,EXACT_IMPLICATION,3,"[{""explanation"": ""At most four TB per hit, so hits >= ceil(TB/4); HRR includes nonnegative hits"", ""proven"": true, ""rule_version"": ""mlb-official-batting-v1""}, {""explanation"": ""At most four TB per hit, so hits >= ceil(TB/4); HRR includes nonnegative hits"", ""proven"": true, ""rule_version"": ""mlb-official-batting-v1""}, {""explanation"": ""Threshold monotonicity"", ""proven"": true, ""rule_version"": ""mlb-official-batting-v1""}]",6863,162,888,162,0,0.023604837534605856,0.129389479819321,0.023604837534605856,1.0,0.18243243243243243,7.728603603603603,7.728603603603603,0.020270735508846068,0.027471950963050044,0.12165573617989746,0.13753787845269705,0.020270735508846068,0.027471950963050044,0.9768365591570956,1.0,0.1584169704960878,0.20918363337604853,0.0,0.0,0.0005594215104179578,0.0,1.0
66210122ecfb54395acf71ba85b831717e62923d6ce5129e07ab6fb715bd5192,mlb,total_bases>=6,total_bases>=1 & total_bases>=2 & total_bases>=5,3,EXACT_IMPLICATION,3,"[{""explanation"": ""Threshold monotonicity"", ""proven"": true, ""rule_version"": ""mlb-official-batting-v1""}, {""explanation"": ""Threshold monotonicity"", ""proven"": true, ""rule_version"": ""mlb-official-batting-v1""}, {""explanation"": ""Threshold monotonicity"", ""proven"": true, ""rule_version"": ""mlb-official-batting-v1""}]",6863,162,359,162,0,0.023604837534605856,0.05230948564767594,0.023604837534605856,1.0,0.45125348189415043,19.11699164345404,19.11699164345404,0.020270735508846068,0.027471950963050044,0.047287833167272794,0.05783203353555663,0.020270735508846068,0.027471950963050044,0.9768365591570956,1.0,0.4005650993885408,0.5029740383005292,0.0,0.0,0.0005594215104179578,0.0,1.0
665382ff6ddbf02a12eef544e48dcb8a83f74195bbb1e8ffe239957b0825925f,mlb,total_bases>=6,hits>=1 & hits_plus_runs_plus_RBI>=1 & hits_plus_runs_plus_RBI>=2,3,EXACT_IMPLICATION,3,"[{""explanation"": ""At most four TB per hit, so hits >= ceil(TB/4); HRR includes nonnegative hits"", ""proven"": true, ""rule_version"": ""mlb-official-batting-v1""}, {""explanation"": ""At most four TB per hit, so hits >= ceil(TB/4); HRR includes nonnegative hits"", ""proven"": true, ""rule_version"": ""mlb-official-batting-v1""}, {""explanation"": ""At most four TB per hit, so hits >= ceil(TB/4); HRR includes nonnegative hits"", ""proven"": true, ""rule_version"": ""mlb-official-batting-v1""}]",6863,162,2742,162,0,0.023604837534605856,0.3995337316042547,0.023604837534605856,1.0,0.05908096280087528,2.5029175784099196,2.5029175784099196,0.020270735508846068,0.027471950963050044,0.3880049429454243,0.41117492624630914,0.020270735508846068,0.027471950963050044,0.9768365591570956,1.0,0.05085744991177352,0.06853817570511775,0.0,0.0,0.0005594215104179578,0.0,1.0
676faf41f3885727a207837b7034114b5163390c1a722f32548374464c12455a,mlb,total_bases>=6,total_bases>=1 & total_bases>=2 & total_bases>=4,3,EXACT_IMPLICATION,3,"[{""explanation"": ""Threshold monotonicity"", ""proven"": true, ""rule_version"": ""mlb-official-batting-v1""}, {""explanation"": ""Threshold monotonicity"", ""proven"": true, ""rule_version"": ""mlb-official-batting-v1""}, {""explanation"": ""Threshold monotonicity"", ""proven"": true, ""rule_version"": ""mlb-official-batting-v1""}]",6863,162,791,162,0,0.023604837534605856,0.11525571907329156,0.023604837534605856,1.0,0.20480404551201012,8.6763590391909,8.676359039190897,0.020270735508846068,0.027471950963050044,0.10791505722010244,0.12302684938000205,0.020270735508846068,0.027471950963050044,0.9768365591570956,1.0,0.17813921974816876,0.23432222798143548,0.0,0.0,0.0005594215104179578,0.0,1.0
6bee5f5428008427282d97b9b3dd47c70895323a615a6a7be083e3d155d8e17a,mlb,total_bases>=6,hits>=1 & total_bases>=1 & total_bases>=2,3,EXACT_IMPLICATION,3,"[{""explanation"": ""At most four TB per hit, so hits >= ceil(TB/4); HRR includes nonnegative hits"", ""proven"": true, ""rule_version"": ""mlb-official-batting-v1""}, {""explanation"": ""Threshold monotonicity"", ""proven"": true, ""rule_version"": ""mlb-official-batting-v1""}, {""explanation"": ""Threshold monotonicity"", ""proven"": true, ""rule_version"": ""mlb-official-batting-v1""}]",6863,162,2181,162,0,0.023604837534605856,0.3177910534751566,0.023604837534605856,1.0,0.07427785419532325,3.146721687299404,3.146721687299404,0.020270735508846068,0.027471950963050044,0.3068796786974051,0.3289062914610614,0.020270735508846068,0.027471950963050044,0.9768365591570956,1.0,0.06400559753209563,0.08604714771270223,0.0,0.0,0.0005594215104179578,0.0,1.0
6c55363adfa35d15210a036fdf50e4c757266ddc5fe9192d595d290e51701d9b,mlb,total_bases>=6,hits_plus_runs_plus_RBI>=1 & total_bases>=5,2,EXACT_IMPLICATION,2,"[{""explanation"": ""At most four TB per hit, so hits >= ceil(TB/4); HRR includes nonnegative hits"", ""proven"": true, ""rule_version"": ""mlb-official-batting-v1""}, {""explanation"": ""Threshold monotonicity"", ""proven"": true, ""rule_version"": ""mlb-official-batting-v1""}]",6863,162,359,162,0,0.023604837534605856,0.05230948564767594,0.023604837534605856,1.0,0.45125348189415043,19.11699164345404,19.11699164345404,0.020270735508846068,0.027471950963050044,0.047287833167272794,0.05783203353555663,0.020270735508846068,0.027471950963050044,0.9768365591570956,1.0,0.4005650993885408,0.5029740383005292,0.0,0.0,0.0005594215104179578,0.0,1.0
6c6fd52b78619d42a98abc51e261a01ed733064417c0860faa9cb5686e137e36,mlb,total_bases>=6,hits>=2 & total_bases>=3 & total_bases>=5,3,EXACT_IMPLICATION,3,"[{""explanation"": ""At most four TB per hit, so hits >= ceil(TB/4); HRR includes nonnegative hits"", ""proven"": true, ""rule_version"": ""mlb-official-batting-v1""}, {""explanation"": ""Threshold monotonicity"", ""proven"": true, ""rule_version"": ""mlb-official-batting-v1""}, {""explanation"": ""Threshold monotonicity"", ""proven"": true, ""rule_version"": ""mlb-official-batting-v1""}]",6863,162,359,162,0,0.023604837534605856,0.05230948564767594,0.023604837534605856,1.0,0.45125348189415043,19.11699164345404,19.11699164345404,0.020270735508846068,0.027471950963050044,0.047287833167272794,0.05783203353555663,0.020270735508846068,0.027471950963050044,0.9768365591570956,1.0,0.4005650993885408,0.5029740383005292,0.0,0.0,0.0005594215104179578,0.0,1.0
6e48cc656135f7c8d2b77ac73c0e632c07ec02cdeb46d72c713d4d267fd53edb,mlb,total_bases>=6,hits>=1 & total_bases>=3,2,EXACT_IMPLICATION,2,"[{""explanation"": ""At most four TB per hit, so hits >= ceil(TB/4); HRR includes nonnegative hits"", ""proven"": true, ""rule_version"": ""mlb-official-batting-v1""}, {""explanation"": ""Threshold monotonicity"", ""proven"": true, ""rule_version"": ""mlb-official-batting-v1""}]",6863,162,1215,162,0,0.023604837534605856,0.17703628150954392,0.023604837534605856,1.0,0.13333333333333333,5.648559670781893,5.648559670781893,0.020270735508846068,0.027471950963050044,0.16818715677568946,0.18624675194581464,0.020270735508846068,0.027471950963050044,0.9768365591570956,1.0,0.11536998833415207,0.15360794677637607,0.0,0.0,0.0005594215104179578,0.0,1.0
6ea60b557af57f69b5a4460301e9c7799b23964a5fabaca95514c23801e69802,mlb,total_bases>=6,hits_plus_runs_plus_RBI>=2 & total_bases>=4 & total_bases>=5,3,EXACT_IMPLICATION,3,"[{""explanation"": ""At most four TB per hit, so hits >= ceil(TB/4); HRR includes nonnegative hits"", ""proven"": true, ""rule_version"": ""mlb-official-batting-v1""}, {""explanation"": ""Threshold monotonicity"", ""proven"": true, ""rule_version"": ""mlb-official-batting-v1""}, {""explanation"": ""Threshold monotonicity"", ""proven"": true, ""rule_version"": ""mlb-official-batting-v1""}]",6863,162,359,162,0,0.023604837534605856,0.05230948564767594,0.023604837534605856,1.0,0.45125348189415043,19.11699164345404,19.11699164345404,0.020270735508846068,0.027471950963050044,0.047287833167272794,0.05783203353555663,0.020270735508846068,0.027471950963050044,0.9768365591570956,1.0,0.4005650993885408,0.5029740383005292,0.0,0.0,0.0005594215104179578,0.0,1.0
7113d76845d927312e336bd13c7813cd295c439eb619921e75a72cdcb203349d,mlb,total_bases>=6,hits_plus_runs_plus_RBI>=1 & total_bases>=1 & total_bases>=5,3,EXACT_IMPLICATION,3,"[{""explanation"": ""At most four TB per hit, so hits >= ceil(TB/4); HRR includes nonnegative hits"", ""proven"": true, ""rule_version"": ""mlb-official-batting-v1""}, {""explanation"": ""Threshold monotonicity"", ""proven"": true, ""rule_version"": ""mlb-official-batting-v1""}, {""explanation"": ""Threshold monotonicity"", ""proven"": true, ""rule_version"": ""mlb-official-batting-v1""}]",6863,162,359,162,0,0.023604837534605856,0.05230948564767594,0.023604837534605856,1.0,0.45125348189415043,19.11699164345404,19.11699164345404,0.020270735508846068,0.027471950963050044,0.047287833167272794,0.05783203353555663,0.020270735508846068,0.027471950963050044,0.9768365591570956,1.0,0.4005650993885408,0.5029740383005292,0.0,0.0,0.0005594215104179578,0.0,1.0
729252a1a1af9e60e117d559e7fcce546321a8b8c3a5897a379fee5346da52d8,mlb,total_bases>=6,hits_plus_runs_plus_RBI>=1 & hits_plus_runs_plus_RBI>=2 & total_bases>=4,3,EXACT_IMPLICATION,3,"[{""explanation"": ""At most four TB per hit, so hits >= ceil(TB/4); HRR includes nonnegative hits"", ""proven"": true, ""rule_version"": ""mlb-official-batting-v1""}, {""explanation"": ""At most four TB per hit, so hits >= ceil(TB/4); HRR includes nonnegative hits"", ""proven"": true, ""rule_version"": ""mlb-official-batting-v1""}, {""explanation"": ""Threshold monotonicity"", ""proven"": true, ""rule_version"": ""mlb-official-batting-v1""}]",6863,162,791,162,0,0.023604837534605856,0.11525571907329156,0.023604837534605856,1.0,0.20480404551201012,8.6763590391909,8.676359039190897,0.020270735508846068,0.027471950963050044,0.10791505722010244,0.12302684938000205,0.020270735508846068,0.027471950963050044,0.9768365591570956,1.0,0.17813921974816876,0.23432222798143548,0.0,0.0,0.0005594215104179578,0.0,1.0
72eb186ae7030d11f73e17d0440ffd93f8b4cfc13495837a6c40c37668803baa,mlb,total_bases>=6,total_bases>=2 & total_bases>=3 & total_bases>=4,3,EXACT_IMPLICATION,3,"[{""explanation"": ""Threshold monotonicity"", ""proven"": true, ""rule_version"": ""mlb-official-batting-v1""}, {""explanation"": ""Threshold monotonicity"", ""proven"": true, ""rule_version"": ""mlb-official-batting-v1""}, {""explanation"": ""Threshold monotonicity"", ""proven"": true, ""rule_version"": ""mlb-official-batting-v1""}]",6863,162,791,162,0,0.023604837534605856,0.11525571907329156,0.023604837534605856,1.0,0.20480404551201012,8.6763590391909,8.676359039190897,0.020270735508846068,0.027471950963050044,0.10791505722010244,0.12302684938000205,0.020270735508846068,0.027471950963050044,0.9768365591570956,1.0,0.17813921974816876,0.23432222798143548,0.0,0.0,0.0005594215104179578,0.0,1.0
76056c6a04ad7c9d77427a6446ff6bfdf6d8f800560063663d73d6e35a81fa93,mlb,total_bases>=6,hits>=2 & total_bases>=1 & total_bases>=3,3,EXACT_IMPLICATION,3,"[{""explanation"": ""At most four TB per hit, so hits >= ceil(TB/4); HRR includes nonnegative hits"", ""proven"": true, ""rule_version"": ""mlb-official-batting-v1""}, {""explanation"": ""Threshold monotonicity"", ""proven"": true, ""rule_version"": ""mlb-official-batting-v1""}, {""explanation"": ""Threshold monotonicity"", ""proven"": true, ""rule_version"": ""mlb-official-batting-v1""}]",6863,162,888,162,0,0.023604837534605856,0.129389479819321,0.023604837534605856,1.0,0.18243243243243243,7.728603603603603,7.728603603603603,0.020270735508846068,0.027471950963050044,0.12165573617989746,0.13753787845269705,0.020270735508846068,0.027471950963050044,0.9768365591570956,1.0,0.1584169704960878,0.20918363337604853,0.0,0.0,0.0005594215104179578,0.0,1.0
778e4d71266b9efb1b82cb21026987cca6442573d35688277cbe00ac6bded6be,mlb,total_bases>=6,total_bases>=4 & total_bases>=5,2,EXACT_IMPLICATION,2,"[{""explanation"": ""Threshold monotonicity"", ""proven"": true, ""rule_version"": ""mlb-official-batting-v1""}, {""explanation"": ""Threshold monotonicity"", ""proven"": true, ""rule_version"": ""mlb-official-batting-v1""}]",6863,162,359,162,0,0.023604837534605856,0.05230948564767594,0.023604837534605856,1.0,0.45125348189415043,19.11699164345404,19.11699164345404,0.020270735508846068,0.027471950963050044,0.047287833167272794,0.05783203353555663,0.020270735508846068,0.027471950963050044,0.9768365591570956,1.0,0.4005650993885408,0.5029740383005292,0.0,0.0,0.0005594215104179578,0.0,1.0
792772927e32c60609c16fa3987a9b4176d86389e8e1da59b642aa88d7dc3fbd,mlb,total_bases>=6,hits>=2 & hits_plus_runs_plus_RBI>=1 & total_bases>=2,3,EXACT_IMPLICATION,3,"[{""explanation"": ""At most four TB per hit, so hits >= ceil(TB/4); HRR includes nonnegative hits"", ""proven"": true, ""rule_version"": ""mlb-official-batting-v1""}, {""explanation"": ""At most four TB per hit, so hits >= ceil(TB/4); HRR includes nonnegative hits"", ""proven"": true, ""rule_version"": ""mlb-official-batting-v1""}, {""explanation"": ""Threshold monotonicity"", ""proven"": true, ""rule_version"": ""mlb-official-batting-v1""}]",6863,162,1371,162,0,0.023604837534605856,0.19976686580212735,0.023604837534605856,1.0,0.11816192560175055,5.005835156819839,5.005835156819839,0.020270735508846068,0.027471950963050044,0.1904766321191096,0.20939301323196607,0.020270735508846068,0.027471950963050044,0.9768365591570956,1.0,0.102132516884731,0.13632512978960534,0.0,0.0,0.0005594215104179578,0.0,1.0
7b2aa4b97070d8746d2d72d97b989e2304f58f465fce187a8daca3baeee666f9,mlb,total_bases>=6,hits>=1 & total_bases>=1,2,EXACT_IMPLICATION,2,"[{""explanation"": ""At most four TB per hit, so hits >= ceil(TB/4); HRR includes nonnegative hits"", ""proven"": true, ""rule_version"": ""mlb-official-batting-v1""}, {""explanation"": ""Threshold monotonicity"", ""proven"": true, ""rule_version"": ""mlb-official-batting-v1""}]",6863,162,3819,162,0,0.023604837534605856,0.5564621885472826,0.023604837534605856,1.0,0.04241948153967007,1.79706729510343,1.79706729510343,0.020270735508846068,0.027471950963050044,0.5446801576520175,0.5681810471169504,0.020270735508846068,0.027471950963050044,0.9768365591570956,1.0,0.0364738775876844,0.04928470339250349,0.0,0.0,0.0005594215104179578,0.0,1.0
7d4e9d4cae1d70d7089e91c55bae0e31469baa71424801adf87f0f5b16cbfcb4,mlb,total_bases>=6,hits_plus_runs_plus_RBI>=2 & total_bases>=3 & total_bases>=5,3,EXACT_IMPLICATION,3,"[{""explanation"": ""At most four TB per hit, so hits >= ceil(TB/4); HRR includes nonnegative hits"", ""proven"": true, ""rule_version"": ""mlb-official-batting-v1""}, {""explanation"": ""Threshold monotonicity"", ""proven"": true, ""rule_version"": ""mlb-official-batting-v1""}, {""explanation"": ""Threshold monotonicity"", ""proven"": true, ""rule_version"": ""mlb-official-batting-v1""}]",6863,162,359,162,0,0.023604837534605856,0.05230948564767594,0.023604837534605856,1.0,0.45125348189415043,19.11699164345404,19.11699164345404,0.020270735508846068,0.027471950963050044,0.047287833167272794,0.05783203353555663,0.020270735508846068,0.027471950963050044,0.9768365591570956,1.0,0.4005650993885408,0.5029740383005292,0.0,0.0,0.0005594215104179578,0.0,1.0
8519bd08ac174fa57d4aa14596b967d8e3b220cba38c4f8b22ebf4c819de72d9,mlb,total_bases>=6,hits>=1 & hits_plus_runs_plus_RBI>=2 & total_bases>=3,3,EXACT_IMPLICATION,3,"[{""explanation"": ""At most four TB per hit, so hits >= ceil(TB/4); HRR includes nonnegative hits"", ""proven"": true, ""rule_version"": ""mlb-official-batting-v1""}, {""explanation"": ""At most four TB per hit, so hits >= ceil(TB/4); HRR includes nonnegative hits"", ""proven"": true, ""rule_version"": ""mlb-official-batting-v1""}, {""explanation"": ""Threshold monotonicity"", ""proven"": true, ""rule_version"": ""mlb-official-batting-v1""}]",6863,162,1205,162,0,0.023604837534605856,0.17557919277283987,0.023604837534605856,1.0,0.13443983402489626,5.695435684647303,5.695435684647303,0.020270735508846068,0.027471950963050044,0.16676013414692334,0.1847612273547364,0.020270735508846068,0.027471950963050044,0.9768365591570956,1.0,0.11633659924896259,0.15486642446311746,0.0,0.0,0.0005594215104179578,0.0,1.0
883693dbd1cf580f1cdcafa18fcb9047cc2c1f993317f04143d455d9474b3ce3,mlb,total_bases>=6,total_bases>=3 & total_bases>=4,2,EXACT_IMPLICATION,2,"[{""explanation"": ""Threshold monotonicity"", ""proven"": true, ""rule_version"": ""mlb-official-batting-v1""}, {""explanation"": ""Threshold monotonicity"", ""proven"": true, ""rule_version"": ""mlb-official-batting-v1""}]",6863,162,791,162,0,0.023604837534605856,0.11525571907329156,0.023604837534605856,1.0,0.20480404551201012,8.6763590391909,8.676359039190897,0.020270735508846068,0.027471950963050044,0.10791505722010244,0.12302684938000205,0.020270735508846068,0.027471950963050044,0.9768365591570956,1.0,0.17813921974816876,0.23432222798143548,0.0,0.0,0.0005594215104179578,0.0,1.0
88e1a6fa56c32096ca3b246820af690001b1f57484fa9fffd19a65eb29ad8060,mlb,total_bases>=6,hits>=2 & hits_plus_runs_plus_RBI>=1 & total_bases>=4,3,EXACT_IMPLICATION,3,"[{""explanation"": ""At most four TB per hit, so hits >= ceil(TB/4); HRR includes nonnegative hits"", ""proven"": true, ""rule_version"": ""mlb-official-batting-v1""}, {""explanation"": ""At most four TB per hit, so hits >= ceil(TB/4); HRR includes nonnegative hits"", ""proven"": true, ""rule_version"": ""mlb-official-batting-v1""}, {""explanation"": ""Threshold monotonicity"", ""proven"": true, ""rule_version"": ""mlb-official-batting-v1""}]",6863,162,517,162,0,0.023604837534605856,0.07533148768760017,0.023604837534605856,1.0,0.31334622823984526,13.274661508704062,13.274661508704062,0.020270735508846068,0.027471950963050044,0.06932214756520125,0.0818159652111686,0.020270735508846068,0.027471950963050044,0.9768365591570956,1.0,0.2748630427271488,0.3545827382654074,0.0,0.0,0.0005594215104179578,0.0,1.0
8e21cfbd866dc4648dee85694cad87652c42674d97952c2074682a6c1f783efc,mlb,total_bases>=6,hits>=1 & total_bases>=5,2,EXACT_IMPLICATION,2,"[{""explanation"": ""At most four TB per hit, so hits >= ceil(TB/4); HRR includes nonnegative hits"", ""proven"": true, ""rule_version"": ""mlb-official-batting-v1""}, {""explanation"": ""Threshold monotonicity"", ""proven"": true, ""rule_version"": ""mlb-official-batting-v1""}]",6863,162,359,162,0,0.023604837534605856,0.05230948564767594,0.023604837534605856,1.0,0.45125348189415043,19.11699164345404,19.11699164345404,0.020270735508846068,0.027471950963050044,0.047287833167272794,0.05783203353555663,0.020270735508846068,0.027471950963050044,0.9768365591570956,1.0,0.4005650993885408,0.5029740383005292,0.0,0.0,0.0005594215104179578,0.0,1.0
925a80c201aa459f9a867f27ff215af09fa5abbe5d733b7a4b34819e18a24d1f,mlb,total_bases>=6,total_bases>=2 & total_bases>=4,2,EXACT_IMPLICATION,2,"[{""explanation"": ""Threshold monotonicity"", ""proven"": true, ""rule_version"": ""mlb-official-batting-v1""}, {""explanation"": ""Threshold monotonicity"", ""proven"": true, ""rule_version"": ""mlb-official-batting-v1""}]",6863,162,791,162,0,0.023604837534605856,0.11525571907329156,0.023604837534605856,1.0,0.20480404551201012,8.6763590391909,8.676359039190897,0.020270735508846068,0.027471950963050044,0.10791505722010244,0.12302684938000205,0.020270735508846068,0.027471950963050044,0.9768365591570956,1.0,0.17813921974816876,0.23432222798143548,0.0,0.0,0.0005594215104179578,0.0,1.0
947895f45993342632438083f552fa464d6f38b679807a7bbadfb658f6d1c0d1,mlb,total_bases>=6,hits>=2 & total_bases>=4 & total_bases>=5,3,EXACT_IMPLICATION,3,"[{""explanation"": ""At most four TB per hit, so hits >= ceil(TB/4); HRR includes nonnegative hits"", ""proven"": true, ""rule_version"": ""mlb-official-batting-v1""}, {""explanation"": ""Threshold monotonicity"", ""proven"": true, ""rule_version"": ""mlb-official-batting-v1""}, {""explanation"": ""Threshold monotonicity"", ""proven"": true, ""rule_version"": ""mlb-official-batting-v1""}]",6863,162,359,162,0,0.023604837534605856,0.05230948564767594,0.023604837534605856,1.0,0.45125348189415043,19.11699164345404,19.11699164345404,0.020270735508846068,0.027471950963050044,0.047287833167272794,0.05783203353555663,0.020270735508846068,0.027471950963050044,0.9768365591570956,1.0,0.4005650993885408,0.5029740383005292,0.0,0.0,0.0005594215104179578,0.0,1.0
962fd0c1e832cd0d17367e9608db5a865f335efd8a2f4aa373df607f61b3af57,mlb,total_bases>=6,total_bases>=2 & total_bases>=3 & total_bases>=5,3,EXACT_IMPLICATION,3,"[{""explanation"": ""Threshold monotonicity"", ""proven"": true, ""rule_version"": ""mlb-official-batting-v1""}, {""explanation"": ""Threshold monotonicity"", ""proven"": true, ""rule_version"": ""mlb-official-batting-v1""}, {""explanation"": ""Threshold monotonicity"", ""proven"": true, ""rule_version"": ""mlb-official-batting-v1""}]",6863,162,359,162,0,0.023604837534605856,0.05230948564767594,0.023604837534605856,1.0,0.45125348189415043,19.11699164345404,19.11699164345404,0.020270735508846068,0.027471950963050044,0.047287833167272794,0.05783203353555663,0.020270735508846068,0.027471950963050044,0.9768365591570956,1.0,0.4005650993885408,0.5029740383005292,0.0,0.0,0.0005594215104179578,0.0,1.0
9646906889d25aff2e29f6c82b15706f536a527f758dafa5222deb0036ecf1a9,mlb,total_bases>=6,hits_plus_runs_plus_RBI>=2 & total_bases>=4,2,EXACT_IMPLICATION,2,"[{""explanation"": ""At most four TB per hit, so hits >= ceil(TB/4); HRR includes nonnegative hits"", ""proven"": true, ""rule_version"": ""mlb-official-batting-v1""}, {""explanation"": ""Threshold monotonicity"", ""proven"": true, ""rule_version"": ""mlb-official-batting-v1""}]",6863,162,791,162,0,0.023604837534605856,0.11525571907329156,0.023604837534605856,1.0,0.20480404551201012,8.6763590391909,8.676359039190897,0.020270735508846068,0.027471950963050044,0.10791505722010244,0.12302684938000205,0.020270735508846068,0.027471950963050044,0.9768365591570956,1.0,0.17813921974816876,0.23432222798143548,0.0,0.0,0.0005594215104179578,0.0,1.0
97058ebba95ae3789c6e835bedeee1de8b411adc2b85a7f78b55b84d133beb83,mlb,total_bases>=6,hits>=2 & hits_plus_runs_plus_RBI>=2 & total_bases>=1,3,EXACT_IMPLICATION,3,"[{""explanation"": ""At most four TB per hit, so hits >= ceil(TB/4); HRR includes nonnegative hits"", ""proven"": true, ""rule_version"": ""mlb-official-batting-v1""}, {""explanation"": ""At most four TB per hit, so hits >= ceil(TB/4); HRR includes nonnegative hits"", ""proven"": true, ""rule_version"": ""mlb-official-batting-v1""}, {""explanation"": ""Threshold monotonicity"", ""proven"": true, ""rule_version"": ""mlb-official-batting-v1""}]",6863,162,1371,162,0,0.023604837534605856,0.19976686580212735,0.023604837534605856,1.0,0.11816192560175055,5.005835156819839,5.005835156819839,0.020270735508846068,0.027471950963050044,0.1904766321191096,0.20939301323196607,0.020270735508846068,0.027471950963050044,0.9768365591570956,1.0,0.102132516884731,0.13632512978960534,0.0,0.0,0.0005594215104179578,0.0,1.0
9733e7055843def3fe109ce5013265bce46dd1707691bc1fda2b77c344f876b7,mlb,total_bases>=6,hits_plus_runs_plus_RBI>=2 & total_bases>=5,2,EXACT_IMPLICATION,2,"[{""explanation"": ""At most four TB per hit, so hits >= ceil(TB/4); HRR includes nonnegative hits"", ""proven"": true, ""rule_version"": ""mlb-official-batting-v1""}, {""explanation"": ""Threshold monotonicity"", ""proven"": true, ""rule_version"": ""mlb-official-batting-v1""}]",6863,162,359,162,0,0.023604837534605856,0.05230948564767594,0.023604837534605856,1.0,0.45125348189415043,19.11699164345404,19.11699164345404,0.020270735508846068,0.027471950963050044,0.047287833167272794,0.05783203353555663,0.020270735508846068,0.027471950963050044,0.9768365591570956,1.0,0.4005650993885408,0.5029740383005292,0.0,0.0,0.0005594215104179578,0.0,1.0
97aafedd4b12acf8275af0167b9aefb3e7761e598e34cfb90db5eb2966b2c48e,mlb,total_bases>=6,hits_plus_runs_plus_RBI>=1 & total_bases>=3 & total_bases>=5,3,EXACT_IMPLICATION,3,"[{""explanation"": ""At most four TB per hit, so hits >= ceil(TB/4); HRR includes nonnegative hits"", ""proven"": true, ""rule_version"": ""mlb-official-batting-v1""}, {""explanation"": ""Threshold monotonicity"", ""proven"": true, ""rule_version"": ""mlb-official-batting-v1""}, {""explanation"": ""Threshold monotonicity"", ""proven"": true, ""rule_version"": ""mlb-official-batting-v1""}]",6863,162,359,162,0,0.023604837534605856,0.05230948564767594,0.023604837534605856,1.0,0.45125348189415043,19.11699164345404,19.11699164345404,0.020270735508846068,0.027471950963050044,0.047287833167272794,0.05783203353555663,0.020270735508846068,0.027471950963050044,0.9768365591570956,1.0,0.4005650993885408,0.5029740383005292,0.0,0.0,0.0005594215104179578,0.0,1.0
98028e635a38708fc82624e4eb023a5efeccaa1e73b3a48fe8d2f116829304ae,mlb,total_bases>=6,hits>=2 & total_bases>=1 & total_bases>=4,3,EXACT_IMPLICATION,3,"[{""explanation"": ""At most four TB per hit, so hits >= ceil(TB/4); HRR includes nonnegative hits"", ""proven"": true, ""rule_version"": ""mlb-official-batting-v1""}, {""explanation"": ""Threshold monotonicity"", ""proven"": true, ""rule_version"": ""mlb-official-batting-v1""}, {""explanation"": ""Threshold monotonicity"", ""proven"": true, ""rule_version"": ""mlb-official-batting-v1""}]",6863,162,517,162,0,0.023604837534605856,0.07533148768760017,0.023604837534605856,1.0,0.31334622823984526,13.274661508704062,13.274661508704062,0.020270735508846068,0.027471950963050044,0.06932214756520125,0.0818159652111686,0.020270735508846068,0.027471950963050044,0.9768365591570956,1.0,0.2748630427271488,0.3545827382654074,0.0,0.0,0.0005594215104179578,0.0,1.0
9b1d4c14193995752bfda5d644e61b00c20a50daa3427dfad86f0eca6483494b,mlb,total_bases>=6,hits_plus_runs_plus_RBI>=2 & total_bases>=1 & total_bases>=5,3,EXACT_IMPLICATION,3,"[{""explanation"": ""At most four TB per hit, so hits >= ceil(TB/4); HRR includes nonnegative hits"", ""proven"": true, ""rule_version"": ""mlb-official-batting-v1""}, {""explanation"": ""Threshold monotonicity"", ""proven"": true, ""rule_version"": ""mlb-official-batting-v1""}, {""explanation"": ""Threshold monotonicity"", ""proven"": true, ""rule_version"": ""mlb-official-batting-v1""}]",6863,162,359,162,0,0.023604837534605856,0.05230948564767594,0.023604837534605856,1.0,0.45125348189415043,19.11699164345404,19.11699164345404,0.020270735508846068,0.027471950963050044,0.047287833167272794,0.05783203353555663,0.020270735508846068,0.027471950963050044,0.9768365591570956,1.0,0.4005650993885408,0.5029740383005292,0.0,0.0,0.0005594215104179578,0.0,1.0
9c343b1eaea10b4d6dde593f775d0ff4517d40be7beb35d3fbd38a04e34bffd3,mlb,total_bases>=6,total_bases>=5,1,EXACT_IMPLICATION,1,"[{""explanation"": ""Threshold monotonicity"", ""proven"": true, ""rule_version"": ""mlb-official-batting-v1""}]",6863,162,359,162,0,0.023604837534605856,0.05230948564767594,0.023604837534605856,1.0,0.45125348189415043,19.11699164345404,19.11699164345404,0.020270735508846068,0.027471950963050044,0.047287833167272794,0.05783203353555663,0.020270735508846068,0.027471950963050044,0.9768365591570956,1.0,0.4005650993885408,0.5029740383005292,0.0,0.0,0.0005594215104179578,0.0,1.0
9dae1a30c7a3c137c1bf663d31ad512924ed7a3f2af5e36f8318fc121c17c0a4,mlb,total_bases>=6,total_bases>=1 & total_bases>=2,2,EXACT_IMPLICATION,2,"[{""explanation"": ""Threshold monotonicity"", ""proven"": true, ""rule_version"": ""mlb-official-batting-v1""}, {""explanation"": ""Threshold monotonicity"", ""proven"": true, ""rule_version"": ""mlb-official-batting-v1""}]",6863,162,2181,162,0,0.023604837534605856,0.3177910534751566,0.023604837534605856,1.0,0.07427785419532325,3.146721687299404,3.146721687299404,0.020270735508846068,0.027471950963050044,0.3068796786974051,0.3289062914610614,0.020270735508846068,0.027471950963050044,0.9768365591570956,1.0,0.06400559753209563,0.08604714771270223,0.0,0.0,0.0005594215104179578,0.0,1.0
9f608359d499068498704f5ba29043a1d090fc186560fa537db441d110fd5198,mlb,total_bases>=6,total_bases>=3 & total_bases>=5,2,EXACT_IMPLICATION,2,"[{""explanation"": ""Threshold monotonicity"", ""proven"": true, ""rule_version"": ""mlb-official-batting-v1""}, {""explanation"": ""Threshold monotonicity"", ""proven"": true, ""rule_version"": ""mlb-official-batting-v1""}]",6863,162,359,162,0,0.023604837534605856,0.05230948564767594,0.023604837534605856,1.0,0.45125348189415043,19.11699164345404,19.11699164345404,0.020270735508846068,0.027471950963050044,0.047287833167272794,0.05783203353555663,0.020270735508846068,0.027471950963050044,0.9768365591570956,1.0,0.4005650993885408,0.5029740383005292,0.0,0.0,0.0005594215104179578,0.0,1.0
9f8757358ec759b8909293caa0ca888b79cc43e528c2f81487c09802d3304e34,mlb,total_bases>=6,hits_plus_runs_plus_RBI>=1 & hits_plus_runs_plus_RBI>=2,2,EXACT_IMPLICATION,2,"[{""explanation"": ""At most four TB per hit, so hits >= ceil(TB/4); HRR includes nonnegative hits"", ""proven"": true, ""rule_version"": ""mlb-official-batting-v1""}, {""explanation"": ""At most four TB per hit, so hits >= ceil(TB/4); HRR includes nonnegative hits"", ""proven"": true, ""rule_version"": ""mlb-official-batting-v1""}]",6863,162,2787,162,0,0.023604837534605856,0.406090630919423,0.023604837534605856,1.0,0.0581270182992465,2.4625044851094366,2.4625044851094366,0.020270735508846068,0.027471950963050044,0.394527460255928,0.4177588714251049,0.020270735508846068,0.027471950963050044,0.9768365591570956,1.0,0.05003303537754876,0.06743743496555261,0.0,0.0,0.0005594215104179578,0.0,1.0
a34f495871ecb7db850393233067a1bc9f99e7372b2d8bbf32079fdad3977cd4,mlb,total_bases>=6,hits_plus_runs_plus_RBI>=1 & hits_plus_runs_plus_RBI>=2 & total_bases>=5,3,EXACT_IMPLICATION,3,"[{""explanation"": ""At most four TB per hit, so hits >= ceil(TB/4); HRR includes nonnegative hits"", ""proven"": true, ""rule_version"": ""mlb-official-batting-v1""}, {""explanation"": ""At most four TB per hit, so hits >= ceil(TB/4); HRR includes nonnegative hits"", ""proven"": true, ""rule_version"": ""mlb-official-batting-v1""}, {""explanation"": ""Threshold monotonicity"", ""proven"": true, ""rule_version"": ""mlb-official-batting-v1""}]",6863,162,359,162,0,0.023604837534605856,0.05230948564767594,0.023604837534605856,1.0,0.45125348189415043,19.11699164345404,19.11699164345404,0.020270735508846068,0.027471950963050044,0.047287833167272794,0.05783203353555663,0.020270735508846068,0.027471950963050044,0.9768365591570956,1.0,0.4005650993885408,0.5029740383005292,0.0,0.0,0.0005594215104179578,0.0,1.0
a4a0c20ffe0bf5c5ccebb2b2c49e2ac4438792874ae80f96d990b97ce66d43af,mlb,total_bases>=6,hits>=2 & total_bases>=2,2,EXACT_IMPLICATION,2,"[{""explanation"": ""At most four TB per hit, so hits >= ceil(TB/4); HRR includes nonnegative hits"", ""proven"": true, ""rule_version"": ""mlb-official-batting-v1""}, {""explanation"": ""Threshold monotonicity"", ""proven"": true, ""rule_version"": ""mlb-official-batting-v1""}]",6863,162,1371,162,0,0.023604837534605856,0.19976686580212735,0.023604837534605856,1.0,0.11816192560175055,5.005835156819839,5.005835156819839,0.020270735508846068,0.027471950963050044,0.1904766321191096,0.20939301323196607,0.020270735508846068,0.027471950963050044,0.9768365591570956,1.0,0.102132516884731,0.13632512978960534,0.0,0.0,0.0005594215104179578,0.0,1.0
a56c0092973cc6ef6af4ca765e55883b291be98053993531a861b50934476480,mlb,total_bases>=6,total_bases>=1,1,EXACT_IMPLICATION,1,"[{""explanation"": ""Threshold monotonicity"", ""proven"": true, ""rule_version"": ""mlb-official-batting-v1""}]",6863,162,3819,162,0,0.023604837534605856,0.5564621885472826,0.023604837534605856,1.0,0.04241948153967007,1.79706729510343,1.79706729510343,0.020270735508846068,0.027471950963050044,0.5446801576520175,0.5681810471169504,0.020270735508846068,0.027471950963050044,0.9768365591570956,1.0,0.0364738775876844,0.04928470339250349,0.0,0.0,0.0005594215104179578,0.0,1.0
a5af82f0509ef6668fd4fa4928daddf736d02a9dbeb855b6bacb48feba5f4348,mlb,total_bases>=6,total_bases>=2 & total_bases>=5,2,EXACT_IMPLICATION,2,"[{""explanation"": ""Threshold monotonicity"", ""proven"": true, ""rule_version"": ""mlb-official-batting-v1""}, {""explanation"": ""Threshold monotonicity"", ""proven"": true, ""rule_version"": ""mlb-official-batting-v1""}]",6863,162,359,162,0,0.023604837534605856,0.05230948564767594,0.023604837534605856,1.0,0.45125348189415043,19.11699164345404,19.11699164345404,0.020270735508846068,0.027471950963050044,0.047287833167272794,0.05783203353555663,0.020270735508846068,0.027471950963050044,0.9768365591570956,1.0,0.4005650993885408,0.5029740383005292,0.0,0.0,0.0005594215104179578,0.0,1.0
a78e3fc6f55488bb0f6fea3db708bf74bc001b259e0d038996dbd5045d60c7cb,mlb,total_bases>=6,hits>=1 & hits>=2,2,EXACT_IMPLICATION,2,"[{""explanation"": ""At most four TB per hit, so hits >= ceil(TB/4); HRR includes nonnegative hits"", ""proven"": true, ""rule_version"": ""mlb-official-batting-v1""}, {""explanation"": ""At most four TB per hit, so hits >= ceil(TB/4); HRR includes nonnegative hits"", ""proven"": true, ""rule_version"": ""mlb-official-batting-v1""}]",6863,162,1371,162,0,0.023604837534605856,0.19976686580212735,0.023604837534605856,1.0,0.11816192560175055,5.005835156819839,5.005835156819839,0.020270735508846068,0.027471950963050044,0.1904766321191096,0.20939301323196607,0.020270735508846068,0.027471950963050044,0.9768365591570956,1.0,0.102132516884731,0.13632512978960534,0.0,0.0,0.0005594215104179578,0.0,1.0
ab4600dd6fe911d8d2f96f3bc3c9601066f587d741557b134268b91678d21dfe,mlb,total_bases>=6,hits_plus_runs_plus_RBI>=1 & total_bases>=1 & total_bases>=4,3,EXACT_IMPLICATION,3,"[{""explanation"": ""At most four TB per hit, so hits >= ceil(TB/4); HRR includes nonnegative hits"", ""proven"": true, ""rule_version"": ""mlb-official-batting-v1""}, {""explanation"": ""Threshold monotonicity"", ""proven"": true, ""rule_version"": ""mlb-official-batting-v1""}, {""explanation"": ""Threshold monotonicity"", ""proven"": true, ""rule_version"": ""mlb-official-batting-v1""}]",6863,162,791,162,0,0.023604837534605856,0.11525571907329156,0.023604837534605856,1.0,0.20480404551201012,8.6763590391909,8.676359039190897,0.020270735508846068,0.027471950963050044,0.10791505722010244,0.12302684938000205,0.020270735508846068,0.027471950963050044,0.9768365591570956,1.0,0.17813921974816876,0.23432222798143548,0.0,0.0,0.0005594215104179578,0.0,1.0
aba0b01b24df731da4f69d5f7fd26cce6c651550090b1b54309ed543ddbb67f7,mlb,total_bases>=6,hits_plus_runs_plus_RBI>=2 & total_bases>=1,2,EXACT_IMPLICATION,2,"[{""explanation"": ""At most four TB per hit, so hits >= ceil(TB/4); HRR includes nonnegative hits"", ""proven"": true, ""rule_version"": ""mlb-official-batting-v1""}, {""explanation"": ""Threshold monotonicity"", ""proven"": true, ""rule_version"": ""mlb-official-batting-v1""}]",6863,162,2742,162,0,0.023604837534605856,0.3995337316042547,0.023604837534605856,1.0,0.05908096280087528,2.5029175784099196,2.5029175784099196,0.020270735508846068,0.027471950963050044,0.3880049429454243,0.41117492624630914,0.020270735508846068,0.027471950963050044,0.9768365591570956,1.0,0.05085744991177352,0.06853817570511775,0.0,0.0,0.0005594215104179578,0.0,1.0
b15c3e0217ce155f9d34d21d210ba43bbc1f5a6c3829acafb76ae70ac52f71ea,mlb,total_bases>=6,hits>=2 & total_bases>=1 & total_bases>=5,3,EXACT_IMPLICATION,3,"[{""explanation"": ""At most four TB per hit, so hits >= ceil(TB/4); HRR includes nonnegative hits"", ""proven"": true, ""rule_version"": ""mlb-official-batting-v1""}, {""explanation"": ""Threshold monotonicity"", ""proven"": true, ""rule_version"": ""mlb-official-batting-v1""}, {""explanation"": ""Threshold monotonicity"", ""proven"": true, ""rule_version"": ""mlb-official-batting-v1""}]",6863,162,359,162,0,0.023604837534605856,0.05230948564767594,0.023604837534605856,1.0,0.45125348189415043,19.11699164345404,19.11699164345404,0.020270735508846068,0.027471950963050044,0.047287833167272794,0.05783203353555663,0.020270735508846068,0.027471950963050044,0.9768365591570956,1.0,0.4005650993885408,0.5029740383005292,0.0,0.0,0.0005594215104179578,0.0,1.0
b44680f224434b2e0da9b9bf90bb118dfe90778c94a3e1f53a07aa269564a8d7,mlb,total_bases>=6,hits>=1 & hits_plus_runs_plus_RBI>=2 & total_bases>=5,3,EXACT_IMPLICATION,3,"[{""explanation"": ""At most four TB per hit, so hits >= ceil(TB/4); HRR includes nonnegative hits"", ""proven"": true, ""rule_version"": ""mlb-official-batting-v1""}, {""explanation"": ""At most four TB per hit, so hits >= ceil(TB/4); HRR includes nonnegative hits"", ""proven"": true, ""rule_version"": ""mlb-official-batting-v1""}, {""explanation"": ""Threshold monotonicity"", ""proven"": true, ""rule_version"": ""mlb-official-batting-v1""}]",6863,162,359,162,0,0.023604837534605856,0.05230948564767594,0.023604837534605856,1.0,0.45125348189415043,19.11699164345404,19.11699164345404,0.020270735508846068,0.027471950963050044,0.047287833167272794,0.05783203353555663,0.020270735508846068,0.027471950963050044,0.9768365591570956,1.0,0.4005650993885408,0.5029740383005292,0.0,0.0,0.0005594215104179578,0.0,1.0
b4fe3a63d220d39f2bd3d7cf1bbedb0b5958878485e2b0c77fe83a6bedb63f6f,mlb,total_bases>=6,total_bases>=2,1,EXACT_IMPLICATION,1,"[{""explanation"": ""Threshold monotonicity"", ""proven"": true, ""rule_version"": ""mlb-official-batting-v1""}]",6863,162,2181,162,0,0.023604837534605856,0.3177910534751566,0.023604837534605856,1.0,0.07427785419532325,3.146721687299404,3.146721687299404,0.020270735508846068,0.027471950963050044,0.3068796786974051,0.3289062914610614,0.020270735508846068,0.027471950963050044,0.9768365591570956,1.0,0.06400559753209563,0.08604714771270223,0.0,0.0,0.0005594215104179578,0.0,1.0
b755d2060dd56220de2bf24b168cb3533f729c8bdab8fcf96e2bf3df37549ff7,mlb,total_bases>=6,hits>=2 & total_bases>=3,2,EXACT_IMPLICATION,2,"[{""explanation"": ""At most four TB per hit, so hits >= ceil(TB/4); HRR includes nonnegative hits"", ""proven"": true, ""rule_version"": ""mlb-official-batting-v1""}, {""explanation"": ""Threshold monotonicity"", ""proven"": true, ""rule_version"": ""mlb-official-batting-v1""}]",6863,162,888,162,0,0.023604837534605856,0.129389479819321,0.023604837534605856,1.0,0.18243243243243243,7.728603603603603,7.728603603603603,0.020270735508846068,0.027471950963050044,0.12165573617989746,0.13753787845269705,0.020270735508846068,0.027471950963050044,0.9768365591570956,1.0,0.1584169704960878,0.20918363337604853,0.0,0.0,0.0005594215104179578,0.0,1.0
b8eadfb27ffc47ead5a1cd45e3dd8a4f1dd7cada8f87bca1604377c7c1c042ac,mlb,total_bases>=6,total_bases>=1 & total_bases>=3 & total_bases>=4,3,EXACT_IMPLICATION,3,"[{""explanation"": ""Threshold monotonicity"", ""proven"": true, ""rule_version"": ""mlb-official-batting-v1""}, {""explanation"": ""Threshold monotonicity"", ""proven"": true, ""rule_version"": ""mlb-official-batting-v1""}, {""explanation"": ""Threshold monotonicity"", ""proven"": true, ""rule_version"": ""mlb-official-batting-v1""}]",6863,162,791,162,0,0.023604837534605856,0.11525571907329156,0.023604837534605856,1.0,0.20480404551201012,8.6763590391909,8.676359039190897,0.020270735508846068,0.027471950963050044,0.10791505722010244,0.12302684938000205,0.020270735508846068,0.027471950963050044,0.9768365591570956,1.0,0.17813921974816876,0.23432222798143548,0.0,0.0,0.0005594215104179578,0.0,1.0
b9049918fc5a6007a498e2ca19628af6d4f50989ea612c2b452ea15d29004517,mlb,total_bases>=6,hits>=1 & hits>=2 & total_bases>=5,3,EXACT_IMPLICATION,3,"[{""explanation"": ""At most four TB per hit, so hits >= ceil(TB/4); HRR includes nonnegative hits"", ""proven"": true, ""rule_version"": ""mlb-official-batting-v1""}, {""explanation"": ""At most four TB per hit, so hits >= ceil(TB/4); HRR includes nonnegative hits"", ""proven"": true, ""rule_version"": ""mlb-official-batting-v1""}, {""explanation"": ""Threshold monotonicity"", ""proven"": true, ""rule_version"": ""mlb-official-batting-v1""}]",6863,162,359,162,0,0.023604837534605856,0.05230948564767594,0.023604837534605856,1.0,0.45125348189415043,19.11699164345404,19.11699164345404,0.020270735508846068,0.027471950963050044,0.047287833167272794,0.05783203353555663,0.020270735508846068,0.027471950963050044,0.9768365591570956,1.0,0.4005650993885408,0.5029740383005292,0.0,0.0,0.0005594215104179578,0.0,1.0
ba4d04ca088e9d98ee8171ce51369c6e8ded96c0ae89f21b839f9c2884597d93,mlb,total_bases>=6,hits>=2 & hits_plus_runs_plus_RBI>=1 & hits_plus_runs_plus_RBI>=2,3,EXACT_IMPLICATION,3,"[{""explanation"": ""At most four TB per hit, so hits >= ceil(TB/4); HRR includes nonnegative hits"", ""proven"": true, ""rule_version"": ""mlb-official-batting-v1""}, {""explanation"": ""At most four TB per hit, so hits >= ceil(TB/4); HRR includes nonnegative hits"", ""proven"": true, ""rule_version"": ""mlb-official-batting-v1""}, {""explanation"": ""At most four TB per hit, so hits >= ceil(TB/4); HRR includes nonnegative hits"", ""proven"": true, ""rule_version"": ""mlb-official-batting-v1""}]",6863,162,1371,162,0,0.023604837534605856,0.19976686580212735,0.023604837534605856,1.0,0.11816192560175055,5.005835156819839,5.005835156819839,0.020270735508846068,0.027471950963050044,0.1904766321191096,0.20939301323196607,0.020270735508846068,0.027471950963050044,0.9768365591570956,1.0,0.102132516884731,0.13632512978960534,0.0,0.0,0.0005594215104179578,0.0,1.0
c05ec1e0926f038e15c5ed3a79ea50db2c5e5782fc7a0fd8af7355c0442f4df2,mlb,total_bases>=6,hits_plus_runs_plus_RBI>=1 & total_bases>=4 & total_bases>=5,3,EXACT_IMPLICATION,3,"[{""explanation"": ""At most four TB per hit, so hits >= ceil(TB/4); HRR includes nonnegative hits"", ""proven"": true, ""rule_version"": ""mlb-official-batting-v1""}, {""explanation"": ""Threshold monotonicity"", ""proven"": true, ""rule_version"": ""mlb-official-batting-v1""}, {""explanation"": ""Threshold monotonicity"", ""proven"": true, ""rule_version"": ""mlb-official-batting-v1""}]",6863,162,359,162,0,0.023604837534605856,0.05230948564767594,0.023604837534605856,1.0,0.45125348189415043,19.11699164345404,19.11699164345404,0.020270735508846068,0.027471950963050044,0.047287833167272794,0.05783203353555663,0.020270735508846068,0.027471950963050044,0.9768365591570956,1.0,0.4005650993885408,0.5029740383005292,0.0,0.0,0.0005594215104179578,0.0,1.0
c1e1242280c2e4ba1854ceb12a69e5608cc4c1338342802267b9bbaa07136b46,mlb,total_bases>=6,hits_plus_runs_plus_RBI>=2 & total_bases>=1 & total_bases>=4,3,EXACT_IMPLICATION,3,"[{""explanation"": ""At most four TB per hit, so hits >= ceil(TB/4); HRR includes nonnegative hits"", ""proven"": true, ""rule_version"": ""mlb-official-batting-v1""}, {""explanation"": ""Threshold monotonicity"", ""proven"": true, ""rule_version"": ""mlb-official-batting-v1""}, {""explanation"": ""Threshold monotonicity"", ""proven"": true, ""rule_version"": ""mlb-official-batting-v1""}]",6863,162,791,162,0,0.023604837534605856,0.11525571907329156,0.023604837534605856,1.0,0.20480404551201012,8.6763590391909,8.676359039190897,0.020270735508846068,0.027471950963050044,0.10791505722010244,0.12302684938000205,0.020270735508846068,0.027471950963050044,0.9768365591570956,1.0,0.17813921974816876,0.23432222798143548,0.0,0.0,0.0005594215104179578,0.0,1.0
c2005263fcab08414697edf6b0ce2b54999d7d1c1066f659d7d978a2f0ba95ed,mlb,total_bases>=6,hits>=1,1,EXACT_IMPLICATION,1,"[{""explanation"": ""At most four TB per hit, so hits >= ceil(TB/4); HRR includes nonnegative hits"", ""proven"": true, ""rule_version"": ""mlb-official-batting-v1""}]",6863,162,3819,162,0,0.023604837534605856,0.5564621885472826,0.023604837534605856,1.0,0.04241948153967007,1.79706729510343,1.79706729510343,0.020270735508846068,0.027471950963050044,0.5446801576520175,0.5681810471169504,0.020270735508846068,0.027471950963050044,0.9768365591570956,1.0,0.0364738775876844,0.04928470339250349,0.0,0.0,0.0005594215104179578,0.0,1.0
c22268a302d184553705589b6e0e5bd306d84cd22033aee1cfb3c05d5f2150f5,mlb,total_bases>=6,hits>=1 & hits_plus_runs_plus_RBI>=1 & total_bases>=1,3,EXACT_IMPLICATION,3,"[{""explanation"": ""At most four TB per hit, so hits >= ceil(TB/4); HRR includes nonnegative hits"", ""proven"": true, ""rule_version"": ""mlb-official-batting-v1""}, {""explanation"": ""At most four TB per hit, so hits >= ceil(TB/4); HRR includes nonnegative hits"", ""proven"": true, ""rule_version"": ""mlb-official-batting-v1""}, {""explanation"": ""Threshold monotonicity"", ""proven"": true, ""rule_version"": ""mlb-official-batting-v1""}]",6863,162,3819,162,0,0.023604837534605856,0.5564621885472826,0.023604837534605856,1.0,0.04241948153967007,1.79706729510343,1.79706729510343,0.020270735508846068,0.027471950963050044,0.5446801576520175,0.5681810471169504,0.020270735508846068,0.027471950963050044,0.9768365591570956,1.0,0.0364738775876844,0.04928470339250349,0.0,0.0,0.0005594215104179578,0.0,1.0
c9fb90cb0d22851b8b53a5f5d9f2e59b3f6f589643edbb4d9b62c1b6fe9d600c,mlb,total_bases>=6,hits_plus_runs_plus_RBI>=1 & total_bases>=2 & total_bases>=3,3,EXACT_IMPLICATION,3,"[{""explanation"": ""At most four TB per hit, so hits >= ceil(TB/4); HRR includes nonnegative hits"", ""proven"": true, ""rule_version"": ""mlb-official-batting-v1""}, {""explanation"": ""Threshold monotonicity"", ""proven"": true, ""rule_version"": ""mlb-official-batting-v1""}, {""explanation"": ""Threshold monotonicity"", ""proven"": true, ""rule_version"": ""mlb-official-batting-v1""}]",6863,162,1215,162,0,0.023604837534605856,0.17703628150954392,0.023604837534605856,1.0,0.13333333333333333,5.648559670781893,5.648559670781893,0.020270735508846068,0.027471950963050044,0.16818715677568946,0.18624675194581464,0.020270735508846068,0.027471950963050044,0.9768365591570956,1.0,0.11536998833415207,0.15360794677637607,0.0,0.0,0.0005594215104179578,0.0,1.0
cb404fcf9c91c1226b83e4a5c0e8202417b241769c298124b423863029aa2ee9,mlb,total_bases>=6,hits>=1 & hits_plus_runs_plus_RBI>=2,2,EXACT_IMPLICATION,2,"[{""explanation"": ""At most four TB per hit, so hits >= ceil(TB/4); HRR includes nonnegative hits"", ""proven"": true, ""rule_version"": ""mlb-official-batting-v1""}, {""explanation"": ""At most four TB per hit, so hits >= ceil(TB/4); HRR includes nonnegative hits"", ""proven"": true, ""rule_version"": ""mlb-official-batting-v1""}]",6863,162,2742,162,0,0.023604837534605856,0.3995337316042547,0.023604837534605856,1.0,0.05908096280087528,2.5029175784099196,2.5029175784099196,0.020270735508846068,0.027471950963050044,0.3880049429454243,0.41117492624630914,0.020270735508846068,0.027471950963050044,0.9768365591570956,1.0,0.05085744991177352,0.06853817570511775,0.0,0.0,0.0005594215104179578,0.0,1.0
ce4e5ea6429b642a0cec71b9203a4486dde2af55a9601832a3c7a926dfc06bf1,mlb,total_bases>=6,hits>=2 & total_bases>=2 & total_bases>=4,3,EXACT_IMPLICATION,3,"[{""explanation"": ""At most four TB per hit, so hits >= ceil(TB/4); HRR includes nonnegative hits"", ""proven"": true, ""rule_version"": ""mlb-official-batting-v1""}, {""explanation"": ""Threshold monotonicity"", ""proven"": true, ""rule_version"": ""mlb-official-batting-v1""}, {""explanation"": ""Threshold monotonicity"", ""proven"": true, ""rule_version"": ""mlb-official-batting-v1""}]",6863,162,517,162,0,0.023604837534605856,0.07533148768760017,0.023604837534605856,1.0,0.31334622823984526,13.274661508704062,13.274661508704062,0.020270735508846068,0.027471950963050044,0.06932214756520125,0.0818159652111686,0.020270735508846068,0.027471950963050044,0.9768365591570956,1.0,0.2748630427271488,0.3545827382654074,0.0,0.0,0.0005594215104179578,0.0,1.0
cef417a08cad6dffd32de0de2b8f24660523f83a862c1b7b0f9222f5ebf83bff,mlb,total_bases>=6,hits>=2 & hits_plus_runs_plus_RBI>=2 & total_bases>=3,3,EXACT_IMPLICATION,3,"[{""explanation"": ""At most four TB per hit, so hits >= ceil(TB/4); HRR includes nonnegative hits"", ""proven"": true, ""rule_version"": ""mlb-official-batting-v1""}, {""explanation"": ""At most four TB per hit, so hits >= ceil(TB/4); HRR includes nonnegative hits"", ""proven"": true, ""rule_version"": ""mlb-official-batting-v1""}, {""explanation"": ""Threshold monotonicity"", ""proven"": true, ""rule_version"": ""mlb-official-batting-v1""}]",6863,162,888,162,0,0.023604837534605856,0.129389479819321,0.023604837534605856,1.0,0.18243243243243243,7.728603603603603,7.728603603603603,0.020270735508846068,0.027471950963050044,0.12165573617989746,0.13753787845269705,0.020270735508846068,0.027471950963050044,0.9768365591570956,1.0,0.1584169704960878,0.20918363337604853,0.0,0.0,0.0005594215104179578,0.0,1.0
d0ebe556c1b30006424c313c36079c2b304234d7daa2aa10d72f19220e00a8d9,mlb,total_bases>=6,hits>=1 & total_bases>=1 & total_bases>=4,3,EXACT_IMPLICATION,3,"[{""explanation"": ""At most four TB per hit, so hits >= ceil(TB/4); HRR includes nonnegative hits"", ""proven"": true, ""rule_version"": ""mlb-official-batting-v1""}, {""explanation"": ""Threshold monotonicity"", ""proven"": true, ""rule_version"": ""mlb-official-batting-v1""}, {""explanation"": ""Threshold monotonicity"", ""proven"": true, ""rule_version"": ""mlb-official-batting-v1""}]",6863,162,791,162,0,0.023604837534605856,0.11525571907329156,0.023604837534605856,1.0,0.20480404551201012,8.6763590391909,8.676359039190897,0.020270735508846068,0.027471950963050044,0.10791505722010244,0.12302684938000205,0.020270735508846068,0.027471950963050044,0.9768365591570956,1.0,0.17813921974816876,0.23432222798143548,0.0,0.0,0.0005594215104179578,0.0,1.0
d1f8b47485e7f0262fe189a7003a73441419d378388233201957a83baf902ce1,mlb,total_bases>=6,hits>=1 & hits>=2 & hits_plus_runs_plus_RBI>=2,3,EXACT_IMPLICATION,3,"[{""explanation"": ""At most four TB per hit, so hits >= ceil(TB/4); HRR includes nonnegative hits"", ""proven"": true, ""rule_version"": ""mlb-official-batting-v1""}, {""explanation"": ""At most four TB per hit, so hits >= ceil(TB/4); HRR includes nonnegative hits"", ""proven"": true, ""rule_version"": ""mlb-official-batting-v1""}, {""explanation"": ""At most four TB per hit, so hits >= ceil(TB/4); HRR includes nonnegative hits"", ""proven"": true, ""rule_version"": ""mlb-official-batting-v1""}]",6863,162,1371,162,0,0.023604837534605856,0.19976686580212735,0.023604837534605856,1.0,0.11816192560175055,5.005835156819839,5.005835156819839,0.020270735508846068,0.027471950963050044,0.1904766321191096,0.20939301323196607,0.020270735508846068,0.027471950963050044,0.9768365591570956,1.0,0.102132516884731,0.13632512978960534,0.0,0.0,0.0005594215104179578,0.0,1.0
da26e98969553dfc2e64e10345b1557b385c1cce00d960ed6b9141507e2edada,mlb,total_bases>=6,total_bases>=1 & total_bases>=5,2,EXACT_IMPLICATION,2,"[{""explanation"": ""Threshold monotonicity"", ""proven"": true, ""rule_version"": ""mlb-official-batting-v1""}, {""explanation"": ""Threshold monotonicity"", ""proven"": true, ""rule_version"": ""mlb-official-batting-v1""}]",6863,162,359,162,0,0.023604837534605856,0.05230948564767594,0.023604837534605856,1.0,0.45125348189415043,19.11699164345404,19.11699164345404,0.020270735508846068,0.027471950963050044,0.047287833167272794,0.05783203353555663,0.020270735508846068,0.027471950963050044,0.9768365591570956,1.0,0.4005650993885408,0.5029740383005292,0.0,0.0,0.0005594215104179578,0.0,1.0
da5977ea6e37eb0b14a08763611ff5d201d5208fdf80350c68ed605afece9f58,mlb,total_bases>=6,hits>=1 & total_bases>=4 & total_bases>=5,3,EXACT_IMPLICATION,3,"[{""explanation"": ""At most four TB per hit, so hits >= ceil(TB/4); HRR includes nonnegative hits"", ""proven"": true, ""rule_version"": ""mlb-official-batting-v1""}, {""explanation"": ""Threshold monotonicity"", ""proven"": true, ""rule_version"": ""mlb-official-batting-v1""}, {""explanation"": ""Threshold monotonicity"", ""proven"": true, ""rule_version"": ""mlb-official-batting-v1""}]",6863,162,359,162,0,0.023604837534605856,0.05230948564767594,0.023604837534605856,1.0,0.45125348189415043,19.11699164345404,19.11699164345404,0.020270735508846068,0.027471950963050044,0.047287833167272794,0.05783203353555663,0.020270735508846068,0.027471950963050044,0.9768365591570956,1.0,0.4005650993885408,0.5029740383005292,0.0,0.0,0.0005594215104179578,0.0,1.0
da62250307dbe3fcee9b40a953282922743f119d0f865b16571f8090cfadc1bb,mlb,total_bases>=6,hits>=1 & total_bases>=3 & total_bases>=4,3,EXACT_IMPLICATION,3,"[{""explanation"": ""At most four TB per hit, so hits >= ceil(TB/4); HRR includes nonnegative hits"", ""proven"": true, ""rule_version"": ""mlb-official-batting-v1""}, {""explanation"": ""Threshold monotonicity"", ""proven"": true, ""rule_version"": ""mlb-official-batting-v1""}, {""explanation"": ""Threshold monotonicity"", ""proven"": true, ""rule_version"": ""mlb-official-batting-v1""}]",6863,162,791,162,0,0.023604837534605856,0.11525571907329156,0.023604837534605856,1.0,0.20480404551201012,8.6763590391909,8.676359039190897,0.020270735508846068,0.027471950963050044,0.10791505722010244,0.12302684938000205,0.020270735508846068,0.027471950963050044,0.9768365591570956,1.0,0.17813921974816876,0.23432222798143548,0.0,0.0,0.0005594215104179578,0.0,1.0
df5e852becd37f5a349a86addd1b6183f25ffdeb8c4a389b71e2dcb8d76083f0,mlb,total_bases>=6,hits>=1 & total_bases>=2,2,EXACT_IMPLICATION,2,"[{""explanation"": ""At most four TB per hit, so hits >= ceil(TB/4); HRR includes nonnegative hits"", ""proven"": true, ""rule_version"": ""mlb-official-batting-v1""}, {""explanation"": ""Threshold monotonicity"", ""proven"": true, ""rule_version"": ""mlb-official-batting-v1""}]",6863,162,2181,162,0,0.023604837534605856,0.3177910534751566,0.023604837534605856,1.0,0.07427785419532325,3.146721687299404,3.146721687299404,0.020270735508846068,0.027471950963050044,0.3068796786974051,0.3289062914610614,0.020270735508846068,0.027471950963050044,0.9768365591570956,1.0,0.06400559753209563,0.08604714771270223,0.0,0.0,0.0005594215104179578,0.0,1.0
dfc33c2ce9ce6e8d28d80afa99bd1a1705f77909aae1f74c1a72dfa53e9d6885,mlb,total_bases>=6,hits>=1 & total_bases>=2 & total_bases>=5,3,EXACT_IMPLICATION,3,"[{""explanation"": ""At most four TB per hit, so hits >= ceil(TB/4); HRR includes nonnegative hits"", ""proven"": true, ""rule_version"": ""mlb-official-batting-v1""}, {""explanation"": ""Threshold monotonicity"", ""proven"": true, ""rule_version"": ""mlb-official-batting-v1""}, {""explanation"": ""Threshold monotonicity"", ""proven"": true, ""rule_version"": ""mlb-official-batting-v1""}]",6863,162,359,162,0,0.023604837534605856,0.05230948564767594,0.023604837534605856,1.0,0.45125348189415043,19.11699164345404,19.11699164345404,0.020270735508846068,0.027471950963050044,0.047287833167272794,0.05783203353555663,0.020270735508846068,0.027471950963050044,0.9768365591570956,1.0,0.4005650993885408,0.5029740383005292,0.0,0.0,0.0005594215104179578,0.0,1.0
e050fb24fd154227adaf4c535d6fa8635bf82733dbb57af5e5b0c65e75ff402e,mlb,total_bases>=6,hits_plus_runs_plus_RBI>=1 & total_bases>=2 & total_bases>=5,3,EXACT_IMPLICATION,3,"[{""explanation"": ""At most four TB per hit, so hits >= ceil(TB/4); HRR includes nonnegative hits"", ""proven"": true, ""rule_version"": ""mlb-official-batting-v1""}, {""explanation"": ""Threshold monotonicity"", ""proven"": true, ""rule_version"": ""mlb-official-batting-v1""}, {""explanation"": ""Threshold monotonicity"", ""proven"": true, ""rule_version"": ""mlb-official-batting-v1""}]",6863,162,359,162,0,0.023604837534605856,0.05230948564767594,0.023604837534605856,1.0,0.45125348189415043,19.11699164345404,19.11699164345404,0.020270735508846068,0.027471950963050044,0.047287833167272794,0.05783203353555663,0.020270735508846068,0.027471950963050044,0.9768365591570956,1.0,0.4005650993885408,0.5029740383005292,0.0,0.0,0.0005594215104179578,0.0,1.0
e0da619a3b5dfef79ef50f86f5103621009b53b238558a22d26c020697b0ff41,mlb,total_bases>=6,hits>=1 & hits_plus_runs_plus_RBI>=1,2,EXACT_IMPLICATION,2,"[{""explanation"": ""At most four TB per hit, so hits >= ceil(TB/4); HRR includes nonnegative hits"", ""proven"": true, ""rule_version"": ""mlb-official-batting-v1""}, {""explanation"": ""At most four TB per hit, so hits >= ceil(TB/4); HRR includes nonnegative hits"", ""proven"": true, ""rule_version"": ""mlb-official-batting-v1""}]",6863,162,3819,162,0,0.023604837534605856,0.5564621885472826,0.023604837534605856,1.0,0.04241948153967007,1.79706729510343,1.79706729510343,0.020270735508846068,0.027471950963050044,0.5446801576520175,0.5681810471169504,0.020270735508846068,0.027471950963050044,0.9768365591570956,1.0,0.0364738775876844,0.04928470339250349,0.0,0.0,0.0005594215104179578,0.0,1.0
e17e3367e37f3e9532820806067d41cd800185bc42bf44564984366ce375ab6e,mlb,total_bases>=6,hits_plus_runs_plus_RBI>=2 & total_bases>=1 & total_bases>=2,3,EXACT_IMPLICATION,3,"[{""explanation"": ""At most four TB per hit, so hits >= ceil(TB/4); HRR includes nonnegative hits"", ""proven"": true, ""rule_version"": ""mlb-official-batting-v1""}, {""explanation"": ""Threshold monotonicity"", ""proven"": true, ""rule_version"": ""mlb-official-batting-v1""}, {""explanation"": ""Threshold monotonicity"", ""proven"": true, ""rule_version"": ""mlb-official-batting-v1""}]",6863,162,2010,162,0,0.023604837534605856,0.29287483607751713,0.023604837534605856,1.0,0.08059701492537313,3.4144278606965175,3.4144278606965175,0.020270735508846068,0.027471950963050044,0.28222645280215375,0.30375495989697465,0.020270735508846068,0.027471950963050044,0.9768365591570956,1.0,0.06948108117210403,0.09331299449097136,0.0,0.0,0.0005594215104179578,0.0,1.0
e220b18667de78e741e338b3e8b3bd8be8aac374cb80a7775cb2078a6943b5d1,mlb,total_bases>=6,hits_plus_runs_plus_RBI>=1 & total_bases>=1,2,EXACT_IMPLICATION,2,"[{""explanation"": ""At most four TB per hit, so hits >= ceil(TB/4); HRR includes nonnegative hits"", ""proven"": true, ""rule_version"": ""mlb-official-batting-v1""}, {""explanation"": ""Threshold monotonicity"", ""proven"": true, ""rule_version"": ""mlb-official-batting-v1""}]",6863,162,3819,162,0,0.023604837534605856,0.5564621885472826,0.023604837534605856,1.0,0.04241948153967007,1.79706729510343,1.79706729510343,0.020270735508846068,0.027471950963050044,0.5446801576520175,0.5681810471169504,0.020270735508846068,0.027471950963050044,0.9768365591570956,1.0,0.0364738775876844,0.04928470339250349,0.0,0.0,0.0005594215104179578,0.0,1.0
e397783857721ed5a90c1455635d00120b7a0fdea680832693692db220f8aa4b,mlb,total_bases>=6,hits>=2,1,EXACT_IMPLICATION,1,"[{""explanation"": ""At most four TB per hit, so hits >= ceil(TB/4); HRR includes nonnegative hits"", ""proven"": true, ""rule_version"": ""mlb-official-batting-v1""}]",6863,162,1371,162,0,0.023604837534605856,0.19976686580212735,0.023604837534605856,1.0,0.11816192560175055,5.005835156819839,5.005835156819839,0.020270735508846068,0.027471950963050044,0.1904766321191096,0.20939301323196607,0.020270735508846068,0.027471950963050044,0.9768365591570956,1.0,0.102132516884731,0.13632512978960534,0.0,0.0,0.0005594215104179578,0.0,1.0
e3ff07af5d1e0dcaa71bfbc1e58c388ce4c6eac3e959c87f950197de16f094f3,mlb,total_bases>=6,hits>=1 & hits_plus_runs_plus_RBI>=1 & total_bases>=3,3,EXACT_IMPLICATION,3,"[{""explanation"": ""At most four TB per hit, so hits >= ceil(TB/4); HRR includes nonnegative hits"", ""proven"": true, ""rule_version"": ""mlb-official-batting-v1""}, {""explanation"": ""At most four TB per hit, so hits >= ceil(TB/4); HRR includes nonnegative hits"", ""proven"": true, ""rule_version"": ""mlb-official-batting-v1""}, {""explanation"": ""Threshold monotonicity"", ""proven"": true, ""rule_version"": ""mlb-official-batting-v1""}]",6863,162,1215,162,0,0.023604837534605856,0.17703628150954392,0.023604837534605856,1.0,0.13333333333333333,5.648559670781893,5.648559670781893,0.020270735508846068,0.027471950963050044,0.16818715677568946,0.18624675194581464,0.020270735508846068,0.027471950963050044,0.9768365591570956,1.0,0.11536998833415207,0.15360794677637607,0.0,0.0,0.0005594215104179578,0.0,1.0
e4bfb21fb4fb5c7948e77e9fbd9e512ed82c9a5015168784f233a81c52a6e24a,mlb,total_bases>=6,hits>=1 & hits_plus_runs_plus_RBI>=2 & total_bases>=2,3,EXACT_IMPLICATION,3,"[{""explanation"": ""At most four TB per hit, so hits >= ceil(TB/4); HRR includes nonnegative hits"", ""proven"": true, ""rule_version"": ""mlb-official-batting-v1""}, {""explanation"": ""At most four TB per hit, so hits >= ceil(TB/4); HRR includes nonnegative hits"", ""proven"": true, ""rule_version"": ""mlb-official-batting-v1""}, {""explanation"": ""Threshold monotonicity"", ""proven"": true, ""rule_version"": ""mlb-official-batting-v1""}]",6863,162,2010,162,0,0.023604837534605856,0.29287483607751713,0.023604837534605856,1.0,0.08059701492537313,3.4144278606965175,3.4144278606965175,0.020270735508846068,0.027471950963050044,0.28222645280215375,0.30375495989697465,0.020270735508846068,0.027471950963050044,0.9768365591570956,1.0,0.06948108117210403,0.09331299449097136,0.0,0.0,0.0005594215104179578,0.0,1.0
e60b734e378e3127762e0e5c5c7a117571fe8eab181b2c05205b8d19dc1cd4c5,mlb,total_bases>=6,hits>=1 & hits>=2 & total_bases>=3,3,EXACT_IMPLICATION,3,"[{""explanation"": ""At most four TB per hit, so hits >= ceil(TB/4); HRR includes nonnegative hits"", ""proven"": true, ""rule_version"": ""mlb-official-batting-v1""}, {""explanation"": ""At most four TB per hit, so hits >= ceil(TB/4); HRR includes nonnegative hits"", ""proven"": true, ""rule_version"": ""mlb-official-batting-v1""}, {""explanation"": ""Threshold monotonicity"", ""proven"": true, ""rule_version"": ""mlb-official-batting-v1""}]",6863,162,888,162,0,0.023604837534605856,0.129389479819321,0.023604837534605856,1.0,0.18243243243243243,7.728603603603603,7.728603603603603,0.020270735508846068,0.027471950963050044,0.12165573617989746,0.13753787845269705,0.020270735508846068,0.027471950963050044,0.9768365591570956,1.0,0.1584169704960878,0.20918363337604853,0.0,0.0,0.0005594215104179578,0.0,1.0
e72145445ff3691b2a4d763e6efe57160fb5e48d5731f311026fd52bbc3283b9,mlb,total_bases>=6,hits_plus_runs_plus_RBI>=2 & total_bases>=3,2,EXACT_IMPLICATION,2,"[{""explanation"": ""At most four TB per hit, so hits >= ceil(TB/4); HRR includes nonnegative hits"", ""proven"": true, ""rule_version"": ""mlb-official-batting-v1""}, {""explanation"": ""Threshold monotonicity"", ""proven"": true, ""rule_version"": ""mlb-official-batting-v1""}]",6863,162,1205,162,0,0.023604837534605856,0.17557919277283987,0.023604837534605856,1.0,0.13443983402489626,5.695435684647303,5.695435684647303,0.020270735508846068,0.027471950963050044,0.16676013414692334,0.1847612273547364,0.020270735508846068,0.027471950963050044,0.9768365591570956,1.0,0.11633659924896259,0.15486642446311746,0.0,0.0,0.0005594215104179578,0.0,1.0
e9d7d28c6827dcb060e2b615ae85f37eb10d688670880f843ed700bbe6b7d9e8,mlb,total_bases>=6,hits>=2 & hits_plus_runs_plus_RBI>=1 & total_bases>=5,3,EXACT_IMPLICATION,3,"[{""explanation"": ""At most four TB per hit, so hits >= ceil(TB/4); HRR includes nonnegative hits"", ""proven"": true, ""rule_version"": ""mlb-official-batting-v1""}, {""explanation"": ""At most four TB per hit, so hits >= ceil(TB/4); HRR includes nonnegative hits"", ""proven"": true, ""rule_version"": ""mlb-official-batting-v1""}, {""explanation"": ""Threshold monotonicity"", ""proven"": true, ""rule_version"": ""mlb-official-batting-v1""}]",6863,162,359,162,0,0.023604837534605856,0.05230948564767594,0.023604837534605856,1.0,0.45125348189415043,19.11699164345404,19.11699164345404,0.020270735508846068,0.027471950963050044,0.047287833167272794,0.05783203353555663,0.020270735508846068,0.027471950963050044,0.9768365591570956,1.0,0.4005650993885408,0.5029740383005292,0.0,0.0,0.0005594215104179578,0.0,1.0
ed602e2af6ebdffe335b47e4d5fd3b1cc7ea58bb6e3a150ef31d1cf6060d591a,mlb,total_bases>=6,total_bases>=1 & total_bases>=2 & total_bases>=3,3,EXACT_IMPLICATION,3,"[{""explanation"": ""Threshold monotonicity"", ""proven"": true, ""rule_version"": ""mlb-official-batting-v1""}, {""explanation"": ""Threshold monotonicity"", ""proven"": true, ""rule_version"": ""mlb-official-batting-v1""}, {""explanation"": ""Threshold monotonicity"", ""proven"": true, ""rule_version"": ""mlb-official-batting-v1""}]",6863,162,1215,162,0,0.023604837534605856,0.17703628150954392,0.023604837534605856,1.0,0.13333333333333333,5.648559670781893,5.648559670781893,0.020270735508846068,0.027471950963050044,0.16818715677568946,0.18624675194581464,0.020270735508846068,0.027471950963050044,0.9768365591570956,1.0,0.11536998833415207,0.15360794677637607,0.0,0.0,0.0005594215104179578,0.0,1.0
edf8ee993f5fef3e6d85082a788e8e4a40a2b572cc59a4535cd981c894ca1521,mlb,total_bases>=6,hits_plus_runs_plus_RBI>=2,1,EXACT_IMPLICATION,1,"[{""explanation"": ""At most four TB per hit, so hits >= ceil(TB/4); HRR includes nonnegative hits"", ""proven"": true, ""rule_version"": ""mlb-official-batting-v1""}]",6863,162,2787,162,0,0.023604837534605856,0.406090630919423,0.023604837534605856,1.0,0.0581270182992465,2.4625044851094366,2.4625044851094366,0.020270735508846068,0.027471950963050044,0.394527460255928,0.4177588714251049,0.020270735508846068,0.027471950963050044,0.9768365591570956,1.0,0.05003303537754876,0.06743743496555261,0.0,0.0,0.0005594215104179578,0.0,1.0
eff63a298f461dbdcf56bcb3616a55a27167ec5b85c5ccdb6f13a3303f5e8387,mlb,total_bases>=6,hits_plus_runs_plus_RBI>=2 & total_bases>=3 & total_bases>=4,3,EXACT_IMPLICATION,3,"[{""explanation"": ""At most four TB per hit, so hits >= ceil(TB/4); HRR includes nonnegative hits"", ""proven"": true, ""rule_version"": ""mlb-official-batting-v1""}, {""explanation"": ""Threshold monotonicity"", ""proven"": true, ""rule_version"": ""mlb-official-batting-v1""}, {""explanation"": ""Threshold monotonicity"", ""proven"": true, ""rule_version"": ""mlb-official-batting-v1""}]",6863,162,791,162,0,0.023604837534605856,0.11525571907329156,0.023604837534605856,1.0,0.20480404551201012,8.6763590391909,8.676359039190897,0.020270735508846068,0.027471950963050044,0.10791505722010244,0.12302684938000205,0.020270735508846068,0.027471950963050044,0.9768365591570956,1.0,0.17813921974816876,0.23432222798143548,0.0,0.0,0.0005594215104179578,0.0,1.0
f0a717b9677ba97c2a030f0aeb875c1a1dc572c577fc262c512af0470ad62817,mlb,total_bases>=6,hits_plus_runs_plus_RBI>=2 & total_bases>=2 & total_bases>=4,3,EXACT_IMPLICATION,3,"[{""explanation"": ""At most four TB per hit, so hits >= ceil(TB/4); HRR includes nonnegative hits"", ""proven"": true, ""rule_version"": ""mlb-official-batting-v1""}, {""explanation"": ""Threshold monotonicity"", ""proven"": true, ""rule_version"": ""mlb-official-batting-v1""}, {""explanation"": ""Threshold monotonicity"", ""proven"": true, ""rule_version"": ""mlb-official-batting-v1""}]",6863,162,791,162,0,0.023604837534605856,0.11525571907329156,0.023604837534605856,1.0,0.20480404551201012,8.6763590391909,8.676359039190897,0.020270735508846068,0.027471950963050044,0.10791505722010244,0.12302684938000205,0.020270735508846068,0.027471950963050044,0.9768365591570956,1.0,0.17813921974816876,0.23432222798143548,0.0,0.0,0.0005594215104179578,0.0,1.0
f19367eba5a1aafce22abcb25776674f58ef369c002046b713877bd40f2535c9,mlb,total_bases>=6,hits>=2 & hits_plus_runs_plus_RBI>=2,2,EXACT_IMPLICATION,2,"[{""explanation"": ""At most four TB per hit, so hits >= ceil(TB/4); HRR includes nonnegative hits"", ""proven"": true, ""rule_version"": ""mlb-official-batting-v1""}, {""explanation"": ""At most four TB per hit, so hits >= ceil(TB/4); HRR includes nonnegative hits"", ""proven"": true, ""rule_version"": ""mlb-official-batting-v1""}]",6863,162,1371,162,0,0.023604837534605856,0.19976686580212735,0.023604837534605856,1.0,0.11816192560175055,5.005835156819839,5.005835156819839,0.020270735508846068,0.027471950963050044,0.1904766321191096,0.20939301323196607,0.020270735508846068,0.027471950963050044,0.9768365591570956,1.0,0.102132516884731,0.13632512978960534,0.0,0.0,0.0005594215104179578,0.0,1.0
f357b8e3a1d31c52d4d2f2a347e31cb11b7b2f7a2c05fbe5405f42eca4cc8c4b,mlb,total_bases>=6,hits>=1 & hits_plus_runs_plus_RBI>=1 & total_bases>=2,3,EXACT_IMPLICATION,3,"[{""explanation"": ""At most four TB per hit, so hits >= ceil(TB/4); HRR includes nonnegative hits"", ""proven"": true, ""rule_version"": ""mlb-official-batting-v1""}, {""explanation"": ""At most four TB per hit, so hits >= ceil(TB/4); HRR includes nonnegative hits"", ""proven"": true, ""rule_version"": ""mlb-official-batting-v1""}, {""explanation"": ""Threshold monotonicity"", ""proven"": true, ""rule_version"": ""mlb-official-batting-v1""}]",6863,162,2181,162,0,0.023604837534605856,0.3177910534751566,0.023604837534605856,1.0,0.07427785419532325,3.146721687299404,3.146721687299404,0.020270735508846068,0.027471950963050044,0.3068796786974051,0.3289062914610614,0.020270735508846068,0.027471950963050044,0.9768365591570956,1.0,0.06400559753209563,0.08604714771270223,0.0,0.0,0.0005594215104179578,0.0,1.0
f6d9e32ab3ebdab49d441ad456e2484512d32258f47f05ad4dcca7fb3b9ddda9,mlb,total_bases>=6,hits_plus_runs_plus_RBI>=1 & total_bases>=3 & total_bases>=4,3,EXACT_IMPLICATION,3,"[{""explanation"": ""At most four TB per hit, so hits >= ceil(TB/4); HRR includes nonnegative hits"", ""proven"": true, ""rule_version"": ""mlb-official-batting-v1""}, {""explanation"": ""Threshold monotonicity"", ""proven"": true, ""rule_version"": ""mlb-official-batting-v1""}, {""explanation"": ""Threshold monotonicity"", ""proven"": true, ""rule_version"": ""mlb-official-batting-v1""}]",6863,162,791,162,0,0.023604837534605856,0.11525571907329156,0.023604837534605856,1.0,0.20480404551201012,8.6763590391909,8.676359039190897,0.020270735508846068,0.027471950963050044,0.10791505722010244,0.12302684938000205,0.020270735508846068,0.027471950963050044,0.9768365591570956,1.0,0.17813921974816876,0.23432222798143548,0.0,0.0,0.0005594215104179578,0.0,1.0
f8cf474e243e98b89fedd0da00c82feebfb8372f8814b8b3994a35315b154d4d,mlb,total_bases>=6,hits_plus_runs_plus_RBI>=1 & hits_plus_runs_plus_RBI>=2 & total_bases>=2,3,EXACT_IMPLICATION,3,"[{""explanation"": ""At most four TB per hit, so hits >= ceil(TB/4); HRR includes nonnegative hits"", ""proven"": true, ""rule_version"": ""mlb-official-batting-v1""}, {""explanation"": ""At most four TB per hit, so hits >= ceil(TB/4); HRR includes nonnegative hits"", ""proven"": true, ""rule_version"": ""mlb-official-batting-v1""}, {""explanation"": ""Threshold monotonicity"", ""proven"": true, ""rule_version"": ""mlb-official-batting-v1""}]",6863,162,2010,162,0,0.023604837534605856,0.29287483607751713,0.023604837534605856,1.0,0.08059701492537313,3.4144278606965175,3.4144278606965175,0.020270735508846068,0.027471950963050044,0.28222645280215375,0.30375495989697465,0.020270735508846068,0.027471950963050044,0.9768365591570956,1.0,0.06948108117210403,0.09331299449097136,0.0,0.0,0.0005594215104179578,0.0,1.0
f977ae911f6a764be2b50bbe129ed11313f13a56bc735da0448dfa6cbe5db742,mlb,total_bases>=6,hits>=1 & hits>=2 & total_bases>=2,3,EXACT_IMPLICATION,3,"[{""explanation"": ""At most four TB per hit, so hits >= ceil(TB/4); HRR includes nonnegative hits"", ""proven"": true, ""rule_version"": ""mlb-official-batting-v1""}, {""explanation"": ""At most four TB per hit, so hits >= ceil(TB/4); HRR includes nonnegative hits"", ""proven"": true, ""rule_version"": ""mlb-official-batting-v1""}, {""explanation"": ""Threshold monotonicity"", ""proven"": true, ""rule_version"": ""mlb-official-batting-v1""}]",6863,162,1371,162,0,0.023604837534605856,0.19976686580212735,0.023604837534605856,1.0,0.11816192560175055,5.005835156819839,5.005835156819839,0.020270735508846068,0.027471950963050044,0.1904766321191096,0.20939301323196607,0.020270735508846068,0.027471950963050044,0.9768365591570956,1.0,0.102132516884731,0.13632512978960534,0.0,0.0,0.0005594215104179578,0.0,1.0
f9f4cbe18cc9c08b28664e7dee8bff396c6a245a9c4acaa8623859697e70fc9b,mlb,total_bases>=6,hits>=2 & hits_plus_runs_plus_RBI>=2 & total_bases>=2,3,EXACT_IMPLICATION,3,"[{""explanation"": ""At most four TB per hit, so hits >= ceil(TB/4); HRR includes nonnegative hits"", ""proven"": true, ""rule_version"": ""mlb-official-batting-v1""}, {""explanation"": ""At most four TB per hit, so hits >= ceil(TB/4); HRR includes nonnegative hits"", ""proven"": true, ""rule_version"": ""mlb-official-batting-v1""}, {""explanation"": ""Threshold monotonicity"", ""proven"": true, ""rule_version"": ""mlb-official-batting-v1""}]",6863,162,1371,162,0,0.023604837534605856,0.19976686580212735,0.023604837534605856,1.0,0.11816192560175055,5.005835156819839,5.005835156819839,0.020270735508846068,0.027471950963050044,0.1904766321191096,0.20939301323196607,0.020270735508846068,0.027471950963050044,0.9768365591570956,1.0,0.102132516884731,0.13632512978960534,0.0,0.0,0.0005594215104179578,0.0,1.0
fa485682ac752aca6941c5dfa099c76865ad37664a282db8ff0ec55e830fa431,mlb,total_bases>=6,hits>=1 & hits>=2 & hits_plus_runs_plus_RBI>=1,3,EXACT_IMPLICATION,3,"[{""explanation"": ""At most four TB per hit, so hits >= ceil(TB/4); HRR includes nonnegative hits"", ""proven"": true, ""rule_version"": ""mlb-official-batting-v1""}, {""explanation"": ""At most four TB per hit, so hits >= ceil(TB/4); HRR includes nonnegative hits"", ""proven"": true, ""rule_version"": ""mlb-official-batting-v1""}, {""explanation"": ""At most four TB per hit, so hits >= ceil(TB/4); HRR includes nonnegative hits"", ""proven"": true, ""rule_version"": ""mlb-official-batting-v1""}]",6863,162,1371,162,0,0.023604837534605856,0.19976686580212735,0.023604837534605856,1.0,0.11816192560175055,5.005835156819839,5.005835156819839,0.020270735508846068,0.027471950963050044,0.1904766321191096,0.20939301323196607,0.020270735508846068,0.027471950963050044,0.9768365591570956,1.0,0.102132516884731,0.13632512978960534,0.0,0.0,0.0005594215104179578,0.0,1.0
fbcb8f87536e6858b167b2174e49f0f4bd3895930a8ccb618e67d63b0d7c3907,mlb,total_bases>=6,hits>=2 & total_bases>=1 & total_bases>=2,3,EXACT_IMPLICATION,3,"[{""explanation"": ""At most four TB per hit, so hits >= ceil(TB/4); HRR includes nonnegative hits"", ""proven"": true, ""rule_version"": ""mlb-official-batting-v1""}, {""explanation"": ""Threshold monotonicity"", ""proven"": true, ""rule_version"": ""mlb-official-batting-v1""}, {""explanation"": ""Threshold monotonicity"", ""proven"": true, ""rule_version"": ""mlb-official-batting-v1""}]",6863,162,1371,162,0,0.023604837534605856,0.19976686580212735,0.023604837534605856,1.0,0.11816192560175055,5.005835156819839,5.005835156819839,0.020270735508846068,0.027471950963050044,0.1904766321191096,0.20939301323196607,0.020270735508846068,0.027471950963050044,0.9768365591570956,1.0,0.102132516884731,0.13632512978960534,0.0,0.0,0.0005594215104179578,0.0,1.0
06fad1145ae848f849f87122820f3f82be99d522c91397f8340666cc3c3229f0,mlb,hits_plus_runs_plus_RBI>=4,hits_plus_runs_plus_RBI>=1 & hits_plus_runs_plus_RBI>=3 & total_bases>=1,3,EMPIRICAL_CANDIDATE,2,"[{""explanation"": ""Threshold monotonicity"", ""proven"": true, ""rule_version"": ""mlb-official-batting-v1""}, {""explanation"": ""Threshold monotonicity"", ""proven"": true, ""rule_version"": ""mlb-official-batting-v1""}, {""explanation"": ""No proof from configured rules"", ""proven"": false, ""rule_version"": ""mlb-official-batting-v1""}]",6863,1017,1765,1017,0,0.14818592452280344,0.25717616202826754,0.14818592452280344,1.0,0.5762039660056657,3.8883852691218133,3.888385269121813,0.13997721764333465,0.1567882561252517,0.24697331696725122,0.2676506888456911,0.13997721764333465,0.1567882561252517,0.9962369682505531,1.0,0.5530091349987174,0.5990678070350504,0.0,0.0,0.0005594215104179578,0.0,
184a69ef7044ca654d5235773f794da22dced3ee4cb1501b87472bf865471c5c,mlb,hits_plus_runs_plus_RBI>=4,hits_plus_runs_plus_RBI>=1 & total_bases>=1,2,EMPIRICAL_CANDIDATE,1,"[{""explanation"": ""Threshold monotonicity"", ""proven"": true, ""rule_version"": ""mlb-official-batting-v1""}, {""explanation"": ""No proof from configured rules"", ""proven"": false, ""rule_version"": ""mlb-official-batting-v1""}]",6863,1017,3819,1017,0,0.14818592452280344,0.5564621885472826,0.14818592452280344,1.0,0.2663000785545954,1.79706729510343,1.79706729510343,0.13997721764333465,0.1567882561252517,0.5446801576520175,0.5681810471169504,0.13997721764333465,0.1567882561252517,0.9962369682505531,1.0,0.2525209584272756,0.2805488747771979,0.0,0.0,0.0005594215104179578,0.0,
27562a9231d6a0c7f6aed4b68bcf29f1bfd00695f23abac30a0540cd8e9c2361,mlb,hits_plus_runs_plus_RBI>=4,hits>=1 & hits_plus_runs_plus_RBI>=1 & total_bases>=1,3,EMPIRICAL_CANDIDATE,1,"[{""explanation"": ""No proof from configured rules"", ""proven"": false, ""rule_version"": ""mlb-official-batting-v1""}, {""explanation"": ""Threshold monotonicity"", ""proven"": true, ""rule_version"": ""mlb-official-batting-v1""}, {""explanation"": ""No proof from configured rules"", ""proven"": false, ""rule_version"": ""mlb-official-batting-v1""}]",6863,1017,3819,1017,0,0.14818592452280344,0.5564621885472826,0.14818592452280344,1.0,0.2663000785545954,1.79706729510343,1.79706729510343,0.13997721764333465,0.1567882561252517,0.5446801576520175,0.5681810471169504,0.13997721764333465,0.1567882561252517,0.9962369682505531,1.0,0.2525209584272756,0.2805488747771979,0.0,0.0,0.0005594215104179578,0.0,
51417515e2456c231d9b486e40339d5fa71351de9ed900e86f43d0923568777a,mlb,hits_plus_runs_plus_RBI>=4,hits>=1 & hits_plus_runs_plus_RBI>=2 & total_bases>=1,3,EMPIRICAL_CANDIDATE,1,"[{""explanation"": ""No proof from configured rules"", ""proven"": false, ""rule_version"": ""mlb-official-batting-v1""}, {""explanation"": ""Threshold monotonicity"", ""proven"": true, ""rule_version"": ""mlb-official-batting-v1""}, {""explanation"": ""No proof from configured rules"", ""proven"": false, ""rule_version"": ""mlb-official-batting-v1""}]",6863,1017,2742,1017,0,0.14818592452280344,0.3995337316042547,0.14818592452280344,1.0,0.37089715536105033,2.5029175784099196,2.5029175784099196,0.13997721764333465,0.1567882561252517,0.3880049429454243,0.41117492624630914,0.13997721764333465,0.1567882561252517,0.9962369682505531,1.0,0.3530093739567632,0.3891461690278352,0.0,0.0,0.0005594215104179578,0.0,
5961285aebfa6ba1ffe6c0bd105177de95df14d6e5551d395388fa5c1796da23,mlb,hits_plus_runs_plus_RBI>=4,hits>=1 & hits_plus_runs_plus_RBI>=2,2,EMPIRICAL_CANDIDATE,1,"[{""explanation"": ""No proof from configured rules"", ""proven"": false, ""rule_version"": ""mlb-official-batting-v1""}, {""explanation"": ""Threshold monotonicity"", ""proven"": true, ""rule_version"": ""mlb-official-batting-v1""}]",6863,1017,2742,1017,0,0.14818592452280344,0.3995337316042547,0.14818592452280344,1.0,0.37089715536105033,2.5029175784099196,2.5029175784099196,0.13997721764333465,0.1567882561252517,0.3880049429454243,0.41117492624630914,0.13997721764333465,0.1567882561252517,0.9962369682505531,1.0,0.3530093739567632,0.3891461690278352,0.0,0.0,0.0005594215104179578,0.0,
64d835d24b77291c6f0dca1190af35d6c0db8c4695bfc3dd772b704c93a071f5,mlb,hits_plus_runs_plus_RBI>=4,hits>=1 & hits_plus_runs_plus_RBI>=1 & hits_plus_runs_plus_RBI>=3,3,EMPIRICAL_CANDIDATE,2,"[{""explanation"": ""No proof from configured rules"", ""proven"": false, ""rule_version"": ""mlb-official-batting-v1""}, {""explanation"": ""Threshold monotonicity"", ""proven"": true, ""rule_version"": ""mlb-official-batting-v1""}, {""explanation"": ""Threshold monotonicity"", ""proven"": true, ""rule_version"": ""mlb-official-batting-v1""}]",6863,1017,1765,1017,0,0.14818592452280344,0.25717616202826754,0.14818592452280344,1.0,0.5762039660056657,3.8883852691218133,3.888385269121813,0.13997721764333465,0.1567882561252517,0.24697331696725122,0.2676506888456911,0.13997721764333465,0.1567882561252517,0.9962369682505531,1.0,0.5530091349987174,0.5990678070350504,0.0,0.0,0.0005594215104179578,0.0,
6d0a7e76abf7eaa3d6e4515716db27102d12bf7884d82b9762590fb5527b42a0,mlb,hits_plus_runs_plus_RBI>=4,hits>=1 & hits_plus_runs_plus_RBI>=1 & hits_plus_runs_plus_RBI>=2,3,EMPIRICAL_CANDIDATE,2,"[{""explanation"": ""No proof from configured rules"", ""proven"": false, ""rule_version"": ""mlb-official-batting-v1""}, {""explanation"": ""Threshold monotonicity"", ""proven"": true, ""rule_version"": ""mlb-official-batting-v1""}, {""explanation"": ""Threshold monotonicity"", ""proven"": true, ""rule_version"": ""mlb-official-batting-v1""}]",6863,1017,2742,1017,0,0.14818592452280344,0.3995337316042547,0.14818592452280344,1.0,0.37089715536105033,2.5029175784099196,2.5029175784099196,0.13997721764333465,0.1567882561252517,0.3880049429454243,0.41117492624630914,0.13997721764333465,0.1567882561252517,0.9962369682505531,1.0,0.3530093739567632,0.3891461690278352,0.0,0.0,0.0005594215104179578,0.0,
71277bdb448614c56f93e28cd246feacc4799ef6210bad6be066a754a44cf1c9,mlb,hits_plus_runs_plus_RBI>=4,hits>=1 & hits_plus_runs_plus_RBI>=3 & total_bases>=1,3,EMPIRICAL_CANDIDATE,1,"[{""explanation"": ""No proof from configured rules"", ""proven"": false, ""rule_version"": ""mlb-official-batting-v1""}, {""explanation"": ""Threshold monotonicity"", ""proven"": true, ""rule_version"": ""mlb-official-batting-v1""}, {""explanation"": ""No proof from configured rules"", ""proven"": false, ""rule_version"": ""mlb-official-batting-v1""}]",6863,1017,1765,1017,0,0.14818592452280344,0.25717616202826754,0.14818592452280344,1.0,0.5762039660056657,3.8883852691218133,3.888385269121813,0.13997721764333465,0.1567882561252517,0.24697331696725122,0.2676506888456911,0.13997721764333465,0.1567882561252517,0.9962369682505531,1.0,0.5530091349987174,0.5990678070350504,0.0,0.0,0.0005594215104179578,0.0,
7b9cf2daae7b28fc5b095ae16785bffab25b723e841febde27d32c626e08568f,mlb,hits_plus_runs_plus_RBI>=4,total_bases>=1,1,EMPIRICAL_CANDIDATE,0,"[{""explanation"": ""No proof from configured rules"", ""proven"": false, ""rule_version"": ""mlb-official-batting-v1""}]",6863,1017,3819,1017,0,0.14818592452280344,0.5564621885472826,0.14818592452280344,1.0,0.2663000785545954,1.79706729510343,1.79706729510343,0.13997721764333465,0.1567882561252517,0.5446801576520175,0.5681810471169504,0.13997721764333465,0.1567882561252517,0.9962369682505531,1.0,0.2525209584272756,0.2805488747771979,0.0,0.0,0.0005594215104179578,0.0,
7ed1e2dc48db537c0371cec6787f6ff8335df140e94366b4244c312d75286bb5,mlb,hits_plus_runs_plus_RBI>=4,hits>=1 & hits_plus_runs_plus_RBI>=2 & hits_plus_runs_plus_RBI>=3,3,EMPIRICAL_CANDIDATE,2,"[{""explanation"": ""No proof from configured rules"", ""proven"": false, ""rule_version"": ""mlb-official-batting-v1""}, {""explanation"": ""Threshold monotonicity"", ""proven"": true, ""rule_version"": ""mlb-official-batting-v1""}, {""explanation"": ""Threshold monotonicity"", ""proven"": true, ""rule_version"": ""mlb-official-batting-v1""}]",6863,1017,1765,1017,0,0.14818592452280344,0.25717616202826754,0.14818592452280344,1.0,0.5762039660056657,3.8883852691218133,3.888385269121813,0.13997721764333465,0.1567882561252517,0.24697331696725122,0.2676506888456911,0.13997721764333465,0.1567882561252517,0.9962369682505531,1.0,0.5530091349987174,0.5990678070350504,0.0,0.0,0.0005594215104179578,0.0,
847d59264ca4f3200a79be469a8aa80f158d741589b2227748978071f3c3e035,mlb,hits_plus_runs_plus_RBI>=4,hits_plus_runs_plus_RBI>=3 & total_bases>=1,2,EMPIRICAL_CANDIDATE,1,"[{""explanation"": ""Threshold monotonicity"", ""proven"": true, ""rule_version"": ""mlb-official-batting-v1""}, {""explanation"": ""No proof from configured rules"", ""proven"": false, ""rule_version"": ""mlb-official-batting-v1""}]",6863,1017,1765,1017,0,0.14818592452280344,0.25717616202826754,0.14818592452280344,1.0,0.5762039660056657,3.8883852691218133,3.888385269121813,0.13997721764333465,0.1567882561252517,0.24697331696725122,0.2676506888456911,0.13997721764333465,0.1567882561252517,0.9962369682505531,1.0,0.5530091349987174,0.5990678070350504,0.0,0.0,0.0005594215104179578,0.0,
85220f00867160bf1590f31c8816db0d0384ef374831532c649130a0e6a615be,mlb,hits_plus_runs_plus_RBI>=4,hits_plus_runs_plus_RBI>=2 & hits_plus_runs_plus_RBI>=3 & total_bases>=1,3,EMPIRICAL_CANDIDATE,2,"[{""explanation"": ""Threshold monotonicity"", ""proven"": true, ""rule_version"": ""mlb-official-batting-v1""}, {""explanation"": ""Threshold monotonicity"", ""proven"": true, ""rule_version"": ""mlb-official-batting-v1""}, {""explanation"": ""No proof from configured rules"", ""proven"": false, ""rule_version"": ""mlb-official-batting-v1""}]",6863,1017,1765,1017,0,0.14818592452280344,0.25717616202826754,0.14818592452280344,1.0,0.5762039660056657,3.8883852691218133,3.888385269121813,0.13997721764333465,0.1567882561252517,0.24697331696725122,0.2676506888456911,0.13997721764333465,0.1567882561252517,0.9962369682505531,1.0,0.5530091349987174,0.5990678070350504,0.0,0.0,0.0005594215104179578,0.0,
942aabb7bc1f5a591c496a44811ccc38a61946ac7e451216462433f4d63bec2a,mlb,hits_plus_runs_plus_RBI>=4,hits>=1 & hits_plus_runs_plus_RBI>=1,2,EMPIRICAL_CANDIDATE,1,"[{""explanation"": ""No proof from configured rules"", ""proven"": false, ""rule_version"": ""mlb-official-batting-v1""}, {""explanation"": ""Threshold monotonicity"", ""proven"": true, ""rule_version"": ""mlb-official-batting-v1""}]",6863,1017,3819,1017,0,0.14818592452280344,0.5564621885472826,0.14818592452280344,1.0,0.2663000785545954,1.79706729510343,1.79706729510343,0.13997721764333465,0.1567882561252517,0.5446801576520175,0.5681810471169504,0.13997721764333465,0.1567882561252517,0.9962369682505531,1.0,0.2525209584272756,0.2805488747771979,0.0,0.0,0.0005594215104179578,0.0,
985c45f37db2f613921383671055a4e547fb2e68eafee68d2ca71682e4cbcbef,mlb,hits_plus_runs_plus_RBI>=4,hits>=1 & hits_plus_runs_plus_RBI>=3,2,EMPIRICAL_CANDIDATE,1,"[{""explanation"": ""No proof from configured rules"", ""proven"": false, ""rule_version"": ""mlb-official-batting-v1""}, {""explanation"": ""Threshold monotonicity"", ""proven"": true, ""rule_version"": ""mlb-official-batting-v1""}]",6863,1017,1765,1017,0,0.14818592452280344,0.25717616202826754,0.14818592452280344,1.0,0.5762039660056657,3.8883852691218133,3.888385269121813,0.13997721764333465,0.1567882561252517,0.24697331696725122,0.2676506888456911,0.13997721764333465,0.1567882561252517,0.9962369682505531,1.0,0.5530091349987174,0.5990678070350504,0.0,0.0,0.0005594215104179578,0.0,
9cc8732f2947690b2672947f6ef6ec81f13084bc203abcb1bad653fc637fb656,mlb,hits_plus_runs_plus_RBI>=4,hits>=1 & total_bases>=1,2,EMPIRICAL_CANDIDATE,0,"[{""explanation"": ""No proof from configured rules"", ""proven"": false, ""rule_version"": ""mlb-official-batting-v1""}, {""explanation"": ""No proof from configured rules"", ""proven"": false, ""rule_version"": ""mlb-official-batting-v1""}]",6863,1017,3819,1017,0,0.14818592452280344,0.5564621885472826,0.14818592452280344,1.0,0.2663000785545954,1.79706729510343,1.79706729510343,0.13997721764333465,0.1567882561252517,0.5446801576520175,0.5681810471169504,0.13997721764333465,0.1567882561252517,0.9962369682505531,1.0,0.2525209584272756,0.2805488747771979,0.0,0.0,0.0005594215104179578,0.0,
a631439415321507b05bf3f45bdd3955c0ff26883332553f13c9b8dbec5353e9,mlb,hits_plus_runs_plus_RBI>=4,hits_plus_runs_plus_RBI>=1 & hits_plus_runs_plus_RBI>=2 & total_bases>=1,3,EMPIRICAL_CANDIDATE,2,"[{""explanation"": ""Threshold monotonicity"", ""proven"": true, ""rule_version"": ""mlb-official-batting-v1""}, {""explanation"": ""Threshold monotonicity"", ""proven"": true, ""rule_version"": ""mlb-official-batting-v1""}, {""explanation"": ""No proof from configured rules"", ""proven"": false, ""rule_version"": ""mlb-official-batting-v1""}]",6863,1017,2742,1017,0,0.14818592452280344,0.3995337316042547,0.14818592452280344,1.0,0.37089715536105033,2.5029175784099196,2.5029175784099196,0.13997721764333465,0.1567882561252517,0.3880049429454243,0.41117492624630914,0.13997721764333465,0.1567882561252517,0.9962369682505531,1.0,0.3530093739567632,0.3891461690278352,0.0,0.0,0.0005594215104179578,0.0,
ca730555f5c20b370bbd10ac65a635571bf97d13b42295db92084afddb1f7025,mlb,hits_plus_runs_plus_RBI>=4,hits_plus_runs_plus_RBI>=2 & total_bases>=1,2,EMPIRICAL_CANDIDATE,1,"[{""explanation"": ""Threshold monotonicity"", ""proven"": true, ""rule_version"": ""mlb-official-batting-v1""}, {""explanation"": ""No proof from configured rules"", ""proven"": false, ""rule_version"": ""mlb-official-batting-v1""}]",6863,1017,2742,1017,0,0.14818592452280344,0.3995337316042547,0.14818592452280344,1.0,0.37089715536105033,2.5029175784099196,2.5029175784099196,0.13997721764333465,0.1567882561252517,0.3880049429454243,0.41117492624630914,0.13997721764333465,0.1567882561252517,0.9962369682505531,1.0,0.3530093739567632,0.3891461690278352,0.0,0.0,0.0005594215104179578,0.0,
e511f4904d1aefee43b9dfc6a155ab5eae271a6ef7e665dd1c2b457fc543d5ec,mlb,hits_plus_runs_plus_RBI>=4,hits>=1,1,EMPIRICAL_CANDIDATE,0,"[{""explanation"": ""No proof from configured rules"", ""proven"": false, ""rule_version"": ""mlb-official-batting-v1""}]",6863,1017,3819,1017,0,0.14818592452280344,0.5564621885472826,0.14818592452280344,1.0,0.2663000785545954,1.79706729510343,1.79706729510343,0.13997721764333465,0.1567882561252517,0.5446801576520175,0.5681810471169504,0.13997721764333465,0.1567882561252517,0.9962369682505531,1.0,0.2525209584272756,0.2805488747771979,0.0,0.0,0.0005594215104179578,0.0,
0467f05b60de4e250fc3adac548579d13a4f2c5a4959661c211a13779a24864b,mlb,total_bases>=4,hits_plus_runs_plus_RBI>=2 & total_bases>=1,2,EMPIRICAL_CANDIDATE,1,"[{""explanation"": ""No proof from configured rules"", ""proven"": false, ""rule_version"": ""mlb-official-batting-v1""}, {""explanation"": ""Threshold monotonicity"", ""proven"": true, ""rule_version"": ""mlb-official-batting-v1""}]",6863,791,2742,791,0,0.11525571907329156,0.3995337316042547,0.11525571907329156,1.0,0.2884755652808169,2.50291757840992,2.5029175784099196,0.10791505722010244,0.12302684938000205,0.3880049429454243,0.41117492624630914,0.10791505722010244,0.12302684938000205,0.9951670125179508,1.0,0.27182319562224744,0.3057197844090155,0.0,0.0,0.0005594215104179578,0.0,
12844725c185c83d0f2ad1031743fad75b92177be93d8b1c01de8abd52a93ff5,mlb,total_bases>=4,hits_plus_runs_plus_RBI>=2 & total_bases>=3,2,EMPIRICAL_CANDIDATE,1,"[{""explanation"": ""No proof from configured rules"", ""proven"": false, ""rule_version"": ""mlb-official-batting-v1""}, {""explanation"": ""Threshold monotonicity"", ""proven"": true, ""rule_version"": ""mlb-official-batting-v1""}]",6863,791,1205,791,0,0.11525571907329156,0.17557919277283987,0.11525571907329156,1.0,0.6564315352697095,5.695435684647303,5.695435684647303,0.10791505722010244,0.12302684938000205,0.16676013414692334,0.1847612273547364,0.10791505722010244,0.12302684938000205,0.9951670125179508,1.0,0.6291588001759993,0.6827100534682071,0.0,0.0,0.0005594215104179578,0.0,
1623212e6902b29db562cb71d1ed99a21b0446966f0ed827ba9103cd476cc4a7,mlb,total_bases>=4,hits_plus_runs_plus_RBI>=2 & total_bases>=1 & total_bases>=3,3,EMPIRICAL_CANDIDATE,2,"[{""explanation"": ""No proof from configured rules"", ""proven"": false, ""rule_version"": ""mlb-official-batting-v1""}, {""explanation"": ""Threshold monotonicity"", ""proven"": true, ""rule_version"": ""mlb-official-batting-v1""}, {""explanation"": ""Threshold monotonicity"", ""proven"": true, ""rule_version"": ""mlb-official-batting-v1""}]",6863,791,1205,791,0,0.11525571907329156,0.17557919277283987,0.11525571907329156,1.0,0.6564315352697095,5.695435684647303,5.695435684647303,0.10791505722010244,0.12302684938000205,0.16676013414692334,0.1847612273547364,0.10791505722010244,0.12302684938000205,0.9951670125179508,1.0,0.6291588001759993,0.6827100534682071,0.0,0.0,0.0005594215104179578,0.0,
2ba6f663bd2dd512c579eaceb2d73c2dca6697d9780d50acac26235c65639443,mlb,total_bases>=4,hits>=1 & hits_plus_runs_plus_RBI>=2 & total_bases>=2,3,EMPIRICAL_CANDIDATE,2,"[{""explanation"": ""At most four TB per hit, so hits >= ceil(TB/4); HRR includes nonnegative hits"", ""proven"": true, ""rule_version"": ""mlb-official-batting-v1""}, {""explanation"": ""No proof from configured rules"", ""proven"": false, ""rule_version"": ""mlb-official-batting-v1""}, {""explanation"": ""Threshold monotonicity"", ""proven"": true, ""rule_version"": ""mlb-official-batting-v1""}]",6863,791,2010,791,0,0.11525571907329156,0.29287483607751713,0.11525571907329156,1.0,0.3935323383084577,3.4144278606965175,3.4144278606965175,0.10791505722010244,0.12302684938000205,0.28222645280215375,0.30375495989697465,0.10791505722010244,0.12302684938000205,0.9951670125179508,1.0,0.37239765185597773,0.41507320483666543,0.0,0.0,0.0005594215104179578,0.0,
38a23a2c13160eab2ad815714869a26ac8885cf9d9375aab927a62f7bfb4773d,mlb,total_bases>=4,hits_plus_runs_plus_RBI>=1 & hits_plus_runs_plus_RBI>=2 & total_bases>=2,3,EMPIRICAL_CANDIDATE,2,"[{""explanation"": ""At most four TB per hit, so hits >= ceil(TB/4); HRR includes nonnegative hits"", ""proven"": true, ""rule_version"": ""mlb-official-batting-v1""}, {""explanation"": ""No proof from configured rules"", ""proven"": false, ""rule_version"": ""mlb-official-batting-v1""}, {""explanation"": ""Threshold monotonicity"", ""proven"": true, ""rule_version"": ""mlb-official-batting-v1""}]",6863,791,2010,791,0,0.11525571907329156,0.29287483607751713,0.11525571907329156,1.0,0.3935323383084577,3.4144278606965175,3.4144278606965175,0.10791505722010244,0.12302684938000205,0.28222645280215375,0.30375495989697465,0.10791505722010244,0.12302684938000205,0.9951670125179508,1.0,0.37239765185597773,0.41507320483666543,0.0,0.0,0.0005594215104179578,0.0,
5092ae9e5f5692e531d7461bdd4e0420ccdbf8033e000f27932e28d9901016e0,mlb,total_bases>=4,hits_plus_runs_plus_RBI>=2 & total_bases>=2,2,EMPIRICAL_CANDIDATE,1,"[{""explanation"": ""No proof from configured rules"", ""proven"": false, ""rule_version"": ""mlb-official-batting-v1""}, {""explanation"": ""Threshold monotonicity"", ""proven"": true, ""rule_version"": ""mlb-official-batting-v1""}]",6863,791,2010,791,0,0.11525571907329156,0.29287483607751713,0.11525571907329156,1.0,0.3935323383084577,3.4144278606965175,3.4144278606965175,0.10791505722010244,0.12302684938000205,0.28222645280215375,0.30375495989697465,0.10791505722010244,0.12302684938000205,0.9951670125179508,1.0,0.37239765185597773,0.41507320483666543,0.0,0.0,0.0005594215104179578,0.0,
6a7751d8fd4fa7b84d25ec1141914d554984760fc64f3d9faf44de7207e73a75,mlb,total_bases>=4,hits_plus_runs_plus_RBI>=2 & total_bases>=2 & total_bases>=3,3,EMPIRICAL_CANDIDATE,2,"[{""explanation"": ""No proof from configured rules"", ""proven"": false, ""rule_version"": ""mlb-official-batting-v1""}, {""explanation"": ""Threshold monotonicity"", ""proven"": true, ""rule_version"": ""mlb-official-batting-v1""}, {""explanation"": ""Threshold monotonicity"", ""proven"": true, ""rule_version"": ""mlb-official-batting-v1""}]",6863,791,1205,791,0,0.11525571907329156,0.17557919277283987,0.11525571907329156,1.0,0.6564315352697095,5.695435684647303,5.695435684647303,0.10791505722010244,0.12302684938000205,0.16676013414692334,0.1847612273547364,0.10791505722010244,0.12302684938000205,0.9951670125179508,1.0,0.6291588001759993,0.6827100534682071,0.0,0.0,0.0005594215104179578,0.0,
a46e525c7cd24f581af957547fe0a16b0ae6d67f63595925896542624777f873,mlb,total_bases>=4,hits>=1 & hits_plus_runs_plus_RBI>=2 & total_bases>=3,3,EMPIRICAL_CANDIDATE,2,"[{""explanation"": ""At most four TB per hit, so hits >= ceil(TB/4); HRR includes nonnegative hits"", ""proven"": true, ""rule_version"": ""mlb-official-batting-v1""}, {""explanation"": ""No proof from configured rules"", ""proven"": false, ""rule_version"": ""mlb-official-batting-v1""}, {""explanation"": ""Threshold monotonicity"", ""proven"": true, ""rule_version"": ""mlb-official-batting-v1""}]",6863,791,1205,791,0,0.11525571907329156,0.17557919277283987,0.11525571907329156,1.0,0.6564315352697095,5.695435684647303,5.695435684647303,0.10791505722010244,0.12302684938000205,0.16676013414692334,0.1847612273547364,0.10791505722010244,0.12302684938000205,0.9951670125179508,1.0,0.6291588001759993,0.6827100534682071,0.0,0.0,0.0005594215104179578,0.0,
a6b8106944221e837440779bce7b208e4efa1edd72ebe2fc7f89f408a94170c1,mlb,total_bases>=4,hits>=1 & hits_plus_runs_plus_RBI>=2 & total_bases>=1,3,EMPIRICAL_CANDIDATE,2,"[{""explanation"": ""At most four TB per hit, so hits >= ceil(TB/4); HRR includes nonnegative hits"", ""proven"": true, ""rule_version"": ""mlb-official-batting-v1""}, {""explanation"": ""No proof from configured rules"", ""proven"": false, ""rule_version"": ""mlb-official-batting-v1""}, {""explanation"": ""Threshold monotonicity"", ""proven"": true, ""rule_version"": ""mlb-official-batting-v1""}]",6863,791,2742,791,0,0.11525571907329156,0.3995337316042547,0.11525571907329156,1.0,0.2884755652808169,2.50291757840992,2.5029175784099196,0.10791505722010244,0.12302684938000205,0.3880049429454243,0.41117492624630914,0.10791505722010244,0.12302684938000205,0.9951670125179508,1.0,0.27182319562224744,0.3057197844090155,0.0,0.0,0.0005594215104179578,0.0,
b1b998b39b5fcea8e1b2265fd65693ccb0ccab0296429ae041aa70893affb9ee,mlb,total_bases>=4,hits>=1 & hits_plus_runs_plus_RBI>=1 & hits_plus_runs_plus_RBI>=2,3,EMPIRICAL_CANDIDATE,2,"[{""explanation"": ""At most four TB per hit, so hits >= ceil(TB/4); HRR includes nonnegative hits"", ""proven"": true, ""rule_version"": ""mlb-official-batting-v1""}, {""explanation"": ""At most four TB per hit, so hits >= ceil(TB/4); HRR includes nonnegative hits"", ""proven"": true, ""rule_version"": ""mlb-official-batting-v1""}, {""explanation"": ""No proof from configured rules"", ""proven"": false, ""rule_version"": ""mlb-official-batting-v1""}]",6863,791,2742,791,0,0.11525571907329156,0.3995337316042547,0.11525571907329156,1.0,0.2884755652808169,2.50291757840992,2.5029175784099196,0.10791505722010244,0.12302684938000205,0.3880049429454243,0.41117492624630914,0.10791505722010244,0.12302684938000205,0.9951670125179508,1.0,0.27182319562224744,0.3057197844090155,0.0,0.0,0.0005594215104179578,0.0,
b62f867be81a9bd9fed517093127d43ea98deb2132a8e75097feac0f2ae8fbe5,mlb,total_bases>=4,hits_plus_runs_plus_RBI>=1 & hits_plus_runs_plus_RBI>=2,2,EMPIRICAL_CANDIDATE,1,"[{""explanation"": ""At most four TB per hit, so hits >= ceil(TB/4); HRR includes nonnegative hits"", ""proven"": true, ""rule_version"": ""mlb-official-batting-v1""}, {""explanation"": ""No proof from configured rules"", ""proven"": false, ""rule_version"": ""mlb-official-batting-v1""}]",6863,791,2787,791,0,0.11525571907329156,0.406090630919423,0.11525571907329156,1.0,0.2838177251524937,2.4625044851094366,2.4625044851094366,0.10791505722010244,0.12302684938000205,0.394527460255928,0.4177588714251049,0.10791505722010244,0.12302684938000205,0.9951670125179508,1.0,0.2673858744278672,0.3008447048508325,0.0,0.0,0.0005594215104179578,0.0,
c8dcbcf77f47abd701f3e4dac4c01f9b29c1e67959167e6f230a4a36b5b18af1,mlb,total_bases>=4,hits_plus_runs_plus_RBI>=1 & hits_plus_runs_plus_RBI>=2 & total_bases>=1,3,EMPIRICAL_CANDIDATE,2,"[{""explanation"": ""At most four TB per hit, so hits >= ceil(TB/4); HRR includes nonnegative hits"", ""proven"": true, ""rule_version"": ""mlb-official-batting-v1""}, {""explanation"": ""No proof from configured rules"", ""proven"": false, ""rule_version"": ""mlb-official-batting-v1""}, {""explanation"": ""Threshold monotonicity"", ""proven"": true, ""rule_version"": ""mlb-official-batting-v1""}]",6863,791,2742,791,0,0.11525571907329156,0.3995337316042547,0.11525571907329156,1.0,0.2884755652808169,2.50291757840992,2.5029175784099196,0.10791505722010244,0.12302684938000205,0.3880049429454243,0.41117492624630914,0.10791505722010244,0.12302684938000205,0.9951670125179508,1.0,0.27182319562224744,0.3057197844090155,0.0,0.0,0.0005594215104179578,0.0,
cbf0b8069dca9fce1cf50bf1fabbb55e5399fb2063bfa0659fe4157ede5c5297,mlb,total_bases>=4,hits_plus_runs_plus_RBI>=2,1,EMPIRICAL_CANDIDATE,0,"[{""explanation"": ""No proof from configured rules"", ""proven"": false, ""rule_version"": ""mlb-official-batting-v1""}]",6863,791,2787,791,0,0.11525571907329156,0.406090630919423,0.11525571907329156,1.0,0.2838177251524937,2.4625044851094366,2.4625044851094366,0.10791505722010244,0.12302684938000205,0.394527460255928,0.4177588714251049,0.10791505722010244,0.12302684938000205,0.9951670125179508,1.0,0.2673858744278672,0.3008447048508325,0.0,0.0,0.0005594215104179578,0.0,
db02b4906265d895b1925e6b75167a47382ddb1bd9702116fb331142ca418e3d,mlb,total_bases>=4,hits>=1 & hits_plus_runs_plus_RBI>=2,2,EMPIRICAL_CANDIDATE,1,"[{""explanation"": ""At most four TB per hit, so hits >= ceil(TB/4); HRR includes nonnegative hits"", ""proven"": true, ""rule_version"": ""mlb-official-batting-v1""}, {""explanation"": ""No proof from configured rules"", ""proven"": false, ""rule_version"": ""mlb-official-batting-v1""}]",6863,791,2742,791,0,0.11525571907329156,0.3995337316042547,0.11525571907329156,1.0,0.2884755652808169,2.50291757840992,2.5029175784099196,0.10791505722010244,0.12302684938000205,0.3880049429454243,0.41117492624630914,0.10791505722010244,0.12302684938000205,0.9951670125179508,1.0,0.27182319562224744,0.3057197844090155,0.0,0.0,0.0005594215104179578,0.0,
e516e44a45b4a789aff1bc18c1de126ac209f762fd87eead364d0a8a8e852172,mlb,total_bases>=4,hits_plus_runs_plus_RBI>=2 & total_bases>=1 & total_bases>=2,3,EMPIRICAL_CANDIDATE,2,"[{""explanation"": ""No proof from configured rules"", ""proven"": false, ""rule_version"": ""mlb-official-batting-v1""}, {""explanation"": ""Threshold monotonicity"", ""proven"": true, ""rule_version"": ""mlb-official-batting-v1""}, {""explanation"": ""Threshold monotonicity"", ""proven"": true, ""rule_version"": ""mlb-official-batting-v1""}]",6863,791,2010,791,0,0.11525571907329156,0.29287483607751713,0.11525571907329156,1.0,0.3935323383084577,3.4144278606965175,3.4144278606965175,0.10791505722010244,0.12302684938000205,0.28222645280215375,0.30375495989697465,0.10791505722010244,0.12302684938000205,0.9951670125179508,1.0,0.37239765185597773,0.41507320483666543,0.0,0.0,0.0005594215104179578,0.0,
fff4e7fb4a6a2b7c10d84e5eea1dcb7cb797494db1094c1483ee0ed6437b72c8,mlb,total_bases>=4,hits_plus_runs_plus_RBI>=1 & hits_plus_runs_plus_RBI>=2 & total_bases>=3,3,EMPIRICAL_CANDIDATE,2,"[{""explanation"": ""At most four TB per hit, so hits >= ceil(TB/4); HRR includes nonnegative hits"", ""proven"": true, ""rule_version"": ""mlb-official-batting-v1""}, {""explanation"": ""No proof from configured rules"", ""proven"": false, ""rule_version"": ""mlb-official-batting-v1""}, {""explanation"": ""Threshold monotonicity"", ""proven"": true, ""rule_version"": ""mlb-official-batting-v1""}]",6863,791,1205,791,0,0.11525571907329156,0.17557919277283987,0.11525571907329156,1.0,0.6564315352697095,5.695435684647303,5.695435684647303,0.10791505722010244,0.12302684938000205,0.16676013414692334,0.1847612273547364,0.10791505722010244,0.12302684938000205,0.9951670125179508,1.0,0.6291588001759993,0.6827100534682071,0.0,0.0,0.0005594215104179578,0.0,
020b4f1b255ba14041c6e8f6ad93e5acc3d20ce6b6d473fb5b1057797d79b85c,mlb,hits_plus_runs_plus_RBI>=3,hits_plus_runs_plus_RBI>=1 & hits_plus_runs_plus_RBI>=2 & total_bases>=1,3,EMPIRICAL_CANDIDATE,2,"[{""explanation"": ""Threshold monotonicity"", ""proven"": true, ""rule_version"": ""mlb-official-batting-v1""}, {""explanation"": ""Threshold monotonicity"", ""proven"": true, ""rule_version"": ""mlb-official-batting-v1""}, {""explanation"": ""No proof from configured rules"", ""proven"": false, ""rule_version"": ""mlb-official-batting-v1""}]",6863,1770,2742,1765,5,0.25790470639661955,0.3995337316042547,0.25717616202826754,0.9971751412429378,0.6436907366885485,2.495847189770344,2.495847189770344,0.24769190548167133,0.26838837394119314,0.3880049429454243,0.41117492624630914,0.24697331696725122,0.2676506888456911,0.9934040978045824,0.9987928041497238,0.625575822301337,0.6614036016084601,0.0007285443683520326,0.0003112294898499568,0.0017044656304901666,0.002824858757062147,
5427f100932f15e53d240d453cc80518e88039911cf22d1d997d4fd4329c395f,mlb,hits_plus_runs_plus_RBI>=3,hits_plus_runs_plus_RBI>=1 & total_bases>=1,2,EMPIRICAL_CANDIDATE,1,"[{""explanation"": ""Threshold monotonicity"", ""proven"": true, ""rule_version"": ""mlb-official-batting-v1""}, {""explanation"": ""No proof from configured rules"", ""proven"": false, ""rule_version"": ""mlb-official-batting-v1""}]",6863,1770,3819,1765,5,0.25790470639661955,0.5564621885472826,0.25717616202826754,0.9971751412429378,0.46216286986122024,1.7919908338178272,1.7919908338178272,0.24769190548167133,0.26838837394119314,0.5446801576520175,0.5681810471169504,0.24697331696725122,0.2676506888456911,0.9934040978045824,0.9987928041497238,0.4463964509611111,0.47800533155770836,0.0007285443683520326,0.0003112294898499568,0.0017044656304901666,0.002824858757062147,
7466ba3aa009deab4823af967c6de2f7f158d8bbbc580831e2c0df3f91568b99,mlb,hits_plus_runs_plus_RBI>=3,hits>=1 & hits_plus_runs_plus_RBI>=1,2,EMPIRICAL_CANDIDATE,1,"[{""explanation"": ""No proof from configured rules"", ""proven"": false, ""rule_version"": ""mlb-official-batting-v1""}, {""explanation"": ""Threshold monotonicity"", ""proven"": true, ""rule_version"": ""mlb-official-batting-v1""}]",6863,1770,3819,1765,5,0.25790470639661955,0.5564621885472826,0.25717616202826754,0.9971751412429378,0.46216286986122024,1.7919908338178272,1.7919908338178272,0.24769190548167133,0.26838837394119314,0.5446801576520175,0.5681810471169504,0.24697331696725122,0.2676506888456911,0.9934040978045824,0.9987928041497238,0.4463964509611111,0.47800533155770836,0.0007285443683520326,0.0003112294898499568,0.0017044656304901666,0.002824858757062147,
8a55fe28eedaada0aef72f20eb5de132d189ec853f23d999f218c20a029b25ef,mlb,hits_plus_runs_plus_RBI>=3,hits>=1 & hits_plus_runs_plus_RBI>=1 & hits_plus_runs_plus_RBI>=2,3,EMPIRICAL_CANDIDATE,2,"[{""explanation"": ""No proof from configured rules"", ""proven"": false, ""rule_version"": ""mlb-official-batting-v1""}, {""explanation"": ""Threshold monotonicity"", ""proven"": true, ""rule_version"": ""mlb-official-batting-v1""}, {""explanation"": ""Threshold monotonicity"", ""proven"": true, ""rule_version"": ""mlb-official-batting-v1""}]",6863,1770,2742,1765,5,0.25790470639661955,0.3995337316042547,0.25717616202826754,0.9971751412429378,0.6436907366885485,2.495847189770344,2.495847189770344,0.24769190548167133,0.26838837394119314,0.3880049429454243,0.41117492624630914,0.24697331696725122,0.2676506888456911,0.9934040978045824,0.9987928041497238,0.625575822301337,0.6614036016084601,0.0007285443683520326,0.0003112294898499568,0.0017044656304901666,0.002824858757062147,
9099057ebe2549589e3b0f1e1bea7289580ca102b25a6a7f9ba604701e4d7f4d,mlb,hits_plus_runs_plus_RBI>=3,hits>=1 & hits_plus_runs_plus_RBI>=1 & total_bases>=1,3,EMPIRICAL_CANDIDATE,1,"[{""explanation"": ""No proof from configured rules"", ""proven"": false, ""rule_version"": ""mlb-official-batting-v1""}, {""explanation"": ""Threshold monotonicity"", ""proven"": true, ""rule_version"": ""mlb-official-batting-v1""}, {""explanation"": ""No proof from configured rules"", ""proven"": false, ""rule_version"": ""mlb-official-batting-v1""}]",6863,1770,3819,1765,5,0.25790470639661955,0.5564621885472826,0.25717616202826754,0.9971751412429378,0.46216286986122024,1.7919908338178272,1.7919908338178272,0.24769190548167133,0.26838837394119314,0.5446801576520175,0.5681810471169504,0.24697331696725122,0.2676506888456911,0.9934040978045824,0.9987928041497238,0.4463964509611111,0.47800533155770836,0.0007285443683520326,0.0003112294898499568,0.0017044656304901666,0.002824858757062147,
b10d356e67317c728190bf6140ddd147eba73dec7d11e99982f64ef5cd742765,mlb,hits_plus_runs_plus_RBI>=3,hits>=1 & hits_plus_runs_plus_RBI>=2 & total_bases>=1,3,EMPIRICAL_CANDIDATE,1,"[{""explanation"": ""No proof from configured rules"", ""proven"": false, ""rule_version"": ""mlb-official-batting-v1""}, {""explanation"": ""Threshold monotonicity"", ""proven"": true, ""rule_version"": ""mlb-official-batting-v1""}, {""explanation"": ""No proof from configured rules"", ""proven"": false, ""rule_version"": ""mlb-official-batting-v1""}]",6863,1770,2742,1765,5,0.25790470639661955,0.3995337316042547,0.25717616202826754,0.9971751412429378,0.6436907366885485,2.495847189770344,2.495847189770344,0.24769190548167133,0.26838837394119314,0.3880049429454243,0.41117492624630914,0.24697331696725122,0.2676506888456911,0.9934040978045824,0.9987928041497238,0.625575822301337,0.6614036016084601,0.0007285443683520326,0.0003112294898499568,0.0017044656304901666,0.002824858757062147,
b18027521658e29d4b52bc97132fa00304e5646044a0adc3713960d47c593bda,mlb,hits_plus_runs_plus_RBI>=3,hits>=1 & hits_plus_runs_plus_RBI>=2,2,EMPIRICAL_CANDIDATE,1,"[{""explanation"": ""No proof from configured rules"", ""proven"": false, ""rule_version"": ""mlb-official-batting-v1""}, {""explanation"": ""Threshold monotonicity"", ""proven"": true, ""rule_version"": ""mlb-official-batting-v1""}]",6863,1770,2742,1765,5,0.25790470639661955,0.3995337316042547,0.25717616202826754,0.9971751412429378,0.6436907366885485,2.495847189770344,2.495847189770344,0.24769190548167133,0.26838837394119314,0.3880049429454243,0.41117492624630914,0.24697331696725122,0.2676506888456911,0.9934040978045824,0.9987928041497238,0.625575822301337,0.6614036016084601,0.0007285443683520326,0.0003112294898499568,0.0017044656304901666,0.002824858757062147,
c5736701b3c04b5f857d838831b2bff2781492c60ddbf01d203c5a691af2c23b,mlb,hits_plus_runs_plus_RBI>=3,total_bases>=1,1,EMPIRICAL_CANDIDATE,0,"[{""explanation"": ""No proof from configured rules"", ""proven"": false, ""rule_version"": ""mlb-official-batting-v1""}]",6863,1770,3819,1765,5,0.25790470639661955,0.5564621885472826,0.25717616202826754,0.9971751412429378,0.46216286986122024,1.7919908338178272,1.7919908338178272,0.24769190548167133,0.26838837394119314,0.5446801576520175,0.5681810471169504,0.24697331696725122,0.2676506888456911,0.9934040978045824,0.9987928041497238,0.4463964509611111,0.47800533155770836,0.0007285443683520326,0.0003112294898499568,0.0017044656304901666,0.002824858757062147,
de099f9e3c405a091b673eac29f1bc58d016c5d0f3bd41258d76864e1a76671e,mlb,hits_plus_runs_plus_RBI>=3,hits_plus_runs_plus_RBI>=2 & total_bases>=1,2,EMPIRICAL_CANDIDATE,1,"[{""explanation"": ""Threshold monotonicity"", ""proven"": true, ""rule_version"": ""mlb-official-batting-v1""}, {""explanation"": ""No proof from configured rules"", ""proven"": false, ""rule_version"": ""mlb-official-batting-v1""}]",6863,1770,2742,1765,5,0.25790470639661955,0.3995337316042547,0.25717616202826754,0.9971751412429378,0.6436907366885485,2.495847189770344,2.495847189770344,0.24769190548167133,0.26838837394119314,0.3880049429454243,0.41117492624630914,0.24697331696725122,0.2676506888456911,0.9934040978045824,0.9987928041497238,0.625575822301337,0.6614036016084601,0.0007285443683520326,0.0003112294898499568,0.0017044656304901666,0.002824858757062147,
e3520b5f4552c48add26d427c09d7b27e6437eb4628a602e236d521598458f26,mlb,hits_plus_runs_plus_RBI>=3,hits>=1,1,EMPIRICAL_CANDIDATE,0,"[{""explanation"": ""No proof from configured rules"", ""proven"": false, ""rule_version"": ""mlb-official-batting-v1""}]",6863,1770,3819,1765,5,0.25790470639661955,0.5564621885472826,0.25717616202826754,0.9971751412429378,0.46216286986122024,1.7919908338178272,1.7919908338178272,0.24769190548167133,0.26838837394119314,0.5446801576520175,0.5681810471169504,0.24697331696725122,0.2676506888456911,0.9934040978045824,0.9987928041497238,0.4463964509611111,0.47800533155770836,0.0007285443683520326,0.0003112294898499568,0.0017044656304901666,0.002824858757062147,
ec549452a3176563f340edbcbd0a383a590721f283f9daa6148f6d2d40864b05,mlb,hits_plus_runs_plus_RBI>=3,hits>=1 & total_bases>=1,2,EMPIRICAL_CANDIDATE,0,"[{""explanation"": ""No proof from configured rules"", ""proven"": false, ""rule_version"": ""mlb-official-batting-v1""}, {""explanation"": ""No proof from configured rules"", ""proven"": false, ""rule_version"": ""mlb-official-batting-v1""}]",6863,1770,3819,1765,5,0.25790470639661955,0.5564621885472826,0.25717616202826754,0.9971751412429378,0.46216286986122024,1.7919908338178272,1.7919908338178272,0.24769190548167133,0.26838837394119314,0.5446801576520175,0.5681810471169504,0.24697331696725122,0.2676506888456911,0.9934040978045824,0.9987928041497238,0.4463964509611111,0.47800533155770836,0.0007285443683520326,0.0003112294898499568,0.0017044656304901666,0.002824858757062147,
02dc8a8d62fcd631d0eb51ad7029259678e640e76720b2953d70848149b23abb,mlb,hits_plus_runs_plus_RBI>=5,hits>=1 & hits_plus_runs_plus_RBI>=1 & hits_plus_runs_plus_RBI>=4,3,EMPIRICAL_CANDIDATE,2,"[{""explanation"": ""No proof from configured rules"", ""proven"": false, ""rule_version"": ""mlb-official-batting-v1""}, {""explanation"": ""Threshold monotonicity"", ""proven"": true, ""rule_version"": ""mlb-official-batting-v1""}, {""explanation"": ""Threshold monotonicity"", ""proven"": true, ""rule_version"": ""mlb-official-batting-v1""}]",6863,554,1017,554,0,0.08072271601340522,0.14818592452280344,0.08072271601340522,1.0,0.5447394296951819,6.748279252704032,6.748279252704031,0.07450996230136143,0.08740457518843243,0.13997721764333465,0.1567882561252517,0.07450996230136143,0.08740457518843243,0.9931137086353976,1.0,0.5140218653925828,0.5751202822089907,0.0,0.0,0.0005594215104179578,0.0,
0384e29bb0c3a98a3aebd59b7b346d92b5c417a3c2fd3c9cb91f250dedfc48b1,mlb,hits_plus_runs_plus_RBI>=5,hits>=1 & hits_plus_runs_plus_RBI>=4 & total_bases>=1,3,EMPIRICAL_CANDIDATE,1,"[{""explanation"": ""No proof from configured rules"", ""proven"": false, ""rule_version"": ""mlb-official-batting-v1""}, {""explanation"": ""Threshold monotonicity"", ""proven"": true, ""rule_version"": ""mlb-official-batting-v1""}, {""explanation"": ""No proof from configured rules"", ""proven"": false, ""rule_version"": ""mlb-official-batting-v1""}]",6863,554,1017,554,0,0.08072271601340522,0.14818592452280344,0.08072271601340522,1.0,0.5447394296951819,6.748279252704032,6.748279252704031,0.07450996230136143,0.08740457518843243,0.13997721764333465,0.1567882561252517,0.07450996230136143,0.08740457518843243,0.9931137086353976,1.0,0.5140218653925828,0.5751202822089907,0.0,0.0,0.0005594215104179578,0.0,
0fe20a7c1eb8fb2be5ccc47b95ae10db0a87b7bff13359a6f54206e70b78db10,mlb,hits_plus_runs_plus_RBI>=5,hits_plus_runs_plus_RBI>=3 & total_bases>=1,2,EMPIRICAL_CANDIDATE,1,"[{""explanation"": ""Threshold monotonicity"", ""proven"": true, ""rule_version"": ""mlb-official-batting-v1""}, {""explanation"": ""No proof from configured rules"", ""proven"": false, ""rule_version"": ""mlb-official-batting-v1""}]",6863,554,1765,554,0,0.08072271601340522,0.25717616202826754,0.08072271601340522,1.0,0.3138810198300283,3.888385269121813,3.888385269121813,0.07450996230136143,0.08740457518843243,0.24697331696725122,0.2676506888456911,0.07450996230136143,0.08740457518843243,0.9931137086353976,1.0,0.29265496225330945,0.335915480437451,0.0,0.0,0.0005594215104179578,0.0,
1479f4687e804b0c3950ef4edea3d6b469ca93c884fddda6dce3445e3278897c,mlb,hits_plus_runs_plus_RBI>=5,hits>=1 & hits_plus_runs_plus_RBI>=3 & hits_plus_runs_plus_RBI>=4,3,EMPIRICAL_CANDIDATE,2,"[{""explanation"": ""No proof from configured rules"", ""proven"": false, ""rule_version"": ""mlb-official-batting-v1""}, {""explanation"": ""Threshold monotonicity"", ""proven"": true, ""rule_version"": ""mlb-official-batting-v1""}, {""explanation"": ""Threshold monotonicity"", ""proven"": true, ""rule_version"": ""mlb-official-batting-v1""}]",6863,554,1017,554,0,0.08072271601340522,0.14818592452280344,0.08072271601340522,1.0,0.5447394296951819,6.748279252704032,6.748279252704031,0.07450996230136143,0.08740457518843243,0.13997721764333465,0.1567882561252517,0.07450996230136143,0.08740457518843243,0.9931137086353976,1.0,0.5140218653925828,0.5751202822089907,0.0,0.0,0.0005594215104179578,0.0,
23a79d6ec63c9ad29399ae6431877866a7a805f491d1761a27638393d0313267,mlb,hits_plus_runs_plus_RBI>=5,hits>=1 & hits_plus_runs_plus_RBI>=2 & hits_plus_runs_plus_RBI>=4,3,EMPIRICAL_CANDIDATE,2,"[{""explanation"": ""No proof from configured rules"", ""proven"": false, ""rule_version"": ""mlb-official-batting-v1""}, {""explanation"": ""Threshold monotonicity"", ""proven"": true, ""rule_version"": ""mlb-official-batting-v1""}, {""explanation"": ""Threshold monotonicity"", ""proven"": true, ""rule_version"": ""mlb-official-batting-v1""}]",6863,554,1017,554,0,0.08072271601340522,0.14818592452280344,0.08072271601340522,1.0,0.5447394296951819,6.748279252704032,6.748279252704031,0.07450996230136143,0.08740457518843243,0.13997721764333465,0.1567882561252517,0.07450996230136143,0.08740457518843243,0.9931137086353976,1.0,0.5140218653925828,0.5751202822089907,0.0,0.0,0.0005594215104179578,0.0,
301dc1558a85dac55059d43206e085c060fe7580fad8d0a38aff486f7b4e09b9,mlb,hits_plus_runs_plus_RBI>=5,hits>=1 & hits_plus_runs_plus_RBI>=4,2,EMPIRICAL_CANDIDATE,1,"[{""explanation"": ""No proof from configured rules"", ""proven"": false, ""rule_version"": ""mlb-official-batting-v1""}, {""explanation"": ""Threshold monotonicity"", ""proven"": true, ""rule_version"": ""mlb-official-batting-v1""}]",6863,554,1017,554,0,0.08072271601340522,0.14818592452280344,0.08072271601340522,1.0,0.5447394296951819,6.748279252704032,6.748279252704031,0.07450996230136143,0.08740457518843243,0.13997721764333465,0.1567882561252517,0.07450996230136143,0.08740457518843243,0.9931137086353976,1.0,0.5140218653925828,0.5751202822089907,0.0,0.0,0.0005594215104179578,0.0,
303c735d1294b8e080944ead44fc19caff8f50cecd898153e412167a63798c14,mlb,hits_plus_runs_plus_RBI>=5,hits_plus_runs_plus_RBI>=4 & total_bases>=1,2,EMPIRICAL_CANDIDATE,1,"[{""explanation"": ""Threshold monotonicity"", ""proven"": true, ""rule_version"": ""mlb-official-batting-v1""}, {""explanation"": ""No proof from configured rules"", ""proven"": false, ""rule_version"": ""mlb-official-batting-v1""}]",6863,554,1017,554,0,0.08072271601340522,0.14818592452280344,0.08072271601340522,1.0,0.5447394296951819,6.748279252704032,6.748279252704031,0.07450996230136143,0.08740457518843243,0.13997721764333465,0.1567882561252517,0.07450996230136143,0.08740457518843243,0.9931137086353976,1.0,0.5140218653925828,0.5751202822089907,0.0,0.0,0.0005594215104179578,0.0,
3be6d4499bdfe2128322db9941185e44b5e5d15e3a53a8b3bf480b806e507768,mlb,hits_plus_runs_plus_RBI>=5,hits>=1,1,EMPIRICAL_CANDIDATE,0,"[{""explanation"": ""No proof from configured rules"", ""proven"": false, ""rule_version"": ""mlb-official-batting-v1""}]",6863,554,3819,554,0,0.08072271601340522,0.5564621885472826,0.08072271601340522,1.0,0.14506415291961247,1.79706729510343,1.79706729510343,0.07450996230136143,0.08740457518843243,0.5446801576520175,0.5681810471169504,0.07450996230136143,0.08740457518843243,0.9931137086353976,1.0,0.13425158555964892,0.1565900490719074,0.0,0.0,0.0005594215104179578,0.0,
53f4bbbed0b8216b62acde40ce75d37cc7f70a66064db148acbdab2da0d3d978,mlb,hits_plus_runs_plus_RBI>=5,hits_plus_runs_plus_RBI>=1 & total_bases>=1,2,EMPIRICAL_CANDIDATE,1,"[{""explanation"": ""Threshold monotonicity"", ""proven"": true, ""rule_version"": ""mlb-official-batting-v1""}, {""explanation"": ""No proof from configured rules"", ""proven"": false, ""rule_version"": ""mlb-official-batting-v1""}]",6863,554,3819,554,0,0.08072271601340522,0.5564621885472826,0.08072271601340522,1.0,0.14506415291961247,1.79706729510343,1.79706729510343,0.07450996230136143,0.08740457518843243,0.5446801576520175,0.5681810471169504,0.07450996230136143,0.08740457518843243,0.9931137086353976,1.0,0.13425158555964892,0.1565900490719074,0.0,0.0,0.0005594215104179578,0.0,
54a16e1bc7592b4ff0d8df5e125cfcdb5ff2d5f294e60afc3517780a6b391543,mlb,hits_plus_runs_plus_RBI>=5,hits>=1 & hits_plus_runs_plus_RBI>=1 & hits_plus_runs_plus_RBI>=3,3,EMPIRICAL_CANDIDATE,2,"[{""explanation"": ""No proof from configured rules"", ""proven"": false, ""rule_version"": ""mlb-official-batting-v1""}, {""explanation"": ""Threshold monotonicity"", ""proven"": true, ""rule_version"": ""mlb-official-batting-v1""}, {""explanation"": ""Threshold monotonicity"", ""proven"": true, ""rule_version"": ""mlb-official-batting-v1""}]",6863,554,1765,554,0,0.08072271601340522,0.25717616202826754,0.08072271601340522,1.0,0.3138810198300283,3.888385269121813,3.888385269121813,0.07450996230136143,0.08740457518843243,0.24697331696725122,0.2676506888456911,0.07450996230136143,0.08740457518843243,0.9931137086353976,1.0,0.29265496225330945,0.335915480437451,0.0,0.0,0.0005594215104179578,0.0,
62e9806344981e56be513ae9d9d4b65d1fd16422db60a812dcd270d69437cec4,mlb,hits_plus_runs_plus_RBI>=5,hits_plus_runs_plus_RBI>=1 & hits_plus_runs_plus_RBI>=3 & total_bases>=1,3,EMPIRICAL_CANDIDATE,2,"[{""explanation"": ""Threshold monotonicity"", ""proven"": true, ""rule_version"": ""mlb-official-batting-v1""}, {""explanation"": ""Threshold monotonicity"", ""proven"": true, ""rule_version"": ""mlb-official-batting-v1""}, {""explanation"": ""No proof from configured rules"", ""proven"": false, ""rule_version"": ""mlb-official-batting-v1""}]",6863,554,1765,554,0,0.08072271601340522,0.25717616202826754,0.08072271601340522,1.0,0.3138810198300283,3.888385269121813,3.888385269121813,0.07450996230136143,0.08740457518843243,0.24697331696725122,0.2676506888456911,0.07450996230136143,0.08740457518843243,0.9931137086353976,1.0,0.29265496225330945,0.335915480437451,0.0,0.0,0.0005594215104179578,0.0,
68c85a40555a8e876cc29fa87cf15e3e6bde62bfd521a643f7531f1e48a114e5,mlb,hits_plus_runs_plus_RBI>=5,hits>=1 & hits_plus_runs_plus_RBI>=2 & total_bases>=1,3,EMPIRICAL_CANDIDATE,1,"[{""explanation"": ""No proof from configured rules"", ""proven"": false, ""rule_version"": ""mlb-official-batting-v1""}, {""explanation"": ""Threshold monotonicity"", ""proven"": true, ""rule_version"": ""mlb-official-batting-v1""}, {""explanation"": ""No proof from configured rules"", ""proven"": false, ""rule_version"": ""mlb-official-batting-v1""}]",6863,554,2742,554,0,0.08072271601340522,0.3995337316042547,0.08072271601340522,1.0,0.20204230488694383,2.5029175784099196,2.5029175784099196,0.07450996230136143,0.08740457518843243,0.3880049429454243,0.41117492624630914,0.07450996230136143,0.08740457518843243,0.9931137086353976,1.0,0.1874350433364917,0.21748325784547695,0.0,0.0,0.0005594215104179578,0.0,
6d30c6895748a34720ad42aec980911413e3225f37c716827daf3afa4ec9b84a,mlb,hits_plus_runs_plus_RBI>=5,hits_plus_runs_plus_RBI>=2 & hits_plus_runs_plus_RBI>=4 & total_bases>=1,3,EMPIRICAL_CANDIDATE,2,"[{""explanation"": ""Threshold monotonicity"", ""proven"": true, ""rule_version"": ""mlb-official-batting-v1""}, {""explanation"": ""Threshold monotonicity"", ""proven"": true, ""rule_version"": ""mlb-official-batting-v1""}, {""explanation"": ""No proof from configured rules"", ""proven"": false, ""rule_version"": ""mlb-official-batting-v1""}]",6863,554,1017,554,0,0.08072271601340522,0.14818592452280344,0.08072271601340522,1.0,0.5447394296951819,6.748279252704032,6.748279252704031,0.07450996230136143,0.08740457518843243,0.13997721764333465,0.1567882561252517,0.07450996230136143,0.08740457518843243,0.9931137086353976,1.0,0.5140218653925828,0.5751202822089907,0.0,0.0,0.0005594215104179578,0.0,
7c98a8dde021cf33c52d3bb20b5bdada9ba86a572dd73c6523c4f16b62512861,mlb,hits_plus_runs_plus_RBI>=5,hits>=1 & hits_plus_runs_plus_RBI>=1 & hits_plus_runs_plus_RBI>=2,3,EMPIRICAL_CANDIDATE,2,"[{""explanation"": ""No proof from configured rules"", ""proven"": false, ""rule_version"": ""mlb-official-batting-v1""}, {""explanation"": ""Threshold monotonicity"", ""proven"": true, ""rule_version"": ""mlb-official-batting-v1""}, {""explanation"": ""Threshold monotonicity"", ""proven"": true, ""rule_version"": ""mlb-official-batting-v1""}]",6863,554,2742,554,0,0.08072271601340522,0.3995337316042547,0.08072271601340522,1.0,0.20204230488694383,2.5029175784099196,2.5029175784099196,0.07450996230136143,0.08740457518843243,0.3880049429454243,0.41117492624630914,0.07450996230136143,0.08740457518843243,0.9931137086353976,1.0,0.1874350433364917,0.21748325784547695,0.0,0.0,0.0005594215104179578,0.0,
7e0228d753c3f4cef29263b746ed1b1df1865376f991efd1df6bf9456cc1f146,mlb,hits_plus_runs_plus_RBI>=5,hits>=1 & hits_plus_runs_plus_RBI>=3,2,EMPIRICAL_CANDIDATE,1,"[{""explanation"": ""No proof from configured rules"", ""proven"": false, ""rule_version"": ""mlb-official-batting-v1""}, {""explanation"": ""Threshold monotonicity"", ""proven"": true, ""rule_version"": ""mlb-official-batting-v1""}]",6863,554,1765,554,0,0.08072271601340522,0.25717616202826754,0.08072271601340522,1.0,0.3138810198300283,3.888385269121813,3.888385269121813,0.07450996230136143,0.08740457518843243,0.24697331696725122,0.2676506888456911,0.07450996230136143,0.08740457518843243,0.9931137086353976,1.0,0.29265496225330945,0.335915480437451,0.0,0.0,0.0005594215104179578,0.0,
8102e9c80613ceb248e6e3d5e91308df6b1924434dd31f529f9b2c91e7975392,mlb,hits_plus_runs_plus_RBI>=5,hits_plus_runs_plus_RBI>=3 & hits_plus_runs_plus_RBI>=4 & total_bases>=1,3,EMPIRICAL_CANDIDATE,2,"[{""explanation"": ""Threshold monotonicity"", ""proven"": true, ""rule_version"": ""mlb-official-batting-v1""}, {""explanation"": ""Threshold monotonicity"", ""proven"": true, ""rule_version"": ""mlb-official-batting-v1""}, {""explanation"": ""No proof from configured rules"", ""proven"": false, ""rule_version"": ""mlb-official-batting-v1""}]",6863,554,1017,554,0,0.08072271601340522,0.14818592452280344,0.08072271601340522,1.0,0.5447394296951819,6.748279252704032,6.748279252704031,0.07450996230136143,0.08740457518843243,0.13997721764333465,0.1567882561252517,0.07450996230136143,0.08740457518843243,0.9931137086353976,1.0,0.5140218653925828,0.5751202822089907,0.0,0.0,0.0005594215104179578,0.0,
88e1443f4f18e7bbcbd959a3c7acb0b06873cb42430d251abd54070a4720f28e,mlb,hits_plus_runs_plus_RBI>=5,total_bases>=1,1,EMPIRICAL_CANDIDATE,0,"[{""explanation"": ""No proof from configured rules"", ""proven"": false, ""rule_version"": ""mlb-official-batting-v1""}]",6863,554,3819,554,0,0.08072271601340522,0.5564621885472826,0.08072271601340522,1.0,0.14506415291961247,1.79706729510343,1.79706729510343,0.07450996230136143,0.08740457518843243,0.5446801576520175,0.5681810471169504,0.07450996230136143,0.08740457518843243,0.9931137086353976,1.0,0.13425158555964892,0.1565900490719074,0.0,0.0,0.0005594215104179578,0.0,
935e853080f41c5e2e0c4057939453532207ac8314765e64e96817edadf6ab60,mlb,hits_plus_runs_plus_RBI>=5,hits_plus_runs_plus_RBI>=1 & hits_plus_runs_plus_RBI>=2 & total_bases>=1,3,EMPIRICAL_CANDIDATE,2,"[{""explanation"": ""Threshold monotonicity"", ""proven"": true, ""rule_version"": ""mlb-official-batting-v1""}, {""explanation"": ""Threshold monotonicity"", ""proven"": true, ""rule_version"": ""mlb-official-batting-v1""}, {""explanation"": ""No proof from configured rules"", ""proven"": false, ""rule_version"": ""mlb-official-batting-v1""}]",6863,554,2742,554,0,0.08072271601340522,0.3995337316042547,0.08072271601340522,1.0,0.20204230488694383,2.5029175784099196,2.5029175784099196,0.07450996230136143,0.08740457518843243,0.3880049429454243,0.41117492624630914,0.07450996230136143,0.08740457518843243,0.9931137086353976,1.0,0.1874350433364917,0.21748325784547695,0.0,0.0,0.0005594215104179578,0.0,
9afae364924b2b667350b8ecc6524a9244904bebb2c19d911fdce475d17694c7,mlb,hits_plus_runs_plus_RBI>=5,hits>=1 & hits_plus_runs_plus_RBI>=1,2,EMPIRICAL_CANDIDATE,1,"[{""explanation"": ""No proof from configured rules"", ""proven"": false, ""rule_version"": ""mlb-official-batting-v1""}, {""explanation"": ""Threshold monotonicity"", ""proven"": true, ""rule_version"": ""mlb-official-batting-v1""}]",6863,554,3819,554,0,0.08072271601340522,0.5564621885472826,0.08072271601340522,1.0,0.14506415291961247,1.79706729510343,1.79706729510343,0.07450996230136143,0.08740457518843243,0.5446801576520175,0.5681810471169504,0.07450996230136143,0.08740457518843243,0.9931137086353976,1.0,0.13425158555964892,0.1565900490719074,0.0,0.0,0.0005594215104179578,0.0,
a341aca08e9539c6c741fe7e12fbcc849ee2040df8d4375f29b4b265d0e40a55,mlb,hits_plus_runs_plus_RBI>=5,hits_plus_runs_plus_RBI>=1 & hits_plus_runs_plus_RBI>=4 & total_bases>=1,3,EMPIRICAL_CANDIDATE,2,"[{""explanation"": ""Threshold monotonicity"", ""proven"": true, ""rule_version"": ""mlb-official-batting-v1""}, {""explanation"": ""Threshold monotonicity"", ""proven"": true, ""rule_version"": ""mlb-official-batting-v1""}, {""explanation"": ""No proof from configured rules"", ""proven"": false, ""rule_version"": ""mlb-official-batting-v1""}]",6863,554,1017,554,0,0.08072271601340522,0.14818592452280344,0.08072271601340522,1.0,0.5447394296951819,6.748279252704032,6.748279252704031,0.07450996230136143,0.08740457518843243,0.13997721764333465,0.1567882561252517,0.07450996230136143,0.08740457518843243,0.9931137086353976,1.0,0.5140218653925828,0.5751202822089907,0.0,0.0,0.0005594215104179578,0.0,
afb7cb4c8910ee938337bb334c7a0a553335b45cb81a3ef6a36b774836419766,mlb,hits_plus_runs_plus_RBI>=5,hits>=1 & hits_plus_runs_plus_RBI>=2,2,EMPIRICAL_CANDIDATE,1,"[{""explanation"": ""No proof from configured rules"", ""proven"": false, ""rule_version"": ""mlb-official-batting-v1""}, {""explanation"": ""Threshold monotonicity"", ""proven"": true, ""rule_version"": ""mlb-official-batting-v1""}]",6863,554,2742,554,0,0.08072271601340522,0.3995337316042547,0.08072271601340522,1.0,0.20204230488694383,2.5029175784099196,2.5029175784099196,0.07450996230136143,0.08740457518843243,0.3880049429454243,0.41117492624630914,0.07450996230136143,0.08740457518843243,0.9931137086353976,1.0,0.1874350433364917,0.21748325784547695,0.0,0.0,0.0005594215104179578,0.0,
b122146d4b2e922aedd20e3a0f736de98b407934562b338ff726e4b83bb6e728,mlb,hits_plus_runs_plus_RBI>=5,hits>=1 & hits_plus_runs_plus_RBI>=2 & hits_plus_runs_plus_RBI>=3,3,EMPIRICAL_CANDIDATE,2,"[{""explanation"": ""No proof from configured rules"", ""proven"": false, ""rule_version"": ""mlb-official-batting-v1""}, {""explanation"": ""Threshold monotonicity"", ""proven"": true, ""rule_version"": ""mlb-official-batting-v1""}, {""explanation"": ""Threshold monotonicity"", ""proven"": true, ""rule_version"": ""mlb-official-batting-v1""}]",6863,554,1765,554,0,0.08072271601340522,0.25717616202826754,0.08072271601340522,1.0,0.3138810198300283,3.888385269121813,3.888385269121813,0.07450996230136143,0.08740457518843243,0.24697331696725122,0.2676506888456911,0.07450996230136143,0.08740457518843243,0.9931137086353976,1.0,0.29265496225330945,0.335915480437451,0.0,0.0,0.0005594215104179578,0.0,
b1e6f10df085200565abd54e9352944748accbb20712e981232b3891750b433e,mlb,hits_plus_runs_plus_RBI>=5,hits>=1 & hits_plus_runs_plus_RBI>=3 & total_bases>=1,3,EMPIRICAL_CANDIDATE,1,"[{""explanation"": ""No proof from configured rules"", ""proven"": false, ""rule_version"": ""mlb-official-batting-v1""}, {""explanation"": ""Threshold monotonicity"", ""proven"": true, ""rule_version"": ""mlb-official-batting-v1""}, {""explanation"": ""No proof from configured rules"", ""proven"": false, ""rule_version"": ""mlb-official-batting-v1""}]",6863,554,1765,554,0,0.08072271601340522,0.25717616202826754,0.08072271601340522,1.0,0.3138810198300283,3.888385269121813,3.888385269121813,0.07450996230136143,0.08740457518843243,0.24697331696725122,0.2676506888456911,0.07450996230136143,0.08740457518843243,0.9931137086353976,1.0,0.29265496225330945,0.335915480437451,0.0,0.0,0.0005594215104179578,0.0,
b2195e7d51c8ccd06066ed8c15d016df4b285cd4703358f237ebaf325a92c36d,mlb,hits_plus_runs_plus_RBI>=5,hits_plus_runs_plus_RBI>=2 & total_bases>=1,2,EMPIRICAL_CANDIDATE,1,"[{""explanation"": ""Threshold monotonicity"", ""proven"": true, ""rule_version"": ""mlb-official-batting-v1""}, {""explanation"": ""No proof from configured rules"", ""proven"": false, ""rule_version"": ""mlb-official-batting-v1""}]",6863,554,2742,554,0,0.08072271601340522,0.3995337316042547,0.08072271601340522,1.0,0.20204230488694383,2.5029175784099196,2.5029175784099196,0.07450996230136143,0.08740457518843243,0.3880049429454243,0.41117492624630914,0.07450996230136143,0.08740457518843243,0.9931137086353976,1.0,0.1874350433364917,0.21748325784547695,0.0,0.0,0.0005594215104179578,0.0,
b9bdb65fadec5a28478633c921c3241c66954609225be021f4ef52b12b1365f4,mlb,hits_plus_runs_plus_RBI>=5,hits>=1 & total_bases>=1,2,EMPIRICAL_CANDIDATE,0,"[{""explanation"": ""No proof from configured rules"", ""proven"": false, ""rule_version"": ""mlb-official-batting-v1""}, {""explanation"": ""No proof from configured rules"", ""proven"": false, ""rule_version"": ""mlb-official-batting-v1""}]",6863,554,3819,554,0,0.08072271601340522,0.5564621885472826,0.08072271601340522,1.0,0.14506415291961247,1.79706729510343,1.79706729510343,0.07450996230136143,0.08740457518843243,0.5446801576520175,0.5681810471169504,0.07450996230136143,0.08740457518843243,0.9931137086353976,1.0,0.13425158555964892,0.1565900490719074,0.0,0.0,0.0005594215104179578,0.0,
d3b0f61a2c821077a4295ea2ab680f767fd343dfbdb6b5c448ab753c6c183f1d,mlb,hits_plus_runs_plus_RBI>=5,hits_plus_runs_plus_RBI>=2 & hits_plus_runs_plus_RBI>=3 & total_bases>=1,3,EMPIRICAL_CANDIDATE,2,"[{""explanation"": ""Threshold monotonicity"", ""proven"": true, ""rule_version"": ""mlb-official-batting-v1""}, {""explanation"": ""Threshold monotonicity"", ""proven"": true, ""rule_version"": ""mlb-official-batting-v1""}, {""explanation"": ""No proof from configured rules"", ""proven"": false, ""rule_version"": ""mlb-official-batting-v1""}]",6863,554,1765,554,0,0.08072271601340522,0.25717616202826754,0.08072271601340522,1.0,0.3138810198300283,3.888385269121813,3.888385269121813,0.07450996230136143,0.08740457518843243,0.24697331696725122,0.2676506888456911,0.07450996230136143,0.08740457518843243,0.9931137086353976,1.0,0.29265496225330945,0.335915480437451,0.0,0.0,0.0005594215104179578,0.0,
ef41a13b500b45343008219d14d6a4f6f1259e4d9d9a4c980147dd159f7d731c,mlb,hits_plus_runs_plus_RBI>=5,hits>=1 & hits_plus_runs_plus_RBI>=1 & total_bases>=1,3,EMPIRICAL_CANDIDATE,1,"[{""explanation"": ""No proof from configured rules"", ""proven"": false, ""rule_version"": ""mlb-official-batting-v1""}, {""explanation"": ""Threshold monotonicity"", ""proven"": true, ""rule_version"": ""mlb-official-batting-v1""}, {""explanation"": ""No proof from configured rules"", ""proven"": false, ""rule_version"": ""mlb-official-batting-v1""}]",6863,554,3819,554,0,0.08072271601340522,0.5564621885472826,0.08072271601340522,1.0,0.14506415291961247,1.79706729510343,1.79706729510343,0.07450996230136143,0.08740457518843243,0.5446801576520175,0.5681810471169504,0.07450996230136143,0.08740457518843243,0.9931137086353976,1.0,0.13425158555964892,0.1565900490719074,0.0,0.0,0.0005594215104179578,0.0,
02841e229cfe40402216c5aa5626525aeeb1d07c6c836e69725e8c08356a0a42,mlb,total_bases>=5,hits_plus_runs_plus_RBI>=1 & hits_plus_runs_plus_RBI>=3,2,EMPIRICAL_CANDIDATE,1,"[{""explanation"": ""At most four TB per hit, so hits >= ceil(TB/4); HRR includes nonnegative hits"", ""proven"": true, ""rule_version"": ""mlb-official-batting-v1""}, {""explanation"": ""No proof from configured rules"", ""proven"": false, ""rule_version"": ""mlb-official-batting-v1""}]",6863,359,1770,359,0,0.05230948564767594,0.25790470639661955,0.05230948564767594,1.0,0.20282485875706216,3.877401129943503,3.877401129943503,0.047287833167272794,0.05783203353555663,0.24769190548167133,0.26838837394119314,0.047287833167272794,0.05783203353555663,0.9894128448463978,1.0,0.18474501978924565,0.2221918319971576,0.0,0.0,0.0005594215104179578,0.0,
11ec9e6041364b68f272247ca9d27e53a237dd151b8165222173d77a3a91cdb7,mlb,total_bases>=5,hits>=1 & hits_plus_runs_plus_RBI>=3,2,EMPIRICAL_CANDIDATE,1,"[{""explanation"": ""At most four TB per hit, so hits >= ceil(TB/4); HRR includes nonnegative hits"", ""proven"": true, ""rule_version"": ""mlb-official-batting-v1""}, {""explanation"": ""No proof from configured rules"", ""proven"": false, ""rule_version"": ""mlb-official-batting-v1""}]",6863,359,1765,359,0,0.05230948564767594,0.25717616202826754,0.05230948564767594,1.0,0.20339943342776204,3.8883852691218124,3.888385269121813,0.047287833167272794,0.05783203353555663,0.24697331696725122,0.2676506888456911,0.047287833167272794,0.05783203353555663,0.9894128448463978,1.0,0.18527398541879675,0.22281315841259774,0.0,0.0,0.0005594215104179578,0.0,
172a2ff371f74663fe4558369b4d52cc069e91b2d1b8af0f20aca991bcde6aca,mlb,total_bases>=5,hits_plus_runs_plus_RBI>=3 & total_bases>=2 & total_bases>=4,3,EMPIRICAL_CANDIDATE,2,"[{""explanation"": ""No proof from configured rules"", ""proven"": false, ""rule_version"": ""mlb-official-batting-v1""}, {""explanation"": ""Threshold monotonicity"", ""proven"": true, ""rule_version"": ""mlb-official-batting-v1""}, {""explanation"": ""Threshold monotonicity"", ""proven"": true, ""rule_version"": ""mlb-official-batting-v1""}]",6863,359,788,359,0,0.05230948564767594,0.11481859245228035,0.05230948564767594,1.0,0.45558375634517767,8.709390862944161,8.709390862944161,0.047287833167272794,0.05783203353555663,0.10749063733176285,0.12257750510238836,0.047287833167272794,0.05783203353555663,0.9894128448463978,1.0,0.42111061423863166,0.49048785131247447,0.0,0.0,0.0005594215104179578,0.0,
1a6dcd9f121933b8dbe37095415d3d80c304fe0b7ff52880d0eaa7c02d5a20cb,mlb,total_bases>=5,hits_plus_runs_plus_RBI>=2 & hits_plus_runs_plus_RBI>=3 & total_bases>=3,3,EMPIRICAL_CANDIDATE,2,"[{""explanation"": ""At most four TB per hit, so hits >= ceil(TB/4); HRR includes nonnegative hits"", ""proven"": true, ""rule_version"": ""mlb-official-batting-v1""}, {""explanation"": ""No proof from configured rules"", ""proven"": false, ""rule_version"": ""mlb-official-batting-v1""}, {""explanation"": ""Threshold monotonicity"", ""proven"": true, ""rule_version"": ""mlb-official-batting-v1""}]",6863,359,1135,359,0,0.05230948564767594,0.1653795716159114,0.05230948564767594,1.0,0.3162995594713656,6.046696035242291,6.046696035242291,0.047287833167272794,0.05783203353555663,0.1567774806586179,0.17435605030413154,0.047287833167272794,0.05783203353555663,0.9894128448463978,1.0,0.28990370848240166,0.34393470092024103,0.0,0.0,0.0005594215104179578,0.0,
23b2c02b934e1a7560ec24cc0db0c901554981bd6b6dc1ca5930546d3cbcad6a,mlb,total_bases>=5,hits>=1 & hits_plus_runs_plus_RBI>=3 & total_bases>=3,3,EMPIRICAL_CANDIDATE,2,"[{""explanation"": ""At most four TB per hit, so hits >= ceil(TB/4); HRR includes nonnegative hits"", ""proven"": true, ""rule_version"": ""mlb-official-batting-v1""}, {""explanation"": ""No proof from configured rules"", ""proven"": false, ""rule_version"": ""mlb-official-batting-v1""}, {""explanation"": ""Threshold monotonicity"", ""proven"": true, ""rule_version"": ""mlb-official-batting-v1""}]",6863,359,1135,359,0,0.05230948564767594,0.1653795716159114,0.05230948564767594,1.0,0.3162995594713656,6.046696035242291,6.046696035242291,0.047287833167272794,0.05783203353555663,0.1567774806586179,0.17435605030413154,0.047287833167272794,0.05783203353555663,0.9894128448463978,1.0,0.28990370848240166,0.34393470092024103,0.0,0.0,0.0005594215104179578,0.0,
255cba2ae881a87fc77e2b207c77fccc9978c5cd6b321c03be1fbad1a444a047,mlb,total_bases>=5,hits_plus_runs_plus_RBI>=2 & hits_plus_runs_plus_RBI>=3 & total_bases>=2,3,EMPIRICAL_CANDIDATE,2,"[{""explanation"": ""At most four TB per hit, so hits >= ceil(TB/4); HRR includes nonnegative hits"", ""proven"": true, ""rule_version"": ""mlb-official-batting-v1""}, {""explanation"": ""No proof from configured rules"", ""proven"": false, ""rule_version"": ""mlb-official-batting-v1""}, {""explanation"": ""Threshold monotonicity"", ""proven"": true, ""rule_version"": ""mlb-official-batting-v1""}]",6863,359,1592,359,0,0.05230948564767594,0.2319685268832872,0.05230948564767594,1.0,0.22550251256281406,4.310929648241205,4.310929648241206,0.047287833167272794,0.05783203353555663,0.22213405499782432,0.24210288391181103,0.047287833167272794,0.05783203353555663,0.9894128448463978,1.0,0.20564861475415455,0.24667793361997117,0.0,0.0,0.0005594215104179578,0.0,
3c5fea88bbeb67952eb55b36ce75abe8fa79c45af076779e4413c38d561dc8e9,mlb,total_bases>=5,hits>=2 & hits_plus_runs_plus_RBI>=2 & hits_plus_runs_plus_RBI>=3,3,EMPIRICAL_CANDIDATE,2,"[{""explanation"": ""At most four TB per hit, so hits >= ceil(TB/4); HRR includes nonnegative hits"", ""proven"": true, ""rule_version"": ""mlb-official-batting-v1""}, {""explanation"": ""At most four TB per hit, so hits >= ceil(TB/4); HRR includes nonnegative hits"", ""proven"": true, ""rule_version"": ""mlb-official-batting-v1""}, {""explanation"": ""No proof from configured rules"", ""proven"": false, ""rule_version"": ""mlb-official-batting-v1""}]",6863,359,1179,359,0,0.05230948564767594,0.17179076205740929,0.05230948564767594,1.0,0.3044953350296862,5.821034775233249,5.821034775233249,0.047287833167272794,0.05783203353555663,0.16305094655019958,0.1808977921798649,0.047287833167272794,0.05783203353555663,0.9894128448463978,1.0,0.2788969975791758,0.3313635351725068,0.0,0.0,0.0005594215104179578,0.0,
4006787d5e690d2bb3701f7133ed334974a7b68c8d603593a94a99a94b96fc1f,mlb,total_bases>=5,hits_plus_runs_plus_RBI>=3 & total_bases>=1 & total_bases>=3,3,EMPIRICAL_CANDIDATE,2,"[{""explanation"": ""No proof from configured rules"", ""proven"": false, ""rule_version"": ""mlb-official-batting-v1""}, {""explanation"": ""Threshold monotonicity"", ""proven"": true, ""rule_version"": ""mlb-official-batting-v1""}, {""explanation"": ""Threshold monotonicity"", ""proven"": true, ""rule_version"": ""mlb-official-batting-v1""}]",6863,359,1135,359,0,0.05230948564767594,0.1653795716159114,0.05230948564767594,1.0,0.3162995594713656,6.046696035242291,6.046696035242291,0.047287833167272794,0.05783203353555663,0.1567774806586179,0.17435605030413154,0.047287833167272794,0.05783203353555663,0.9894128448463978,1.0,0.28990370848240166,0.34393470092024103,0.0,0.0,0.0005594215104179578,0.0,
4201fe2b9ea05f9e699daeebaefd47e1f00259e24a2a207a057e705b040c77d2,mlb,total_bases>=5,hits>=2 & hits_plus_runs_plus_RBI>=3 & total_bases>=1,3,EMPIRICAL_CANDIDATE,2,"[{""explanation"": ""At most four TB per hit, so hits >= ceil(TB/4); HRR includes nonnegative hits"", ""proven"": true, ""rule_version"": ""mlb-official-batting-v1""}, {""explanation"": ""No proof from configured rules"", ""proven"": false, ""rule_version"": ""mlb-official-batting-v1""}, {""explanation"": ""Threshold monotonicity"", ""proven"": true, ""rule_version"": ""mlb-official-batting-v1""}]",6863,359,1179,359,0,0.05230948564767594,0.17179076205740929,0.05230948564767594,1.0,0.3044953350296862,5.821034775233249,5.821034775233249,0.047287833167272794,0.05783203353555663,0.16305094655019958,0.1808977921798649,0.047287833167272794,0.05783203353555663,0.9894128448463978,1.0,0.2788969975791758,0.3313635351725068,0.0,0.0,0.0005594215104179578,0.0,
4d58af06fb6c359a0e64ad0aed2075b52eb112984725892c2eee1cc52808c372,mlb,total_bases>=5,hits_plus_runs_plus_RBI>=1 & hits_plus_runs_plus_RBI>=3 & total_bases>=2,3,EMPIRICAL_CANDIDATE,2,"[{""explanation"": ""At most four TB per hit, so hits >= ceil(TB/4); HRR includes nonnegative hits"", ""proven"": true, ""rule_version"": ""mlb-official-batting-v1""}, {""explanation"": ""No proof from configured rules"", ""proven"": false, ""rule_version"": ""mlb-official-batting-v1""}, {""explanation"": ""Threshold monotonicity"", ""proven"": true, ""rule_version"": ""mlb-official-batting-v1""}]",6863,359,1592,359,0,0.05230948564767594,0.2319685268832872,0.05230948564767594,1.0,0.22550251256281406,4.310929648241205,4.310929648241206,0.047287833167272794,0.05783203353555663,0.22213405499782432,0.24210288391181103,0.047287833167272794,0.05783203353555663,0.9894128448463978,1.0,0.20564861475415455,0.24667793361997117,0.0,0.0,0.0005594215104179578,0.0,
53df2c7fe46eaf94b96717d0a38131b770124746f6a00e2e8ed9f05a0d7f406c,mlb,total_bases>=5,hits_plus_runs_plus_RBI>=1 & hits_plus_runs_plus_RBI>=2 & hits_plus_runs_plus_RBI>=3,3,EMPIRICAL_CANDIDATE,2,"[{""explanation"": ""At most four TB per hit, so hits >= ceil(TB/4); HRR includes nonnegative hits"", ""proven"": true, ""rule_version"": ""mlb-official-batting-v1""}, {""explanation"": ""At most four TB per hit, so hits >= ceil(TB/4); HRR includes nonnegative hits"", ""proven"": true, ""rule_version"": ""mlb-official-batting-v1""}, {""explanation"": ""No proof from configured rules"", ""proven"": false, ""rule_version"": ""mlb-official-batting-v1""}]",6863,359,1770,359,0,0.05230948564767594,0.25790470639661955,0.05230948564767594,1.0,0.20282485875706216,3.877401129943503,3.877401129943503,0.047287833167272794,0.05783203353555663,0.24769190548167133,0.26838837394119314,0.047287833167272794,0.05783203353555663,0.9894128448463978,1.0,0.18474501978924565,0.2221918319971576,0.0,0.0,0.0005594215104179578,0.0,
57aeb56394c7ee457667d6166be881340b817c171e51973971875f09ad29eb4c,mlb,total_bases>=5,hits_plus_runs_plus_RBI>=2 & hits_plus_runs_plus_RBI>=3 & total_bases>=1,3,EMPIRICAL_CANDIDATE,2,"[{""explanation"": ""At most four TB per hit, so hits >= ceil(TB/4); HRR includes nonnegative hits"", ""proven"": true, ""rule_version"": ""mlb-official-batting-v1""}, {""explanation"": ""No proof from configured rules"", ""proven"": false, ""rule_version"": ""mlb-official-batting-v1""}, {""explanation"": ""Threshold monotonicity"", ""proven"": true, ""rule_version"": ""mlb-official-batting-v1""}]",6863,359,1765,359,0,0.05230948564767594,0.25717616202826754,0.05230948564767594,1.0,0.20339943342776204,3.8883852691218124,3.888385269121813,0.047287833167272794,0.05783203353555663,0.24697331696725122,0.2676506888456911,0.047287833167272794,0.05783203353555663,0.9894128448463978,1.0,0.18527398541879675,0.22281315841259774,0.0,0.0,0.0005594215104179578,0.0,
57f64e7f96a5fb4f8e52ea5eddaaced58975eb926efc98fdf3cbba776f80189d,mlb,total_bases>=5,hits>=2 & hits_plus_runs_plus_RBI>=3 & total_bases>=3,3,EMPIRICAL_CANDIDATE,2,"[{""explanation"": ""At most four TB per hit, so hits >= ceil(TB/4); HRR includes nonnegative hits"", ""proven"": true, ""rule_version"": ""mlb-official-batting-v1""}, {""explanation"": ""No proof from configured rules"", ""proven"": false, ""rule_version"": ""mlb-official-batting-v1""}, {""explanation"": ""Threshold monotonicity"", ""proven"": true, ""rule_version"": ""mlb-official-batting-v1""}]",6863,359,842,359,0,0.05230948564767594,0.1226868716304823,0.05230948564767594,1.0,0.42636579572446553,8.15083135391924,8.15083135391924,0.047287833167272794,0.05783203353555663,0.11513536037356788,0.1306605370477427,0.047287833167272794,0.05783203353555663,0.9894128448463978,1.0,0.39337029957018194,0.4600301235151492,0.0,0.0,0.0005594215104179578,0.0,
5ac53b5e1878a151948ef29cf9bd66f996f596c353dc397e35f6fd63d78162b2,mlb,total_bases>=5,hits_plus_runs_plus_RBI>=3 & total_bases>=1 & total_bases>=2,3,EMPIRICAL_CANDIDATE,2,"[{""explanation"": ""No proof from configured rules"", ""proven"": false, ""rule_version"": ""mlb-official-batting-v1""}, {""explanation"": ""Threshold monotonicity"", ""proven"": true, ""rule_version"": ""mlb-official-batting-v1""}, {""explanation"": ""Threshold monotonicity"", ""proven"": true, ""rule_version"": ""mlb-official-batting-v1""}]",6863,359,1592,359,0,0.05230948564767594,0.2319685268832872,0.05230948564767594,1.0,0.22550251256281406,4.310929648241205,4.310929648241206,0.047287833167272794,0.05783203353555663,0.22213405499782432,0.24210288391181103,0.047287833167272794,0.05783203353555663,0.9894128448463978,1.0,0.20564861475415455,0.24667793361997117,0.0,0.0,0.0005594215104179578,0.0,
60a001259fb19dae10fc199802e05a811b3d0f32e891411087dfb2e056ba7682,mlb,total_bases>=5,hits_plus_runs_plus_RBI>=1 & hits_plus_runs_plus_RBI>=3 & total_bases>=3,3,EMPIRICAL_CANDIDATE,2,"[{""explanation"": ""At most four TB per hit, so hits >= ceil(TB/4); HRR includes nonnegative hits"", ""proven"": true, ""rule_version"": ""mlb-official-batting-v1""}, {""explanation"": ""No proof from configured rules"", ""proven"": false, ""rule_version"": ""mlb-official-batting-v1""}, {""explanation"": ""Threshold monotonicity"", ""proven"": true, ""rule_version"": ""mlb-official-batting-v1""}]",6863,359,1135,359,0,0.05230948564767594,0.1653795716159114,0.05230948564767594,1.0,0.3162995594713656,6.046696035242291,6.046696035242291,0.047287833167272794,0.05783203353555663,0.1567774806586179,0.17435605030413154,0.047287833167272794,0.05783203353555663,0.9894128448463978,1.0,0.28990370848240166,0.34393470092024103,0.0,0.0,0.0005594215104179578,0.0,
6b191e5656bbf6d3de00b1ab9558d97cc5c061dbaa4ada63e341ac3cb2bdea04,mlb,total_bases>=5,hits_plus_runs_plus_RBI>=3 & total_bases>=2,2,EMPIRICAL_CANDIDATE,1,"[{""explanation"": ""No proof from configured rules"", ""proven"": false, ""rule_version"": ""mlb-official-batting-v1""}, {""explanation"": ""Threshold monotonicity"", ""proven"": true, ""rule_version"": ""mlb-official-batting-v1""}]",6863,359,1592,359,0,0.05230948564767594,0.2319685268832872,0.05230948564767594,1.0,0.22550251256281406,4.310929648241205,4.310929648241206,0.047287833167272794,0.05783203353555663,0.22213405499782432,0.24210288391181103,0.047287833167272794,0.05783203353555663,0.9894128448463978,1.0,0.20564861475415455,0.24667793361997117,0.0,0.0,0.0005594215104179578,0.0,
6ee941e28cd1bac0679575b6688b730d96866c39e3fa5ab1632b10cf9a94d8ad,mlb,total_bases>=5,hits>=2 & hits_plus_runs_plus_RBI>=3,2,EMPIRICAL_CANDIDATE,1,"[{""explanation"": ""At most four TB per hit, so hits >= ceil(TB/4); HRR includes nonnegative hits"", ""proven"": true, ""rule_version"": ""mlb-official-batting-v1""}, {""explanation"": ""No proof from configured rules"", ""proven"": false, ""rule_version"": ""mlb-official-batting-v1""}]",6863,359,1179,359,0,0.05230948564767594,0.17179076205740929,0.05230948564767594,1.0,0.3044953350296862,5.821034775233249,5.821034775233249,0.047287833167272794,0.05783203353555663,0.16305094655019958,0.1808977921798649,0.047287833167272794,0.05783203353555663,0.9894128448463978,1.0,0.2788969975791758,0.3313635351725068,0.0,0.0,0.0005594215104179578,0.0,
791d35b1b96c256fa67f4a3848db93dfe33cd60edbd637f807eaf9bc2c82f7b5,mlb,total_bases>=5,hits_plus_runs_plus_RBI>=1 & hits_plus_runs_plus_RBI>=3 & total_bases>=1,3,EMPIRICAL_CANDIDATE,2,"[{""explanation"": ""At most four TB per hit, so hits >= ceil(TB/4); HRR includes nonnegative hits"", ""proven"": true, ""rule_version"": ""mlb-official-batting-v1""}, {""explanation"": ""No proof from configured rules"", ""proven"": false, ""rule_version"": ""mlb-official-batting-v1""}, {""explanation"": ""Threshold monotonicity"", ""proven"": true, ""rule_version"": ""mlb-official-batting-v1""}]",6863,359,1765,359,0,0.05230948564767594,0.25717616202826754,0.05230948564767594,1.0,0.20339943342776204,3.8883852691218124,3.888385269121813,0.047287833167272794,0.05783203353555663,0.24697331696725122,0.2676506888456911,0.047287833167272794,0.05783203353555663,0.9894128448463978,1.0,0.18527398541879675,0.22281315841259774,0.0,0.0,0.0005594215104179578,0.0,
87cec31f6b0c4380eb9c90d319908db2a4e345510e1d0e47ca702a3745c520c2,mlb,total_bases>=5,hits>=1 & hits_plus_runs_plus_RBI>=3 & total_bases>=1,3,EMPIRICAL_CANDIDATE,2,"[{""explanation"": ""At most four TB per hit, so hits >= ceil(TB/4); HRR includes nonnegative hits"", ""proven"": true, ""rule_version"": ""mlb-official-batting-v1""}, {""explanation"": ""No proof from configured rules"", ""proven"": false, ""rule_version"": ""mlb-official-batting-v1""}, {""explanation"": ""Threshold monotonicity"", ""proven"": true, ""rule_version"": ""mlb-official-batting-v1""}]",6863,359,1765,359,0,0.05230948564767594,0.25717616202826754,0.05230948564767594,1.0,0.20339943342776204,3.8883852691218124,3.888385269121813,0.047287833167272794,0.05783203353555663,0.24697331696725122,0.2676506888456911,0.047287833167272794,0.05783203353555663,0.9894128448463978,1.0,0.18527398541879675,0.22281315841259774,0.0,0.0,0.0005594215104179578,0.0,
941768f250e17cace5803c8c08f532f4fdac32d1b820e66fef711c5a8be76ee3,mlb,total_bases>=5,hits>=1 & hits_plus_runs_plus_RBI>=1 & hits_plus_runs_plus_RBI>=3,3,EMPIRICAL_CANDIDATE,2,"[{""explanation"": ""At most four TB per hit, so hits >= ceil(TB/4); HRR includes nonnegative hits"", ""proven"": true, ""rule_version"": ""mlb-official-batting-v1""}, {""explanation"": ""At most four TB per hit, so hits >= ceil(TB/4); HRR includes nonnegative hits"", ""proven"": true, ""rule_version"": ""mlb-official-batting-v1""}, {""explanation"": ""No proof from configured rules"", ""proven"": false, ""rule_version"": ""mlb-official-batting-v1""}]",6863,359,1765,359,0,0.05230948564767594,0.25717616202826754,0.05230948564767594,1.0,0.20339943342776204,3.8883852691218124,3.888385269121813,0.047287833167272794,0.05783203353555663,0.24697331696725122,0.2676506888456911,0.047287833167272794,0.05783203353555663,0.9894128448463978,1.0,0.18527398541879675,0.22281315841259774,0.0,0.0,0.0005594215104179578,0.0,
961e068728cd36e0b154f9ce412b2e517c6bb93ec38dbb107fc68517c5fe3b93,mlb,total_bases>=5,hits>=1 & hits_plus_runs_plus_RBI>=3 & total_bases>=2,3,EMPIRICAL_CANDIDATE,2,"[{""explanation"": ""At most four TB per hit, so hits >= ceil(TB/4); HRR includes nonnegative hits"", ""proven"": true, ""rule_version"": ""mlb-official-batting-v1""}, {""explanation"": ""No proof from configured rules"", ""proven"": false, ""rule_version"": ""mlb-official-batting-v1""}, {""explanation"": ""Threshold monotonicity"", ""proven"": true, ""rule_version"": ""mlb-official-batting-v1""}]",6863,359,1592,359,0,0.05230948564767594,0.2319685268832872,0.05230948564767594,1.0,0.22550251256281406,4.310929648241205,4.310929648241206,0.047287833167272794,0.05783203353555663,0.22213405499782432,0.24210288391181103,0.047287833167272794,0.05783203353555663,0.9894128448463978,1.0,0.20564861475415455,0.24667793361997117,0.0,0.0,0.0005594215104179578,0.0,
96a35d7868e90f48e18f24f5afd4f3044b9e297a9879b1be5fe12b0ca65b6080,mlb,total_bases>=5,hits_plus_runs_plus_RBI>=3 & total_bases>=3 & total_bases>=4,3,EMPIRICAL_CANDIDATE,2,"[{""explanation"": ""No proof from configured rules"", ""proven"": false, ""rule_version"": ""mlb-official-batting-v1""}, {""explanation"": ""Threshold monotonicity"", ""proven"": true, ""rule_version"": ""mlb-official-batting-v1""}, {""explanation"": ""Threshold monotonicity"", ""proven"": true, ""rule_version"": ""mlb-official-batting-v1""}]",6863,359,788,359,0,0.05230948564767594,0.11481859245228035,0.05230948564767594,1.0,0.45558375634517767,8.709390862944161,8.709390862944161,0.047287833167272794,0.05783203353555663,0.10749063733176285,0.12257750510238836,0.047287833167272794,0.05783203353555663,0.9894128448463978,1.0,0.42111061423863166,0.49048785131247447,0.0,0.0,0.0005594215104179578,0.0,
a04db8f34bee38224d67c04cff6cdd044db3b251ce763cdfb0b3a2dd405fde6a,mlb,total_bases>=5,hits>=1 & hits>=2 & hits_plus_runs_plus_RBI>=3,3,EMPIRICAL_CANDIDATE,2,"[{""explanation"": ""At most four TB per hit, so hits >= ceil(TB/4); HRR includes nonnegative hits"", ""proven"": true, ""rule_version"": ""mlb-official-batting-v1""}, {""explanation"": ""At most four TB per hit, so hits >= ceil(TB/4); HRR includes nonnegative hits"", ""proven"": true, ""rule_version"": ""mlb-official-batting-v1""}, {""explanation"": ""No proof from configured rules"", ""proven"": false, ""rule_version"": ""mlb-official-batting-v1""}]",6863,359,1179,359,0,0.05230948564767594,0.17179076205740929,0.05230948564767594,1.0,0.3044953350296862,5.821034775233249,5.821034775233249,0.047287833167272794,0.05783203353555663,0.16305094655019958,0.1808977921798649,0.047287833167272794,0.05783203353555663,0.9894128448463978,1.0,0.2788969975791758,0.3313635351725068,0.0,0.0,0.0005594215104179578,0.0,
acc138639eeb54c2189bd9afab851f12a2199596f48bc22b36ee1272e5ee9344,mlb,total_bases>=5,hits_plus_runs_plus_RBI>=3,1,EMPIRICAL_CANDIDATE,0,"[{""explanation"": ""No proof from configured rules"", ""proven"": false, ""rule_version"": ""mlb-official-batting-v1""}]",6863,359,1770,359,0,0.05230948564767594,0.25790470639661955,0.05230948564767594,1.0,0.20282485875706216,3.877401129943503,3.877401129943503,0.047287833167272794,0.05783203353555663,0.24769190548167133,0.26838837394119314,0.047287833167272794,0.05783203353555663,0.9894128448463978,1.0,0.18474501978924565,0.2221918319971576,0.0,0.0,0.0005594215104179578,0.0,
ae069e792f69fc391ac8c47b24196694166fc136530e16d0703f39a4ac3dff23,mlb,total_bases>=5,hits>=2 & hits_plus_runs_plus_RBI>=3 & total_bases>=2,3,EMPIRICAL_CANDIDATE,2,"[{""explanation"": ""At most four TB per hit, so hits >= ceil(TB/4); HRR includes nonnegative hits"", ""proven"": true, ""rule_version"": ""mlb-official-batting-v1""}, {""explanation"": ""No proof from configured rules"", ""proven"": false, ""rule_version"": ""mlb-official-batting-v1""}, {""explanation"": ""Threshold monotonicity"", ""proven"": true, ""rule_version"": ""mlb-official-batting-v1""}]",6863,359,1179,359,0,0.05230948564767594,0.17179076205740929,0.05230948564767594,1.0,0.3044953350296862,5.821034775233249,5.821034775233249,0.047287833167272794,0.05783203353555663,0.16305094655019958,0.1808977921798649,0.047287833167272794,0.05783203353555663,0.9894128448463978,1.0,0.2788969975791758,0.3313635351725068,0.0,0.0,0.0005594215104179578,0.0,
af9365d06e76d3e61beefec27bbca55e7876a4598d773728fc21c00f4c97a03b,mlb,total_bases>=5,hits>=2 & hits_plus_runs_plus_RBI>=3 & total_bases>=4,3,EMPIRICAL_CANDIDATE,2,"[{""explanation"": ""At most four TB per hit, so hits >= ceil(TB/4); HRR includes nonnegative hits"", ""proven"": true, ""rule_version"": ""mlb-official-batting-v1""}, {""explanation"": ""No proof from configured rules"", ""proven"": false, ""rule_version"": ""mlb-official-batting-v1""}, {""explanation"": ""Threshold monotonicity"", ""proven"": true, ""rule_version"": ""mlb-official-batting-v1""}]",6863,359,514,359,0,0.05230948564767594,0.07489436106658895,0.05230948564767594,1.0,0.6984435797665369,13.352140077821012,13.352140077821012,0.047287833167272794,0.05783203353555663,0.06890191074811357,0.08136243786230297,0.047287833167272794,0.05783203353555663,0.9894128448463978,1.0,0.6574165538107811,0.7365264117922031,0.0,0.0,0.0005594215104179578,0.0,
b800bd807c785ad971139b316ad193961431ab61ffb438e6e287914b2aea30dc,mlb,total_bases>=5,hits>=1 & hits_plus_runs_plus_RBI>=2 & hits_plus_runs_plus_RBI>=3,3,EMPIRICAL_CANDIDATE,2,"[{""explanation"": ""At most four TB per hit, so hits >= ceil(TB/4); HRR includes nonnegative hits"", ""proven"": true, ""rule_version"": ""mlb-official-batting-v1""}, {""explanation"": ""At most four TB per hit, so hits >= ceil(TB/4); HRR includes nonnegative hits"", ""proven"": true, ""rule_version"": ""mlb-official-batting-v1""}, {""explanation"": ""No proof from configured rules"", ""proven"": false, ""rule_version"": ""mlb-official-batting-v1""}]",6863,359,1765,359,0,0.05230948564767594,0.25717616202826754,0.05230948564767594,1.0,0.20339943342776204,3.8883852691218124,3.888385269121813,0.047287833167272794,0.05783203353555663,0.24697331696725122,0.2676506888456911,0.047287833167272794,0.05783203353555663,0.9894128448463978,1.0,0.18527398541879675,0.22281315841259774,0.0,0.0,0.0005594215104179578,0.0,
b9e95c778f091f385be66435d38e1eeb296835bab4eb468209165561ae3df2d2,mlb,total_bases>=5,hits_plus_runs_plus_RBI>=3 & total_bases>=4,2,EMPIRICAL_CANDIDATE,1,"[{""explanation"": ""No proof from configured rules"", ""proven"": false, ""rule_version"": ""mlb-official-batting-v1""}, {""explanation"": ""Threshold monotonicity"", ""proven"": true, ""rule_version"": ""mlb-official-batting-v1""}]",6863,359,788,359,0,0.05230948564767594,0.11481859245228035,0.05230948564767594,1.0,0.45558375634517767,8.709390862944161,8.709390862944161,0.047287833167272794,0.05783203353555663,0.10749063733176285,0.12257750510238836,0.047287833167272794,0.05783203353555663,0.9894128448463978,1.0,0.42111061423863166,0.49048785131247447,0.0,0.0,0.0005594215104179578,0.0,
c21c937bf10c6b615c8ee1adcf928b0919bcb9bf88f10f6eee6b85b70979546b,mlb,total_bases>=5,hits_plus_runs_plus_RBI>=3 & total_bases>=1 & total_bases>=4,3,EMPIRICAL_CANDIDATE,2,"[{""explanation"": ""No proof from configured rules"", ""proven"": false, ""rule_version"": ""mlb-official-batting-v1""}, {""explanation"": ""Threshold monotonicity"", ""proven"": true, ""rule_version"": ""mlb-official-batting-v1""}, {""explanation"": ""Threshold monotonicity"", ""proven"": true, ""rule_version"": ""mlb-official-batting-v1""}]",6863,359,788,359,0,0.05230948564767594,0.11481859245228035,0.05230948564767594,1.0,0.45558375634517767,8.709390862944161,8.709390862944161,0.047287833167272794,0.05783203353555663,0.10749063733176285,0.12257750510238836,0.047287833167272794,0.05783203353555663,0.9894128448463978,1.0,0.42111061423863166,0.49048785131247447,0.0,0.0,0.0005594215104179578,0.0,
c63348acb8551c888eb199f774b544692a85024e3bc8da2579c4d5ab4e402cd8,mlb,total_bases>=5,hits_plus_runs_plus_RBI>=2 & hits_plus_runs_plus_RBI>=3 & total_bases>=4,3,EMPIRICAL_CANDIDATE,2,"[{""explanation"": ""At most four TB per hit, so hits >= ceil(TB/4); HRR includes nonnegative hits"", ""proven"": true, ""rule_version"": ""mlb-official-batting-v1""}, {""explanation"": ""No proof from configured rules"", ""proven"": false, ""rule_version"": ""mlb-official-batting-v1""}, {""explanation"": ""Threshold monotonicity"", ""proven"": true, ""rule_version"": ""mlb-official-batting-v1""}]",6863,359,788,359,0,0.05230948564767594,0.11481859245228035,0.05230948564767594,1.0,0.45558375634517767,8.709390862944161,8.709390862944161,0.047287833167272794,0.05783203353555663,0.10749063733176285,0.12257750510238836,0.047287833167272794,0.05783203353555663,0.9894128448463978,1.0,0.42111061423863166,0.49048785131247447,0.0,0.0,0.0005594215104179578,0.0,
c77071d23a6e874579bd93d65223282d40cae2be0f9fcccda1c56c050a272e2a,mlb,total_bases>=5,hits_plus_runs_plus_RBI>=2 & hits_plus_runs_plus_RBI>=3,2,EMPIRICAL_CANDIDATE,1,"[{""explanation"": ""At most four TB per hit, so hits >= ceil(TB/4); HRR includes nonnegative hits"", ""proven"": true, ""rule_version"": ""mlb-official-batting-v1""}, {""explanation"": ""No proof from configured rules"", ""proven"": false, ""rule_version"": ""mlb-official-batting-v1""}]",6863,359,1770,359,0,0.05230948564767594,0.25790470639661955,0.05230948564767594,1.0,0.20282485875706216,3.877401129943503,3.877401129943503,0.047287833167272794,0.05783203353555663,0.24769190548167133,0.26838837394119314,0.047287833167272794,0.05783203353555663,0.9894128448463978,1.0,0.18474501978924565,0.2221918319971576,0.0,0.0,0.0005594215104179578,0.0,
d55bcbbad220563e8615e403156b24124c6764364f35b3de6a7cde50d336b8f4,mlb,total_bases>=5,hits_plus_runs_plus_RBI>=3 & total_bases>=2 & total_bases>=3,3,EMPIRICAL_CANDIDATE,2,"[{""explanation"": ""No proof from configured rules"", ""proven"": false, ""rule_version"": ""mlb-official-batting-v1""}, {""explanation"": ""Threshold monotonicity"", ""proven"": true, ""rule_version"": ""mlb-official-batting-v1""}, {""explanation"": ""Threshold monotonicity"", ""proven"": true, ""rule_version"": ""mlb-official-batting-v1""}]",6863,359,1135,359,0,0.05230948564767594,0.1653795716159114,0.05230948564767594,1.0,0.3162995594713656,6.046696035242291,6.046696035242291,0.047287833167272794,0.05783203353555663,0.1567774806586179,0.17435605030413154,0.047287833167272794,0.05783203353555663,0.9894128448463978,1.0,0.28990370848240166,0.34393470092024103,0.0,0.0,0.0005594215104179578,0.0,
db8f07d66b82038061446c8167c1cb417d9a770bcffc364c50f702ce2ec9056b,mlb,total_bases>=5,hits_plus_runs_plus_RBI>=3 & total_bases>=3,2,EMPIRICAL_CANDIDATE,1,"[{""explanation"": ""No proof from configured rules"", ""proven"": false, ""rule_version"": ""mlb-official-batting-v1""}, {""explanation"": ""Threshold monotonicity"", ""proven"": true, ""rule_version"": ""mlb-official-batting-v1""}]",6863,359,1135,359,0,0.05230948564767594,0.1653795716159114,0.05230948564767594,1.0,0.3162995594713656,6.046696035242291,6.046696035242291,0.047287833167272794,0.05783203353555663,0.1567774806586179,0.17435605030413154,0.047287833167272794,0.05783203353555663,0.9894128448463978,1.0,0.28990370848240166,0.34393470092024103,0.0,0.0,0.0005594215104179578,0.0,
dd5c8f87b9d66f6b5f1021a341e1f9830437f801a9f4af356b4341a1453e1967,mlb,total_bases>=5,hits_plus_runs_plus_RBI>=1 & hits_plus_runs_plus_RBI>=3 & total_bases>=4,3,EMPIRICAL_CANDIDATE,2,"[{""explanation"": ""At most four TB per hit, so hits >= ceil(TB/4); HRR includes nonnegative hits"", ""proven"": true, ""rule_version"": ""mlb-official-batting-v1""}, {""explanation"": ""No proof from configured rules"", ""proven"": false, ""rule_version"": ""mlb-official-batting-v1""}, {""explanation"": ""Threshold monotonicity"", ""proven"": true, ""rule_version"": ""mlb-official-batting-v1""}]",6863,359,788,359,0,0.05230948564767594,0.11481859245228035,0.05230948564767594,1.0,0.45558375634517767,8.709390862944161,8.709390862944161,0.047287833167272794,0.05783203353555663,0.10749063733176285,0.12257750510238836,0.047287833167272794,0.05783203353555663,0.9894128448463978,1.0,0.42111061423863166,0.49048785131247447,0.0,0.0,0.0005594215104179578,0.0,
e1a1f59cf2c77ccc638e65fc56d380619e69c2c5178a5358cc2bcafcd200fb20,mlb,total_bases>=5,hits>=1 & hits_plus_runs_plus_RBI>=3 & total_bases>=4,3,EMPIRICAL_CANDIDATE,2,"[{""explanation"": ""At most four TB per hit, so hits >= ceil(TB/4); HRR includes nonnegative hits"", ""proven"": true, ""rule_version"": ""mlb-official-batting-v1""}, {""explanation"": ""No proof from configured rules"", ""proven"": false, ""rule_version"": ""mlb-official-batting-v1""}, {""explanation"": ""Threshold monotonicity"", ""proven"": true, ""rule_version"": ""mlb-official-batting-v1""}]",6863,359,788,359,0,0.05230948564767594,0.11481859245228035,0.05230948564767594,1.0,0.45558375634517767,8.709390862944161,8.709390862944161,0.047287833167272794,0.05783203353555663,0.10749063733176285,0.12257750510238836,0.047287833167272794,0.05783203353555663,0.9894128448463978,1.0,0.42111061423863166,0.49048785131247447,0.0,0.0,0.0005594215104179578,0.0,
ea0949b5518fa161bd3832b87424918fb22b95fe3250fdcdcb391706849dfb88,mlb,total_bases>=5,hits>=2 & hits_plus_runs_plus_RBI>=1 & hits_plus_runs_plus_RBI>=3,3,EMPIRICAL_CANDIDATE,2,"[{""explanation"": ""At most four TB per hit, so hits >= ceil(TB/4); HRR includes nonnegative hits"", ""proven"": true, ""rule_version"": ""mlb-official-batting-v1""}, {""explanation"": ""At most four TB per hit, so hits >= ceil(TB/4); HRR includes nonnegative hits"", ""proven"": true, ""rule_version"": ""mlb-official-batting-v1""}, {""explanation"": ""No proof from configured rules"", ""proven"": false, ""rule_version"": ""mlb-official-batting-v1""}]",6863,359,1179,359,0,0.05230948564767594,0.17179076205740929,0.05230948564767594,1.0,0.3044953350296862,5.821034775233249,5.821034775233249,0.047287833167272794,0.05783203353555663,0.16305094655019958,0.1808977921798649,0.047287833167272794,0.05783203353555663,0.9894128448463978,1.0,0.2788969975791758,0.3313635351725068,0.0,0.0,0.0005594215104179578,0.0,
fec4c2f456e1e5eeeae2412cfb34808f5f550bb331a6e46e7123cda0cb9757d2,mlb,total_bases>=5,hits_plus_runs_plus_RBI>=3 & total_bases>=1,2,EMPIRICAL_CANDIDATE,1,"[{""explanation"": ""No proof from configured rules"", ""proven"": false, ""rule_version"": ""mlb-official-batting-v1""}, {""explanation"": ""Threshold monotonicity"", ""proven"": true, ""rule_version"": ""mlb-official-batting-v1""}]",6863,359,1765,359,0,0.05230948564767594,0.25717616202826754,0.05230948564767594,1.0,0.20339943342776204,3.8883852691218124,3.888385269121813,0.047287833167272794,0.05783203353555663,0.24697331696725122,0.2676506888456911,0.047287833167272794,0.05783203353555663,0.9894128448463978,1.0,0.18527398541879675,0.22281315841259774,0.0,0.0,0.0005594215104179578,0.0,
039b3a4b265d644088beb9f958095c4cda5b68970a80f4cd59f222ee7bb2f1c3,mlb,total_bases>=4,hits_plus_runs_plus_RBI>=1 & hits_plus_runs_plus_RBI>=3 & total_bases>=1,3,EMPIRICAL_CANDIDATE,2,"[{""explanation"": ""At most four TB per hit, so hits >= ceil(TB/4); HRR includes nonnegative hits"", ""proven"": true, ""rule_version"": ""mlb-official-batting-v1""}, {""explanation"": ""No proof from configured rules"", ""proven"": false, ""rule_version"": ""mlb-official-batting-v1""}, {""explanation"": ""Threshold monotonicity"", ""proven"": true, ""rule_version"": ""mlb-official-batting-v1""}]",6863,791,1765,788,3,0.11525571907329156,0.25717616202826754,0.11481859245228035,0.9962073324905183,0.44645892351274785,3.8736379166472674,3.873637916647267,0.10791505722010244,0.12302684938000205,0.24697331696725122,0.2676506888456911,0.10749063733176285,0.12257750510238836,0.9889090069255616,0.9987093304026194,0.42340793452896613,0.4697424667930335,0.0004371266210112196,0.00014867338348539707,0.00128451229288586,0.0037926675094816687,
1e68f7694e0f10b682988c41ea0ea26cceafc1aad450d5b51b75170567799dcf,mlb,total_bases>=4,hits>=1 & hits_plus_runs_plus_RBI>=2 & hits_plus_runs_plus_RBI>=3,3,EMPIRICAL_CANDIDATE,1,"[{""explanation"": ""At most four TB per hit, so hits >= ceil(TB/4); HRR includes nonnegative hits"", ""proven"": true, ""rule_version"": ""mlb-official-batting-v1""}, {""explanation"": ""No proof from configured rules"", ""proven"": false, ""rule_version"": ""mlb-official-batting-v1""}, {""explanation"": ""No proof from configured rules"", ""proven"": false, ""rule_version"": ""mlb-official-batting-v1""}]",6863,791,1765,788,3,0.11525571907329156,0.25717616202826754,0.11481859245228035,0.9962073324905183,0.44645892351274785,3.8736379166472674,3.873637916647267,0.10791505722010244,0.12302684938000205,0.24697331696725122,0.2676506888456911,0.10749063733176285,0.12257750510238836,0.9889090069255616,0.9987093304026194,0.42340793452896613,0.4697424667930335,0.0004371266210112196,0.00014867338348539707,0.00128451229288586,0.0037926675094816687,
2610dacedc209908b40d63f188d551eb10e866d10e57a258c44ef968dd315f79,mlb,total_bases>=4,hits_plus_runs_plus_RBI>=2 & hits_plus_runs_plus_RBI>=3 & total_bases>=3,3,EMPIRICAL_CANDIDATE,1,"[{""explanation"": ""No proof from configured rules"", ""proven"": false, ""rule_version"": ""mlb-official-batting-v1""}, {""explanation"": ""No proof from configured rules"", ""proven"": false, ""rule_version"": ""mlb-official-batting-v1""}, {""explanation"": ""Threshold monotonicity"", ""proven"": true, ""rule_version"": ""mlb-official-batting-v1""}]",6863,791,1135,788,3,0.11525571907329156,0.1653795716159114,0.11481859245228035,0.9962073324905183,0.694273127753304,6.023762927649717,6.023762927649716,0.10791505722010244,0.12302684938000205,0.1567774806586179,0.17435605030413154,0.10749063733176285,0.12257750510238836,0.9889090069255616,0.9987093304026194,0.6668521171786794,0.7203835217983816,0.0004371266210112196,0.00014867338348539707,0.00128451229288586,0.0037926675094816687,
2c4753375af2a903761023789671bcb84dbbf345e9d57a7008cb609d7067ba9a,mlb,total_bases>=4,hits>=1 & hits_plus_runs_plus_RBI>=3 & total_bases>=3,3,EMPIRICAL_CANDIDATE,2,"[{""explanation"": ""At most four TB per hit, so hits >= ceil(TB/4); HRR includes nonnegative hits"", ""proven"": true, ""rule_version"": ""mlb-official-batting-v1""}, {""explanation"": ""No proof from configured rules"", ""proven"": false, ""rule_version"": ""mlb-official-batting-v1""}, {""explanation"": ""Threshold monotonicity"", ""proven"": true, ""rule_version"": ""mlb-official-batting-v1""}]",6863,791,1135,788,3,0.11525571907329156,0.1653795716159114,0.11481859245228035,0.9962073324905183,0.694273127753304,6.023762927649717,6.023762927649716,0.10791505722010244,0.12302684938000205,0.1567774806586179,0.17435605030413154,0.10749063733176285,0.12257750510238836,0.9889090069255616,0.9987093304026194,0.6668521171786794,0.7203835217983816,0.0004371266210112196,0.00014867338348539707,0.00128451229288586,0.0037926675094816687,
47bdc5cfedc5b8fdcef5298cec7871c65515fad9e89998a5a43ab7e30f730108,mlb,total_bases>=4,hits_plus_runs_plus_RBI>=1 & hits_plus_runs_plus_RBI>=3 & total_bases>=3,3,EMPIRICAL_CANDIDATE,2,"[{""explanation"": ""At most four TB per hit, so hits >= ceil(TB/4); HRR includes nonnegative hits"", ""proven"": true, ""rule_version"": ""mlb-official-batting-v1""}, {""explanation"": ""No proof from configured rules"", ""proven"": false, ""rule_version"": ""mlb-official-batting-v1""}, {""explanation"": ""Threshold monotonicity"", ""proven"": true, ""rule_version"": ""mlb-official-batting-v1""}]",6863,791,1135,788,3,0.11525571907329156,0.1653795716159114,0.11481859245228035,0.9962073324905183,0.694273127753304,6.023762927649717,6.023762927649716,0.10791505722010244,0.12302684938000205,0.1567774806586179,0.17435605030413154,0.10749063733176285,0.12257750510238836,0.9889090069255616,0.9987093304026194,0.6668521171786794,0.7203835217983816,0.0004371266210112196,0.00014867338348539707,0.00128451229288586,0.0037926675094816687,
54e633addc3f252c3a9880b4e07b8408e50fb4b969dc9259681f02e325a9c1ad,mlb,total_bases>=4,hits_plus_runs_plus_RBI>=2 & hits_plus_runs_plus_RBI>=3,2,EMPIRICAL_CANDIDATE,0,"[{""explanation"": ""No proof from configured rules"", ""proven"": false, ""rule_version"": ""mlb-official-batting-v1""}, {""explanation"": ""No proof from configured rules"", ""proven"": false, ""rule_version"": ""mlb-official-batting-v1""}]",6863,791,1770,788,3,0.11525571907329156,0.25790470639661955,0.11481859245228035,0.9962073324905183,0.44519774011299434,3.8626954366567388,3.8626954366567383,0.10791505722010244,0.12302684938000205,0.24769190548167133,0.26838837394119314,0.10749063733176285,0.12257750510238836,0.9889090069255616,0.9987093304026194,0.42218821220317465,0.46844462928595293,0.0004371266210112196,0.00014867338348539707,0.00128451229288586,0.0037926675094816687,
5d0e7a9e4045096f849839525d6f163b6fc0749a5b5c99baa0a7464436c4b7a6,mlb,total_bases>=4,hits>=1 & hits_plus_runs_plus_RBI>=1 & hits_plus_runs_plus_RBI>=3,3,EMPIRICAL_CANDIDATE,2,"[{""explanation"": ""At most four TB per hit, so hits >= ceil(TB/4); HRR includes nonnegative hits"", ""proven"": true, ""rule_version"": ""mlb-official-batting-v1""}, {""explanation"": ""At most four TB per hit, so hits >= ceil(TB/4); HRR includes nonnegative hits"", ""proven"": true, ""rule_version"": ""mlb-official-batting-v1""}, {""explanation"": ""No proof from configured rules"", ""proven"": false, ""rule_version"": ""mlb-official-batting-v1""}]",6863,791,1765,788,3,0.11525571907329156,0.25717616202826754,0.11481859245228035,0.9962073324905183,0.44645892351274785,3.8736379166472674,3.873637916647267,0.10791505722010244,0.12302684938000205,0.24697331696725122,0.2676506888456911,0.10749063733176285,0.12257750510238836,0.9889090069255616,0.9987093304026194,0.42340793452896613,0.4697424667930335,0.0004371266210112196,0.00014867338348539707,0.00128451229288586,0.0037926675094816687,
6df09e1661e84dbbf7a6e8a0ceac905495c34f2e25795ee7cee486ef6a5b3980,mlb,total_bases>=4,hits>=1 & hits_plus_runs_plus_RBI>=3 & total_bases>=1,3,EMPIRICAL_CANDIDATE,2,"[{""explanation"": ""At most four TB per hit, so hits >= ceil(TB/4); HRR includes nonnegative hits"", ""proven"": true, ""rule_version"": ""mlb-official-batting-v1""}, {""explanation"": ""No proof from configured rules"", ""proven"": false, ""rule_version"": ""mlb-official-batting-v1""}, {""explanation"": ""Threshold monotonicity"", ""proven"": true, ""rule_version"": ""mlb-official-batting-v1""}]",6863,791,1765,788,3,0.11525571907329156,0.25717616202826754,0.11481859245228035,0.9962073324905183,0.44645892351274785,3.8736379166472674,3.873637916647267,0.10791505722010244,0.12302684938000205,0.24697331696725122,0.2676506888456911,0.10749063733176285,0.12257750510238836,0.9889090069255616,0.9987093304026194,0.42340793452896613,0.4697424667930335,0.0004371266210112196,0.00014867338348539707,0.00128451229288586,0.0037926675094816687,
6f21814f278dee716f9c1d5a6bda9143d07cf15d32c343af327dfb07517cbe7b,mlb,total_bases>=4,hits_plus_runs_plus_RBI>=3 & total_bases>=1 & total_bases>=3,3,EMPIRICAL_CANDIDATE,2,"[{""explanation"": ""No proof from configured rules"", ""proven"": false, ""rule_version"": ""mlb-official-batting-v1""}, {""explanation"": ""Threshold monotonicity"", ""proven"": true, ""rule_version"": ""mlb-official-batting-v1""}, {""explanation"": ""Threshold monotonicity"", ""proven"": true, ""rule_version"": ""mlb-official-batting-v1""}]",6863,791,1135,788,3,0.11525571907329156,0.1653795716159114,0.11481859245228035,0.9962073324905183,0.694273127753304,6.023762927649717,6.023762927649716,0.10791505722010244,0.12302684938000205,0.1567774806586179,0.17435605030413154,0.10749063733176285,0.12257750510238836,0.9889090069255616,0.9987093304026194,0.6668521171786794,0.7203835217983816,0.0004371266210112196,0.00014867338348539707,0.00128451229288586,0.0037926675094816687,
713b5193b536315986d4fbf00bf4a16cd497b11b6d2abf542b79bdbc1814271f,mlb,total_bases>=4,hits_plus_runs_plus_RBI>=3 & total_bases>=3,2,EMPIRICAL_CANDIDATE,1,"[{""explanation"": ""No proof from configured rules"", ""proven"": false, ""rule_version"": ""mlb-official-batting-v1""}, {""explanation"": ""Threshold monotonicity"", ""proven"": true, ""rule_version"": ""mlb-official-batting-v1""}]",6863,791,1135,788,3,0.11525571907329156,0.1653795716159114,0.11481859245228035,0.9962073324905183,0.694273127753304,6.023762927649717,6.023762927649716,0.10791505722010244,0.12302684938000205,0.1567774806586179,0.17435605030413154,0.10749063733176285,0.12257750510238836,0.9889090069255616,0.9987093304026194,0.6668521171786794,0.7203835217983816,0.0004371266210112196,0.00014867338348539707,0.00128451229288586,0.0037926675094816687,
90e221566fb53ebed11b41d6bd02533e0716f38b272f3ef97cce73343be078a4,mlb,total_bases>=4,hits_plus_runs_plus_RBI>=3 & total_bases>=1 & total_bases>=2,3,EMPIRICAL_CANDIDATE,2,"[{""explanation"": ""No proof from configured rules"", ""proven"": false, ""rule_version"": ""mlb-official-batting-v1""}, {""explanation"": ""Threshold monotonicity"", ""proven"": true, ""rule_version"": ""mlb-official-batting-v1""}, {""explanation"": ""Threshold monotonicity"", ""proven"": true, ""rule_version"": ""mlb-official-batting-v1""}]",6863,791,1592,788,3,0.11525571907329156,0.2319685268832872,0.11481859245228035,0.9962073324905183,0.4949748743718593,4.294579725428661,4.29457972542866,0.10791505722010244,0.12302684938000205,0.22213405499782432,0.24210288391181103,0.10749063733176285,0.12257750510238836,0.9889090069255616,0.9987093304026194,0.47045675642402407,0.5195171849649759,0.0004371266210112196,0.00014867338348539707,0.00128451229288586,0.0037926675094816687,
ab82a6704e24e884b6ca5aa5cea5c76d2b0599c32bcca0c1f35d1205a31e2ac2,mlb,total_bases>=4,hits_plus_runs_plus_RBI>=1 & hits_plus_runs_plus_RBI>=3,2,EMPIRICAL_CANDIDATE,1,"[{""explanation"": ""At most four TB per hit, so hits >= ceil(TB/4); HRR includes nonnegative hits"", ""proven"": true, ""rule_version"": ""mlb-official-batting-v1""}, {""explanation"": ""No proof from configured rules"", ""proven"": false, ""rule_version"": ""mlb-official-batting-v1""}]",6863,791,1770,788,3,0.11525571907329156,0.25790470639661955,0.11481859245228035,0.9962073324905183,0.44519774011299434,3.8626954366567388,3.8626954366567383,0.10791505722010244,0.12302684938000205,0.24769190548167133,0.26838837394119314,0.10749063733176285,0.12257750510238836,0.9889090069255616,0.9987093304026194,0.42218821220317465,0.46844462928595293,0.0004371266210112196,0.00014867338348539707,0.00128451229288586,0.0037926675094816687,
c0adfd88156572868411605ca25bef659cfee8dc0d227e8229c809e14e4cd1e6,mlb,total_bases>=4,hits_plus_runs_plus_RBI>=3 & total_bases>=1,2,EMPIRICAL_CANDIDATE,1,"[{""explanation"": ""No proof from configured rules"", ""proven"": false, ""rule_version"": ""mlb-official-batting-v1""}, {""explanation"": ""Threshold monotonicity"", ""proven"": true, ""rule_version"": ""mlb-official-batting-v1""}]",6863,791,1765,788,3,0.11525571907329156,0.25717616202826754,0.11481859245228035,0.9962073324905183,0.44645892351274785,3.8736379166472674,3.873637916647267,0.10791505722010244,0.12302684938000205,0.24697331696725122,0.2676506888456911,0.10749063733176285,0.12257750510238836,0.9889090069255616,0.9987093304026194,0.42340793452896613,0.4697424667930335,0.0004371266210112196,0.00014867338348539707,0.00128451229288586,0.0037926675094816687,
d8fd0c182a6a71cdaa2cbd103fcdbe5d7a3a5461e8ecf208ec2c83f01c4cf5ba,mlb,total_bases>=4,hits_plus_runs_plus_RBI>=3,1,EMPIRICAL_CANDIDATE,0,"[{""explanation"": ""No proof from configured rules"", ""proven"": false, ""rule_version"": ""mlb-official-batting-v1""}]",6863,791,1770,788,3,0.11525571907329156,0.25790470639661955,0.11481859245228035,0.9962073324905183,0.44519774011299434,3.8626954366567388,3.8626954366567383,0.10791505722010244,0.12302684938000205,0.24769190548167133,0.26838837394119314,0.10749063733176285,0.12257750510238836,0.9889090069255616,0.9987093304026194,0.42218821220317465,0.46844462928595293,0.0004371266210112196,0.00014867338348539707,0.00128451229288586,0.0037926675094816687,
d9d7547a665d1343941cbda37960f87003a83b90be0f9708a8eb25061a2b16bf,mlb,total_bases>=4,hits_plus_runs_plus_RBI>=3 & total_bases>=2 & total_bases>=3,3,EMPIRICAL_CANDIDATE,2,"[{""explanation"": ""No proof from configured rules"", ""proven"": false, ""rule_version"": ""mlb-official-batting-v1""}, {""explanation"": ""Threshold monotonicity"", ""proven"": true, ""rule_version"": ""mlb-official-batting-v1""}, {""explanation"": ""Threshold monotonicity"", ""proven"": true, ""rule_version"": ""mlb-official-batting-v1""}]",6863,791,1135,788,3,0.11525571907329156,0.1653795716159114,0.11481859245228035,0.9962073324905183,0.694273127753304,6.023762927649717,6.023762927649716,0.10791505722010244,0.12302684938000205,0.1567774806586179,0.17435605030413154,0.10749063733176285,0.12257750510238836,0.9889090069255616,0.9987093304026194,0.6668521171786794,0.7203835217983816,0.0004371266210112196,0.00014867338348539707,0.00128451229288586,0.0037926675094816687,
dd4cfd0ec5801b3e2551255d35108d0af7fbd79fb78c7362da539df2c3361113,mlb,total_bases>=4,hits_plus_runs_plus_RBI>=2 & hits_plus_runs_plus_RBI>=3 & total_bases>=1,3,EMPIRICAL_CANDIDATE,1,"[{""explanation"": ""No proof from configured rules"", ""proven"": false, ""rule_version"": ""mlb-official-batting-v1""}, {""explanation"": ""No proof from configured rules"", ""proven"": false, ""rule_version"": ""mlb-official-batting-v1""}, {""explanation"": ""Threshold monotonicity"", ""proven"": true, ""rule_version"": ""mlb-official-batting-v1""}]",6863,791,1765,788,3,0.11525571907329156,0.25717616202826754,0.11481859245228035,0.9962073324905183,0.44645892351274785,3.8736379166472674,3.873637916647267,0.10791505722010244,0.12302684938000205,0.24697331696725122,0.2676506888456911,0.10749063733176285,0.12257750510238836,0.9889090069255616,0.9987093304026194,0.42340793452896613,0.4697424667930335,0.0004371266210112196,0.00014867338348539707,0.00128451229288586,0.0037926675094816687,
df8985c15d8f610928df67e780e96f6532acb720fc97bd984cc39aee106d1ee5,mlb,total_bases>=4,hits_plus_runs_plus_RBI>=2 & hits_plus_runs_plus_RBI>=3 & total_bases>=2,3,EMPIRICAL_CANDIDATE,1,"[{""explanation"": ""No proof from configured rules"", ""proven"": false, ""rule_version"": ""mlb-official-batting-v1""}, {""explanation"": ""No proof from configured rules"", ""proven"": false, ""rule_version"": ""mlb-official-batting-v1""}, {""explanation"": ""Threshold monotonicity"", ""proven"": true, ""rule_version"": ""mlb-official-batting-v1""}]",6863,791,1592,788,3,0.11525571907329156,0.2319685268832872,0.11481859245228035,0.9962073324905183,0.4949748743718593,4.294579725428661,4.29457972542866,0.10791505722010244,0.12302684938000205,0.22213405499782432,0.24210288391181103,0.10749063733176285,0.12257750510238836,0.9889090069255616,0.9987093304026194,0.47045675642402407,0.5195171849649759,0.0004371266210112196,0.00014867338348539707,0.00128451229288586,0.0037926675094816687,
e6311762d348070c3b7b9efdebf6d9e97bed1441e166802938eb7556fcf59731,mlb,total_bases>=4,hits>=1 & hits_plus_runs_plus_RBI>=3 & total_bases>=2,3,EMPIRICAL_CANDIDATE,2,"[{""explanation"": ""At most four TB per hit, so hits >= ceil(TB/4); HRR includes nonnegative hits"", ""proven"": true, ""rule_version"": ""mlb-official-batting-v1""}, {""explanation"": ""No proof from configured rules"", ""proven"": false, ""rule_version"": ""mlb-official-batting-v1""}, {""explanation"": ""Threshold monotonicity"", ""proven"": true, ""rule_version"": ""mlb-official-batting-v1""}]",6863,791,1592,788,3,0.11525571907329156,0.2319685268832872,0.11481859245228035,0.9962073324905183,0.4949748743718593,4.294579725428661,4.29457972542866,0.10791505722010244,0.12302684938000205,0.22213405499782432,0.24210288391181103,0.10749063733176285,0.12257750510238836,0.9889090069255616,0.9987093304026194,0.47045675642402407,0.5195171849649759,0.0004371266210112196,0.00014867338348539707,0.00128451229288586,0.0037926675094816687,
e7bc962632b18f3f7a349e4b695a7ecc233206f0bc05f956494e5afda719253a,mlb,total_bases>=4,hits_plus_runs_plus_RBI>=3 & total_bases>=2,2,EMPIRICAL_CANDIDATE,1,"[{""explanation"": ""No proof from configured rules"", ""proven"": false, ""rule_version"": ""mlb-official-batting-v1""}, {""explanation"": ""Threshold monotonicity"", ""proven"": true, ""rule_version"": ""mlb-official-batting-v1""}]",6863,791,1592,788,3,0.11525571907329156,0.2319685268832872,0.11481859245228035,0.9962073324905183,0.4949748743718593,4.294579725428661,4.29457972542866,0.10791505722010244,0.12302684938000205,0.22213405499782432,0.24210288391181103,0.10749063733176285,0.12257750510238836,0.9889090069255616,0.9987093304026194,0.47045675642402407,0.5195171849649759,0.0004371266210112196,0.00014867338348539707,0.00128451229288586,0.0037926675094816687,
ea23219421003e5a25dad4a6ef4f168f90ed1827e61488fd7912c809385666ba,mlb,total_bases>=4,hits>=1 & hits_plus_runs_plus_RBI>=3,2,EMPIRICAL_CANDIDATE,1,"[{""explanation"": ""At most four TB per hit, so hits >= ceil(TB/4); HRR includes nonnegative hits"", ""proven"": true, ""rule_version"": ""mlb-official-batting-v1""}, {""explanation"": ""No proof from configured rules"", ""proven"": false, ""rule_version"": ""mlb-official-batting-v1""}]",6863,791,1765,788,3,0.11525571907329156,0.25717616202826754,0.11481859245228035,0.9962073324905183,0.44645892351274785,3.8736379166472674,3.873637916647267,0.10791505722010244,0.12302684938000205,0.24697331696725122,0.2676506888456911,0.10749063733176285,0.12257750510238836,0.9889090069255616,0.9987093304026194,0.42340793452896613,0.4697424667930335,0.0004371266210112196,0.00014867338348539707,0.00128451229288586,0.0037926675094816687,
ebda995903818a41a4a2f52bba0e9ab146de7a7d919b0d419e1ff614be683647,mlb,total_bases>=4,hits_plus_runs_plus_RBI>=1 & hits_plus_runs_plus_RBI>=3 & total_bases>=2,3,EMPIRICAL_CANDIDATE,2,"[{""explanation"": ""At most four TB per hit, so hits >= ceil(TB/4); HRR includes nonnegative hits"", ""proven"": true, ""rule_version"": ""mlb-official-batting-v1""}, {""explanation"": ""No proof from configured rules"", ""proven"": false, ""rule_version"": ""mlb-official-batting-v1""}, {""explanation"": ""Threshold monotonicity"", ""proven"": true, ""rule_version"": ""mlb-official-batting-v1""}]",6863,791,1592,788,3,0.11525571907329156,0.2319685268832872,0.11481859245228035,0.9962073324905183,0.4949748743718593,4.294579725428661,4.29457972542866,0.10791505722010244,0.12302684938000205,0.22213405499782432,0.24210288391181103,0.10749063733176285,0.12257750510238836,0.9889090069255616,0.9987093304026194,0.47045675642402407,0.5195171849649759,0.0004371266210112196,0.00014867338348539707,0.00128451229288586,0.0037926675094816687,
fb9738c1d05a95aa9fa4a82d0756285e9a1cbfe5af2d5e448e74d63a7c92c36f,mlb,total_bases>=4,hits_plus_runs_plus_RBI>=1 & hits_plus_runs_plus_RBI>=2 & hits_plus_runs_plus_RBI>=3,3,EMPIRICAL_CANDIDATE,1,"[{""explanation"": ""At most four TB per hit, so hits >= ceil(TB/4); HRR includes nonnegative hits"", ""proven"": true, ""rule_version"": ""mlb-official-batting-v1""}, {""explanation"": ""No proof from configured rules"", ""proven"": false, ""rule_version"": ""mlb-official-batting-v1""}, {""explanation"": ""No proof from configured rules"", ""proven"": false, ""rule_version"": ""mlb-official-batting-v1""}]",6863,791,1770,788,3,0.11525571907329156,0.25790470639661955,0.11481859245228035,0.9962073324905183,0.44519774011299434,3.8626954366567388,3.8626954366567383,0.10791505722010244,0.12302684938000205,0.24769190548167133,0.26838837394119314,0.10749063733176285,0.12257750510238836,0.9889090069255616,0.9987093304026194,0.42218821220317465,0.46844462928595293,0.0004371266210112196,0.00014867338348539707,0.00128451229288586,0.0037926675094816687,
01d75d61297a8bc464e19b0c0e92f111cef61860d13d765e9d0dde0f830c33c2,mlb,hits_plus_runs_plus_RBI>=6,hits_plus_runs_plus_RBI>=2 & hits_plus_runs_plus_RBI>=4 & total_bases>=1,3,EMPIRICAL_CANDIDATE,2,"[{""explanation"": ""Threshold monotonicity"", ""proven"": true, ""rule_version"": ""mlb-official-batting-v1""}, {""explanation"": ""Threshold monotonicity"", ""proven"": true, ""rule_version"": ""mlb-official-batting-v1""}, {""explanation"": ""No proof from configured rules"", ""proven"": false, ""rule_version"": ""mlb-official-batting-v1""}]",6863,293,1017,293,0,0.042692699985429114,0.14818592452280344,0.042692699985429114,1.0,0.288102261553589,6.748279252704031,6.748279252704031,0.038160101529856244,0.04773695352200061,0.13997721764333465,0.1567882561252517,0.038160101529856244,0.04773695352200061,0.9870588871380849,1.0,0.26110699347392485,0.31669228546807293,0.0,0.0,0.0005594215104179578,0.0,
03c01df00e3f32208e79e588143be120388a97408802c82a4501c8d7f9c41155,mlb,hits_plus_runs_plus_RBI>=6,hits>=1 & hits_plus_runs_plus_RBI>=2 & hits_plus_runs_plus_RBI>=4,3,EMPIRICAL_CANDIDATE,2,"[{""explanation"": ""No proof from configured rules"", ""proven"": false, ""rule_version"": ""mlb-official-batting-v1""}, {""explanation"": ""Threshold monotonicity"", ""proven"": true, ""rule_version"": ""mlb-official-batting-v1""}, {""explanation"": ""Threshold monotonicity"", ""proven"": true, ""rule_version"": ""mlb-official-batting-v1""}]",6863,293,1017,293,0,0.042692699985429114,0.14818592452280344,0.042692699985429114,1.0,0.288102261553589,6.748279252704031,6.748279252704031,0.038160101529856244,0.04773695352200061,0.13997721764333465,0.1567882561252517,0.038160101529856244,0.04773695352200061,0.9870588871380849,1.0,0.26110699347392485,0.31669228546807293,0.0,0.0,0.0005594215104179578,0.0,
0549ddab2c66fade0d39180717e6ec2e5e43105046c55f5ec0d74e0c76842c78,mlb,hits_plus_runs_plus_RBI>=6,hits>=1 & hits_plus_runs_plus_RBI>=1 & total_bases>=2,3,EMPIRICAL_CANDIDATE,1,"[{""explanation"": ""No proof from configured rules"", ""proven"": false, ""rule_version"": ""mlb-official-batting-v1""}, {""explanation"": ""Threshold monotonicity"", ""proven"": true, ""rule_version"": ""mlb-official-batting-v1""}, {""explanation"": ""No proof from configured rules"", ""proven"": false, ""rule_version"": ""mlb-official-batting-v1""}]",6863,293,2181,293,0,0.042692699985429114,0.3177910534751566,0.042692699985429114,1.0,0.13434204493351673,3.1467216872994044,3.146721687299404,0.038160101529856244,0.04773695352200061,0.3068796786974051,0.3289062914610614,0.038160101529856244,0.04773695352200061,0.9870588871380849,1.0,0.12067112900532849,0.14929878411553982,0.0,0.0,0.0005594215104179578,0.0,
0d2629b422e0e1ebd5f3bacc6f1a9b7a5f62dcbf3d7070cb4d765b16c98c2dd3,mlb,hits_plus_runs_plus_RBI>=6,hits>=1 & hits_plus_runs_plus_RBI>=1 & hits_plus_runs_plus_RBI>=5,3,EMPIRICAL_CANDIDATE,2,"[{""explanation"": ""No proof from configured rules"", ""proven"": false, ""rule_version"": ""mlb-official-batting-v1""}, {""explanation"": ""Threshold monotonicity"", ""proven"": true, ""rule_version"": ""mlb-official-batting-v1""}, {""explanation"": ""Threshold monotonicity"", ""proven"": true, ""rule_version"": ""mlb-official-batting-v1""}]",6863,293,554,293,0,0.042692699985429114,0.08072271601340522,0.042692699985429114,1.0,0.5288808664259927,12.388086642599276,12.388086642599276,0.038160101529856244,0.04773695352200061,0.07450996230136143,0.08740457518843243,0.038160101529856244,0.04773695352200061,0.9870588871380849,1.0,0.4872589411524233,0.5701050275774191,0.0,0.0,0.0005594215104179578,0.0,
0d3dbd346324e7afc56f45c90ccf2c0ba810d1072b9efe75c30a9050a25b0254,mlb,hits_plus_runs_plus_RBI>=6,hits>=1 & hits_plus_runs_plus_RBI>=5,2,EMPIRICAL_CANDIDATE,1,"[{""explanation"": ""No proof from configured rules"", ""proven"": false, ""rule_version"": ""mlb-official-batting-v1""}, {""explanation"": ""Threshold monotonicity"", ""proven"": true, ""rule_version"": ""mlb-official-batting-v1""}]",6863,293,554,293,0,0.042692699985429114,0.08072271601340522,0.042692699985429114,1.0,0.5288808664259927,12.388086642599276,12.388086642599276,0.038160101529856244,0.04773695352200061,0.07450996230136143,0.08740457518843243,0.038160101529856244,0.04773695352200061,0.9870588871380849,1.0,0.4872589411524233,0.5701050275774191,0.0,0.0,0.0005594215104179578,0.0,
0dba3d6367aeebfe8a5ebdce5ad43fc407e6a058115af7d8a548bc607edd25fd,mlb,hits_plus_runs_plus_RBI>=6,hits_plus_runs_plus_RBI>=4 & hits_plus_runs_plus_RBI>=5 & total_bases>=2,3,EMPIRICAL_CANDIDATE,2,"[{""explanation"": ""Threshold monotonicity"", ""proven"": true, ""rule_version"": ""mlb-official-batting-v1""}, {""explanation"": ""Threshold monotonicity"", ""proven"": true, ""rule_version"": ""mlb-official-batting-v1""}, {""explanation"": ""No proof from configured rules"", ""proven"": false, ""rule_version"": ""mlb-official-batting-v1""}]",6863,293,549,293,0,0.042692699985429114,0.07999417164505318,0.042692699985429114,1.0,0.5336976320582878,12.500910746812385,12.500910746812387,0.038160101529856244,0.04773695352200061,0.07380839283435443,0.08664987104551726,0.038160101529856244,0.04773695352200061,0.9870588871380849,1.0,0.49187853754365457,0.5750484257107429,0.0,0.0,0.0005594215104179578,0.0,
12062b106c9f392bc76676df58067d2f4a158572466d67df0c58eda26240d27b,mlb,hits_plus_runs_plus_RBI>=6,hits_plus_runs_plus_RBI>=4 & total_bases>=2,2,EMPIRICAL_CANDIDATE,1,"[{""explanation"": ""Threshold monotonicity"", ""proven"": true, ""rule_version"": ""mlb-official-batting-v1""}, {""explanation"": ""No proof from configured rules"", ""proven"": false, ""rule_version"": ""mlb-official-batting-v1""}]",6863,293,987,293,0,0.042692699985429114,0.14381465831269125,0.042692699985429114,1.0,0.2968591691995947,6.9533941236068895,6.9533941236068895,0.038160101529856244,0.04773695352200061,0.13571196481444647,0.1523158672946069,0.038160101529856244,0.04773695352200061,0.9870588871380849,1.0,0.2691884512572625,0.3261050274015,0.0,0.0,0.0005594215104179578,0.0,
155c280d428141abaf42b854f05f904bd2e1dc05ef667cfd8a97fe98546e5043,mlb,hits_plus_runs_plus_RBI>=6,hits>=1 & hits_plus_runs_plus_RBI>=3 & hits_plus_runs_plus_RBI>=4,3,EMPIRICAL_CANDIDATE,2,"[{""explanation"": ""No proof from configured rules"", ""proven"": false, ""rule_version"": ""mlb-official-batting-v1""}, {""explanation"": ""Threshold monotonicity"", ""proven"": true, ""rule_version"": ""mlb-official-batting-v1""}, {""explanation"": ""Threshold monotonicity"", ""proven"": true, ""rule_version"": ""mlb-official-batting-v1""}]",6863,293,1017,293,0,0.042692699985429114,0.14818592452280344,0.042692699985429114,1.0,0.288102261553589,6.748279252704031,6.748279252704031,0.038160101529856244,0.04773695352200061,0.13997721764333465,0.1567882561252517,0.038160101529856244,0.04773695352200061,0.9870588871380849,1.0,0.26110699347392485,0.31669228546807293,0.0,0.0,0.0005594215104179578,0.0,
1c1645f4edea52627ce83fae487fd2ee3812d2ef361d2d6a5d045d00a7df38e3,mlb,hits_plus_runs_plus_RBI>=6,hits>=1 & hits_plus_runs_plus_RBI>=2 & total_bases>=2,3,EMPIRICAL_CANDIDATE,1,"[{""explanation"": ""No proof from configured rules"", ""proven"": false, ""rule_version"": ""mlb-official-batting-v1""}, {""explanation"": ""Threshold monotonicity"", ""proven"": true, ""rule_version"": ""mlb-official-batting-v1""}, {""explanation"": ""No proof from configured rules"", ""proven"": false, ""rule_version"": ""mlb-official-batting-v1""}]",6863,293,2010,293,0,0.042692699985429114,0.29287483607751713,0.042692699985429114,1.0,0.14577114427860696,3.414427860696517,3.4144278606965175,0.038160101529856244,0.04773695352200061,0.28222645280215375,0.30375495989697465,0.038160101529856244,0.04773695352200061,0.9870588871380849,1.0,0.13102006354857593,0.16187362787741416,0.0,0.0,0.0005594215104179578,0.0,
1ca9816a60dae40eb9d6134cbe2e0a158e7ddd7fa6e423ce641e60cfd68ce848,mlb,hits_plus_runs_plus_RBI>=6,hits>=1 & hits_plus_runs_plus_RBI>=4,2,EMPIRICAL_CANDIDATE,1,"[{""explanation"": ""No proof from configured rules"", ""proven"": false, ""rule_version"": ""mlb-official-batting-v1""}, {""explanation"": ""Threshold monotonicity"", ""proven"": true, ""rule_version"": ""mlb-official-batting-v1""}]",6863,293,1017,293,0,0.042692699985429114,0.14818592452280344,0.042692699985429114,1.0,0.288102261553589,6.748279252704031,6.748279252704031,0.038160101529856244,0.04773695352200061,0.13997721764333465,0.1567882561252517,0.038160101529856244,0.04773695352200061,0.9870588871380849,1.0,0.26110699347392485,0.31669228546807293,0.0,0.0,0.0005594215104179578,0.0,
1d34fd63d110d94eb9dde0ddbb1dce407b1923661552e96aa36c624f5f163b1e,mlb,hits_plus_runs_plus_RBI>=6,hits>=1 & hits_plus_runs_plus_RBI>=1 & total_bases>=1,3,EMPIRICAL_CANDIDATE,1,"[{""explanation"": ""No proof from configured rules"", ""proven"": false, ""rule_version"": ""mlb-official-batting-v1""}, {""explanation"": ""Threshold monotonicity"", ""proven"": true, ""rule_version"": ""mlb-official-batting-v1""}, {""explanation"": ""No proof from configured rules"", ""proven"": false, ""rule_version"": ""mlb-official-batting-v1""}]",6863,293,3819,293,0,0.042692699985429114,0.5564621885472826,0.042692699985429114,1.0,0.07672165488347735,1.79706729510343,1.79706729510343,0.038160101529856244,0.04773695352200061,0.5446801576520175,0.5681810471169504,0.038160101529856244,0.04773695352200061,0.9870588871380849,1.0,0.06869943121130159,0.08559455800442012,0.0,0.0,0.0005594215104179578,0.0,
3572f40aef5c8228cca0ac6c4525559a0e45b9a55731594c7fd065b3c56e2259,mlb,hits_plus_runs_plus_RBI>=6,hits_plus_runs_plus_RBI>=1 & hits_plus_runs_plus_RBI>=5 & total_bases>=2,3,EMPIRICAL_CANDIDATE,2,"[{""explanation"": ""Threshold monotonicity"", ""proven"": true, ""rule_version"": ""mlb-official-batting-v1""}, {""explanation"": ""Threshold monotonicity"", ""proven"": true, ""rule_version"": ""mlb-official-batting-v1""}, {""explanation"": ""No proof from configured rules"", ""proven"": false, ""rule_version"": ""mlb-official-batting-v1""}]",6863,293,549,293,0,0.042692699985429114,0.07999417164505318,0.042692699985429114,1.0,0.5336976320582878,12.500910746812385,12.500910746812387,0.038160101529856244,0.04773695352200061,0.07380839283435443,0.08664987104551726,0.038160101529856244,0.04773695352200061,0.9870588871380849,1.0,0.49187853754365457,0.5750484257107429,0.0,0.0,0.0005594215104179578,0.0,
3ba45f6e7ada97a75737ff5df452b838075acd2d65842f35e2def0651284136e,mlb,hits_plus_runs_plus_RBI>=6,hits>=1,1,EMPIRICAL_CANDIDATE,0,"[{""explanation"": ""No proof from configured rules"", ""proven"": false, ""rule_version"": ""mlb-official-batting-v1""}]",6863,293,3819,293,0,0.042692699985429114,0.5564621885472826,0.042692699985429114,1.0,0.07672165488347735,1.79706729510343,1.79706729510343,0.038160101529856244,0.04773695352200061,0.5446801576520175,0.5681810471169504,0.038160101529856244,0.04773695352200061,0.9870588871380849,1.0,0.06869943121130159,0.08559455800442012,0.0,0.0,0.0005594215104179578,0.0,
407265af99dad545afb36517b157d459f62921c3211a490e1e9766a0239a6708,mlb,hits_plus_runs_plus_RBI>=6,hits_plus_runs_plus_RBI>=2 & hits_plus_runs_plus_RBI>=3 & total_bases>=1,3,EMPIRICAL_CANDIDATE,2,"[{""explanation"": ""Threshold monotonicity"", ""proven"": true, ""rule_version"": ""mlb-official-batting-v1""}, {""explanation"": ""Threshold monotonicity"", ""proven"": true, ""rule_version"": ""mlb-official-batting-v1""}, {""explanation"": ""No proof from configured rules"", ""proven"": false, ""rule_version"": ""mlb-official-batting-v1""}]",6863,293,1765,293,0,0.042692699985429114,0.25717616202826754,0.042692699985429114,1.0,0.1660056657223796,3.8883852691218124,3.888385269121813,0.038160101529856244,0.04773695352200061,0.24697331696725122,0.2676506888456911,0.038160101529856244,0.04773695352200061,0.9870588871380849,1.0,0.14937594707597823,0.18408608021840006,0.0,0.0,0.0005594215104179578,0.0,
409fa1dc330b15fc940760b59d9510a0c5fc1cad42b7aac06bfab3e279afac69,mlb,hits_plus_runs_plus_RBI>=6,hits>=1 & hits_plus_runs_plus_RBI>=2 & total_bases>=1,3,EMPIRICAL_CANDIDATE,1,"[{""explanation"": ""No proof from configured rules"", ""proven"": false, ""rule_version"": ""mlb-official-batting-v1""}, {""explanation"": ""Threshold monotonicity"", ""proven"": true, ""rule_version"": ""mlb-official-batting-v1""}, {""explanation"": ""No proof from configured rules"", ""proven"": false, ""rule_version"": ""mlb-official-batting-v1""}]",6863,293,2742,293,0,0.042692699985429114,0.3995337316042547,0.042692699985429114,1.0,0.10685630926331145,2.50291757840992,2.5029175784099196,0.038160101529856244,0.04773695352200061,0.3880049429454243,0.41117492624630914,0.038160101529856244,0.04773695352200061,0.9870588871380849,1.0,0.0958382074220584,0.11897443477397862,0.0,0.0,0.0005594215104179578,0.0,
41a4675606bcebe62f2f140623f629990532d8a5d03f13ab3ab3673d6fe65e06,mlb,hits_plus_runs_plus_RBI>=6,hits_plus_runs_plus_RBI>=3 & total_bases>=2,2,EMPIRICAL_CANDIDATE,1,"[{""explanation"": ""Threshold monotonicity"", ""proven"": true, ""rule_version"": ""mlb-official-batting-v1""}, {""explanation"": ""No proof from configured rules"", ""proven"": false, ""rule_version"": ""mlb-official-batting-v1""}]",6863,293,1592,293,0,0.042692699985429114,0.2319685268832872,0.042692699985429114,1.0,0.18404522613065327,4.310929648241206,4.310929648241206,0.038160101529856244,0.04773695352200061,0.22213405499782432,0.24210288391181103,0.038160101529856244,0.04773695352200061,0.9870588871380849,1.0,0.16577766879839728,0.2038338960349786,0.0,0.0,0.0005594215104179578,0.0,
434d6a8b37d26316f8c9255cd1a7002b31e208b600a89f4da3cf8cdf562bc1c6,mlb,hits_plus_runs_plus_RBI>=6,hits>=1 & hits_plus_runs_plus_RBI>=4 & hits_plus_runs_plus_RBI>=5,3,EMPIRICAL_CANDIDATE,2,"[{""explanation"": ""No proof from configured rules"", ""proven"": false, ""rule_version"": ""mlb-official-batting-v1""}, {""explanation"": ""Threshold monotonicity"", ""proven"": true, ""rule_version"": ""mlb-official-batting-v1""}, {""explanation"": ""Threshold monotonicity"", ""proven"": true, ""rule_version"": ""mlb-official-batting-v1""}]",6863,293,554,293,0,0.042692699985429114,0.08072271601340522,0.042692699985429114,1.0,0.5288808664259927,12.388086642599276,12.388086642599276,0.038160101529856244,0.04773695352200061,0.07450996230136143,0.08740457518843243,0.038160101529856244,0.04773695352200061,0.9870588871380849,1.0,0.4872589411524233,0.5701050275774191,0.0,0.0,0.0005594215104179578,0.0,
43f10549ec3035e3497da71c03e8d6cd1f57efb8d7415cb2d7c713f1304d202d,mlb,hits_plus_runs_plus_RBI>=6,hits_plus_runs_plus_RBI>=5 & total_bases>=1,2,EMPIRICAL_CANDIDATE,1,"[{""explanation"": ""Threshold monotonicity"", ""proven"": true, ""rule_version"": ""mlb-official-batting-v1""}, {""explanation"": ""No proof from configured rules"", ""proven"": false, ""rule_version"": ""mlb-official-batting-v1""}]",6863,293,554,293,0,0.042692699985429114,0.08072271601340522,0.042692699985429114,1.0,0.5288808664259927,12.388086642599276,12.388086642599276,0.038160101529856244,0.04773695352200061,0.07450996230136143,0.08740457518843243,0.038160101529856244,0.04773695352200061,0.9870588871380849,1.0,0.4872589411524233,0.5701050275774191,0.0,0.0,0.0005594215104179578,0.0,
44b1be02758d8d2845dd87cce7ebc22acbfb6f09ff54843e58594848434443fe,mlb,hits_plus_runs_plus_RBI>=6,hits>=1 & hits_plus_runs_plus_RBI>=2,2,EMPIRICAL_CANDIDATE,1,"[{""explanation"": ""No proof from configured rules"", ""proven"": false, ""rule_version"": ""mlb-official-batting-v1""}, {""explanation"": ""Threshold monotonicity"", ""proven"": true, ""rule_version"": ""mlb-official-batting-v1""}]",6863,293,2742,293,0,0.042692699985429114,0.3995337316042547,0.042692699985429114,1.0,0.10685630926331145,2.50291757840992,2.5029175784099196,0.038160101529856244,0.04773695352200061,0.3880049429454243,0.41117492624630914,0.038160101529856244,0.04773695352200061,0.9870588871380849,1.0,0.0958382074220584,0.11897443477397862,0.0,0.0,0.0005594215104179578,0.0,
4936dec514d35369390df8039c9b5ee38e84feb03b356b506e7cf518c7331d57,mlb,hits_plus_runs_plus_RBI>=6,hits_plus_runs_plus_RBI>=2 & total_bases>=1,2,EMPIRICAL_CANDIDATE,1,"[{""explanation"": ""Threshold monotonicity"", ""proven"": true, ""rule_version"": ""mlb-official-batting-v1""}, {""explanation"": ""No proof from configured rules"", ""proven"": false, ""rule_version"": ""mlb-official-batting-v1""}]",6863,293,2742,293,0,0.042692699985429114,0.3995337316042547,0.042692699985429114,1.0,0.10685630926331145,2.50291757840992,2.5029175784099196,0.038160101529856244,0.04773695352200061,0.3880049429454243,0.41117492624630914,0.038160101529856244,0.04773695352200061,0.9870588871380849,1.0,0.0958382074220584,0.11897443477397862,0.0,0.0,0.0005594215104179578,0.0,
4a24ed8490c03647d82216abaea0269cf3c3bd855c1051d320a4440185cb34e9,mlb,hits_plus_runs_plus_RBI>=6,hits>=1 & hits_plus_runs_plus_RBI>=5 & total_bases>=1,3,EMPIRICAL_CANDIDATE,1,"[{""explanation"": ""No proof from configured rules"", ""proven"": false, ""rule_version"": ""mlb-official-batting-v1""}, {""explanation"": ""Threshold monotonicity"", ""proven"": true, ""rule_version"": ""mlb-official-batting-v1""}, {""explanation"": ""No proof from configured rules"", ""proven"": false, ""rule_version"": ""mlb-official-batting-v1""}]",6863,293,554,293,0,0.042692699985429114,0.08072271601340522,0.042692699985429114,1.0,0.5288808664259927,12.388086642599276,12.388086642599276,0.038160101529856244,0.04773695352200061,0.07450996230136143,0.08740457518843243,0.038160101529856244,0.04773695352200061,0.9870588871380849,1.0,0.4872589411524233,0.5701050275774191,0.0,0.0,0.0005594215104179578,0.0,
4add5799dfe8afab551cceb4b1e6d72d30b72435f0892768b0bda0566c09e73b,mlb,hits_plus_runs_plus_RBI>=6,total_bases>=1 & total_bases>=2,2,EMPIRICAL_CANDIDATE,0,"[{""explanation"": ""No proof from configured rules"", ""proven"": false, ""rule_version"": ""mlb-official-batting-v1""}, {""explanation"": ""No proof from configured rules"", ""proven"": false, ""rule_version"": ""mlb-official-batting-v1""}]",6863,293,2181,293,0,0.042692699985429114,0.3177910534751566,0.042692699985429114,1.0,0.13434204493351673,3.1467216872994044,3.146721687299404,0.038160101529856244,0.04773695352200061,0.3068796786974051,0.3289062914610614,0.038160101529856244,0.04773695352200061,0.9870588871380849,1.0,0.12067112900532849,0.14929878411553982,0.0,0.0,0.0005594215104179578,0.0,
4c59b1c4fa651ae648a4829d19fd3a93dc1b5e90c0f3e4da66953bbc3ec4bb64,mlb,hits_plus_runs_plus_RBI>=6,hits>=1 & hits_plus_runs_plus_RBI>=3 & total_bases>=2,3,EMPIRICAL_CANDIDATE,1,"[{""explanation"": ""No proof from configured rules"", ""proven"": false, ""rule_version"": ""mlb-official-batting-v1""}, {""explanation"": ""Threshold monotonicity"", ""proven"": true, ""rule_version"": ""mlb-official-batting-v1""}, {""explanation"": ""No proof from configured rules"", ""proven"": false, ""rule_version"": ""mlb-official-batting-v1""}]",6863,293,1592,293,0,0.042692699985429114,0.2319685268832872,0.042692699985429114,1.0,0.18404522613065327,4.310929648241206,4.310929648241206,0.038160101529856244,0.04773695352200061,0.22213405499782432,0.24210288391181103,0.038160101529856244,0.04773695352200061,0.9870588871380849,1.0,0.16577766879839728,0.2038338960349786,0.0,0.0,0.0005594215104179578,0.0,
4c7cfe7fb9fa5d531184643d505bc8b9b43d2761ef9285142f491b2ada2126ed,mlb,hits_plus_runs_plus_RBI>=6,hits>=1 & total_bases>=1,2,EMPIRICAL_CANDIDATE,0,"[{""explanation"": ""No proof from configured rules"", ""proven"": false, ""rule_version"": ""mlb-official-batting-v1""}, {""explanation"": ""No proof from configured rules"", ""proven"": false, ""rule_version"": ""mlb-official-batting-v1""}]",6863,293,3819,293,0,0.042692699985429114,0.5564621885472826,0.042692699985429114,1.0,0.07672165488347735,1.79706729510343,1.79706729510343,0.038160101529856244,0.04773695352200061,0.5446801576520175,0.5681810471169504,0.038160101529856244,0.04773695352200061,0.9870588871380849,1.0,0.06869943121130159,0.08559455800442012,0.0,0.0,0.0005594215104179578,0.0,
543596520ca3f5d4da4957c95646135c126deff35e8af41ab7cd64b9e533c77a,mlb,hits_plus_runs_plus_RBI>=6,hits>=1 & hits_plus_runs_plus_RBI>=4 & total_bases>=1,3,EMPIRICAL_CANDIDATE,1,"[{""explanation"": ""No proof from configured rules"", ""proven"": false, ""rule_version"": ""mlb-official-batting-v1""}, {""explanation"": ""Threshold monotonicity"", ""proven"": true, ""rule_version"": ""mlb-official-batting-v1""}, {""explanation"": ""No proof from configured rules"", ""proven"": false, ""rule_version"": ""mlb-official-batting-v1""}]",6863,293,1017,293,0,0.042692699985429114,0.14818592452280344,0.042692699985429114,1.0,0.288102261553589,6.748279252704031,6.748279252704031,0.038160101529856244,0.04773695352200061,0.13997721764333465,0.1567882561252517,0.038160101529856244,0.04773695352200061,0.9870588871380849,1.0,0.26110699347392485,0.31669228546807293,0.0,0.0,0.0005594215104179578,0.0,
551c6405d811d2b36d2ba190d89beebf88f202d272708e529f2ab0a80cf1ca6a,mlb,hits_plus_runs_plus_RBI>=6,hits>=1 & hits_plus_runs_plus_RBI>=3 & total_bases>=1,3,EMPIRICAL_CANDIDATE,1,"[{""explanation"": ""No proof from configured rules"", ""proven"": false, ""rule_version"": ""mlb-official-batting-v1""}, {""explanation"": ""Threshold monotonicity"", ""proven"": true, ""rule_version"": ""mlb-official-batting-v1""}, {""explanation"": ""No proof from configured rules"", ""proven"": false, ""rule_version"": ""mlb-official-batting-v1""}]",6863,293,1765,293,0,0.042692699985429114,0.25717616202826754,0.042692699985429114,1.0,0.1660056657223796,3.8883852691218124,3.888385269121813,0.038160101529856244,0.04773695352200061,0.24697331696725122,0.2676506888456911,0.038160101529856244,0.04773695352200061,0.9870588871380849,1.0,0.14937594707597823,0.18408608021840006,0.0,0.0,0.0005594215104179578,0.0,
557eb5ab9bdbb1c4bed35fa2985be41a3aa526353814790fd8ee1bc05106c9db,mlb,hits_plus_runs_plus_RBI>=6,hits>=1 & hits_plus_runs_plus_RBI>=2 & hits_plus_runs_plus_RBI>=3,3,EMPIRICAL_CANDIDATE,2,"[{""explanation"": ""No proof from configured rules"", ""proven"": false, ""rule_version"": ""mlb-official-batting-v1""}, {""explanation"": ""Threshold monotonicity"", ""proven"": true, ""rule_version"": ""mlb-official-batting-v1""}, {""explanation"": ""Threshold monotonicity"", ""proven"": true, ""rule_version"": ""mlb-official-batting-v1""}]",6863,293,1765,293,0,0.042692699985429114,0.25717616202826754,0.042692699985429114,1.0,0.1660056657223796,3.8883852691218124,3.888385269121813,0.038160101529856244,0.04773695352200061,0.24697331696725122,0.2676506888456911,0.038160101529856244,0.04773695352200061,0.9870588871380849,1.0,0.14937594707597823,0.18408608021840006,0.0,0.0,0.0005594215104179578,0.0,
56ee56d21273c46959c5f3d155b73b509ba8ad0d64d44d0cbee30f481dc9a785,mlb,hits_plus_runs_plus_RBI>=6,hits_plus_runs_plus_RBI>=2 & hits_plus_runs_plus_RBI>=4 & total_bases>=2,3,EMPIRICAL_CANDIDATE,2,"[{""explanation"": ""Threshold monotonicity"", ""proven"": true, ""rule_version"": ""mlb-official-batting-v1""}, {""explanation"": ""Threshold monotonicity"", ""proven"": true, ""rule_version"": ""mlb-official-batting-v1""}, {""explanation"": ""No proof from configured rules"", ""proven"": false, ""rule_version"": ""mlb-official-batting-v1""}]",6863,293,987,293,0,0.042692699985429114,0.14381465831269125,0.042692699985429114,1.0,0.2968591691995947,6.9533941236068895,6.9533941236068895,0.038160101529856244,0.04773695352200061,0.13571196481444647,0.1523158672946069,0.038160101529856244,0.04773695352200061,0.9870588871380849,1.0,0.2691884512572625,0.3261050274015,0.0,0.0,0.0005594215104179578,0.0,
616fb01997dee22b8db2746433fe3268ba660d9a9630100084add0cdae150660,mlb,hits_plus_runs_plus_RBI>=6,hits_plus_runs_plus_RBI>=3 & hits_plus_runs_plus_RBI>=4 & total_bases>=1,3,EMPIRICAL_CANDIDATE,2,"[{""explanation"": ""Threshold monotonicity"", ""proven"": true, ""rule_version"": ""mlb-official-batting-v1""}, {""explanation"": ""Threshold monotonicity"", ""proven"": true, ""rule_version"": ""mlb-official-batting-v1""}, {""explanation"": ""No proof from configured rules"", ""proven"": false, ""rule_version"": ""mlb-official-batting-v1""}]",6863,293,1017,293,0,0.042692699985429114,0.14818592452280344,0.042692699985429114,1.0,0.288102261553589,6.748279252704031,6.748279252704031,0.038160101529856244,0.04773695352200061,0.13997721764333465,0.1567882561252517,0.038160101529856244,0.04773695352200061,0.9870588871380849,1.0,0.26110699347392485,0.31669228546807293,0.0,0.0,0.0005594215104179578,0.0,
6249ca731078cc4df36f52b382807cfbd55c65458b91f04017302c282bf10342,mlb,hits_plus_runs_plus_RBI>=6,total_bases>=2,1,EMPIRICAL_CANDIDATE,0,"[{""explanation"": ""No proof from configured rules"", ""proven"": false, ""rule_version"": ""mlb-official-batting-v1""}]",6863,293,2181,293,0,0.042692699985429114,0.3177910534751566,0.042692699985429114,1.0,0.13434204493351673,3.1467216872994044,3.146721687299404,0.038160101529856244,0.04773695352200061,0.3068796786974051,0.3289062914610614,0.038160101529856244,0.04773695352200061,0.9870588871380849,1.0,0.12067112900532849,0.14929878411553982,0.0,0.0,0.0005594215104179578,0.0,
675afe5eab3f97f0d048abcbc3b68e3ef967f894eab69d21a5b76d347a3f51f0,mlb,hits_plus_runs_plus_RBI>=6,hits_plus_runs_plus_RBI>=1 & hits_plus_runs_plus_RBI>=2 & total_bases>=1,3,EMPIRICAL_CANDIDATE,2,"[{""explanation"": ""Threshold monotonicity"", ""proven"": true, ""rule_version"": ""mlb-official-batting-v1""}, {""explanation"": ""Threshold monotonicity"", ""proven"": true, ""rule_version"": ""mlb-official-batting-v1""}, {""explanation"": ""No proof from configured rules"", ""proven"": false, ""rule_version"": ""mlb-official-batting-v1""}]",6863,293,2742,293,0,0.042692699985429114,0.3995337316042547,0.042692699985429114,1.0,0.10685630926331145,2.50291757840992,2.5029175784099196,0.038160101529856244,0.04773695352200061,0.3880049429454243,0.41117492624630914,0.038160101529856244,0.04773695352200061,0.9870588871380849,1.0,0.0958382074220584,0.11897443477397862,0.0,0.0,0.0005594215104179578,0.0,
69fd022484168fedf3f692356c9ce2241b266459f5ce9629f62beb59b4017d2c,mlb,hits_plus_runs_plus_RBI>=6,hits>=1 & total_bases>=1 & total_bases>=2,3,EMPIRICAL_CANDIDATE,0,"[{""explanation"": ""No proof from configured rules"", ""proven"": false, ""rule_version"": ""mlb-official-batting-v1""}, {""explanation"": ""No proof from configured rules"", ""proven"": false, ""rule_version"": ""mlb-official-batting-v1""}, {""explanation"": ""No proof from configured rules"", ""proven"": false, ""rule_version"": ""mlb-official-batting-v1""}]",6863,293,2181,293,0,0.042692699985429114,0.3177910534751566,0.042692699985429114,1.0,0.13434204493351673,3.1467216872994044,3.146721687299404,0.038160101529856244,0.04773695352200061,0.3068796786974051,0.3289062914610614,0.038160101529856244,0.04773695352200061,0.9870588871380849,1.0,0.12067112900532849,0.14929878411553982,0.0,0.0,0.0005594215104179578,0.0,
6b29d7cea67179d47a941fc6cc9ff517eb2b42d1f187c3256fca98a2ada21e37,mlb,hits_plus_runs_plus_RBI>=6,hits>=1 & hits_plus_runs_plus_RBI>=2 & hits_plus_runs_plus_RBI>=5,3,EMPIRICAL_CANDIDATE,2,"[{""explanation"": ""No proof from configured rules"", ""proven"": false, ""rule_version"": ""mlb-official-batting-v1""}, {""explanation"": ""Threshold monotonicity"", ""proven"": true, ""rule_version"": ""mlb-official-batting-v1""}, {""explanation"": ""Threshold monotonicity"", ""proven"": true, ""rule_version"": ""mlb-official-batting-v1""}]",6863,293,554,293,0,0.042692699985429114,0.08072271601340522,0.042692699985429114,1.0,0.5288808664259927,12.388086642599276,12.388086642599276,0.038160101529856244,0.04773695352200061,0.07450996230136143,0.08740457518843243,0.038160101529856244,0.04773695352200061,0.9870588871380849,1.0,0.4872589411524233,0.5701050275774191,0.0,0.0,0.0005594215104179578,0.0,
6ffd06d7e8f07602cb66c76943c26e28cc467f42c77a5e17c38a2b98565bd441,mlb,hits_plus_runs_plus_RBI>=6,hits>=1 & hits_plus_runs_plus_RBI>=1 & hits_plus_runs_plus_RBI>=2,3,EMPIRICAL_CANDIDATE,2,"[{""explanation"": ""No proof from configured rules"", ""proven"": false, ""rule_version"": ""mlb-official-batting-v1""}, {""explanation"": ""Threshold monotonicity"", ""proven"": true, ""rule_version"": ""mlb-official-batting-v1""}, {""explanation"": ""Threshold monotonicity"", ""proven"": true, ""rule_version"": ""mlb-official-batting-v1""}]",6863,293,2742,293,0,0.042692699985429114,0.3995337316042547,0.042692699985429114,1.0,0.10685630926331145,2.50291757840992,2.5029175784099196,0.038160101529856244,0.04773695352200061,0.3880049429454243,0.41117492624630914,0.038160101529856244,0.04773695352200061,0.9870588871380849,1.0,0.0958382074220584,0.11897443477397862,0.0,0.0,0.0005594215104179578,0.0,
70eaa76dd5eecc8a6687deb596aa92187ac441312b257b9e1e49fca1320b1492,mlb,hits_plus_runs_plus_RBI>=6,hits_plus_runs_plus_RBI>=5 & total_bases>=2,2,EMPIRICAL_CANDIDATE,1,"[{""explanation"": ""Threshold monotonicity"", ""proven"": true, ""rule_version"": ""mlb-official-batting-v1""}, {""explanation"": ""No proof from configured rules"", ""proven"": false, ""rule_version"": ""mlb-official-batting-v1""}]",6863,293,549,293,0,0.042692699985429114,0.07999417164505318,0.042692699985429114,1.0,0.5336976320582878,12.500910746812385,12.500910746812387,0.038160101529856244,0.04773695352200061,0.07380839283435443,0.08664987104551726,0.038160101529856244,0.04773695352200061,0.9870588871380849,1.0,0.49187853754365457,0.5750484257107429,0.0,0.0,0.0005594215104179578,0.0,
7929be0a1df70cd0f3ebf280c924b82e50ba82d15d6b34425b81676de537ad89,mlb,hits_plus_runs_plus_RBI>=6,hits_plus_runs_plus_RBI>=2 & total_bases>=1 & total_bases>=2,3,EMPIRICAL_CANDIDATE,1,"[{""explanation"": ""Threshold monotonicity"", ""proven"": true, ""rule_version"": ""mlb-official-batting-v1""}, {""explanation"": ""No proof from configured rules"", ""proven"": false, ""rule_version"": ""mlb-official-batting-v1""}, {""explanation"": ""No proof from configured rules"", ""proven"": false, ""rule_version"": ""mlb-official-batting-v1""}]",6863,293,2010,293,0,0.042692699985429114,0.29287483607751713,0.042692699985429114,1.0,0.14577114427860696,3.414427860696517,3.4144278606965175,0.038160101529856244,0.04773695352200061,0.28222645280215375,0.30375495989697465,0.038160101529856244,0.04773695352200061,0.9870588871380849,1.0,0.13102006354857593,0.16187362787741416,0.0,0.0,0.0005594215104179578,0.0,
7e24048f8c66446cd85e4ca8f38c0d896dba2247c1d46e3d4dfc5694e9ff587c,mlb,hits_plus_runs_plus_RBI>=6,hits_plus_runs_plus_RBI>=2 & hits_plus_runs_plus_RBI>=5 & total_bases>=1,3,EMPIRICAL_CANDIDATE,2,"[{""explanation"": ""Threshold monotonicity"", ""proven"": true, ""rule_version"": ""mlb-official-batting-v1""}, {""explanation"": ""Threshold monotonicity"", ""proven"": true, ""rule_version"": ""mlb-official-batting-v1""}, {""explanation"": ""No proof from configured rules"", ""proven"": false, ""rule_version"": ""mlb-official-batting-v1""}]",6863,293,554,293,0,0.042692699985429114,0.08072271601340522,0.042692699985429114,1.0,0.5288808664259927,12.388086642599276,12.388086642599276,0.038160101529856244,0.04773695352200061,0.07450996230136143,0.08740457518843243,0.038160101529856244,0.04773695352200061,0.9870588871380849,1.0,0.4872589411524233,0.5701050275774191,0.0,0.0,0.0005594215104179578,0.0,
7f60d2add20f417bf1fa320d937938f6606b26d09232afc8b875add8143c724c,mlb,hits_plus_runs_plus_RBI>=6,hits>=1 & hits_plus_runs_plus_RBI>=3,2,EMPIRICAL_CANDIDATE,1,"[{""explanation"": ""No proof from configured rules"", ""proven"": false, ""rule_version"": ""mlb-official-batting-v1""}, {""explanation"": ""Threshold monotonicity"", ""proven"": true, ""rule_version"": ""mlb-official-batting-v1""}]",6863,293,1765,293,0,0.042692699985429114,0.25717616202826754,0.042692699985429114,1.0,0.1660056657223796,3.8883852691218124,3.888385269121813,0.038160101529856244,0.04773695352200061,0.24697331696725122,0.2676506888456911,0.038160101529856244,0.04773695352200061,0.9870588871380849,1.0,0.14937594707597823,0.18408608021840006,0.0,0.0,0.0005594215104179578,0.0,
804bfe1825b8ebeb504992362f805708649c43065544fed21071f1acc47752a4,mlb,hits_plus_runs_plus_RBI>=6,hits>=1 & hits_plus_runs_plus_RBI>=3 & hits_plus_runs_plus_RBI>=5,3,EMPIRICAL_CANDIDATE,2,"[{""explanation"": ""No proof from configured rules"", ""proven"": false, ""rule_version"": ""mlb-official-batting-v1""}, {""explanation"": ""Threshold monotonicity"", ""proven"": true, ""rule_version"": ""mlb-official-batting-v1""}, {""explanation"": ""Threshold monotonicity"", ""proven"": true, ""rule_version"": ""mlb-official-batting-v1""}]",6863,293,554,293,0,0.042692699985429114,0.08072271601340522,0.042692699985429114,1.0,0.5288808664259927,12.388086642599276,12.388086642599276,0.038160101529856244,0.04773695352200061,0.07450996230136143,0.08740457518843243,0.038160101529856244,0.04773695352200061,0.9870588871380849,1.0,0.4872589411524233,0.5701050275774191,0.0,0.0,0.0005594215104179578,0.0,
81ffe99860da556ee43566e5650d20e7767c9152cc9c678bfaddc5dc57d1836e,mlb,hits_plus_runs_plus_RBI>=6,hits_plus_runs_plus_RBI>=4 & total_bases>=1 & total_bases>=2,3,EMPIRICAL_CANDIDATE,1,"[{""explanation"": ""Threshold monotonicity"", ""proven"": true, ""rule_version"": ""mlb-official-batting-v1""}, {""explanation"": ""No proof from configured rules"", ""proven"": false, ""rule_version"": ""mlb-official-batting-v1""}, {""explanation"": ""No proof from configured rules"", ""proven"": false, ""rule_version"": ""mlb-official-batting-v1""}]",6863,293,987,293,0,0.042692699985429114,0.14381465831269125,0.042692699985429114,1.0,0.2968591691995947,6.9533941236068895,6.9533941236068895,0.038160101529856244,0.04773695352200061,0.13571196481444647,0.1523158672946069,0.038160101529856244,0.04773695352200061,0.9870588871380849,1.0,0.2691884512572625,0.3261050274015,0.0,0.0,0.0005594215104179578,0.0,
8268b5e011c582825e9423ef15261d5f2811d2541a903248e3b40d03ecb75a7e,mlb,hits_plus_runs_plus_RBI>=6,hits_plus_runs_plus_RBI>=1 & hits_plus_runs_plus_RBI>=4 & total_bases>=1,3,EMPIRICAL_CANDIDATE,2,"[{""explanation"": ""Threshold monotonicity"", ""proven"": true, ""rule_version"": ""mlb-official-batting-v1""}, {""explanation"": ""Threshold monotonicity"", ""proven"": true, ""rule_version"": ""mlb-official-batting-v1""}, {""explanation"": ""No proof from configured rules"", ""proven"": false, ""rule_version"": ""mlb-official-batting-v1""}]",6863,293,1017,293,0,0.042692699985429114,0.14818592452280344,0.042692699985429114,1.0,0.288102261553589,6.748279252704031,6.748279252704031,0.038160101529856244,0.04773695352200061,0.13997721764333465,0.1567882561252517,0.038160101529856244,0.04773695352200061,0.9870588871380849,1.0,0.26110699347392485,0.31669228546807293,0.0,0.0,0.0005594215104179578,0.0,
82a7cbfd025715ce4c366ba9bb76f1ab5ae896129945083661526ec23c12e349,mlb,hits_plus_runs_plus_RBI>=6,hits_plus_runs_plus_RBI>=1 & total_bases>=2,2,EMPIRICAL_CANDIDATE,1,"[{""explanation"": ""Threshold monotonicity"", ""proven"": true, ""rule_version"": ""mlb-official-batting-v1""}, {""explanation"": ""No proof from configured rules"", ""proven"": false, ""rule_version"": ""mlb-official-batting-v1""}]",6863,293,2181,293,0,0.042692699985429114,0.3177910534751566,0.042692699985429114,1.0,0.13434204493351673,3.1467216872994044,3.146721687299404,0.038160101529856244,0.04773695352200061,0.3068796786974051,0.3289062914610614,0.038160101529856244,0.04773695352200061,0.9870588871380849,1.0,0.12067112900532849,0.14929878411553982,0.0,0.0,0.0005594215104179578,0.0,
871b63a017c86b151790da03dd1768e1c3fba70e19a1cd4f345bcc371234ff57,mlb,hits_plus_runs_plus_RBI>=6,total_bases>=1,1,EMPIRICAL_CANDIDATE,0,"[{""explanation"": ""No proof from configured rules"", ""proven"": false, ""rule_version"": ""mlb-official-batting-v1""}]",6863,293,3819,293,0,0.042692699985429114,0.5564621885472826,0.042692699985429114,1.0,0.07672165488347735,1.79706729510343,1.79706729510343,0.038160101529856244,0.04773695352200061,0.5446801576520175,0.5681810471169504,0.038160101529856244,0.04773695352200061,0.9870588871380849,1.0,0.06869943121130159,0.08559455800442012,0.0,0.0,0.0005594215104179578,0.0,
8a4d14f21df3ff9998bc31bd5c3278f00ab4ab84fcaa66aecbc472623c4600fe,mlb,hits_plus_runs_plus_RBI>=6,hits_plus_runs_plus_RBI>=2 & hits_plus_runs_plus_RBI>=5 & total_bases>=2,3,EMPIRICAL_CANDIDATE,2,"[{""explanation"": ""Threshold monotonicity"", ""proven"": true, ""rule_version"": ""mlb-official-batting-v1""}, {""explanation"": ""Threshold monotonicity"", ""proven"": true, ""rule_version"": ""mlb-official-batting-v1""}, {""explanation"": ""No proof from configured rules"", ""proven"": false, ""rule_version"": ""mlb-official-batting-v1""}]",6863,293,549,293,0,0.042692699985429114,0.07999417164505318,0.042692699985429114,1.0,0.5336976320582878,12.500910746812385,12.500910746812387,0.038160101529856244,0.04773695352200061,0.07380839283435443,0.08664987104551726,0.038160101529856244,0.04773695352200061,0.9870588871380849,1.0,0.49187853754365457,0.5750484257107429,0.0,0.0,0.0005594215104179578,0.0,
904070929bfa36ad2486d720d60fbdd030428fa576e9c4e41e9e562c990fa8b8,mlb,hits_plus_runs_plus_RBI>=6,hits_plus_runs_plus_RBI>=1 & total_bases>=1,2,EMPIRICAL_CANDIDATE,1,"[{""explanation"": ""Threshold monotonicity"", ""proven"": true, ""rule_version"": ""mlb-official-batting-v1""}, {""explanation"": ""No proof from configured rules"", ""proven"": false, ""rule_version"": ""mlb-official-batting-v1""}]",6863,293,3819,293,0,0.042692699985429114,0.5564621885472826,0.042692699985429114,1.0,0.07672165488347735,1.79706729510343,1.79706729510343,0.038160101529856244,0.04773695352200061,0.5446801576520175,0.5681810471169504,0.038160101529856244,0.04773695352200061,0.9870588871380849,1.0,0.06869943121130159,0.08559455800442012,0.0,0.0,0.0005594215104179578,0.0,
934630b44615f64d86283ee46a808f7f4b521966542840c8f697ecd5c21f846c,mlb,hits_plus_runs_plus_RBI>=6,hits_plus_runs_plus_RBI>=1 & hits_plus_runs_plus_RBI>=3 & total_bases>=2,3,EMPIRICAL_CANDIDATE,2,"[{""explanation"": ""Threshold monotonicity"", ""proven"": true, ""rule_version"": ""mlb-official-batting-v1""}, {""explanation"": ""Threshold monotonicity"", ""proven"": true, ""rule_version"": ""mlb-official-batting-v1""}, {""explanation"": ""No proof from configured rules"", ""proven"": false, ""rule_version"": ""mlb-official-batting-v1""}]",6863,293,1592,293,0,0.042692699985429114,0.2319685268832872,0.042692699985429114,1.0,0.18404522613065327,4.310929648241206,4.310929648241206,0.038160101529856244,0.04773695352200061,0.22213405499782432,0.24210288391181103,0.038160101529856244,0.04773695352200061,0.9870588871380849,1.0,0.16577766879839728,0.2038338960349786,0.0,0.0,0.0005594215104179578,0.0,
95f63db63bbe46865dcd34b736031a6e175e8dc28a8fe66cd7fc67d27e90a607,mlb,hits_plus_runs_plus_RBI>=6,hits_plus_runs_plus_RBI>=1 & hits_plus_runs_plus_RBI>=5 & total_bases>=1,3,EMPIRICAL_CANDIDATE,2,"[{""explanation"": ""Threshold monotonicity"", ""proven"": true, ""rule_version"": ""mlb-official-batting-v1""}, {""explanation"": ""Threshold monotonicity"", ""proven"": true, ""rule_version"": ""mlb-official-batting-v1""}, {""explanation"": ""No proof from configured rules"", ""proven"": false, ""rule_version"": ""mlb-official-batting-v1""}]",6863,293,554,293,0,0.042692699985429114,0.08072271601340522,0.042692699985429114,1.0,0.5288808664259927,12.388086642599276,12.388086642599276,0.038160101529856244,0.04773695352200061,0.07450996230136143,0.08740457518843243,0.038160101529856244,0.04773695352200061,0.9870588871380849,1.0,0.4872589411524233,0.5701050275774191,0.0,0.0,0.0005594215104179578,0.0,
999bb77e3adbc9c3b38aa42fbafdf71448c735107302526548f035cbe26f1d51,mlb,hits_plus_runs_plus_RBI>=6,hits_plus_runs_plus_RBI>=3 & hits_plus_runs_plus_RBI>=4 & total_bases>=2,3,EMPIRICAL_CANDIDATE,2,"[{""explanation"": ""Threshold monotonicity"", ""proven"": true, ""rule_version"": ""mlb-official-batting-v1""}, {""explanation"": ""Threshold monotonicity"", ""proven"": true, ""rule_version"": ""mlb-official-batting-v1""}, {""explanation"": ""No proof from configured rules"", ""proven"": false, ""rule_version"": ""mlb-official-batting-v1""}]",6863,293,987,293,0,0.042692699985429114,0.14381465831269125,0.042692699985429114,1.0,0.2968591691995947,6.9533941236068895,6.9533941236068895,0.038160101529856244,0.04773695352200061,0.13571196481444647,0.1523158672946069,0.038160101529856244,0.04773695352200061,0.9870588871380849,1.0,0.2691884512572625,0.3261050274015,0.0,0.0,0.0005594215104179578,0.0,
a1c3c3aed400fca1a0c7633ddae3d123f7a58c3e015af04e401c7f2853e97243,mlb,hits_plus_runs_plus_RBI>=6,hits>=1 & hits_plus_runs_plus_RBI>=1 & hits_plus_runs_plus_RBI>=4,3,EMPIRICAL_CANDIDATE,2,"[{""explanation"": ""No proof from configured rules"", ""proven"": false, ""rule_version"": ""mlb-official-batting-v1""}, {""explanation"": ""Threshold monotonicity"", ""proven"": true, ""rule_version"": ""mlb-official-batting-v1""}, {""explanation"": ""Threshold monotonicity"", ""proven"": true, ""rule_version"": ""mlb-official-batting-v1""}]",6863,293,1017,293,0,0.042692699985429114,0.14818592452280344,0.042692699985429114,1.0,0.288102261553589,6.748279252704031,6.748279252704031,0.038160101529856244,0.04773695352200061,0.13997721764333465,0.1567882561252517,0.038160101529856244,0.04773695352200061,0.9870588871380849,1.0,0.26110699347392485,0.31669228546807293,0.0,0.0,0.0005594215104179578,0.0,
a224f78c668427a47e42a23d27f040bff23142f2d6ab5ee42decac964274c47d,mlb,hits_plus_runs_plus_RBI>=6,hits_plus_runs_plus_RBI>=3 & hits_plus_runs_plus_RBI>=5 & total_bases>=2,3,EMPIRICAL_CANDIDATE,2,"[{""explanation"": ""Threshold monotonicity"", ""proven"": true, ""rule_version"": ""mlb-official-batting-v1""}, {""explanation"": ""Threshold monotonicity"", ""proven"": true, ""rule_version"": ""mlb-official-batting-v1""}, {""explanation"": ""No proof from configured rules"", ""proven"": false, ""rule_version"": ""mlb-official-batting-v1""}]",6863,293,549,293,0,0.042692699985429114,0.07999417164505318,0.042692699985429114,1.0,0.5336976320582878,12.500910746812385,12.500910746812387,0.038160101529856244,0.04773695352200061,0.07380839283435443,0.08664987104551726,0.038160101529856244,0.04773695352200061,0.9870588871380849,1.0,0.49187853754365457,0.5750484257107429,0.0,0.0,0.0005594215104179578,0.0,
a72a0eeb21c03b00bca4e08fc586f09cb41a1b513af6e29bd5ee3e38aabbdddf,mlb,hits_plus_runs_plus_RBI>=6,hits_plus_runs_plus_RBI>=1 & hits_plus_runs_plus_RBI>=4 & total_bases>=2,3,EMPIRICAL_CANDIDATE,2,"[{""explanation"": ""Threshold monotonicity"", ""proven"": true, ""rule_version"": ""mlb-official-batting-v1""}, {""explanation"": ""Threshold monotonicity"", ""proven"": true, ""rule_version"": ""mlb-official-batting-v1""}, {""explanation"": ""No proof from configured rules"", ""proven"": false, ""rule_version"": ""mlb-official-batting-v1""}]",6863,293,987,293,0,0.042692699985429114,0.14381465831269125,0.042692699985429114,1.0,0.2968591691995947,6.9533941236068895,6.9533941236068895,0.038160101529856244,0.04773695352200061,0.13571196481444647,0.1523158672946069,0.038160101529856244,0.04773695352200061,0.9870588871380849,1.0,0.2691884512572625,0.3261050274015,0.0,0.0,0.0005594215104179578,0.0,
b1c662ba0184db07ac7071ec08aedf24d4ddd51c29de6e714d35d02b48dfffc9,mlb,hits_plus_runs_plus_RBI>=6,hits_plus_runs_plus_RBI>=4 & hits_plus_runs_plus_RBI>=5 & total_bases>=1,3,EMPIRICAL_CANDIDATE,2,"[{""explanation"": ""Threshold monotonicity"", ""proven"": true, ""rule_version"": ""mlb-official-batting-v1""}, {""explanation"": ""Threshold monotonicity"", ""proven"": true, ""rule_version"": ""mlb-official-batting-v1""}, {""explanation"": ""No proof from configured rules"", ""proven"": false, ""rule_version"": ""mlb-official-batting-v1""}]",6863,293,554,293,0,0.042692699985429114,0.08072271601340522,0.042692699985429114,1.0,0.5288808664259927,12.388086642599276,12.388086642599276,0.038160101529856244,0.04773695352200061,0.07450996230136143,0.08740457518843243,0.038160101529856244,0.04773695352200061,0.9870588871380849,1.0,0.4872589411524233,0.5701050275774191,0.0,0.0,0.0005594215104179578,0.0,
b57da6d1ae4543ea3922d6e28651db979c52ea1db7c721a23db12236d3f45e02,mlb,hits_plus_runs_plus_RBI>=6,hits>=1 & total_bases>=2,2,EMPIRICAL_CANDIDATE,0,"[{""explanation"": ""No proof from configured rules"", ""proven"": false, ""rule_version"": ""mlb-official-batting-v1""}, {""explanation"": ""No proof from configured rules"", ""proven"": false, ""rule_version"": ""mlb-official-batting-v1""}]",6863,293,2181,293,0,0.042692699985429114,0.3177910534751566,0.042692699985429114,1.0,0.13434204493351673,3.1467216872994044,3.146721687299404,0.038160101529856244,0.04773695352200061,0.3068796786974051,0.3289062914610614,0.038160101529856244,0.04773695352200061,0.9870588871380849,1.0,0.12067112900532849,0.14929878411553982,0.0,0.0,0.0005594215104179578,0.0,
b8b311592c3d03ec5afd3b697b815f4e2601cfcec66c9ddff0d68b043fa62135,mlb,hits_plus_runs_plus_RBI>=6,hits>=1 & hits_plus_runs_plus_RBI>=5 & total_bases>=2,3,EMPIRICAL_CANDIDATE,1,"[{""explanation"": ""No proof from configured rules"", ""proven"": false, ""rule_version"": ""mlb-official-batting-v1""}, {""explanation"": ""Threshold monotonicity"", ""proven"": true, ""rule_version"": ""mlb-official-batting-v1""}, {""explanation"": ""No proof from configured rules"", ""proven"": false, ""rule_version"": ""mlb-official-batting-v1""}]",6863,293,549,293,0,0.042692699985429114,0.07999417164505318,0.042692699985429114,1.0,0.5336976320582878,12.500910746812385,12.500910746812387,0.038160101529856244,0.04773695352200061,0.07380839283435443,0.08664987104551726,0.038160101529856244,0.04773695352200061,0.9870588871380849,1.0,0.49187853754365457,0.5750484257107429,0.0,0.0,0.0005594215104179578,0.0,
bd9898ed864950689fb396e162b12a6cc4dfacdb0aee5a0a5c339271d8b9fdeb,mlb,hits_plus_runs_plus_RBI>=6,hits_plus_runs_plus_RBI>=2 & total_bases>=2,2,EMPIRICAL_CANDIDATE,1,"[{""explanation"": ""Threshold monotonicity"", ""proven"": true, ""rule_version"": ""mlb-official-batting-v1""}, {""explanation"": ""No proof from configured rules"", ""proven"": false, ""rule_version"": ""mlb-official-batting-v1""}]",6863,293,2010,293,0,0.042692699985429114,0.29287483607751713,0.042692699985429114,1.0,0.14577114427860696,3.414427860696517,3.4144278606965175,0.038160101529856244,0.04773695352200061,0.28222645280215375,0.30375495989697465,0.038160101529856244,0.04773695352200061,0.9870588871380849,1.0,0.13102006354857593,0.16187362787741416,0.0,0.0,0.0005594215104179578,0.0,
bf468debaac2506301f8e743064b3e0b8fab6751897d4e9138736e1a062ba4b7,mlb,hits_plus_runs_plus_RBI>=6,hits_plus_runs_plus_RBI>=4 & total_bases>=1,2,EMPIRICAL_CANDIDATE,1,"[{""explanation"": ""Threshold monotonicity"", ""proven"": true, ""rule_version"": ""mlb-official-batting-v1""}, {""explanation"": ""No proof from configured rules"", ""proven"": false, ""rule_version"": ""mlb-official-batting-v1""}]",6863,293,1017,293,0,0.042692699985429114,0.14818592452280344,0.042692699985429114,1.0,0.288102261553589,6.748279252704031,6.748279252704031,0.038160101529856244,0.04773695352200061,0.13997721764333465,0.1567882561252517,0.038160101529856244,0.04773695352200061,0.9870588871380849,1.0,0.26110699347392485,0.31669228546807293,0.0,0.0,0.0005594215104179578,0.0,
c82aedad80674cc3048bf3f5345a206813ffd9f4328a84e22651bad2e1d9f57f,mlb,hits_plus_runs_plus_RBI>=6,hits_plus_runs_plus_RBI>=1 & hits_plus_runs_plus_RBI>=3 & total_bases>=1,3,EMPIRICAL_CANDIDATE,2,"[{""explanation"": ""Threshold monotonicity"", ""proven"": true, ""rule_version"": ""mlb-official-batting-v1""}, {""explanation"": ""Threshold monotonicity"", ""proven"": true, ""rule_version"": ""mlb-official-batting-v1""}, {""explanation"": ""No proof from configured rules"", ""proven"": false, ""rule_version"": ""mlb-official-batting-v1""}]",6863,293,1765,293,0,0.042692699985429114,0.25717616202826754,0.042692699985429114,1.0,0.1660056657223796,3.8883852691218124,3.888385269121813,0.038160101529856244,0.04773695352200061,0.24697331696725122,0.2676506888456911,0.038160101529856244,0.04773695352200061,0.9870588871380849,1.0,0.14937594707597823,0.18408608021840006,0.0,0.0,0.0005594215104179578,0.0,
c878d29699b07e5158416a75d67d07aa12ad4d91eedcc538b8d2ae8f421a66db,mlb,hits_plus_runs_plus_RBI>=6,hits_plus_runs_plus_RBI>=2 & hits_plus_runs_plus_RBI>=3 & total_bases>=2,3,EMPIRICAL_CANDIDATE,2,"[{""explanation"": ""Threshold monotonicity"", ""proven"": true, ""rule_version"": ""mlb-official-batting-v1""}, {""explanation"": ""Threshold monotonicity"", ""proven"": true, ""rule_version"": ""mlb-official-batting-v1""}, {""explanation"": ""No proof from configured rules"", ""proven"": false, ""rule_version"": ""mlb-official-batting-v1""}]",6863,293,1592,293,0,0.042692699985429114,0.2319685268832872,0.042692699985429114,1.0,0.18404522613065327,4.310929648241206,4.310929648241206,0.038160101529856244,0.04773695352200061,0.22213405499782432,0.24210288391181103,0.038160101529856244,0.04773695352200061,0.9870588871380849,1.0,0.16577766879839728,0.2038338960349786,0.0,0.0,0.0005594215104179578,0.0,
cabdf5793ffb16c2779a6605d0e974a87a550a18be0d3dd2b14710047c06ba0f,mlb,hits_plus_runs_plus_RBI>=6,hits_plus_runs_plus_RBI>=1 & hits_plus_runs_plus_RBI>=2 & total_bases>=2,3,EMPIRICAL_CANDIDATE,2,"[{""explanation"": ""Threshold monotonicity"", ""proven"": true, ""rule_version"": ""mlb-official-batting-v1""}, {""explanation"": ""Threshold monotonicity"", ""proven"": true, ""rule_version"": ""mlb-official-batting-v1""}, {""explanation"": ""No proof from configured rules"", ""proven"": false, ""rule_version"": ""mlb-official-batting-v1""}]",6863,293,2010,293,0,0.042692699985429114,0.29287483607751713,0.042692699985429114,1.0,0.14577114427860696,3.414427860696517,3.4144278606965175,0.038160101529856244,0.04773695352200061,0.28222645280215375,0.30375495989697465,0.038160101529856244,0.04773695352200061,0.9870588871380849,1.0,0.13102006354857593,0.16187362787741416,0.0,0.0,0.0005594215104179578,0.0,
d154e144720d29196f855b2d1695ceaf8671d148e94d50268537da8a27a4ea16,mlb,hits_plus_runs_plus_RBI>=6,hits_plus_runs_plus_RBI>=3 & hits_plus_runs_plus_RBI>=5 & total_bases>=1,3,EMPIRICAL_CANDIDATE,2,"[{""explanation"": ""Threshold monotonicity"", ""proven"": true, ""rule_version"": ""mlb-official-batting-v1""}, {""explanation"": ""Threshold monotonicity"", ""proven"": true, ""rule_version"": ""mlb-official-batting-v1""}, {""explanation"": ""No proof from configured rules"", ""proven"": false, ""rule_version"": ""mlb-official-batting-v1""}]",6863,293,554,293,0,0.042692699985429114,0.08072271601340522,0.042692699985429114,1.0,0.5288808664259927,12.388086642599276,12.388086642599276,0.038160101529856244,0.04773695352200061,0.07450996230136143,0.08740457518843243,0.038160101529856244,0.04773695352200061,0.9870588871380849,1.0,0.4872589411524233,0.5701050275774191,0.0,0.0,0.0005594215104179578,0.0,
e313ba5ff0a2193cd7edbdf9a88a930dad20811ffa759cb3db9ac03da0cc5fd1,mlb,hits_plus_runs_plus_RBI>=6,hits_plus_runs_plus_RBI>=5 & total_bases>=1 & total_bases>=2,3,EMPIRICAL_CANDIDATE,1,"[{""explanation"": ""Threshold monotonicity"", ""proven"": true, ""rule_version"": ""mlb-official-batting-v1""}, {""explanation"": ""No proof from configured rules"", ""proven"": false, ""rule_version"": ""mlb-official-batting-v1""}, {""explanation"": ""No proof from configured rules"", ""proven"": false, ""rule_version"": ""mlb-official-batting-v1""}]",6863,293,549,293,0,0.042692699985429114,0.07999417164505318,0.042692699985429114,1.0,0.5336976320582878,12.500910746812385,12.500910746812387,0.038160101529856244,0.04773695352200061,0.07380839283435443,0.08664987104551726,0.038160101529856244,0.04773695352200061,0.9870588871380849,1.0,0.49187853754365457,0.5750484257107429,0.0,0.0,0.0005594215104179578,0.0,
e3ca58afe3f17f56c9ec44afdc664c3b26216490ceb54cd3ee3248341d48fc3f,mlb,hits_plus_runs_plus_RBI>=6,hits_plus_runs_plus_RBI>=1 & total_bases>=1 & total_bases>=2,3,EMPIRICAL_CANDIDATE,1,"[{""explanation"": ""Threshold monotonicity"", ""proven"": true, ""rule_version"": ""mlb-official-batting-v1""}, {""explanation"": ""No proof from configured rules"", ""proven"": false, ""rule_version"": ""mlb-official-batting-v1""}, {""explanation"": ""No proof from configured rules"", ""proven"": false, ""rule_version"": ""mlb-official-batting-v1""}]",6863,293,2181,293,0,0.042692699985429114,0.3177910534751566,0.042692699985429114,1.0,0.13434204493351673,3.1467216872994044,3.146721687299404,0.038160101529856244,0.04773695352200061,0.3068796786974051,0.3289062914610614,0.038160101529856244,0.04773695352200061,0.9870588871380849,1.0,0.12067112900532849,0.14929878411553982,0.0,0.0,0.0005594215104179578,0.0,
e645703b13c6baada2c6f4c72e75d409c374d54f33f6ba5feb65fe46c2ec74a1,mlb,hits_plus_runs_plus_RBI>=6,hits>=1 & hits_plus_runs_plus_RBI>=4 & total_bases>=2,3,EMPIRICAL_CANDIDATE,1,"[{""explanation"": ""No proof from configured rules"", ""proven"": false, ""rule_version"": ""mlb-official-batting-v1""}, {""explanation"": ""Threshold monotonicity"", ""proven"": true, ""rule_version"": ""mlb-official-batting-v1""}, {""explanation"": ""No proof from configured rules"", ""proven"": false, ""rule_version"": ""mlb-official-batting-v1""}]",6863,293,987,293,0,0.042692699985429114,0.14381465831269125,0.042692699985429114,1.0,0.2968591691995947,6.9533941236068895,6.9533941236068895,0.038160101529856244,0.04773695352200061,0.13571196481444647,0.1523158672946069,0.038160101529856244,0.04773695352200061,0.9870588871380849,1.0,0.2691884512572625,0.3261050274015,0.0,0.0,0.0005594215104179578,0.0,
ec7a99ec695b621f9d64231224fcec637cf9b6b0a98f7d13527e1ae3b300ed29,mlb,hits_plus_runs_plus_RBI>=6,hits_plus_runs_plus_RBI>=3 & total_bases>=1,2,EMPIRICAL_CANDIDATE,1,"[{""explanation"": ""Threshold monotonicity"", ""proven"": true, ""rule_version"": ""mlb-official-batting-v1""}, {""explanation"": ""No proof from configured rules"", ""proven"": false, ""rule_version"": ""mlb-official-batting-v1""}]",6863,293,1765,293,0,0.042692699985429114,0.25717616202826754,0.042692699985429114,1.0,0.1660056657223796,3.8883852691218124,3.888385269121813,0.038160101529856244,0.04773695352200061,0.24697331696725122,0.2676506888456911,0.038160101529856244,0.04773695352200061,0.9870588871380849,1.0,0.14937594707597823,0.18408608021840006,0.0,0.0,0.0005594215104179578,0.0,
ede49939325ba7cea9d1f6cbaac46d75ab2cb74333dc6a654fedbd4e37ab4543,mlb,hits_plus_runs_plus_RBI>=6,hits>=1 & hits_plus_runs_plus_RBI>=1,2,EMPIRICAL_CANDIDATE,1,"[{""explanation"": ""No proof from configured rules"", ""proven"": false, ""rule_version"": ""mlb-official-batting-v1""}, {""explanation"": ""Threshold monotonicity"", ""proven"": true, ""rule_version"": ""mlb-official-batting-v1""}]",6863,293,3819,293,0,0.042692699985429114,0.5564621885472826,0.042692699985429114,1.0,0.07672165488347735,1.79706729510343,1.79706729510343,0.038160101529856244,0.04773695352200061,0.5446801576520175,0.5681810471169504,0.038160101529856244,0.04773695352200061,0.9870588871380849,1.0,0.06869943121130159,0.08559455800442012,0.0,0.0,0.0005594215104179578,0.0,
f6fbe791ba2861537ef80ff7da3f0d637673688b53898d8573ebb40a3cccd26e,mlb,hits_plus_runs_plus_RBI>=6,hits>=1 & hits_plus_runs_plus_RBI>=1 & hits_plus_runs_plus_RBI>=3,3,EMPIRICAL_CANDIDATE,2,"[{""explanation"": ""No proof from configured rules"", ""proven"": false, ""rule_version"": ""mlb-official-batting-v1""}, {""explanation"": ""Threshold monotonicity"", ""proven"": true, ""rule_version"": ""mlb-official-batting-v1""}, {""explanation"": ""Threshold monotonicity"", ""proven"": true, ""rule_version"": ""mlb-official-batting-v1""}]",6863,293,1765,293,0,0.042692699985429114,0.25717616202826754,0.042692699985429114,1.0,0.1660056657223796,3.8883852691218124,3.888385269121813,0.038160101529856244,0.04773695352200061,0.24697331696725122,0.2676506888456911,0.038160101529856244,0.04773695352200061,0.9870588871380849,1.0,0.14937594707597823,0.18408608021840006,0.0,0.0,0.0005594215104179578,0.0,
f8574eeede163aca2147981acda75322e28006f9f4129e606913c29d60b12f5f,mlb,hits_plus_runs_plus_RBI>=6,hits_plus_runs_plus_RBI>=3 & total_bases>=1 & total_bases>=2,3,EMPIRICAL_CANDIDATE,1,"[{""explanation"": ""Threshold monotonicity"", ""proven"": true, ""rule_version"": ""mlb-official-batting-v1""}, {""explanation"": ""No proof from configured rules"", ""proven"": false, ""rule_version"": ""mlb-official-batting-v1""}, {""explanation"": ""No proof from configured rules"", ""proven"": false, ""rule_version"": ""mlb-official-batting-v1""}]",6863,293,1592,293,0,0.042692699985429114,0.2319685268832872,0.042692699985429114,1.0,0.18404522613065327,4.310929648241206,4.310929648241206,0.038160101529856244,0.04773695352200061,0.22213405499782432,0.24210288391181103,0.038160101529856244,0.04773695352200061,0.9870588871380849,1.0,0.16577766879839728,0.2038338960349786,0.0,0.0,0.0005594215104179578,0.0,
05472ede3109054316cffdeea46ec9fab4630c1cf74a79bbfe0e73ade420f21f,mlb,RBI>=2,RBI>=1 & hits_plus_runs_plus_RBI>=1 & hits_plus_runs_plus_RBI>=3,3,EMPIRICAL_CANDIDATE,2,"[{""explanation"": ""Threshold monotonicity"", ""proven"": true, ""rule_version"": ""mlb-official-batting-v1""}, {""explanation"": ""HRR includes nonnegative RBI"", ""proven"": true, ""rule_version"": ""mlb-official-batting-v1""}, {""explanation"": ""No proof from configured rules"", ""proven"": false, ""rule_version"": ""mlb-official-batting-v1""}]",6863,593,1319,590,3,0.08640536208655107,0.1921900043712662,0.08596823546553985,0.9949409780775716,0.4473085670962851,5.176861207389215,5.176861207389215,0.07998737687584612,0.09328609477134064,0.18304117406203216,0.20168322574585298,0.07956572218469093,0.09283398529654252,0.9852327497658682,0.9982780156555888,0.420667043662289,0.47425611657497946,0.0004371266210112196,0.00014867338348539707,0.00128451229288586,0.00505902192242833,
11c032c3742cf99ac711ff2876cb296403ff7d708a938a5f6991204333b4e59b,mlb,RBI>=2,hits_plus_runs_plus_RBI>=1 & hits_plus_runs_plus_RBI>=2 & hits_plus_runs_plus_RBI>=3,3,EMPIRICAL_CANDIDATE,2,"[{""explanation"": ""HRR includes nonnegative RBI"", ""proven"": true, ""rule_version"": ""mlb-official-batting-v1""}, {""explanation"": ""HRR includes nonnegative RBI"", ""proven"": true, ""rule_version"": ""mlb-official-batting-v1""}, {""explanation"": ""No proof from configured rules"", ""proven"": false, ""rule_version"": ""mlb-official-batting-v1""}]",6863,593,1770,590,3,0.08640536208655107,0.25790470639661955,0.08596823546553985,0.9949409780775716,0.3333333333333333,3.85778527262507,3.8577852726250703,0.07998737687584612,0.09328609477134064,0.24769190548167133,0.26838837394119314,0.07956572218469093,0.09283398529654252,0.9852327497658682,0.9982780156555888,0.3117539366295101,0.3556346019198985,0.0004371266210112196,0.00014867338348539707,0.00128451229288586,0.00505902192242833,
1d7247f99413b5a9faecb547f37bed1b3dea7507b3bb5d8399ac3e080b7ac7d0,mlb,RBI>=2,hits_plus_runs_plus_RBI>=1 & hits_plus_runs_plus_RBI>=3,2,EMPIRICAL_CANDIDATE,1,"[{""explanation"": ""HRR includes nonnegative RBI"", ""proven"": true, ""rule_version"": ""mlb-official-batting-v1""}, {""explanation"": ""No proof from configured rules"", ""proven"": false, ""rule_version"": ""mlb-official-batting-v1""}]",6863,593,1770,590,3,0.08640536208655107,0.25790470639661955,0.08596823546553985,0.9949409780775716,0.3333333333333333,3.85778527262507,3.8577852726250703,0.07998737687584612,0.09328609477134064,0.24769190548167133,0.26838837394119314,0.07956572218469093,0.09283398529654252,0.9852327497658682,0.9982780156555888,0.3117539366295101,0.3556346019198985,0.0004371266210112196,0.00014867338348539707,0.00128451229288586,0.00505902192242833,
60e744763636c139a7a777e48af109d80f524b2e8529ee5aef548de8a5252a39,mlb,RBI>=2,hits_plus_runs_plus_RBI>=2 & hits_plus_runs_plus_RBI>=3,2,EMPIRICAL_CANDIDATE,1,"[{""explanation"": ""HRR includes nonnegative RBI"", ""proven"": true, ""rule_version"": ""mlb-official-batting-v1""}, {""explanation"": ""No proof from configured rules"", ""proven"": false, ""rule_version"": ""mlb-official-batting-v1""}]",6863,593,1770,590,3,0.08640536208655107,0.25790470639661955,0.08596823546553985,0.9949409780775716,0.3333333333333333,3.85778527262507,3.8577852726250703,0.07998737687584612,0.09328609477134064,0.24769190548167133,0.26838837394119314,0.07956572218469093,0.09283398529654252,0.9852327497658682,0.9982780156555888,0.3117539366295101,0.3556346019198985,0.0004371266210112196,0.00014867338348539707,0.00128451229288586,0.00505902192242833,
8b0037a56ff78f9c365d676f8f14b80f240bcb29c5a862820cd0f1f5aecd944b,mlb,RBI>=2,hits_plus_runs_plus_RBI>=3,1,EMPIRICAL_CANDIDATE,0,"[{""explanation"": ""No proof from configured rules"", ""proven"": false, ""rule_version"": ""mlb-official-batting-v1""}]",6863,593,1770,590,3,0.08640536208655107,0.25790470639661955,0.08596823546553985,0.9949409780775716,0.3333333333333333,3.85778527262507,3.8577852726250703,0.07998737687584612,0.09328609477134064,0.24769190548167133,0.26838837394119314,0.07956572218469093,0.09283398529654252,0.9852327497658682,0.9982780156555888,0.3117539366295101,0.3556346019198985,0.0004371266210112196,0.00014867338348539707,0.00128451229288586,0.00505902192242833,
b68b0f2473bc60c0e7de6d7b36cca4cbe357c558290e4cc6fb08eb31586f7e63,mlb,RBI>=2,RBI>=1 & hits_plus_runs_plus_RBI>=2 & hits_plus_runs_plus_RBI>=3,3,EMPIRICAL_CANDIDATE,2,"[{""explanation"": ""Threshold monotonicity"", ""proven"": true, ""rule_version"": ""mlb-official-batting-v1""}, {""explanation"": ""HRR includes nonnegative RBI"", ""proven"": true, ""rule_version"": ""mlb-official-batting-v1""}, {""explanation"": ""No proof from configured rules"", ""proven"": false, ""rule_version"": ""mlb-official-batting-v1""}]",6863,593,1319,590,3,0.08640536208655107,0.1921900043712662,0.08596823546553985,0.9949409780775716,0.4473085670962851,5.176861207389215,5.176861207389215,0.07998737687584612,0.09328609477134064,0.18304117406203216,0.20168322574585298,0.07956572218469093,0.09283398529654252,0.9852327497658682,0.9982780156555888,0.420667043662289,0.47425611657497946,0.0004371266210112196,0.00014867338348539707,0.00128451229288586,0.00505902192242833,
e46179ab4f134c35ba2c91c533eee68dfa1255a802c54e2fefd02b0712af4a14,mlb,RBI>=2,RBI>=1 & hits_plus_runs_plus_RBI>=3,2,EMPIRICAL_CANDIDATE,1,"[{""explanation"": ""Threshold monotonicity"", ""proven"": true, ""rule_version"": ""mlb-official-batting-v1""}, {""explanation"": ""No proof from configured rules"", ""proven"": false, ""rule_version"": ""mlb-official-batting-v1""}]",6863,593,1319,590,3,0.08640536208655107,0.1921900043712662,0.08596823546553985,0.9949409780775716,0.4473085670962851,5.176861207389215,5.176861207389215,0.07998737687584612,0.09328609477134064,0.18304117406203216,0.20168322574585298,0.07956572218469093,0.09283398529654252,0.9852327497658682,0.9982780156555888,0.420667043662289,0.47425611657497946,0.0004371266210112196,0.00014867338348539707,0.00128451229288586,0.00505902192242833,
06789313854d556c4d0a84d65b9b4a9b64207e5294780f92fa7de013fff59528,mlb,total_bases>=3,hits>=1 & hits_plus_runs_plus_RBI>=2 & total_bases>=1,3,EMPIRICAL_CANDIDATE,2,"[{""explanation"": ""At most four TB per hit, so hits >= ceil(TB/4); HRR includes nonnegative hits"", ""proven"": true, ""rule_version"": ""mlb-official-batting-v1""}, {""explanation"": ""No proof from configured rules"", ""proven"": false, ""rule_version"": ""mlb-official-batting-v1""}, {""explanation"": ""Threshold monotonicity"", ""proven"": true, ""rule_version"": ""mlb-official-batting-v1""}]",6863,1215,2742,1205,10,0.17703628150954392,0.3995337316042547,0.17557919277283987,0.9917695473251029,0.43946024799416483,2.482317433731649,2.482317433731649,0.16818715677568946,0.18624675194581464,0.3880049429454243,0.41117492624630914,0.16676013414692334,0.1847612273547364,0.9849159513291701,0.9955232939490779,0.4209806731634291,0.4581092142248288,0.0014570887367040652,0.0007916741187593149,0.0026802946115029734,0.00823045267489712,
1ed23073bf52ffbab6038d863503332294af293e05b066d23c9f5dc9d6e531e1,mlb,total_bases>=3,hits_plus_runs_plus_RBI>=2 & total_bases>=2,2,EMPIRICAL_CANDIDATE,1,"[{""explanation"": ""No proof from configured rules"", ""proven"": false, ""rule_version"": ""mlb-official-batting-v1""}, {""explanation"": ""Threshold monotonicity"", ""proven"": true, ""rule_version"": ""mlb-official-batting-v1""}]",6863,1215,2010,1205,10,0.17703628150954392,0.29287483607751713,0.17557919277283987,0.9917695473251029,0.599502487562189,3.3863255737772047,3.3863255737772047,0.16818715677568946,0.18624675194581464,0.28222645280215375,0.30375495989697465,0.16676013414692334,0.1847612273547364,0.9849159513291701,0.9955232939490779,0.5779110002268387,0.6207143673501304,0.0014570887367040652,0.0007916741187593149,0.0026802946115029734,0.00823045267489712,
23635dc8657da3bb4646ec18c4f72e182f59646c7f395426e96d39678a31c69d,mlb,total_bases>=3,hits>=1 & hits_plus_runs_plus_RBI>=2 & total_bases>=2,3,EMPIRICAL_CANDIDATE,2,"[{""explanation"": ""At most four TB per hit, so hits >= ceil(TB/4); HRR includes nonnegative hits"", ""proven"": true, ""rule_version"": ""mlb-official-batting-v1""}, {""explanation"": ""No proof from configured rules"", ""proven"": false, ""rule_version"": ""mlb-official-batting-v1""}, {""explanation"": ""Threshold monotonicity"", ""proven"": true, ""rule_version"": ""mlb-official-batting-v1""}]",6863,1215,2010,1205,10,0.17703628150954392,0.29287483607751713,0.17557919277283987,0.9917695473251029,0.599502487562189,3.3863255737772047,3.3863255737772047,0.16818715677568946,0.18624675194581464,0.28222645280215375,0.30375495989697465,0.16676013414692334,0.1847612273547364,0.9849159513291701,0.9955232939490779,0.5779110002268387,0.6207143673501304,0.0014570887367040652,0.0007916741187593149,0.0026802946115029734,0.00823045267489712,
354645b8a12702a2c3537dd42733db358a99d60f7391dcfac408bdabf66350e7,mlb,total_bases>=3,hits_plus_runs_plus_RBI>=2,1,EMPIRICAL_CANDIDATE,0,"[{""explanation"": ""No proof from configured rules"", ""proven"": false, ""rule_version"": ""mlb-official-batting-v1""}]",6863,1215,2787,1205,10,0.17703628150954392,0.406090630919423,0.17557919277283987,0.9917695473251029,0.43236454969501253,2.4422369584830217,2.4422369584830217,0.16818715677568946,0.18624675194581464,0.394527460255928,0.4177588714251049,0.16676013414692334,0.1847612273547364,0.9849159513291701,0.9955232939490779,0.41407763112745777,0.45083766214065,0.0014570887367040652,0.0007916741187593149,0.0026802946115029734,0.00823045267489712,
3d735b2a151add57c5a610775e620b73526e99171abb00ab8d9453f9114829b3,mlb,total_bases>=3,hits>=1 & hits_plus_runs_plus_RBI>=2,2,EMPIRICAL_CANDIDATE,1,"[{""explanation"": ""At most four TB per hit, so hits >= ceil(TB/4); HRR includes nonnegative hits"", ""proven"": true, ""rule_version"": ""mlb-official-batting-v1""}, {""explanation"": ""No proof from configured rules"", ""proven"": false, ""rule_version"": ""mlb-official-batting-v1""}]",6863,1215,2742,1205,10,0.17703628150954392,0.3995337316042547,0.17557919277283987,0.9917695473251029,0.43946024799416483,2.482317433731649,2.482317433731649,0.16818715677568946,0.18624675194581464,0.3880049429454243,0.41117492624630914,0.16676013414692334,0.1847612273547364,0.9849159513291701,0.9955232939490779,0.4209806731634291,0.4581092142248288,0.0014570887367040652,0.0007916741187593149,0.0026802946115029734,0.00823045267489712,
42b4735996951d5868d3abad57f9d352ad49421eec96ea559775ece4b00ffb25,mlb,total_bases>=3,hits>=1 & hits_plus_runs_plus_RBI>=1 & hits_plus_runs_plus_RBI>=2,3,EMPIRICAL_CANDIDATE,2,"[{""explanation"": ""At most four TB per hit, so hits >= ceil(TB/4); HRR includes nonnegative hits"", ""proven"": true, ""rule_version"": ""mlb-official-batting-v1""}, {""explanation"": ""At most four TB per hit, so hits >= ceil(TB/4); HRR includes nonnegative hits"", ""proven"": true, ""rule_version"": ""mlb-official-batting-v1""}, {""explanation"": ""No proof from configured rules"", ""proven"": false, ""rule_version"": ""mlb-official-batting-v1""}]",6863,1215,2742,1205,10,0.17703628150954392,0.3995337316042547,0.17557919277283987,0.9917695473251029,0.43946024799416483,2.482317433731649,2.482317433731649,0.16818715677568946,0.18624675194581464,0.3880049429454243,0.41117492624630914,0.16676013414692334,0.1847612273547364,0.9849159513291701,0.9955232939490779,0.4209806731634291,0.4581092142248288,0.0014570887367040652,0.0007916741187593149,0.0026802946115029734,0.00823045267489712,
42f96a620e14e406ff6796069432cbeb534baa156daeee9e141123bd2fecc48b,mlb,total_bases>=3,hits_plus_runs_plus_RBI>=1 & hits_plus_runs_plus_RBI>=2 & total_bases>=1,3,EMPIRICAL_CANDIDATE,2,"[{""explanation"": ""At most four TB per hit, so hits >= ceil(TB/4); HRR includes nonnegative hits"", ""proven"": true, ""rule_version"": ""mlb-official-batting-v1""}, {""explanation"": ""No proof from configured rules"", ""proven"": false, ""rule_version"": ""mlb-official-batting-v1""}, {""explanation"": ""Threshold monotonicity"", ""proven"": true, ""rule_version"": ""mlb-official-batting-v1""}]",6863,1215,2742,1205,10,0.17703628150954392,0.3995337316042547,0.17557919277283987,0.9917695473251029,0.43946024799416483,2.482317433731649,2.482317433731649,0.16818715677568946,0.18624675194581464,0.3880049429454243,0.41117492624630914,0.16676013414692334,0.1847612273547364,0.9849159513291701,0.9955232939490779,0.4209806731634291,0.4581092142248288,0.0014570887367040652,0.0007916741187593149,0.0026802946115029734,0.00823045267489712,
4497843193be47ee9095f487bc477d0ad4d2636f267810d43372ab96f154fdfe,mlb,total_bases>=3,hits_plus_runs_plus_RBI>=2 & total_bases>=1 & total_bases>=2,3,EMPIRICAL_CANDIDATE,2,"[{""explanation"": ""No proof from configured rules"", ""proven"": false, ""rule_version"": ""mlb-official-batting-v1""}, {""explanation"": ""Threshold monotonicity"", ""proven"": true, ""rule_version"": ""mlb-official-batting-v1""}, {""explanation"": ""Threshold monotonicity"", ""proven"": true, ""rule_version"": ""mlb-official-batting-v1""}]",6863,1215,2010,1205,10,0.17703628150954392,0.29287483607751713,0.17557919277283987,0.9917695473251029,0.599502487562189,3.3863255737772047,3.3863255737772047,0.16818715677568946,0.18624675194581464,0.28222645280215375,0.30375495989697465,0.16676013414692334,0.1847612273547364,0.9849159513291701,0.9955232939490779,0.5779110002268387,0.6207143673501304,0.0014570887367040652,0.0007916741187593149,0.0026802946115029734,0.00823045267489712,
bacb6cd925b33c4e2ce2eda99680947a2329c43fc714b33941cb06b288886391,mlb,total_bases>=3,hits_plus_runs_plus_RBI>=1 & hits_plus_runs_plus_RBI>=2,2,EMPIRICAL_CANDIDATE,1,"[{""explanation"": ""At most four TB per hit, so hits >= ceil(TB/4); HRR includes nonnegative hits"", ""proven"": true, ""rule_version"": ""mlb-official-batting-v1""}, {""explanation"": ""No proof from configured rules"", ""proven"": false, ""rule_version"": ""mlb-official-batting-v1""}]",6863,1215,2787,1205,10,0.17703628150954392,0.406090630919423,0.17557919277283987,0.9917695473251029,0.43236454969501253,2.4422369584830217,2.4422369584830217,0.16818715677568946,0.18624675194581464,0.394527460255928,0.4177588714251049,0.16676013414692334,0.1847612273547364,0.9849159513291701,0.9955232939490779,0.41407763112745777,0.45083766214065,0.0014570887367040652,0.0007916741187593149,0.0026802946115029734,0.00823045267489712,
bf30a33c89f56b467e254fe898b3e169164de57596994413b778165116991ebb,mlb,total_bases>=3,hits_plus_runs_plus_RBI>=1 & hits_plus_runs_plus_RBI>=2 & total_bases>=2,3,EMPIRICAL_CANDIDATE,2,"[{""explanation"": ""At most four TB per hit, so hits >= ceil(TB/4); HRR includes nonnegative hits"", ""proven"": true, ""rule_version"": ""mlb-official-batting-v1""}, {""explanation"": ""No proof from configured rules"", ""proven"": false, ""rule_version"": ""mlb-official-batting-v1""}, {""explanation"": ""Threshold monotonicity"", ""proven"": true, ""rule_version"": ""mlb-official-batting-v1""}]",6863,1215,2010,1205,10,0.17703628150954392,0.29287483607751713,0.17557919277283987,0.9917695473251029,0.599502487562189,3.3863255737772047,3.3863255737772047,0.16818715677568946,0.18624675194581464,0.28222645280215375,0.30375495989697465,0.16676013414692334,0.1847612273547364,0.9849159513291701,0.9955232939490779,0.5779110002268387,0.6207143673501304,0.0014570887367040652,0.0007916741187593149,0.0026802946115029734,0.00823045267489712,
e177e03fc45290d88a8db7a2abc736c46701f323ff9668cb9d7f413e55fbf7b1,mlb,total_bases>=3,hits_plus_runs_plus_RBI>=2 & total_bases>=1,2,EMPIRICAL_CANDIDATE,1,"[{""explanation"": ""No proof from configured rules"", ""proven"": false, ""rule_version"": ""mlb-official-batting-v1""}, {""explanation"": ""Threshold monotonicity"", ""proven"": true, ""rule_version"": ""mlb-official-batting-v1""}]",6863,1215,2742,1205,10,0.17703628150954392,0.3995337316042547,0.17557919277283987,0.9917695473251029,0.43946024799416483,2.482317433731649,2.482317433731649,0.16818715677568946,0.18624675194581464,0.3880049429454243,0.41117492624630914,0.16676013414692334,0.1847612273547364,0.9849159513291701,0.9955232939490779,0.4209806731634291,0.4581092142248288,0.0014570887367040652,0.0007916741187593149,0.0026802946115029734,0.00823045267489712,
06980e4ee2b681684ba559c990317e246af7ec44ee7b0ace7a315573adf99175,mlb,RBI>=3,RBI>=2 & hits>=1 & hits_plus_runs_plus_RBI>=4,3,EMPIRICAL_CANDIDATE,1,"[{""explanation"": ""Threshold monotonicity"", ""proven"": true, ""rule_version"": ""mlb-official-batting-v1""}, {""explanation"": ""No proof from configured rules"", ""proven"": false, ""rule_version"": ""mlb-official-batting-v1""}, {""explanation"": ""No proof from configured rules"", ""proven"": false, ""rule_version"": ""mlb-official-batting-v1""}]",6863,198,534,198,0,0.028850356986740492,0.07780853853999709,0.028850356986740492,1.0,0.3707865168539326,12.852059925093634,12.852059925093632,0.025146139244138867,0.03308171721919684,0.07170463316807026,0.08438480988203496,0.025146139244138867,0.03308171721919684,0.9809679396733518,1.0,0.3308781359903739,0.41254067686464907,0.0,0.0,0.0005594215104179578,0.0,
08c4562b4c2019b0ef5560923963560d051e3d584b7647caef5d0b87f0c48967,mlb,RBI>=3,RBI>=1 & hits>=1 & hits_plus_runs_plus_RBI>=2,3,EMPIRICAL_CANDIDATE,2,"[{""explanation"": ""Threshold monotonicity"", ""proven"": true, ""rule_version"": ""mlb-official-batting-v1""}, {""explanation"": ""No proof from configured rules"", ""proven"": false, ""rule_version"": ""mlb-official-batting-v1""}, {""explanation"": ""HRR includes nonnegative RBI"", ""proven"": true, ""rule_version"": ""mlb-official-batting-v1""}]",6863,198,1608,198,0,0.028850356986740492,0.2342998688620137,0.028850356986740492,1.0,0.12313432835820895,4.268034825870647,4.268034825870647,0.025146139244138867,0.03308171721919684,0.22442931380413114,0.24446770065725518,0.025146139244138867,0.03308171721919684,0.9809679396733518,1.0,0.10796594878091802,0.140099055771849,0.0,0.0,0.0005594215104179578,0.0,
0d24ec68f03a5861a55c60ffc973e175501871a603a1a1cb145423dce0f2c7b6,mlb,RBI>=3,hits>=1 & hits_plus_runs_plus_RBI>=2 & hits_plus_runs_plus_RBI>=3,3,EMPIRICAL_CANDIDATE,2,"[{""explanation"": ""No proof from configured rules"", ""proven"": false, ""rule_version"": ""mlb-official-batting-v1""}, {""explanation"": ""HRR includes nonnegative RBI"", ""proven"": true, ""rule_version"": ""mlb-official-batting-v1""}, {""explanation"": ""HRR includes nonnegative RBI"", ""proven"": true, ""rule_version"": ""mlb-official-batting-v1""}]",6863,198,1765,198,0,0.028850356986740492,0.25717616202826754,0.028850356986740492,1.0,0.11218130311614731,3.888385269121813,3.888385269121813,0.025146139244138867,0.03308171721919684,0.24697331696725122,0.2676506888456911,0.025146139244138867,0.03308171721919684,0.9809679396733518,1.0,0.098292381272802,0.12775470555162874,0.0,0.0,0.0005594215104179578,0.0,
0e609d733430617af88abb8a2d8fc8a3345d3719210426983537de2252543857,mlb,RBI>=3,hits>=1 & total_bases>=1,2,EMPIRICAL_CANDIDATE,0,"[{""explanation"": ""No proof from configured rules"", ""proven"": false, ""rule_version"": ""mlb-official-batting-v1""}, {""explanation"": ""No proof from configured rules"", ""proven"": false, ""rule_version"": ""mlb-official-batting-v1""}]",6863,198,3819,198,0,0.028850356986740492,0.5564621885472826,0.028850356986740492,1.0,0.051846032992930086,1.7970672951034299,1.79706729510343,0.025146139244138867,0.03308171721919684,0.5446801576520175,0.5681810471169504,0.025146139244138867,0.03308171721919684,0.9809679396733518,1.0,0.04525362669672192,0.05933911227185694,0.0,0.0,0.0005594215104179578,0.0,
0f2559484b1dac1f9d98305c173155ec9be8d25d073da120fe51b720558e0ea2,mlb,RBI>=3,RBI>=1 & RBI>=2 & hits_plus_runs_plus_RBI>=4,3,EMPIRICAL_CANDIDATE,2,"[{""explanation"": ""Threshold monotonicity"", ""proven"": true, ""rule_version"": ""mlb-official-batting-v1""}, {""explanation"": ""Threshold monotonicity"", ""proven"": true, ""rule_version"": ""mlb-official-batting-v1""}, {""explanation"": ""No proof from configured rules"", ""proven"": false, ""rule_version"": ""mlb-official-batting-v1""}]",6863,198,534,198,0,0.028850356986740492,0.07780853853999709,0.028850356986740492,1.0,0.3707865168539326,12.852059925093634,12.852059925093632,0.025146139244138867,0.03308171721919684,0.07170463316807026,0.08438480988203496,0.025146139244138867,0.03308171721919684,0.9809679396733518,1.0,0.3308781359903739,0.41254067686464907,0.0,0.0,0.0005594215104179578,0.0,
13865acef3db5a00d8c8827b9b388dc404da71f617d69b38c5c574ec4e90e808,mlb,RBI>=3,hits_plus_runs_plus_RBI>=4,1,EMPIRICAL_CANDIDATE,0,"[{""explanation"": ""No proof from configured rules"", ""proven"": false, ""rule_version"": ""mlb-official-batting-v1""}]",6863,198,1017,198,0,0.028850356986740492,0.14818592452280344,0.028850356986740492,1.0,0.19469026548672566,6.748279252704032,6.748279252704031,0.025146139244138867,0.03308171721919684,0.13997721764333465,0.1567882561252517,0.025146139244138867,0.03308171721919684,0.9809679396733518,1.0,0.17152227851200738,0.22015603291022137,0.0,0.0,0.0005594215104179578,0.0,
14e19b381c06d380b158b695b94ccdf225469c76b8b29240fdafaef1b77f9185,mlb,RBI>=3,hits>=1 & hits_plus_runs_plus_RBI>=3,2,EMPIRICAL_CANDIDATE,1,"[{""explanation"": ""No proof from configured rules"", ""proven"": false, ""rule_version"": ""mlb-official-batting-v1""}, {""explanation"": ""HRR includes nonnegative RBI"", ""proven"": true, ""rule_version"": ""mlb-official-batting-v1""}]",6863,198,1765,198,0,0.028850356986740492,0.25717616202826754,0.028850356986740492,1.0,0.11218130311614731,3.888385269121813,3.888385269121813,0.025146139244138867,0.03308171721919684,0.24697331696725122,0.2676506888456911,0.025146139244138867,0.03308171721919684,0.9809679396733518,1.0,0.098292381272802,0.12775470555162874,0.0,0.0,0.0005594215104179578,0.0,
1a49440c3ff26b4bc6650088902d3fb3b19332742bb964913307664d6839fba3,mlb,RBI>=3,RBI>=1 & hits>=1,2,EMPIRICAL_CANDIDATE,1,"[{""explanation"": ""Threshold monotonicity"", ""proven"": true, ""rule_version"": ""mlb-official-batting-v1""}, {""explanation"": ""No proof from configured rules"", ""proven"": false, ""rule_version"": ""mlb-official-batting-v1""}]",6863,198,1608,198,0,0.028850356986740492,0.2342998688620137,0.028850356986740492,1.0,0.12313432835820895,4.268034825870647,4.268034825870647,0.025146139244138867,0.03308171721919684,0.22442931380413114,0.24446770065725518,0.025146139244138867,0.03308171721919684,0.9809679396733518,1.0,0.10796594878091802,0.140099055771849,0.0,0.0,0.0005594215104179578,0.0,
257ab618f77389f3b15c54d80d9a6325adf5175a5cbb3b45d296972c48d0605b,mlb,RBI>=3,RBI>=1 & total_bases>=1,2,EMPIRICAL_CANDIDATE,1,"[{""explanation"": ""Threshold monotonicity"", ""proven"": true, ""rule_version"": ""mlb-official-batting-v1""}, {""explanation"": ""No proof from configured rules"", ""proven"": false, ""rule_version"": ""mlb-official-batting-v1""}]",6863,198,1608,198,0,0.028850356986740492,0.2342998688620137,0.028850356986740492,1.0,0.12313432835820895,4.268034825870647,4.268034825870647,0.025146139244138867,0.03308171721919684,0.22442931380413114,0.24446770065725518,0.025146139244138867,0.03308171721919684,0.9809679396733518,1.0,0.10796594878091802,0.140099055771849,0.0,0.0,0.0005594215104179578,0.0,
262c44b2d0e4e0a8ec58a374e7c76f0e4191f3fb061fbce6543dc86ee01dc43f,mlb,RBI>=3,RBI>=2 & hits_plus_runs_plus_RBI>=4,2,EMPIRICAL_CANDIDATE,1,"[{""explanation"": ""Threshold monotonicity"", ""proven"": true, ""rule_version"": ""mlb-official-batting-v1""}, {""explanation"": ""No proof from configured rules"", ""proven"": false, ""rule_version"": ""mlb-official-batting-v1""}]",6863,198,534,198,0,0.028850356986740492,0.07780853853999709,0.028850356986740492,1.0,0.3707865168539326,12.852059925093634,12.852059925093632,0.025146139244138867,0.03308171721919684,0.07170463316807026,0.08438480988203496,0.025146139244138867,0.03308171721919684,0.9809679396733518,1.0,0.3308781359903739,0.41254067686464907,0.0,0.0,0.0005594215104179578,0.0,
279368abf740e259455db25216fc2b5f2b6f1765e3fba8032231362deb0cf1d9,mlb,RBI>=3,hits_plus_runs_plus_RBI>=2 & hits_plus_runs_plus_RBI>=4,2,EMPIRICAL_CANDIDATE,1,"[{""explanation"": ""HRR includes nonnegative RBI"", ""proven"": true, ""rule_version"": ""mlb-official-batting-v1""}, {""explanation"": ""No proof from configured rules"", ""proven"": false, ""rule_version"": ""mlb-official-batting-v1""}]",6863,198,1017,198,0,0.028850356986740492,0.14818592452280344,0.028850356986740492,1.0,0.19469026548672566,6.748279252704032,6.748279252704031,0.025146139244138867,0.03308171721919684,0.13997721764333465,0.1567882561252517,0.025146139244138867,0.03308171721919684,0.9809679396733518,1.0,0.17152227851200738,0.22015603291022137,0.0,0.0,0.0005594215104179578,0.0,
29e62c139288ad3c8e790f4a620a9f0691214646403550ca64e7ce17bdea233f,mlb,RBI>=3,total_bases>=1,1,EMPIRICAL_CANDIDATE,0,"[{""explanation"": ""No proof from configured rules"", ""proven"": false, ""rule_version"": ""mlb-official-batting-v1""}]",6863,198,3819,198,0,0.028850356986740492,0.5564621885472826,0.028850356986740492,1.0,0.051846032992930086,1.7970672951034299,1.79706729510343,0.025146139244138867,0.03308171721919684,0.5446801576520175,0.5681810471169504,0.025146139244138867,0.03308171721919684,0.9809679396733518,1.0,0.04525362669672192,0.05933911227185694,0.0,0.0,0.0005594215104179578,0.0,
2a6995964eda2f9a5a550f745e0f76d0b94dcc65696df3dcd00a476fbec2b6cf,mlb,RBI>=3,RBI>=1 & hits>=1 & hits_plus_runs_plus_RBI>=1,3,EMPIRICAL_CANDIDATE,2,"[{""explanation"": ""Threshold monotonicity"", ""proven"": true, ""rule_version"": ""mlb-official-batting-v1""}, {""explanation"": ""No proof from configured rules"", ""proven"": false, ""rule_version"": ""mlb-official-batting-v1""}, {""explanation"": ""HRR includes nonnegative RBI"", ""proven"": true, ""rule_version"": ""mlb-official-batting-v1""}]",6863,198,1608,198,0,0.028850356986740492,0.2342998688620137,0.028850356986740492,1.0,0.12313432835820895,4.268034825870647,4.268034825870647,0.025146139244138867,0.03308171721919684,0.22442931380413114,0.24446770065725518,0.025146139244138867,0.03308171721919684,0.9809679396733518,1.0,0.10796594878091802,0.140099055771849,0.0,0.0,0.0005594215104179578,0.0,
2a73483d02cee9cebca9ebd4fb958da3b758d6e5921cbec3f6a60c4684667d58,mlb,RBI>=3,hits_plus_runs_plus_RBI>=1 & hits_plus_runs_plus_RBI>=3 & hits_plus_runs_plus_RBI>=4,3,EMPIRICAL_CANDIDATE,2,"[{""explanation"": ""HRR includes nonnegative RBI"", ""proven"": true, ""rule_version"": ""mlb-official-batting-v1""}, {""explanation"": ""HRR includes nonnegative RBI"", ""proven"": true, ""rule_version"": ""mlb-official-batting-v1""}, {""explanation"": ""No proof from configured rules"", ""proven"": false, ""rule_version"": ""mlb-official-batting-v1""}]",6863,198,1017,198,0,0.028850356986740492,0.14818592452280344,0.028850356986740492,1.0,0.19469026548672566,6.748279252704032,6.748279252704031,0.025146139244138867,0.03308171721919684,0.13997721764333465,0.1567882561252517,0.025146139244138867,0.03308171721919684,0.9809679396733518,1.0,0.17152227851200738,0.22015603291022137,0.0,0.0,0.0005594215104179578,0.0,
37882534e66107e1c93e62152307dd8dc5c3645edf636b380a0c937d3cc10016,mlb,RBI>=3,RBI>=2 & hits_plus_runs_plus_RBI>=2 & hits_plus_runs_plus_RBI>=4,3,EMPIRICAL_CANDIDATE,2,"[{""explanation"": ""Threshold monotonicity"", ""proven"": true, ""rule_version"": ""mlb-official-batting-v1""}, {""explanation"": ""HRR includes nonnegative RBI"", ""proven"": true, ""rule_version"": ""mlb-official-batting-v1""}, {""explanation"": ""No proof from configured rules"", ""proven"": false, ""rule_version"": ""mlb-official-batting-v1""}]",6863,198,534,198,0,0.028850356986740492,0.07780853853999709,0.028850356986740492,1.0,0.3707865168539326,12.852059925093634,12.852059925093632,0.025146139244138867,0.03308171721919684,0.07170463316807026,0.08438480988203496,0.025146139244138867,0.03308171721919684,0.9809679396733518,1.0,0.3308781359903739,0.41254067686464907,0.0,0.0,0.0005594215104179578,0.0,
37985ddc7363d0516efe237976cd101493f12ffd6c8f13cb9eb03b54dfdf390a,mlb,RBI>=3,hits>=1 & hits_plus_runs_plus_RBI>=4,2,EMPIRICAL_CANDIDATE,0,"[{""explanation"": ""No proof from configured rules"", ""proven"": false, ""rule_version"": ""mlb-official-batting-v1""}, {""explanation"": ""No proof from configured rules"", ""proven"": false, ""rule_version"": ""mlb-official-batting-v1""}]",6863,198,1017,198,0,0.028850356986740492,0.14818592452280344,0.028850356986740492,1.0,0.19469026548672566,6.748279252704032,6.748279252704031,0.025146139244138867,0.03308171721919684,0.13997721764333465,0.1567882561252517,0.025146139244138867,0.03308171721919684,0.9809679396733518,1.0,0.17152227851200738,0.22015603291022137,0.0,0.0,0.0005594215104179578,0.0,
40e8e8fb728eef8a6a9d51b9e078ffef17d215acf9092c0e57606140801bf6dd,mlb,RBI>=3,RBI>=1 & hits>=1 & hits_plus_runs_plus_RBI>=4,3,EMPIRICAL_CANDIDATE,1,"[{""explanation"": ""Threshold monotonicity"", ""proven"": true, ""rule_version"": ""mlb-official-batting-v1""}, {""explanation"": ""No proof from configured rules"", ""proven"": false, ""rule_version"": ""mlb-official-batting-v1""}, {""explanation"": ""No proof from configured rules"", ""proven"": false, ""rule_version"": ""mlb-official-batting-v1""}]",6863,198,877,198,0,0.028850356986740492,0.1277866822089465,0.028850356986740492,1.0,0.22576966932725198,7.825541619156215,7.8255416191562155,0.025146139244138867,0.03308171721919684,0.12009585967959253,0.13589395301117316,0.025146139244138867,0.03308171721919684,0.9809679396733518,1.0,0.19932968762064163,0.25460155598364775,0.0,0.0,0.0005594215104179578,0.0,
425a43a834e0f82e74a71847ed6837200fcd3e241a77fead634292b30527a474,mlb,RBI>=3,RBI>=1 & hits>=1 & hits_plus_runs_plus_RBI>=3,3,EMPIRICAL_CANDIDATE,2,"[{""explanation"": ""Threshold monotonicity"", ""proven"": true, ""rule_version"": ""mlb-official-batting-v1""}, {""explanation"": ""No proof from configured rules"", ""proven"": false, ""rule_version"": ""mlb-official-batting-v1""}, {""explanation"": ""HRR includes nonnegative RBI"", ""proven"": true, ""rule_version"": ""mlb-official-batting-v1""}]",6863,198,1315,198,0,0.028850356986740492,0.19160716887658458,0.028850356986740492,1.0,0.1505703422053232,5.219011406844107,5.219011406844107,0.025146139244138867,0.03308171721919684,0.182469442247925,0.2010899386720224,0.025146139244138867,0.03308171721919684,0.9809679396733518,1.0,0.13226008675588902,0.17091620190751988,0.0,0.0,0.0005594215104179578,0.0,
439ee2f21e437c9924cb5dc6008ced78f8d1b95f25767ec30121f107d2182472,mlb,RBI>=3,RBI>=1 & hits_plus_runs_plus_RBI>=3 & total_bases>=1,3,EMPIRICAL_CANDIDATE,2,"[{""explanation"": ""Threshold monotonicity"", ""proven"": true, ""rule_version"": ""mlb-official-batting-v1""}, {""explanation"": ""HRR includes nonnegative RBI"", ""proven"": true, ""rule_version"": ""mlb-official-batting-v1""}, {""explanation"": ""No proof from configured rules"", ""proven"": false, ""rule_version"": ""mlb-official-batting-v1""}]",6863,198,1315,198,0,0.028850356986740492,0.19160716887658458,0.028850356986740492,1.0,0.1505703422053232,5.219011406844107,5.219011406844107,0.025146139244138867,0.03308171721919684,0.182469442247925,0.2010899386720224,0.025146139244138867,0.03308171721919684,0.9809679396733518,1.0,0.13226008675588902,0.17091620190751988,0.0,0.0,0.0005594215104179578,0.0,
45556b573aa32a08095ddbe027c94e639e944357d26e87d18540c8d014208bf8,mlb,RBI>=3,hits_plus_runs_plus_RBI>=1 & hits_plus_runs_plus_RBI>=2 & total_bases>=1,3,EMPIRICAL_CANDIDATE,2,"[{""explanation"": ""HRR includes nonnegative RBI"", ""proven"": true, ""rule_version"": ""mlb-official-batting-v1""}, {""explanation"": ""HRR includes nonnegative RBI"", ""proven"": true, ""rule_version"": ""mlb-official-batting-v1""}, {""explanation"": ""No proof from configured rules"", ""proven"": false, ""rule_version"": ""mlb-official-batting-v1""}]",6863,198,2742,198,0,0.028850356986740492,0.3995337316042547,0.028850356986740492,1.0,0.07221006564551423,2.50291757840992,2.5029175784099196,0.025146139244138867,0.03308171721919684,0.3880049429454243,0.41117492624630914,0.025146139244138867,0.03308171721919684,0.9809679396733518,1.0,0.06310875844736377,0.08250833737448357,0.0,0.0,0.0005594215104179578,0.0,
47aba169cb977dd914c900fc41e2367b931db778e3278f49cf3867975c15bd62,mlb,RBI>=3,hits_plus_runs_plus_RBI>=1 & hits_plus_runs_plus_RBI>=2 & hits_plus_runs_plus_RBI>=4,3,EMPIRICAL_CANDIDATE,2,"[{""explanation"": ""HRR includes nonnegative RBI"", ""proven"": true, ""rule_version"": ""mlb-official-batting-v1""}, {""explanation"": ""HRR includes nonnegative RBI"", ""proven"": true, ""rule_version"": ""mlb-official-batting-v1""}, {""explanation"": ""No proof from configured rules"", ""proven"": false, ""rule_version"": ""mlb-official-batting-v1""}]",6863,198,1017,198,0,0.028850356986740492,0.14818592452280344,0.028850356986740492,1.0,0.19469026548672566,6.748279252704032,6.748279252704031,0.025146139244138867,0.03308171721919684,0.13997721764333465,0.1567882561252517,0.025146139244138867,0.03308171721919684,0.9809679396733518,1.0,0.17152227851200738,0.22015603291022137,0.0,0.0,0.0005594215104179578,0.0,
4a1819a1d11439c89dcdece6e89f6dd572e6fe7bb20112267847b2d077048eaa,mlb,RBI>=3,RBI>=2 & hits>=1 & hits_plus_runs_plus_RBI>=1,3,EMPIRICAL_CANDIDATE,2,"[{""explanation"": ""Threshold monotonicity"", ""proven"": true, ""rule_version"": ""mlb-official-batting-v1""}, {""explanation"": ""No proof from configured rules"", ""proven"": false, ""rule_version"": ""mlb-official-batting-v1""}, {""explanation"": ""HRR includes nonnegative RBI"", ""proven"": true, ""rule_version"": ""mlb-official-batting-v1""}]",6863,198,588,198,0,0.028850356986740492,0.08567681771819904,0.028850356986740492,1.0,0.336734693877551,11.671768707482991,11.671768707482993,0.025146139244138867,0.03308171721919684,0.07928464746485434,0.09253255057241028,0.025146139244138867,0.03308171721919684,0.9809679396733518,1.0,0.2997052624463084,0.3758835339476109,0.0,0.0,0.0005594215104179578,0.0,
4d05b6e2a16c1533bf74662579fe3f87b9dab4ee0e16365870780d0b59b6c218,mlb,RBI>=3,hits_plus_runs_plus_RBI>=1 & total_bases>=1,2,EMPIRICAL_CANDIDATE,1,"[{""explanation"": ""HRR includes nonnegative RBI"", ""proven"": true, ""rule_version"": ""mlb-official-batting-v1""}, {""explanation"": ""No proof from configured rules"", ""proven"": false, ""rule_version"": ""mlb-official-batting-v1""}]",6863,198,3819,198,0,0.028850356986740492,0.5564621885472826,0.028850356986740492,1.0,0.051846032992930086,1.7970672951034299,1.79706729510343,0.025146139244138867,0.03308171721919684,0.5446801576520175,0.5681810471169504,0.025146139244138867,0.03308171721919684,0.9809679396733518,1.0,0.04525362669672192,0.05933911227185694,0.0,0.0,0.0005594215104179578,0.0,
592beb04cd0704670ebeb5c02221f017e7d9d0148701c1d7ff87b75006039774,mlb,RBI>=3,RBI>=2 & hits>=1,2,EMPIRICAL_CANDIDATE,1,"[{""explanation"": ""Threshold monotonicity"", ""proven"": true, ""rule_version"": ""mlb-official-batting-v1""}, {""explanation"": ""No proof from configured rules"", ""proven"": false, ""rule_version"": ""mlb-official-batting-v1""}]",6863,198,588,198,0,0.028850356986740492,0.08567681771819904,0.028850356986740492,1.0,0.336734693877551,11.671768707482991,11.671768707482993,0.025146139244138867,0.03308171721919684,0.07928464746485434,0.09253255057241028,0.025146139244138867,0.03308171721919684,0.9809679396733518,1.0,0.2997052624463084,0.3758835339476109,0.0,0.0,0.0005594215104179578,0.0,
5d01cf15fd6ecb20fa96abf9dcb121231d58a35cf39adc3b5b1a238076b292b3,mlb,RBI>=3,RBI>=2 & hits_plus_runs_plus_RBI>=1 & hits_plus_runs_plus_RBI>=4,3,EMPIRICAL_CANDIDATE,2,"[{""explanation"": ""Threshold monotonicity"", ""proven"": true, ""rule_version"": ""mlb-official-batting-v1""}, {""explanation"": ""HRR includes nonnegative RBI"", ""proven"": true, ""rule_version"": ""mlb-official-batting-v1""}, {""explanation"": ""No proof from configured rules"", ""proven"": false, ""rule_version"": ""mlb-official-batting-v1""}]",6863,198,534,198,0,0.028850356986740492,0.07780853853999709,0.028850356986740492,1.0,0.3707865168539326,12.852059925093634,12.852059925093632,0.025146139244138867,0.03308171721919684,0.07170463316807026,0.08438480988203496,0.025146139244138867,0.03308171721919684,0.9809679396733518,1.0,0.3308781359903739,0.41254067686464907,0.0,0.0,0.0005594215104179578,0.0,
5e47048de24cd5a5ad29c42aab545daa697f25b426821b5b0f07fb9ec7e990b6,mlb,RBI>=3,RBI>=1 & RBI>=2 & hits>=1,3,EMPIRICAL_CANDIDATE,2,"[{""explanation"": ""Threshold monotonicity"", ""proven"": true, ""rule_version"": ""mlb-official-batting-v1""}, {""explanation"": ""Threshold monotonicity"", ""proven"": true, ""rule_version"": ""mlb-official-batting-v1""}, {""explanation"": ""No proof from configured rules"", ""proven"": false, ""rule_version"": ""mlb-official-batting-v1""}]",6863,198,588,198,0,0.028850356986740492,0.08567681771819904,0.028850356986740492,1.0,0.336734693877551,11.671768707482991,11.671768707482993,0.025146139244138867,0.03308171721919684,0.07928464746485434,0.09253255057241028,0.025146139244138867,0.03308171721919684,0.9809679396733518,1.0,0.2997052624463084,0.3758835339476109,0.0,0.0,0.0005594215104179578,0.0,
5ef2509f4fd0783499d5ecfb98c3a88270538bf4d8fe35e5948a6ae059d5d59e,mlb,RBI>=3,hits_plus_runs_plus_RBI>=2 & hits_plus_runs_plus_RBI>=3 & total_bases>=1,3,EMPIRICAL_CANDIDATE,2,"[{""explanation"": ""HRR includes nonnegative RBI"", ""proven"": true, ""rule_version"": ""mlb-official-batting-v1""}, {""explanation"": ""HRR includes nonnegative RBI"", ""proven"": true, ""rule_version"": ""mlb-official-batting-v1""}, {""explanation"": ""No proof from configured rules"", ""proven"": false, ""rule_version"": ""mlb-official-batting-v1""}]",6863,198,1765,198,0,0.028850356986740492,0.25717616202826754,0.028850356986740492,1.0,0.11218130311614731,3.888385269121813,3.888385269121813,0.025146139244138867,0.03308171721919684,0.24697331696725122,0.2676506888456911,0.025146139244138867,0.03308171721919684,0.9809679396733518,1.0,0.098292381272802,0.12775470555162874,0.0,0.0,0.0005594215104179578,0.0,
6575ff785d98cc10b8110ba93b33d0c542989bf043f5b13c09e6a61a594b0584,mlb,RBI>=3,RBI>=2 & hits_plus_runs_plus_RBI>=3 & hits_plus_runs_plus_RBI>=4,3,EMPIRICAL_CANDIDATE,2,"[{""explanation"": ""Threshold monotonicity"", ""proven"": true, ""rule_version"": ""mlb-official-batting-v1""}, {""explanation"": ""HRR includes nonnegative RBI"", ""proven"": true, ""rule_version"": ""mlb-official-batting-v1""}, {""explanation"": ""No proof from configured rules"", ""proven"": false, ""rule_version"": ""mlb-official-batting-v1""}]",6863,198,534,198,0,0.028850356986740492,0.07780853853999709,0.028850356986740492,1.0,0.3707865168539326,12.852059925093634,12.852059925093632,0.025146139244138867,0.03308171721919684,0.07170463316807026,0.08438480988203496,0.025146139244138867,0.03308171721919684,0.9809679396733518,1.0,0.3308781359903739,0.41254067686464907,0.0,0.0,0.0005594215104179578,0.0,
7807525b55622548465d43ababa2bfadece69d754131516dbf5bec2a61ba2002,mlb,RBI>=3,hits_plus_runs_plus_RBI>=1 & hits_plus_runs_plus_RBI>=4,2,EMPIRICAL_CANDIDATE,1,"[{""explanation"": ""HRR includes nonnegative RBI"", ""proven"": true, ""rule_version"": ""mlb-official-batting-v1""}, {""explanation"": ""No proof from configured rules"", ""proven"": false, ""rule_version"": ""mlb-official-batting-v1""}]",6863,198,1017,198,0,0.028850356986740492,0.14818592452280344,0.028850356986740492,1.0,0.19469026548672566,6.748279252704032,6.748279252704031,0.025146139244138867,0.03308171721919684,0.13997721764333465,0.1567882561252517,0.025146139244138867,0.03308171721919684,0.9809679396733518,1.0,0.17152227851200738,0.22015603291022137,0.0,0.0,0.0005594215104179578,0.0,
7ab92e8b0b497785acddf76cb92d1a74ddcc244f12de00617ae93a5420a96216,mlb,RBI>=3,hits>=1 & hits_plus_runs_plus_RBI>=3 & total_bases>=1,3,EMPIRICAL_CANDIDATE,1,"[{""explanation"": ""No proof from configured rules"", ""proven"": false, ""rule_version"": ""mlb-official-batting-v1""}, {""explanation"": ""HRR includes nonnegative RBI"", ""proven"": true, ""rule_version"": ""mlb-official-batting-v1""}, {""explanation"": ""No proof from configured rules"", ""proven"": false, ""rule_version"": ""mlb-official-batting-v1""}]",6863,198,1765,198,0,0.028850356986740492,0.25717616202826754,0.028850356986740492,1.0,0.11218130311614731,3.888385269121813,3.888385269121813,0.025146139244138867,0.03308171721919684,0.24697331696725122,0.2676506888456911,0.025146139244138867,0.03308171721919684,0.9809679396733518,1.0,0.098292381272802,0.12775470555162874,0.0,0.0,0.0005594215104179578,0.0,
7bb1387003ff47adbc277773f68348da8f02b607d780bc98fc6f92fcaaa2afcb,mlb,RBI>=3,hits>=1 & hits_plus_runs_plus_RBI>=2 & hits_plus_runs_plus_RBI>=4,3,EMPIRICAL_CANDIDATE,1,"[{""explanation"": ""No proof from configured rules"", ""proven"": false, ""rule_version"": ""mlb-official-batting-v1""}, {""explanation"": ""HRR includes nonnegative RBI"", ""proven"": true, ""rule_version"": ""mlb-official-batting-v1""}, {""explanation"": ""No proof from configured rules"", ""proven"": false, ""rule_version"": ""mlb-official-batting-v1""}]",6863,198,1017,198,0,0.028850356986740492,0.14818592452280344,0.028850356986740492,1.0,0.19469026548672566,6.748279252704032,6.748279252704031,0.025146139244138867,0.03308171721919684,0.13997721764333465,0.1567882561252517,0.025146139244138867,0.03308171721919684,0.9809679396733518,1.0,0.17152227851200738,0.22015603291022137,0.0,0.0,0.0005594215104179578,0.0,
7c03076e8cb51da8fb012e3bd04967d7179d3f18e886bc4bbda9490785faf310,mlb,RBI>=3,hits>=1,1,EMPIRICAL_CANDIDATE,0,"[{""explanation"": ""No proof from configured rules"", ""proven"": false, ""rule_version"": ""mlb-official-batting-v1""}]",6863,198,3819,198,0,0.028850356986740492,0.5564621885472826,0.028850356986740492,1.0,0.051846032992930086,1.7970672951034299,1.79706729510343,0.025146139244138867,0.03308171721919684,0.5446801576520175,0.5681810471169504,0.025146139244138867,0.03308171721919684,0.9809679396733518,1.0,0.04525362669672192,0.05933911227185694,0.0,0.0,0.0005594215104179578,0.0,
7cef18732bdefedd0ef9f0b450af4aaf38fe00cdac27b4043a00fa1563a5650b,mlb,RBI>=3,RBI>=1 & hits_plus_runs_plus_RBI>=4,2,EMPIRICAL_CANDIDATE,1,"[{""explanation"": ""Threshold monotonicity"", ""proven"": true, ""rule_version"": ""mlb-official-batting-v1""}, {""explanation"": ""No proof from configured rules"", ""proven"": false, ""rule_version"": ""mlb-official-batting-v1""}]",6863,198,877,198,0,0.028850356986740492,0.1277866822089465,0.028850356986740492,1.0,0.22576966932725198,7.825541619156215,7.8255416191562155,0.025146139244138867,0.03308171721919684,0.12009585967959253,0.13589395301117316,0.025146139244138867,0.03308171721919684,0.9809679396733518,1.0,0.19932968762064163,0.25460155598364775,0.0,0.0,0.0005594215104179578,0.0,
7d7625e9e9a2065d84166aa43dc4ad914fdabb471507c49ee827b88c8665d8df,mlb,RBI>=3,RBI>=1 & hits_plus_runs_plus_RBI>=2 & hits_plus_runs_plus_RBI>=4,3,EMPIRICAL_CANDIDATE,2,"[{""explanation"": ""Threshold monotonicity"", ""proven"": true, ""rule_version"": ""mlb-official-batting-v1""}, {""explanation"": ""HRR includes nonnegative RBI"", ""proven"": true, ""rule_version"": ""mlb-official-batting-v1""}, {""explanation"": ""No proof from configured rules"", ""proven"": false, ""rule_version"": ""mlb-official-batting-v1""}]",6863,198,877,198,0,0.028850356986740492,0.1277866822089465,0.028850356986740492,1.0,0.22576966932725198,7.825541619156215,7.8255416191562155,0.025146139244138867,0.03308171721919684,0.12009585967959253,0.13589395301117316,0.025146139244138867,0.03308171721919684,0.9809679396733518,1.0,0.19932968762064163,0.25460155598364775,0.0,0.0,0.0005594215104179578,0.0,
851e1c5f292c766e7a42e6a2bfe7b61271fe5e292953f37b500ae9bb4abb2a03,mlb,RBI>=3,hits>=1 & hits_plus_runs_plus_RBI>=1,2,EMPIRICAL_CANDIDATE,1,"[{""explanation"": ""No proof from configured rules"", ""proven"": false, ""rule_version"": ""mlb-official-batting-v1""}, {""explanation"": ""HRR includes nonnegative RBI"", ""proven"": true, ""rule_version"": ""mlb-official-batting-v1""}]",6863,198,3819,198,0,0.028850356986740492,0.5564621885472826,0.028850356986740492,1.0,0.051846032992930086,1.7970672951034299,1.79706729510343,0.025146139244138867,0.03308171721919684,0.5446801576520175,0.5681810471169504,0.025146139244138867,0.03308171721919684,0.9809679396733518,1.0,0.04525362669672192,0.05933911227185694,0.0,0.0,0.0005594215104179578,0.0,
8b39608d1548c5e30dd6546510e35a0c7dbe36b3c64ac5465f067833db84cc32,mlb,RBI>=3,hits_plus_runs_plus_RBI>=2 & hits_plus_runs_plus_RBI>=3 & hits_plus_runs_plus_RBI>=4,3,EMPIRICAL_CANDIDATE,2,"[{""explanation"": ""HRR includes nonnegative RBI"", ""proven"": true, ""rule_version"": ""mlb-official-batting-v1""}, {""explanation"": ""HRR includes nonnegative RBI"", ""proven"": true, ""rule_version"": ""mlb-official-batting-v1""}, {""explanation"": ""No proof from configured rules"", ""proven"": false, ""rule_version"": ""mlb-official-batting-v1""}]",6863,198,1017,198,0,0.028850356986740492,0.14818592452280344,0.028850356986740492,1.0,0.19469026548672566,6.748279252704032,6.748279252704031,0.025146139244138867,0.03308171721919684,0.13997721764333465,0.1567882561252517,0.025146139244138867,0.03308171721919684,0.9809679396733518,1.0,0.17152227851200738,0.22015603291022137,0.0,0.0,0.0005594215104179578,0.0,
8ccecfeb73971487a3b081144ab78438f0a018e9d977bf4fbca45bf59d70faee,mlb,RBI>=3,RBI>=2 & hits_plus_runs_plus_RBI>=3 & total_bases>=1,3,EMPIRICAL_CANDIDATE,2,"[{""explanation"": ""Threshold monotonicity"", ""proven"": true, ""rule_version"": ""mlb-official-batting-v1""}, {""explanation"": ""HRR includes nonnegative RBI"", ""proven"": true, ""rule_version"": ""mlb-official-batting-v1""}, {""explanation"": ""No proof from configured rules"", ""proven"": false, ""rule_version"": ""mlb-official-batting-v1""}]",6863,198,588,198,0,0.028850356986740492,0.08567681771819904,0.028850356986740492,1.0,0.336734693877551,11.671768707482991,11.671768707482993,0.025146139244138867,0.03308171721919684,0.07928464746485434,0.09253255057241028,0.025146139244138867,0.03308171721919684,0.9809679396733518,1.0,0.2997052624463084,0.3758835339476109,0.0,0.0,0.0005594215104179578,0.0,
91fc2f85c3f7b97f7cafe2ba56a16bee5fbb4477f135883459c4bb04af2b85fe,mlb,RBI>=3,RBI>=2 & hits_plus_runs_plus_RBI>=2 & total_bases>=1,3,EMPIRICAL_CANDIDATE,2,"[{""explanation"": ""Threshold monotonicity"", ""proven"": true, ""rule_version"": ""mlb-official-batting-v1""}, {""explanation"": ""HRR includes nonnegative RBI"", ""proven"": true, ""rule_version"": ""mlb-official-batting-v1""}, {""explanation"": ""No proof from configured rules"", ""proven"": false, ""rule_version"": ""mlb-official-batting-v1""}]",6863,198,588,198,0,0.028850356986740492,0.08567681771819904,0.028850356986740492,1.0,0.336734693877551,11.671768707482991,11.671768707482993,0.025146139244138867,0.03308171721919684,0.07928464746485434,0.09253255057241028,0.025146139244138867,0.03308171721919684,0.9809679396733518,1.0,0.2997052624463084,0.3758835339476109,0.0,0.0,0.0005594215104179578,0.0,
921762188b26eacb7966ba0f47eca6259b983dd1635179fe60f43187bbc02b39,mlb,RBI>=3,RBI>=1 & RBI>=2 & total_bases>=1,3,EMPIRICAL_CANDIDATE,2,"[{""explanation"": ""Threshold monotonicity"", ""proven"": true, ""rule_version"": ""mlb-official-batting-v1""}, {""explanation"": ""Threshold monotonicity"", ""proven"": true, ""rule_version"": ""mlb-official-batting-v1""}, {""explanation"": ""No proof from configured rules"", ""proven"": false, ""rule_version"": ""mlb-official-batting-v1""}]",6863,198,588,198,0,0.028850356986740492,0.08567681771819904,0.028850356986740492,1.0,0.336734693877551,11.671768707482991,11.671768707482993,0.025146139244138867,0.03308171721919684,0.07928464746485434,0.09253255057241028,0.025146139244138867,0.03308171721919684,0.9809679396733518,1.0,0.2997052624463084,0.3758835339476109,0.0,0.0,0.0005594215104179578,0.0,
965e9461e823daceb593ee7f69a20eaacf9254b2470fefe83f45121d63294638,mlb,RBI>=3,RBI>=1 & hits_plus_runs_plus_RBI>=3 & hits_plus_runs_plus_RBI>=4,3,EMPIRICAL_CANDIDATE,2,"[{""explanation"": ""Threshold monotonicity"", ""proven"": true, ""rule_version"": ""mlb-official-batting-v1""}, {""explanation"": ""HRR includes nonnegative RBI"", ""proven"": true, ""rule_version"": ""mlb-official-batting-v1""}, {""explanation"": ""No proof from configured rules"", ""proven"": false, ""rule_version"": ""mlb-official-batting-v1""}]",6863,198,877,198,0,0.028850356986740492,0.1277866822089465,0.028850356986740492,1.0,0.22576966932725198,7.825541619156215,7.8255416191562155,0.025146139244138867,0.03308171721919684,0.12009585967959253,0.13589395301117316,0.025146139244138867,0.03308171721919684,0.9809679396733518,1.0,0.19932968762064163,0.25460155598364775,0.0,0.0,0.0005594215104179578,0.0,
99a76c5a46ac3d0d3c5147af7f56be93cca58fdd4d2753587cc39858e26a2ec0,mlb,RBI>=3,hits_plus_runs_plus_RBI>=3 & total_bases>=1,2,EMPIRICAL_CANDIDATE,1,"[{""explanation"": ""HRR includes nonnegative RBI"", ""proven"": true, ""rule_version"": ""mlb-official-batting-v1""}, {""explanation"": ""No proof from configured rules"", ""proven"": false, ""rule_version"": ""mlb-official-batting-v1""}]",6863,198,1765,198,0,0.028850356986740492,0.25717616202826754,0.028850356986740492,1.0,0.11218130311614731,3.888385269121813,3.888385269121813,0.025146139244138867,0.03308171721919684,0.24697331696725122,0.2676506888456911,0.025146139244138867,0.03308171721919684,0.9809679396733518,1.0,0.098292381272802,0.12775470555162874,0.0,0.0,0.0005594215104179578,0.0,
9cae14f635a7bb4a30b0bf241a04f8f07ee32c36fa47e1297ade768615a39c36,mlb,RBI>=3,hits_plus_runs_plus_RBI>=2 & hits_plus_runs_plus_RBI>=4 & total_bases>=1,3,EMPIRICAL_CANDIDATE,1,"[{""explanation"": ""HRR includes nonnegative RBI"", ""proven"": true, ""rule_version"": ""mlb-official-batting-v1""}, {""explanation"": ""No proof from configured rules"", ""proven"": false, ""rule_version"": ""mlb-official-batting-v1""}, {""explanation"": ""No proof from configured rules"", ""proven"": false, ""rule_version"": ""mlb-official-batting-v1""}]",6863,198,1017,198,0,0.028850356986740492,0.14818592452280344,0.028850356986740492,1.0,0.19469026548672566,6.748279252704032,6.748279252704031,0.025146139244138867,0.03308171721919684,0.13997721764333465,0.1567882561252517,0.025146139244138867,0.03308171721919684,0.9809679396733518,1.0,0.17152227851200738,0.22015603291022137,0.0,0.0,0.0005594215104179578,0.0,
9ceb508cfcad651567fc9732dc1ab07844ef9f9c90d0dd7350070f0f40e26986,mlb,RBI>=3,RBI>=2 & total_bases>=1,2,EMPIRICAL_CANDIDATE,1,"[{""explanation"": ""Threshold monotonicity"", ""proven"": true, ""rule_version"": ""mlb-official-batting-v1""}, {""explanation"": ""No proof from configured rules"", ""proven"": false, ""rule_version"": ""mlb-official-batting-v1""}]",6863,198,588,198,0,0.028850356986740492,0.08567681771819904,0.028850356986740492,1.0,0.336734693877551,11.671768707482991,11.671768707482993,0.025146139244138867,0.03308171721919684,0.07928464746485434,0.09253255057241028,0.025146139244138867,0.03308171721919684,0.9809679396733518,1.0,0.2997052624463084,0.3758835339476109,0.0,0.0,0.0005594215104179578,0.0,
9ee0d38923399d504a1752703c4637c2cc40b08ef7175e840b765e4dfac3c0fc,mlb,RBI>=3,hits>=1 & hits_plus_runs_plus_RBI>=2,2,EMPIRICAL_CANDIDATE,1,"[{""explanation"": ""No proof from configured rules"", ""proven"": false, ""rule_version"": ""mlb-official-batting-v1""}, {""explanation"": ""HRR includes nonnegative RBI"", ""proven"": true, ""rule_version"": ""mlb-official-batting-v1""}]",6863,198,2742,198,0,0.028850356986740492,0.3995337316042547,0.028850356986740492,1.0,0.07221006564551423,2.50291757840992,2.5029175784099196,0.025146139244138867,0.03308171721919684,0.3880049429454243,0.41117492624630914,0.025146139244138867,0.03308171721919684,0.9809679396733518,1.0,0.06310875844736377,0.08250833737448357,0.0,0.0,0.0005594215104179578,0.0,
a49999e8387dd3e6a3e9a936beab75973842c0dc03ce18902f4b951ef5f347e6,mlb,RBI>=3,hits_plus_runs_plus_RBI>=3 & hits_plus_runs_plus_RBI>=4 & total_bases>=1,3,EMPIRICAL_CANDIDATE,1,"[{""explanation"": ""HRR includes nonnegative RBI"", ""proven"": true, ""rule_version"": ""mlb-official-batting-v1""}, {""explanation"": ""No proof from configured rules"", ""proven"": false, ""rule_version"": ""mlb-official-batting-v1""}, {""explanation"": ""No proof from configured rules"", ""proven"": false, ""rule_version"": ""mlb-official-batting-v1""}]",6863,198,1017,198,0,0.028850356986740492,0.14818592452280344,0.028850356986740492,1.0,0.19469026548672566,6.748279252704032,6.748279252704031,0.025146139244138867,0.03308171721919684,0.13997721764333465,0.1567882561252517,0.025146139244138867,0.03308171721919684,0.9809679396733518,1.0,0.17152227851200738,0.22015603291022137,0.0,0.0,0.0005594215104179578,0.0,
a5ddf7339c5992806d05abf2c7b7a222af8fb296cfff980ba04b9e8d4754c432,mlb,RBI>=3,hits_plus_runs_plus_RBI>=2 & total_bases>=1,2,EMPIRICAL_CANDIDATE,1,"[{""explanation"": ""HRR includes nonnegative RBI"", ""proven"": true, ""rule_version"": ""mlb-official-batting-v1""}, {""explanation"": ""No proof from configured rules"", ""proven"": false, ""rule_version"": ""mlb-official-batting-v1""}]",6863,198,2742,198,0,0.028850356986740492,0.3995337316042547,0.028850356986740492,1.0,0.07221006564551423,2.50291757840992,2.5029175784099196,0.025146139244138867,0.03308171721919684,0.3880049429454243,0.41117492624630914,0.025146139244138867,0.03308171721919684,0.9809679396733518,1.0,0.06310875844736377,0.08250833737448357,0.0,0.0,0.0005594215104179578,0.0,
ac296d62ef517b37e07fbcc8ff92c973ab92a4ca02cb6c786b2f4da3f0a54aca,mlb,RBI>=3,RBI>=2 & hits_plus_runs_plus_RBI>=1 & total_bases>=1,3,EMPIRICAL_CANDIDATE,2,"[{""explanation"": ""Threshold monotonicity"", ""proven"": true, ""rule_version"": ""mlb-official-batting-v1""}, {""explanation"": ""HRR includes nonnegative RBI"", ""proven"": true, ""rule_version"": ""mlb-official-batting-v1""}, {""explanation"": ""No proof from configured rules"", ""proven"": false, ""rule_version"": ""mlb-official-batting-v1""}]",6863,198,588,198,0,0.028850356986740492,0.08567681771819904,0.028850356986740492,1.0,0.336734693877551,11.671768707482991,11.671768707482993,0.025146139244138867,0.03308171721919684,0.07928464746485434,0.09253255057241028,0.025146139244138867,0.03308171721919684,0.9809679396733518,1.0,0.2997052624463084,0.3758835339476109,0.0,0.0,0.0005594215104179578,0.0,
adc58d1397f9a999972d008c3578496171621524139862eae79e18aa96f0dff2,mlb,RBI>=3,hits>=1 & hits_plus_runs_plus_RBI>=1 & total_bases>=1,3,EMPIRICAL_CANDIDATE,1,"[{""explanation"": ""No proof from configured rules"", ""proven"": false, ""rule_version"": ""mlb-official-batting-v1""}, {""explanation"": ""HRR includes nonnegative RBI"", ""proven"": true, ""rule_version"": ""mlb-official-batting-v1""}, {""explanation"": ""No proof from configured rules"", ""proven"": false, ""rule_version"": ""mlb-official-batting-v1""}]",6863,198,3819,198,0,0.028850356986740492,0.5564621885472826,0.028850356986740492,1.0,0.051846032992930086,1.7970672951034299,1.79706729510343,0.025146139244138867,0.03308171721919684,0.5446801576520175,0.5681810471169504,0.025146139244138867,0.03308171721919684,0.9809679396733518,1.0,0.04525362669672192,0.05933911227185694,0.0,0.0,0.0005594215104179578,0.0,
b1c6ec9d5f5f8fd1d234ea4156298fc70dde631f9b70ed2fbb0e12e5b7341f2d,mlb,RBI>=3,RBI>=1 & hits>=1 & total_bases>=1,3,EMPIRICAL_CANDIDATE,1,"[{""explanation"": ""Threshold monotonicity"", ""proven"": true, ""rule_version"": ""mlb-official-batting-v1""}, {""explanation"": ""No proof from configured rules"", ""proven"": false, ""rule_version"": ""mlb-official-batting-v1""}, {""explanation"": ""No proof from configured rules"", ""proven"": false, ""rule_version"": ""mlb-official-batting-v1""}]",6863,198,1608,198,0,0.028850356986740492,0.2342998688620137,0.028850356986740492,1.0,0.12313432835820895,4.268034825870647,4.268034825870647,0.025146139244138867,0.03308171721919684,0.22442931380413114,0.24446770065725518,0.025146139244138867,0.03308171721919684,0.9809679396733518,1.0,0.10796594878091802,0.140099055771849,0.0,0.0,0.0005594215104179578,0.0,
b3a31a222d48bfc79af6001e4afeff21c9dfcfe469a05984c2cf751180098836,mlb,RBI>=3,RBI>=2 & hits>=1 & hits_plus_runs_plus_RBI>=3,3,EMPIRICAL_CANDIDATE,2,"[{""explanation"": ""Threshold monotonicity"", ""proven"": true, ""rule_version"": ""mlb-official-batting-v1""}, {""explanation"": ""No proof from configured rules"", ""proven"": false, ""rule_version"": ""mlb-official-batting-v1""}, {""explanation"": ""HRR includes nonnegative RBI"", ""proven"": true, ""rule_version"": ""mlb-official-batting-v1""}]",6863,198,588,198,0,0.028850356986740492,0.08567681771819904,0.028850356986740492,1.0,0.336734693877551,11.671768707482991,11.671768707482993,0.025146139244138867,0.03308171721919684,0.07928464746485434,0.09253255057241028,0.025146139244138867,0.03308171721919684,0.9809679396733518,1.0,0.2997052624463084,0.3758835339476109,0.0,0.0,0.0005594215104179578,0.0,
ba5a3e134985ebbd4068e9d67b776350f905b737769409d5e846b4666731c271,mlb,RBI>=3,RBI>=2 & hits>=1 & hits_plus_runs_plus_RBI>=2,3,EMPIRICAL_CANDIDATE,2,"[{""explanation"": ""Threshold monotonicity"", ""proven"": true, ""rule_version"": ""mlb-official-batting-v1""}, {""explanation"": ""No proof from configured rules"", ""proven"": false, ""rule_version"": ""mlb-official-batting-v1""}, {""explanation"": ""HRR includes nonnegative RBI"", ""proven"": true, ""rule_version"": ""mlb-official-batting-v1""}]",6863,198,588,198,0,0.028850356986740492,0.08567681771819904,0.028850356986740492,1.0,0.336734693877551,11.671768707482991,11.671768707482993,0.025146139244138867,0.03308171721919684,0.07928464746485434,0.09253255057241028,0.025146139244138867,0.03308171721919684,0.9809679396733518,1.0,0.2997052624463084,0.3758835339476109,0.0,0.0,0.0005594215104179578,0.0,
bdb939f7aac689fe75541c518e1b813b4ca97883c37762024cc9dc3c99a3d021,mlb,RBI>=3,hits>=1 & hits_plus_runs_plus_RBI>=1 & hits_plus_runs_plus_RBI>=3,3,EMPIRICAL_CANDIDATE,2,"[{""explanation"": ""No proof from configured rules"", ""proven"": false, ""rule_version"": ""mlb-official-batting-v1""}, {""explanation"": ""HRR includes nonnegative RBI"", ""proven"": true, ""rule_version"": ""mlb-official-batting-v1""}, {""explanation"": ""HRR includes nonnegative RBI"", ""proven"": true, ""rule_version"": ""mlb-official-batting-v1""}]",6863,198,1765,198,0,0.028850356986740492,0.25717616202826754,0.028850356986740492,1.0,0.11218130311614731,3.888385269121813,3.888385269121813,0.025146139244138867,0.03308171721919684,0.24697331696725122,0.2676506888456911,0.025146139244138867,0.03308171721919684,0.9809679396733518,1.0,0.098292381272802,0.12775470555162874,0.0,0.0,0.0005594215104179578,0.0,
c0078501e57c1e8d997a9195f8d3388bc2a256992470c7a84ceb0882b112a523,mlb,RBI>=3,hits>=1 & hits_plus_runs_plus_RBI>=4 & total_bases>=1,3,EMPIRICAL_CANDIDATE,0,"[{""explanation"": ""No proof from configured rules"", ""proven"": false, ""rule_version"": ""mlb-official-batting-v1""}, {""explanation"": ""No proof from configured rules"", ""proven"": false, ""rule_version"": ""mlb-official-batting-v1""}, {""explanation"": ""No proof from configured rules"", ""proven"": false, ""rule_version"": ""mlb-official-batting-v1""}]",6863,198,1017,198,0,0.028850356986740492,0.14818592452280344,0.028850356986740492,1.0,0.19469026548672566,6.748279252704032,6.748279252704031,0.025146139244138867,0.03308171721919684,0.13997721764333465,0.1567882561252517,0.025146139244138867,0.03308171721919684,0.9809679396733518,1.0,0.17152227851200738,0.22015603291022137,0.0,0.0,0.0005594215104179578,0.0,
c2b187f0517a9a28b46da4bbef4059fc060ae5402fa75cc909a19a4eb243e3c3,mlb,RBI>=3,hits_plus_runs_plus_RBI>=1 & hits_plus_runs_plus_RBI>=3 & total_bases>=1,3,EMPIRICAL_CANDIDATE,2,"[{""explanation"": ""HRR includes nonnegative RBI"", ""proven"": true, ""rule_version"": ""mlb-official-batting-v1""}, {""explanation"": ""HRR includes nonnegative RBI"", ""proven"": true, ""rule_version"": ""mlb-official-batting-v1""}, {""explanation"": ""No proof from configured rules"", ""proven"": false, ""rule_version"": ""mlb-official-batting-v1""}]",6863,198,1765,198,0,0.028850356986740492,0.25717616202826754,0.028850356986740492,1.0,0.11218130311614731,3.888385269121813,3.888385269121813,0.025146139244138867,0.03308171721919684,0.24697331696725122,0.2676506888456911,0.025146139244138867,0.03308171721919684,0.9809679396733518,1.0,0.098292381272802,0.12775470555162874,0.0,0.0,0.0005594215104179578,0.0,
cd762524c1c438e0960b87d44acb70ec7e8a286b0f41f3f1f6c915ec721edd0c,mlb,RBI>=3,hits_plus_runs_plus_RBI>=1 & hits_plus_runs_plus_RBI>=4 & total_bases>=1,3,EMPIRICAL_CANDIDATE,1,"[{""explanation"": ""HRR includes nonnegative RBI"", ""proven"": true, ""rule_version"": ""mlb-official-batting-v1""}, {""explanation"": ""No proof from configured rules"", ""proven"": false, ""rule_version"": ""mlb-official-batting-v1""}, {""explanation"": ""No proof from configured rules"", ""proven"": false, ""rule_version"": ""mlb-official-batting-v1""}]",6863,198,1017,198,0,0.028850356986740492,0.14818592452280344,0.028850356986740492,1.0,0.19469026548672566,6.748279252704032,6.748279252704031,0.025146139244138867,0.03308171721919684,0.13997721764333465,0.1567882561252517,0.025146139244138867,0.03308171721919684,0.9809679396733518,1.0,0.17152227851200738,0.22015603291022137,0.0,0.0,0.0005594215104179578,0.0,
cd96fcfe207076eb4b6352f73193bef1b971adf9e7fec089def79d42d22a4203,mlb,RBI>=3,hits>=1 & hits_plus_runs_plus_RBI>=1 & hits_plus_runs_plus_RBI>=2,3,EMPIRICAL_CANDIDATE,2,"[{""explanation"": ""No proof from configured rules"", ""proven"": false, ""rule_version"": ""mlb-official-batting-v1""}, {""explanation"": ""HRR includes nonnegative RBI"", ""proven"": true, ""rule_version"": ""mlb-official-batting-v1""}, {""explanation"": ""HRR includes nonnegative RBI"", ""proven"": true, ""rule_version"": ""mlb-official-batting-v1""}]",6863,198,2742,198,0,0.028850356986740492,0.3995337316042547,0.028850356986740492,1.0,0.07221006564551423,2.50291757840992,2.5029175784099196,0.025146139244138867,0.03308171721919684,0.3880049429454243,0.41117492624630914,0.025146139244138867,0.03308171721919684,0.9809679396733518,1.0,0.06310875844736377,0.08250833737448357,0.0,0.0,0.0005594215104179578,0.0,
cf3e0f430b500bebd177ff71ae6b629b1823e6b4abe5b1fb3ae7442896c468d8,mlb,RBI>=3,RBI>=1 & hits_plus_runs_plus_RBI>=4 & total_bases>=1,3,EMPIRICAL_CANDIDATE,1,"[{""explanation"": ""Threshold monotonicity"", ""proven"": true, ""rule_version"": ""mlb-official-batting-v1""}, {""explanation"": ""No proof from configured rules"", ""proven"": false, ""rule_version"": ""mlb-official-batting-v1""}, {""explanation"": ""No proof from configured rules"", ""proven"": false, ""rule_version"": ""mlb-official-batting-v1""}]",6863,198,877,198,0,0.028850356986740492,0.1277866822089465,0.028850356986740492,1.0,0.22576966932725198,7.825541619156215,7.8255416191562155,0.025146139244138867,0.03308171721919684,0.12009585967959253,0.13589395301117316,0.025146139244138867,0.03308171721919684,0.9809679396733518,1.0,0.19932968762064163,0.25460155598364775,0.0,0.0,0.0005594215104179578,0.0,
d14e3e23404876cd0f652126841a79fbe3e8ca99a60320de674f520e0718fa41,mlb,RBI>=3,RBI>=1 & hits_plus_runs_plus_RBI>=1 & hits_plus_runs_plus_RBI>=4,3,EMPIRICAL_CANDIDATE,2,"[{""explanation"": ""Threshold monotonicity"", ""proven"": true, ""rule_version"": ""mlb-official-batting-v1""}, {""explanation"": ""HRR includes nonnegative RBI"", ""proven"": true, ""rule_version"": ""mlb-official-batting-v1""}, {""explanation"": ""No proof from configured rules"", ""proven"": false, ""rule_version"": ""mlb-official-batting-v1""}]",6863,198,877,198,0,0.028850356986740492,0.1277866822089465,0.028850356986740492,1.0,0.22576966932725198,7.825541619156215,7.8255416191562155,0.025146139244138867,0.03308171721919684,0.12009585967959253,0.13589395301117316,0.025146139244138867,0.03308171721919684,0.9809679396733518,1.0,0.19932968762064163,0.25460155598364775,0.0,0.0,0.0005594215104179578,0.0,
dc1159adf9edf04567e631da712b5620336196405381cf9202c4ae580b554a0b,mlb,RBI>=3,RBI>=1 & hits_plus_runs_plus_RBI>=1 & total_bases>=1,3,EMPIRICAL_CANDIDATE,2,"[{""explanation"": ""Threshold monotonicity"", ""proven"": true, ""rule_version"": ""mlb-official-batting-v1""}, {""explanation"": ""HRR includes nonnegative RBI"", ""proven"": true, ""rule_version"": ""mlb-official-batting-v1""}, {""explanation"": ""No proof from configured rules"", ""proven"": false, ""rule_version"": ""mlb-official-batting-v1""}]",6863,198,1608,198,0,0.028850356986740492,0.2342998688620137,0.028850356986740492,1.0,0.12313432835820895,4.268034825870647,4.268034825870647,0.025146139244138867,0.03308171721919684,0.22442931380413114,0.24446770065725518,0.025146139244138867,0.03308171721919684,0.9809679396733518,1.0,0.10796594878091802,0.140099055771849,0.0,0.0,0.0005594215104179578,0.0,
e2664971d239871619c135ee12406bd3dab3756daa0155a5dac34ceae059ac98,mlb,RBI>=3,hits>=1 & hits_plus_runs_plus_RBI>=2 & total_bases>=1,3,EMPIRICAL_CANDIDATE,1,"[{""explanation"": ""No proof from configured rules"", ""proven"": false, ""rule_version"": ""mlb-official-batting-v1""}, {""explanation"": ""HRR includes nonnegative RBI"", ""proven"": true, ""rule_version"": ""mlb-official-batting-v1""}, {""explanation"": ""No proof from configured rules"", ""proven"": false, ""rule_version"": ""mlb-official-batting-v1""}]",6863,198,2742,198,0,0.028850356986740492,0.3995337316042547,0.028850356986740492,1.0,0.07221006564551423,2.50291757840992,2.5029175784099196,0.025146139244138867,0.03308171721919684,0.3880049429454243,0.41117492624630914,0.025146139244138867,0.03308171721919684,0.9809679396733518,1.0,0.06310875844736377,0.08250833737448357,0.0,0.0,0.0005594215104179578,0.0,
e7348c479a69c6ffaf0959aafabb3ca642d9777f67c57cb958ce71941723d0c7,mlb,RBI>=3,RBI>=1 & hits_plus_runs_plus_RBI>=2 & total_bases>=1,3,EMPIRICAL_CANDIDATE,2,"[{""explanation"": ""Threshold monotonicity"", ""proven"": true, ""rule_version"": ""mlb-official-batting-v1""}, {""explanation"": ""HRR includes nonnegative RBI"", ""proven"": true, ""rule_version"": ""mlb-official-batting-v1""}, {""explanation"": ""No proof from configured rules"", ""proven"": false, ""rule_version"": ""mlb-official-batting-v1""}]",6863,198,1608,198,0,0.028850356986740492,0.2342998688620137,0.028850356986740492,1.0,0.12313432835820895,4.268034825870647,4.268034825870647,0.025146139244138867,0.03308171721919684,0.22442931380413114,0.24446770065725518,0.025146139244138867,0.03308171721919684,0.9809679396733518,1.0,0.10796594878091802,0.140099055771849,0.0,0.0,0.0005594215104179578,0.0,
e82132475e08a17c5236ff39bcafd32ae4a18ed56c42aa453f9639881e7806c4,mlb,RBI>=3,hits>=1 & hits_plus_runs_plus_RBI>=3 & hits_plus_runs_plus_RBI>=4,3,EMPIRICAL_CANDIDATE,1,"[{""explanation"": ""No proof from configured rules"", ""proven"": false, ""rule_version"": ""mlb-official-batting-v1""}, {""explanation"": ""HRR includes nonnegative RBI"", ""proven"": true, ""rule_version"": ""mlb-official-batting-v1""}, {""explanation"": ""No proof from configured rules"", ""proven"": false, ""rule_version"": ""mlb-official-batting-v1""}]",6863,198,1017,198,0,0.028850356986740492,0.14818592452280344,0.028850356986740492,1.0,0.19469026548672566,6.748279252704032,6.748279252704031,0.025146139244138867,0.03308171721919684,0.13997721764333465,0.1567882561252517,0.025146139244138867,0.03308171721919684,0.9809679396733518,1.0,0.17152227851200738,0.22015603291022137,0.0,0.0,0.0005594215104179578,0.0,
ecf05c82282721504284a7c93df296fa7166b1bab27ae72ca4ab590034d4f2e6,mlb,RBI>=3,RBI>=2 & hits_plus_runs_plus_RBI>=4 & total_bases>=1,3,EMPIRICAL_CANDIDATE,1,"[{""explanation"": ""Threshold monotonicity"", ""proven"": true, ""rule_version"": ""mlb-official-batting-v1""}, {""explanation"": ""No proof from configured rules"", ""proven"": false, ""rule_version"": ""mlb-official-batting-v1""}, {""explanation"": ""No proof from configured rules"", ""proven"": false, ""rule_version"": ""mlb-official-batting-v1""}]",6863,198,534,198,0,0.028850356986740492,0.07780853853999709,0.028850356986740492,1.0,0.3707865168539326,12.852059925093634,12.852059925093632,0.025146139244138867,0.03308171721919684,0.07170463316807026,0.08438480988203496,0.025146139244138867,0.03308171721919684,0.9809679396733518,1.0,0.3308781359903739,0.41254067686464907,0.0,0.0,0.0005594215104179578,0.0,
f58fffc47cde7544938144f9cb2da517cc77515a5beb0012e07fd1ec90fb9ba4,mlb,RBI>=3,hits>=1 & hits_plus_runs_plus_RBI>=1 & hits_plus_runs_plus_RBI>=4,3,EMPIRICAL_CANDIDATE,1,"[{""explanation"": ""No proof from configured rules"", ""proven"": false, ""rule_version"": ""mlb-official-batting-v1""}, {""explanation"": ""HRR includes nonnegative RBI"", ""proven"": true, ""rule_version"": ""mlb-official-batting-v1""}, {""explanation"": ""No proof from configured rules"", ""proven"": false, ""rule_version"": ""mlb-official-batting-v1""}]",6863,198,1017,198,0,0.028850356986740492,0.14818592452280344,0.028850356986740492,1.0,0.19469026548672566,6.748279252704032,6.748279252704031,0.025146139244138867,0.03308171721919684,0.13997721764333465,0.1567882561252517,0.025146139244138867,0.03308171721919684,0.9809679396733518,1.0,0.17152227851200738,0.22015603291022137,0.0,0.0,0.0005594215104179578,0.0,
f6dd7e10683d88f26466b3187fb51ca15d341e8343270bac3fa8860aeb3a68f2,mlb,RBI>=3,hits_plus_runs_plus_RBI>=3 & hits_plus_runs_plus_RBI>=4,2,EMPIRICAL_CANDIDATE,1,"[{""explanation"": ""HRR includes nonnegative RBI"", ""proven"": true, ""rule_version"": ""mlb-official-batting-v1""}, {""explanation"": ""No proof from configured rules"", ""proven"": false, ""rule_version"": ""mlb-official-batting-v1""}]",6863,198,1017,198,0,0.028850356986740492,0.14818592452280344,0.028850356986740492,1.0,0.19469026548672566,6.748279252704032,6.748279252704031,0.025146139244138867,0.03308171721919684,0.13997721764333465,0.1567882561252517,0.025146139244138867,0.03308171721919684,0.9809679396733518,1.0,0.17152227851200738,0.22015603291022137,0.0,0.0,0.0005594215104179578,0.0,
f9bbe59255c8d5d9e3201d286809a529c83356dc453c34b85ce274b76b2eefcb,mlb,RBI>=3,RBI>=2 & hits>=1 & total_bases>=1,3,EMPIRICAL_CANDIDATE,1,"[{""explanation"": ""Threshold monotonicity"", ""proven"": true, ""rule_version"": ""mlb-official-batting-v1""}, {""explanation"": ""No proof from configured rules"", ""proven"": false, ""rule_version"": ""mlb-official-batting-v1""}, {""explanation"": ""No proof from configured rules"", ""proven"": false, ""rule_version"": ""mlb-official-batting-v1""}]",6863,198,588,198,0,0.028850356986740492,0.08567681771819904,0.028850356986740492,1.0,0.336734693877551,11.671768707482991,11.671768707482993,0.025146139244138867,0.03308171721919684,0.07928464746485434,0.09253255057241028,0.025146139244138867,0.03308171721919684,0.9809679396733518,1.0,0.2997052624463084,0.3758835339476109,0.0,0.0,0.0005594215104179578,0.0,
ff5b4c2c1c7cc51a8f9fc64304f14aaa33d564299324ca68ada946b3f8824bfe,mlb,RBI>=3,hits_plus_runs_plus_RBI>=4 & total_bases>=1,2,EMPIRICAL_CANDIDATE,0,"[{""explanation"": ""No proof from configured rules"", ""proven"": false, ""rule_version"": ""mlb-official-batting-v1""}, {""explanation"": ""No proof from configured rules"", ""proven"": false, ""rule_version"": ""mlb-official-batting-v1""}]",6863,198,1017,198,0,0.028850356986740492,0.14818592452280344,0.028850356986740492,1.0,0.19469026548672566,6.748279252704032,6.748279252704031,0.025146139244138867,0.03308171721919684,0.13997721764333465,0.1567882561252517,0.025146139244138867,0.03308171721919684,0.9809679396733518,1.0,0.17152227851200738,0.22015603291022137,0.0,0.0,0.0005594215104179578,0.0,
06e4bfddd745f1295381a098ecf182bb405fd6983fa6585192750c6eb01b6eec,mlb,RBI>=2,hits>=1 & total_bases>=1,2,EMPIRICAL_CANDIDATE,0,"[{""explanation"": ""No proof from configured rules"", ""proven"": false, ""rule_version"": ""mlb-official-batting-v1""}, {""explanation"": ""No proof from configured rules"", ""proven"": false, ""rule_version"": ""mlb-official-batting-v1""}]",6863,593,3819,588,5,0.08640536208655107,0.5564621885472826,0.08567681771819904,0.9915682967959528,0.1539670070699136,1.781914957033418,1.781914957033418,0.07998737687584612,0.09328609477134064,0.5446801576520175,0.5681810471169504,0.07928464746485434,0.09253255057241028,0.9804155611447366,0.9963932569825368,0.14286848343258407,0.16576096707689703,0.0007285443683520326,0.0003112294898499568,0.0017044656304901666,0.008431703204047217,
0f7ea579641974274e9ec7bfbc095aeb65399a03ae48c94459f117db5ec3ab3c,mlb,RBI>=2,hits>=1 & hits_plus_runs_plus_RBI>=3,2,EMPIRICAL_CANDIDATE,0,"[{""explanation"": ""No proof from configured rules"", ""proven"": false, ""rule_version"": ""mlb-official-batting-v1""}, {""explanation"": ""No proof from configured rules"", ""proven"": false, ""rule_version"": ""mlb-official-batting-v1""}]",6863,593,1765,588,5,0.08640536208655107,0.25717616202826754,0.08567681771819904,0.9915682967959528,0.33314447592067986,3.8555995585895886,3.8555995585895886,0.07998737687584612,0.09328609477134064,0.24697331696725122,0.2676506888456911,0.07928464746485434,0.09253255057241028,0.9804155611447366,0.9963932569825368,0.3115386201011498,0.3554750644420129,0.0007285443683520326,0.0003112294898499568,0.0017044656304901666,0.008431703204047217,
1476104c8be0ebbc7ed84b0bcdf26ccb847266f63fe09cac2947b3d593f95b82,mlb,RBI>=2,RBI>=1 & hits>=1 & hits_plus_runs_plus_RBI>=1,3,EMPIRICAL_CANDIDATE,2,"[{""explanation"": ""Threshold monotonicity"", ""proven"": true, ""rule_version"": ""mlb-official-batting-v1""}, {""explanation"": ""No proof from configured rules"", ""proven"": false, ""rule_version"": ""mlb-official-batting-v1""}, {""explanation"": ""HRR includes nonnegative RBI"", ""proven"": true, ""rule_version"": ""mlb-official-batting-v1""}]",6863,593,1608,588,5,0.08640536208655107,0.2342998688620137,0.08567681771819904,0.9915682967959528,0.3656716417910448,4.232048022954368,4.232048022954368,0.07998737687584612,0.09328609477134064,0.22442931380413114,0.24446770065725518,0.07928464746485434,0.09253255057241028,0.9804155611447366,0.9963932569825368,0.34247760023643953,0.3895059657427646,0.0007285443683520326,0.0003112294898499568,0.0017044656304901666,0.008431703204047217,
18fdb29f57a78cac950fed88a300c0b6feceb835583b6de11ef5b104157b02c5,mlb,RBI>=2,hits_plus_runs_plus_RBI>=2 & total_bases>=1,2,EMPIRICAL_CANDIDATE,1,"[{""explanation"": ""HRR includes nonnegative RBI"", ""proven"": true, ""rule_version"": ""mlb-official-batting-v1""}, {""explanation"": ""No proof from configured rules"", ""proven"": false, ""rule_version"": ""mlb-official-batting-v1""}]",6863,593,2742,588,5,0.08640536208655107,0.3995337316042547,0.08567681771819904,0.9915682967959528,0.21444201312910285,2.481813720244575,2.481813720244575,0.07998737687584612,0.09328609477134064,0.3880049429454243,0.41117492624630914,0.07928464746485434,0.09253255057241028,0.9804155611447366,0.9963932569825368,0.19948468678306377,0.23019833625914124,0.0007285443683520326,0.0003112294898499568,0.0017044656304901666,0.008431703204047217,
4fe6408aa9636525884fbc2daba8a7a65a926984d8a85779d454398ffe426c0e,mlb,RBI>=2,total_bases>=1,1,EMPIRICAL_CANDIDATE,0,"[{""explanation"": ""No proof from configured rules"", ""proven"": false, ""rule_version"": ""mlb-official-batting-v1""}]",6863,593,3819,588,5,0.08640536208655107,0.5564621885472826,0.08567681771819904,0.9915682967959528,0.1539670070699136,1.781914957033418,1.781914957033418,0.07998737687584612,0.09328609477134064,0.5446801576520175,0.5681810471169504,0.07928464746485434,0.09253255057241028,0.9804155611447366,0.9963932569825368,0.14286848343258407,0.16576096707689703,0.0007285443683520326,0.0003112294898499568,0.0017044656304901666,0.008431703204047217,
5404ea0f1d78ea41b12a6fc29342e2eb8d103af9d76511747395097d38cc6463,mlb,RBI>=2,RBI>=1 & hits>=1 & total_bases>=1,3,EMPIRICAL_CANDIDATE,1,"[{""explanation"": ""Threshold monotonicity"", ""proven"": true, ""rule_version"": ""mlb-official-batting-v1""}, {""explanation"": ""No proof from configured rules"", ""proven"": false, ""rule_version"": ""mlb-official-batting-v1""}, {""explanation"": ""No proof from configured rules"", ""proven"": false, ""rule_version"": ""mlb-official-batting-v1""}]",6863,593,1608,588,5,0.08640536208655107,0.2342998688620137,0.08567681771819904,0.9915682967959528,0.3656716417910448,4.232048022954368,4.232048022954368,0.07998737687584612,0.09328609477134064,0.22442931380413114,0.24446770065725518,0.07928464746485434,0.09253255057241028,0.9804155611447366,0.9963932569825368,0.34247760023643953,0.3895059657427646,0.0007285443683520326,0.0003112294898499568,0.0017044656304901666,0.008431703204047217,
551191f7c9f64e67336febfb2b53a8890e9e7f3a24d39a3408ee2ced0c8acc50,mlb,RBI>=2,hits>=1 & hits_plus_runs_plus_RBI>=1 & hits_plus_runs_plus_RBI>=2,3,EMPIRICAL_CANDIDATE,2,"[{""explanation"": ""No proof from configured rules"", ""proven"": false, ""rule_version"": ""mlb-official-batting-v1""}, {""explanation"": ""HRR includes nonnegative RBI"", ""proven"": true, ""rule_version"": ""mlb-official-batting-v1""}, {""explanation"": ""HRR includes nonnegative RBI"", ""proven"": true, ""rule_version"": ""mlb-official-batting-v1""}]",6863,593,2742,588,5,0.08640536208655107,0.3995337316042547,0.08567681771819904,0.9915682967959528,0.21444201312910285,2.481813720244575,2.481813720244575,0.07998737687584612,0.09328609477134064,0.3880049429454243,0.41117492624630914,0.07928464746485434,0.09253255057241028,0.9804155611447366,0.9963932569825368,0.19948468678306377,0.23019833625914124,0.0007285443683520326,0.0003112294898499568,0.0017044656304901666,0.008431703204047217,
5786b0a41aaab9d53dbccc2f5986348c4071441e6108f0937ec9228267f09bf5,mlb,RBI>=2,hits>=1 & hits_plus_runs_plus_RBI>=1 & total_bases>=1,3,EMPIRICAL_CANDIDATE,1,"[{""explanation"": ""No proof from configured rules"", ""proven"": false, ""rule_version"": ""mlb-official-batting-v1""}, {""explanation"": ""HRR includes nonnegative RBI"", ""proven"": true, ""rule_version"": ""mlb-official-batting-v1""}, {""explanation"": ""No proof from configured rules"", ""proven"": false, ""rule_version"": ""mlb-official-batting-v1""}]",6863,593,3819,588,5,0.08640536208655107,0.5564621885472826,0.08567681771819904,0.9915682967959528,0.1539670070699136,1.781914957033418,1.781914957033418,0.07998737687584612,0.09328609477134064,0.5446801576520175,0.5681810471169504,0.07928464746485434,0.09253255057241028,0.9804155611447366,0.9963932569825368,0.14286848343258407,0.16576096707689703,0.0007285443683520326,0.0003112294898499568,0.0017044656304901666,0.008431703204047217,
5bb9df908826ce76667fbb986dd0b2d815b0da2460be6c9164ee2ade960a965f,mlb,RBI>=2,RBI>=1 & hits_plus_runs_plus_RBI>=2 & total_bases>=1,3,EMPIRICAL_CANDIDATE,2,"[{""explanation"": ""Threshold monotonicity"", ""proven"": true, ""rule_version"": ""mlb-official-batting-v1""}, {""explanation"": ""HRR includes nonnegative RBI"", ""proven"": true, ""rule_version"": ""mlb-official-batting-v1""}, {""explanation"": ""No proof from configured rules"", ""proven"": false, ""rule_version"": ""mlb-official-batting-v1""}]",6863,593,1608,588,5,0.08640536208655107,0.2342998688620137,0.08567681771819904,0.9915682967959528,0.3656716417910448,4.232048022954368,4.232048022954368,0.07998737687584612,0.09328609477134064,0.22442931380413114,0.24446770065725518,0.07928464746485434,0.09253255057241028,0.9804155611447366,0.9963932569825368,0.34247760023643953,0.3895059657427646,0.0007285443683520326,0.0003112294898499568,0.0017044656304901666,0.008431703204047217,
5d46d186acf52d52ac94b7a6ffef9465e04b1d05247e82c27be928387edce619,mlb,RBI>=2,hits_plus_runs_plus_RBI>=1 & hits_plus_runs_plus_RBI>=3 & total_bases>=1,3,EMPIRICAL_CANDIDATE,1,"[{""explanation"": ""HRR includes nonnegative RBI"", ""proven"": true, ""rule_version"": ""mlb-official-batting-v1""}, {""explanation"": ""No proof from configured rules"", ""proven"": false, ""rule_version"": ""mlb-official-batting-v1""}, {""explanation"": ""No proof from configured rules"", ""proven"": false, ""rule_version"": ""mlb-official-batting-v1""}]",6863,593,1765,588,5,0.08640536208655107,0.25717616202826754,0.08567681771819904,0.9915682967959528,0.33314447592067986,3.8555995585895886,3.8555995585895886,0.07998737687584612,0.09328609477134064,0.24697331696725122,0.2676506888456911,0.07928464746485434,0.09253255057241028,0.9804155611447366,0.9963932569825368,0.3115386201011498,0.3554750644420129,0.0007285443683520326,0.0003112294898499568,0.0017044656304901666,0.008431703204047217,
5d6311a8d1c5d72c6f8ce0f294f5ebcf8e03f53524af6da35a71051301863323,mlb,RBI>=2,hits_plus_runs_plus_RBI>=1 & total_bases>=1,2,EMPIRICAL_CANDIDATE,1,"[{""explanation"": ""HRR includes nonnegative RBI"", ""proven"": true, ""rule_version"": ""mlb-official-batting-v1""}, {""explanation"": ""No proof from configured rules"", ""proven"": false, ""rule_version"": ""mlb-official-batting-v1""}]",6863,593,3819,588,5,0.08640536208655107,0.5564621885472826,0.08567681771819904,0.9915682967959528,0.1539670070699136,1.781914957033418,1.781914957033418,0.07998737687584612,0.09328609477134064,0.5446801576520175,0.5681810471169504,0.07928464746485434,0.09253255057241028,0.9804155611447366,0.9963932569825368,0.14286848343258407,0.16576096707689703,0.0007285443683520326,0.0003112294898499568,0.0017044656304901666,0.008431703204047217,
5e19aa8ff4fb3e80ca7ed5e946e3d3cb33aa256db7da3c13174d290866784568,mlb,RBI>=2,hits>=1 & hits_plus_runs_plus_RBI>=2,2,EMPIRICAL_CANDIDATE,1,"[{""explanation"": ""No proof from configured rules"", ""proven"": false, ""rule_version"": ""mlb-official-batting-v1""}, {""explanation"": ""HRR includes nonnegative RBI"", ""proven"": true, ""rule_version"": ""mlb-official-batting-v1""}]",6863,593,2742,588,5,0.08640536208655107,0.3995337316042547,0.08567681771819904,0.9915682967959528,0.21444201312910285,2.481813720244575,2.481813720244575,0.07998737687584612,0.09328609477134064,0.3880049429454243,0.41117492624630914,0.07928464746485434,0.09253255057241028,0.9804155611447366,0.9963932569825368,0.19948468678306377,0.23019833625914124,0.0007285443683520326,0.0003112294898499568,0.0017044656304901666,0.008431703204047217,
628fe3485657555fcee8006a1d74cf3e1d21df4225194f146578c188bd128854,mlb,RBI>=2,RBI>=1 & total_bases>=1,2,EMPIRICAL_CANDIDATE,1,"[{""explanation"": ""Threshold monotonicity"", ""proven"": true, ""rule_version"": ""mlb-official-batting-v1""}, {""explanation"": ""No proof from configured rules"", ""proven"": false, ""rule_version"": ""mlb-official-batting-v1""}]",6863,593,1608,588,5,0.08640536208655107,0.2342998688620137,0.08567681771819904,0.9915682967959528,0.3656716417910448,4.232048022954368,4.232048022954368,0.07998737687584612,0.09328609477134064,0.22442931380413114,0.24446770065725518,0.07928464746485434,0.09253255057241028,0.9804155611447366,0.9963932569825368,0.34247760023643953,0.3895059657427646,0.0007285443683520326,0.0003112294898499568,0.0017044656304901666,0.008431703204047217,
7834e222a24e7d01f37bd26c7246427e024d6dfbced5a2a15316ee6612a1de5b,mlb,RBI>=2,hits>=1 & hits_plus_runs_plus_RBI>=3 & total_bases>=1,3,EMPIRICAL_CANDIDATE,0,"[{""explanation"": ""No proof from configured rules"", ""proven"": false, ""rule_version"": ""mlb-official-batting-v1""}, {""explanation"": ""No proof from configured rules"", ""proven"": false, ""rule_version"": ""mlb-official-batting-v1""}, {""explanation"": ""No proof from configured rules"", ""proven"": false, ""rule_version"": ""mlb-official-batting-v1""}]",6863,593,1765,588,5,0.08640536208655107,0.25717616202826754,0.08567681771819904,0.9915682967959528,0.33314447592067986,3.8555995585895886,3.8555995585895886,0.07998737687584612,0.09328609477134064,0.24697331696725122,0.2676506888456911,0.07928464746485434,0.09253255057241028,0.9804155611447366,0.9963932569825368,0.3115386201011498,0.3554750644420129,0.0007285443683520326,0.0003112294898499568,0.0017044656304901666,0.008431703204047217,
8e08f5ab6fff7991925014f5b8ec619034c1147d2e4ee1d061923a40c3b13109,mlb,RBI>=2,hits_plus_runs_plus_RBI>=2 & hits_plus_runs_plus_RBI>=3 & total_bases>=1,3,EMPIRICAL_CANDIDATE,1,"[{""explanation"": ""HRR includes nonnegative RBI"", ""proven"": true, ""rule_version"": ""mlb-official-batting-v1""}, {""explanation"": ""No proof from configured rules"", ""proven"": false, ""rule_version"": ""mlb-official-batting-v1""}, {""explanation"": ""No proof from configured rules"", ""proven"": false, ""rule_version"": ""mlb-official-batting-v1""}]",6863,593,1765,588,5,0.08640536208655107,0.25717616202826754,0.08567681771819904,0.9915682967959528,0.33314447592067986,3.8555995585895886,3.8555995585895886,0.07998737687584612,0.09328609477134064,0.24697331696725122,0.2676506888456911,0.07928464746485434,0.09253255057241028,0.9804155611447366,0.9963932569825368,0.3115386201011498,0.3554750644420129,0.0007285443683520326,0.0003112294898499568,0.0017044656304901666,0.008431703204047217,
90ca6068614c812fa50cca265f982915c33bc3ecb3cdbcc60a20ae1b07617ae4,mlb,RBI>=2,RBI>=1 & hits>=1 & hits_plus_runs_plus_RBI>=2,3,EMPIRICAL_CANDIDATE,2,"[{""explanation"": ""Threshold monotonicity"", ""proven"": true, ""rule_version"": ""mlb-official-batting-v1""}, {""explanation"": ""No proof from configured rules"", ""proven"": false, ""rule_version"": ""mlb-official-batting-v1""}, {""explanation"": ""HRR includes nonnegative RBI"", ""proven"": true, ""rule_version"": ""mlb-official-batting-v1""}]",6863,593,1608,588,5,0.08640536208655107,0.2342998688620137,0.08567681771819904,0.9915682967959528,0.3656716417910448,4.232048022954368,4.232048022954368,0.07998737687584612,0.09328609477134064,0.22442931380413114,0.24446770065725518,0.07928464746485434,0.09253255057241028,0.9804155611447366,0.9963932569825368,0.34247760023643953,0.3895059657427646,0.0007285443683520326,0.0003112294898499568,0.0017044656304901666,0.008431703204047217,
916c03ca0d23dc3ebab996a67784809494cf34b26009592c07c7fed4d0fdf956,mlb,RBI>=2,RBI>=1 & hits>=1 & hits_plus_runs_plus_RBI>=3,3,EMPIRICAL_CANDIDATE,1,"[{""explanation"": ""Threshold monotonicity"", ""proven"": true, ""rule_version"": ""mlb-official-batting-v1""}, {""explanation"": ""No proof from configured rules"", ""proven"": false, ""rule_version"": ""mlb-official-batting-v1""}, {""explanation"": ""No proof from configured rules"", ""proven"": false, ""rule_version"": ""mlb-official-batting-v1""}]",6863,593,1315,588,5,0.08640536208655107,0.19160716887658458,0.08567681771819904,0.9915682967959528,0.44714828897338404,5.175006251643061,5.175006251643061,0.07998737687584612,0.09328609477134064,0.182469442247925,0.2010899386720224,0.07928464746485434,0.09253255057241028,0.9804155611447366,0.9963932569825368,0.4204680078711843,0.4741364579875902,0.0007285443683520326,0.0003112294898499568,0.0017044656304901666,0.008431703204047217,
98f7c370068a6eb2f273d8edf0b37794a5b8134e320de94820b8c8a86f8c9953,mlb,RBI>=2,hits>=1,1,EMPIRICAL_CANDIDATE,0,"[{""explanation"": ""No proof from configured rules"", ""proven"": false, ""rule_version"": ""mlb-official-batting-v1""}]",6863,593,3819,588,5,0.08640536208655107,0.5564621885472826,0.08567681771819904,0.9915682967959528,0.1539670070699136,1.781914957033418,1.781914957033418,0.07998737687584612,0.09328609477134064,0.5446801576520175,0.5681810471169504,0.07928464746485434,0.09253255057241028,0.9804155611447366,0.9963932569825368,0.14286848343258407,0.16576096707689703,0.0007285443683520326,0.0003112294898499568,0.0017044656304901666,0.008431703204047217,
9bf8b018f6171054fe91f24ca161a9cf5f009a916b95ec64e397c5bdf7a81366,mlb,RBI>=2,hits_plus_runs_plus_RBI>=1 & hits_plus_runs_plus_RBI>=2 & total_bases>=1,3,EMPIRICAL_CANDIDATE,2,"[{""explanation"": ""HRR includes nonnegative RBI"", ""proven"": true, ""rule_version"": ""mlb-official-batting-v1""}, {""explanation"": ""HRR includes nonnegative RBI"", ""proven"": true, ""rule_version"": ""mlb-official-batting-v1""}, {""explanation"": ""No proof from configured rules"", ""proven"": false, ""rule_version"": ""mlb-official-batting-v1""}]",6863,593,2742,588,5,0.08640536208655107,0.3995337316042547,0.08567681771819904,0.9915682967959528,0.21444201312910285,2.481813720244575,2.481813720244575,0.07998737687584612,0.09328609477134064,0.3880049429454243,0.41117492624630914,0.07928464746485434,0.09253255057241028,0.9804155611447366,0.9963932569825368,0.19948468678306377,0.23019833625914124,0.0007285443683520326,0.0003112294898499568,0.0017044656304901666,0.008431703204047217,
a14ef47e8d398cd38ab83301a7ff90a73748894e3bc71dd08fdfa558d4ee7182,mlb,RBI>=2,hits>=1 & hits_plus_runs_plus_RBI>=1 & hits_plus_runs_plus_RBI>=3,3,EMPIRICAL_CANDIDATE,1,"[{""explanation"": ""No proof from configured rules"", ""proven"": false, ""rule_version"": ""mlb-official-batting-v1""}, {""explanation"": ""HRR includes nonnegative RBI"", ""proven"": true, ""rule_version"": ""mlb-official-batting-v1""}, {""explanation"": ""No proof from configured rules"", ""proven"": false, ""rule_version"": ""mlb-official-batting-v1""}]",6863,593,1765,588,5,0.08640536208655107,0.25717616202826754,0.08567681771819904,0.9915682967959528,0.33314447592067986,3.8555995585895886,3.8555995585895886,0.07998737687584612,0.09328609477134064,0.24697331696725122,0.2676506888456911,0.07928464746485434,0.09253255057241028,0.9804155611447366,0.9963932569825368,0.3115386201011498,0.3554750644420129,0.0007285443683520326,0.0003112294898499568,0.0017044656304901666,0.008431703204047217,
b11034061971d8c11b293ca247d4809a79676b150f4b271559884ad16b25d2e8,mlb,RBI>=2,hits>=1 & hits_plus_runs_plus_RBI>=2 & hits_plus_runs_plus_RBI>=3,3,EMPIRICAL_CANDIDATE,1,"[{""explanation"": ""No proof from configured rules"", ""proven"": false, ""rule_version"": ""mlb-official-batting-v1""}, {""explanation"": ""HRR includes nonnegative RBI"", ""proven"": true, ""rule_version"": ""mlb-official-batting-v1""}, {""explanation"": ""No proof from configured rules"", ""proven"": false, ""rule_version"": ""mlb-official-batting-v1""}]",6863,593,1765,588,5,0.08640536208655107,0.25717616202826754,0.08567681771819904,0.9915682967959528,0.33314447592067986,3.8555995585895886,3.8555995585895886,0.07998737687584612,0.09328609477134064,0.24697331696725122,0.2676506888456911,0.07928464746485434,0.09253255057241028,0.9804155611447366,0.9963932569825368,0.3115386201011498,0.3554750644420129,0.0007285443683520326,0.0003112294898499568,0.0017044656304901666,0.008431703204047217,
ce8e32fa863861fefdb5e73c7ca81302e490c28298b2a5dd9b0543b7bb92dfd0,mlb,RBI>=2,hits>=1 & hits_plus_runs_plus_RBI>=2 & total_bases>=1,3,EMPIRICAL_CANDIDATE,1,"[{""explanation"": ""No proof from configured rules"", ""proven"": false, ""rule_version"": ""mlb-official-batting-v1""}, {""explanation"": ""HRR includes nonnegative RBI"", ""proven"": true, ""rule_version"": ""mlb-official-batting-v1""}, {""explanation"": ""No proof from configured rules"", ""proven"": false, ""rule_version"": ""mlb-official-batting-v1""}]",6863,593,2742,588,5,0.08640536208655107,0.3995337316042547,0.08567681771819904,0.9915682967959528,0.21444201312910285,2.481813720244575,2.481813720244575,0.07998737687584612,0.09328609477134064,0.3880049429454243,0.41117492624630914,0.07928464746485434,0.09253255057241028,0.9804155611447366,0.9963932569825368,0.19948468678306377,0.23019833625914124,0.0007285443683520326,0.0003112294898499568,0.0017044656304901666,0.008431703204047217,
d0232ecbb3e1637741fdcaf1697447236e1fad1363a7ca2c06f0c78fef98048d,mlb,RBI>=2,RBI>=1 & hits>=1,2,EMPIRICAL_CANDIDATE,1,"[{""explanation"": ""Threshold monotonicity"", ""proven"": true, ""rule_version"": ""mlb-official-batting-v1""}, {""explanation"": ""No proof from configured rules"", ""proven"": false, ""rule_version"": ""mlb-official-batting-v1""}]",6863,593,1608,588,5,0.08640536208655107,0.2342998688620137,0.08567681771819904,0.9915682967959528,0.3656716417910448,4.232048022954368,4.232048022954368,0.07998737687584612,0.09328609477134064,0.22442931380413114,0.24446770065725518,0.07928464746485434,0.09253255057241028,0.9804155611447366,0.9963932569825368,0.34247760023643953,0.3895059657427646,0.0007285443683520326,0.0003112294898499568,0.0017044656304901666,0.008431703204047217,
d2d131765e89547226afc9b86aa176c6298f371f9d3068af1e205e65cdcb6945,mlb,RBI>=2,hits_plus_runs_plus_RBI>=3 & total_bases>=1,2,EMPIRICAL_CANDIDATE,0,"[{""explanation"": ""No proof from configured rules"", ""proven"": false, ""rule_version"": ""mlb-official-batting-v1""}, {""explanation"": ""No proof from configured rules"", ""proven"": false, ""rule_version"": ""mlb-official-batting-v1""}]",6863,593,1765,588,5,0.08640536208655107,0.25717616202826754,0.08567681771819904,0.9915682967959528,0.33314447592067986,3.8555995585895886,3.8555995585895886,0.07998737687584612,0.09328609477134064,0.24697331696725122,0.2676506888456911,0.07928464746485434,0.09253255057241028,0.9804155611447366,0.9963932569825368,0.3115386201011498,0.3554750644420129,0.0007285443683520326,0.0003112294898499568,0.0017044656304901666,0.008431703204047217,
d699cc76ff3c5d1532350439bd0d3e7117cffb9d289dd713987bb31bcd0586e6,mlb,RBI>=2,hits>=1 & hits_plus_runs_plus_RBI>=1,2,EMPIRICAL_CANDIDATE,1,"[{""explanation"": ""No proof from configured rules"", ""proven"": false, ""rule_version"": ""mlb-official-batting-v1""}, {""explanation"": ""HRR includes nonnegative RBI"", ""proven"": true, ""rule_version"": ""mlb-official-batting-v1""}]",6863,593,3819,588,5,0.08640536208655107,0.5564621885472826,0.08567681771819904,0.9915682967959528,0.1539670070699136,1.781914957033418,1.781914957033418,0.07998737687584612,0.09328609477134064,0.5446801576520175,0.5681810471169504,0.07928464746485434,0.09253255057241028,0.9804155611447366,0.9963932569825368,0.14286848343258407,0.16576096707689703,0.0007285443683520326,0.0003112294898499568,0.0017044656304901666,0.008431703204047217,
d8423190866a95b071a404693572f27caa6da69a28474cadca2106747cda7f10,mlb,RBI>=2,RBI>=1 & hits_plus_runs_plus_RBI>=3 & total_bases>=1,3,EMPIRICAL_CANDIDATE,1,"[{""explanation"": ""Threshold monotonicity"", ""proven"": true, ""rule_version"": ""mlb-official-batting-v1""}, {""explanation"": ""No proof from configured rules"", ""proven"": false, ""rule_version"": ""mlb-official-batting-v1""}, {""explanation"": ""No proof from configured rules"", ""proven"": false, ""rule_version"": ""mlb-official-batting-v1""}]",6863,593,1315,588,5,0.08640536208655107,0.19160716887658458,0.08567681771819904,0.9915682967959528,0.44714828897338404,5.175006251643061,5.175006251643061,0.07998737687584612,0.09328609477134064,0.182469442247925,0.2010899386720224,0.07928464746485434,0.09253255057241028,0.9804155611447366,0.9963932569825368,0.4204680078711843,0.4741364579875902,0.0007285443683520326,0.0003112294898499568,0.0017044656304901666,0.008431703204047217,
e60d7f26ccadd2e55b71da68c428d08f53c73d1e41c63de5f0d9ae9c742cf8f9,mlb,RBI>=2,RBI>=1 & hits_plus_runs_plus_RBI>=1 & total_bases>=1,3,EMPIRICAL_CANDIDATE,2,"[{""explanation"": ""Threshold monotonicity"", ""proven"": true, ""rule_version"": ""mlb-official-batting-v1""}, {""explanation"": ""HRR includes nonnegative RBI"", ""proven"": true, ""rule_version"": ""mlb-official-batting-v1""}, {""explanation"": ""No proof from configured rules"", ""proven"": false, ""rule_version"": ""mlb-official-batting-v1""}]",6863,593,1608,588,5,0.08640536208655107,0.2342998688620137,0.08567681771819904,0.9915682967959528,0.3656716417910448,4.232048022954368,4.232048022954368,0.07998737687584612,0.09328609477134064,0.22442931380413114,0.24446770065725518,0.07928464746485434,0.09253255057241028,0.9804155611447366,0.9963932569825368,0.34247760023643953,0.3895059657427646,0.0007285443683520326,0.0003112294898499568,0.0017044656304901666,0.008431703204047217,
07790685c3f6abdf5026612378ea6eccaca1f3085dd9c42b6e0132b9dcfabcbf,mlb,hits_plus_runs_plus_RBI>=5,total_bases>=2,1,EMPIRICAL_CANDIDATE,0,"[{""explanation"": ""No proof from configured rules"", ""proven"": false, ""rule_version"": ""mlb-official-batting-v1""}]",6863,554,2181,549,5,0.08072271601340522,0.3177910534751566,0.07999417164505318,0.9909747292418772,0.2517193947730399,3.11832167207107,3.11832167207107,0.07450996230136143,0.08740457518843243,0.3068796786974051,0.3289062914610614,0.07380839283435443,0.08664987104551726,0.9790485106757101,0.9961389577316118,0.23395248313817185,0.2703593763664679,0.0007285443683520326,0.0003112294898499568,0.0017044656304901666,0.009025270758122744,
0c095634ffeff64c3a24d7f1a4cfd31a4c932eee817345a31e1fb794376e96db,mlb,hits_plus_runs_plus_RBI>=5,hits_plus_runs_plus_RBI>=1 & hits_plus_runs_plus_RBI>=4 & total_bases>=2,3,EMPIRICAL_CANDIDATE,2,"[{""explanation"": ""Threshold monotonicity"", ""proven"": true, ""rule_version"": ""mlb-official-batting-v1""}, {""explanation"": ""Threshold monotonicity"", ""proven"": true, ""rule_version"": ""mlb-official-batting-v1""}, {""explanation"": ""No proof from configured rules"", ""proven"": false, ""rule_version"": ""mlb-official-batting-v1""}]",6863,554,987,549,5,0.08072271601340522,0.14381465831269125,0.07999417164505318,0.9909747292418772,0.5562310030395137,6.890637858953397,6.890637858953397,0.07450996230136143,0.08740457518843243,0.13571196481444647,0.1523158672946069,0.07380839283435443,0.08664987104551726,0.9790485106757101,0.9961389577316118,0.5250770895453161,0.5869489051401635,0.0007285443683520326,0.0003112294898499568,0.0017044656304901666,0.009025270758122744,
16ea111aab1f4dc3b60aa2c8fb61452a81d32cdb529e7ff034bd7ae0da2c6aaa,mlb,hits_plus_runs_plus_RBI>=5,hits_plus_runs_plus_RBI>=1 & hits_plus_runs_plus_RBI>=3 & total_bases>=2,3,EMPIRICAL_CANDIDATE,2,"[{""explanation"": ""Threshold monotonicity"", ""proven"": true, ""rule_version"": ""mlb-official-batting-v1""}, {""explanation"": ""Threshold monotonicity"", ""proven"": true, ""rule_version"": ""mlb-official-batting-v1""}, {""explanation"": ""No proof from configured rules"", ""proven"": false, ""rule_version"": ""mlb-official-batting-v1""}]",6863,554,1592,549,5,0.08072271601340522,0.2319685268832872,0.07999417164505318,0.9909747292418772,0.34484924623115576,4.272022340946609,4.27202234094661,0.07450996230136143,0.08740457518843243,0.22213405499782432,0.24210288391181103,0.07380839283435443,0.08664987104551726,0.9790485106757101,0.9961389577316118,0.32189919628375463,0.36854624410162073,0.0007285443683520326,0.0003112294898499568,0.0017044656304901666,0.009025270758122744,
1b0a593c09fd9f7942bc79082605380852547490c1a178a4dc0df5790336ab8c,mlb,hits_plus_runs_plus_RBI>=5,hits_plus_runs_plus_RBI>=2 & hits_plus_runs_plus_RBI>=3 & total_bases>=2,3,EMPIRICAL_CANDIDATE,2,"[{""explanation"": ""Threshold monotonicity"", ""proven"": true, ""rule_version"": ""mlb-official-batting-v1""}, {""explanation"": ""Threshold monotonicity"", ""proven"": true, ""rule_version"": ""mlb-official-batting-v1""}, {""explanation"": ""No proof from configured rules"", ""proven"": false, ""rule_version"": ""mlb-official-batting-v1""}]",6863,554,1592,549,5,0.08072271601340522,0.2319685268832872,0.07999417164505318,0.9909747292418772,0.34484924623115576,4.272022340946609,4.27202234094661,0.07450996230136143,0.08740457518843243,0.22213405499782432,0.24210288391181103,0.07380839283435443,0.08664987104551726,0.9790485106757101,0.9961389577316118,0.32189919628375463,0.36854624410162073,0.0007285443683520326,0.0003112294898499568,0.0017044656304901666,0.009025270758122744,
1b86db314faccb779f467da277e1a4c1174c44d5170cae9d4ff1fec88b57260b,mlb,hits_plus_runs_plus_RBI>=5,hits_plus_runs_plus_RBI>=3 & total_bases>=2,2,EMPIRICAL_CANDIDATE,1,"[{""explanation"": ""Threshold monotonicity"", ""proven"": true, ""rule_version"": ""mlb-official-batting-v1""}, {""explanation"": ""No proof from configured rules"", ""proven"": false, ""rule_version"": ""mlb-official-batting-v1""}]",6863,554,1592,549,5,0.08072271601340522,0.2319685268832872,0.07999417164505318,0.9909747292418772,0.34484924623115576,4.272022340946609,4.27202234094661,0.07450996230136143,0.08740457518843243,0.22213405499782432,0.24210288391181103,0.07380839283435443,0.08664987104551726,0.9790485106757101,0.9961389577316118,0.32189919628375463,0.36854624410162073,0.0007285443683520326,0.0003112294898499568,0.0017044656304901666,0.009025270758122744,
1ce6a5cc55858cab2c3d1c0a94274cd7c1c50f8f8010ea380a8871cf404d5b1e,mlb,hits_plus_runs_plus_RBI>=5,hits>=1 & hits_plus_runs_plus_RBI>=3 & total_bases>=2,3,EMPIRICAL_CANDIDATE,1,"[{""explanation"": ""No proof from configured rules"", ""proven"": false, ""rule_version"": ""mlb-official-batting-v1""}, {""explanation"": ""Threshold monotonicity"", ""proven"": true, ""rule_version"": ""mlb-official-batting-v1""}, {""explanation"": ""No proof from configured rules"", ""proven"": false, ""rule_version"": ""mlb-official-batting-v1""}]",6863,554,1592,549,5,0.08072271601340522,0.2319685268832872,0.07999417164505318,0.9909747292418772,0.34484924623115576,4.272022340946609,4.27202234094661,0.07450996230136143,0.08740457518843243,0.22213405499782432,0.24210288391181103,0.07380839283435443,0.08664987104551726,0.9790485106757101,0.9961389577316118,0.32189919628375463,0.36854624410162073,0.0007285443683520326,0.0003112294898499568,0.0017044656304901666,0.009025270758122744,
33d8852afbd83ea425e6d3e4c63e5d8471398c8a52587cd92d301c7544bfb7fc,mlb,hits_plus_runs_plus_RBI>=5,hits_plus_runs_plus_RBI>=2 & hits_plus_runs_plus_RBI>=4 & total_bases>=2,3,EMPIRICAL_CANDIDATE,2,"[{""explanation"": ""Threshold monotonicity"", ""proven"": true, ""rule_version"": ""mlb-official-batting-v1""}, {""explanation"": ""Threshold monotonicity"", ""proven"": true, ""rule_version"": ""mlb-official-batting-v1""}, {""explanation"": ""No proof from configured rules"", ""proven"": false, ""rule_version"": ""mlb-official-batting-v1""}]",6863,554,987,549,5,0.08072271601340522,0.14381465831269125,0.07999417164505318,0.9909747292418772,0.5562310030395137,6.890637858953397,6.890637858953397,0.07450996230136143,0.08740457518843243,0.13571196481444647,0.1523158672946069,0.07380839283435443,0.08664987104551726,0.9790485106757101,0.9961389577316118,0.5250770895453161,0.5869489051401635,0.0007285443683520326,0.0003112294898499568,0.0017044656304901666,0.009025270758122744,
376a8ced7c813056c90703c22a983fbb2d650b2eccc5d64322ba54c09d7e092e,mlb,hits_plus_runs_plus_RBI>=5,hits>=1 & hits_plus_runs_plus_RBI>=2 & total_bases>=2,3,EMPIRICAL_CANDIDATE,1,"[{""explanation"": ""No proof from configured rules"", ""proven"": false, ""rule_version"": ""mlb-official-batting-v1""}, {""explanation"": ""Threshold monotonicity"", ""proven"": true, ""rule_version"": ""mlb-official-batting-v1""}, {""explanation"": ""No proof from configured rules"", ""proven"": false, ""rule_version"": ""mlb-official-batting-v1""}]",6863,554,2010,549,5,0.08072271601340522,0.29287483607751713,0.07999417164505318,0.9909747292418772,0.27313432835820894,3.383611724769653,3.3836117247696533,0.07450996230136143,0.08740457518843243,0.28222645280215375,0.30375495989697465,0.07380839283435443,0.08664987104551726,0.9790485106757101,0.9961389577316118,0.25410191859259573,0.29303224333191485,0.0007285443683520326,0.0003112294898499568,0.0017044656304901666,0.009025270758122744,
3f24052d3c430844f17b8612eba013578bbab2546deaf54ac6493729267b84a0,mlb,hits_plus_runs_plus_RBI>=5,hits_plus_runs_plus_RBI>=3 & hits_plus_runs_plus_RBI>=4 & total_bases>=2,3,EMPIRICAL_CANDIDATE,2,"[{""explanation"": ""Threshold monotonicity"", ""proven"": true, ""rule_version"": ""mlb-official-batting-v1""}, {""explanation"": ""Threshold monotonicity"", ""proven"": true, ""rule_version"": ""mlb-official-batting-v1""}, {""explanation"": ""No proof from configured rules"", ""proven"": false, ""rule_version"": ""mlb-official-batting-v1""}]",6863,554,987,549,5,0.08072271601340522,0.14381465831269125,0.07999417164505318,0.9909747292418772,0.5562310030395137,6.890637858953397,6.890637858953397,0.07450996230136143,0.08740457518843243,0.13571196481444647,0.1523158672946069,0.07380839283435443,0.08664987104551726,0.9790485106757101,0.9961389577316118,0.5250770895453161,0.5869489051401635,0.0007285443683520326,0.0003112294898499568,0.0017044656304901666,0.009025270758122744,
4b39aac2c6ad4c6ddcd6e1753af1d20bfdbe7a3d32f0056825f257879e32f1a5,mlb,hits_plus_runs_plus_RBI>=5,total_bases>=1 & total_bases>=2,2,EMPIRICAL_CANDIDATE,0,"[{""explanation"": ""No proof from configured rules"", ""proven"": false, ""rule_version"": ""mlb-official-batting-v1""}, {""explanation"": ""No proof from configured rules"", ""proven"": false, ""rule_version"": ""mlb-official-batting-v1""}]",6863,554,2181,549,5,0.08072271601340522,0.3177910534751566,0.07999417164505318,0.9909747292418772,0.2517193947730399,3.11832167207107,3.11832167207107,0.07450996230136143,0.08740457518843243,0.3068796786974051,0.3289062914610614,0.07380839283435443,0.08664987104551726,0.9790485106757101,0.9961389577316118,0.23395248313817185,0.2703593763664679,0.0007285443683520326,0.0003112294898499568,0.0017044656304901666,0.009025270758122744,
53a0d7cdc8ff818f17000446818d66105109219305ee016552b42bcd8bb198e0,mlb,hits_plus_runs_plus_RBI>=5,hits_plus_runs_plus_RBI>=1 & total_bases>=1 & total_bases>=2,3,EMPIRICAL_CANDIDATE,1,"[{""explanation"": ""Threshold monotonicity"", ""proven"": true, ""rule_version"": ""mlb-official-batting-v1""}, {""explanation"": ""No proof from configured rules"", ""proven"": false, ""rule_version"": ""mlb-official-batting-v1""}, {""explanation"": ""No proof from configured rules"", ""proven"": false, ""rule_version"": ""mlb-official-batting-v1""}]",6863,554,2181,549,5,0.08072271601340522,0.3177910534751566,0.07999417164505318,0.9909747292418772,0.2517193947730399,3.11832167207107,3.11832167207107,0.07450996230136143,0.08740457518843243,0.3068796786974051,0.3289062914610614,0.07380839283435443,0.08664987104551726,0.9790485106757101,0.9961389577316118,0.23395248313817185,0.2703593763664679,0.0007285443683520326,0.0003112294898499568,0.0017044656304901666,0.009025270758122744,
5915d19cc77b734b6b5ea5815a80dea4a4edea64c136a8c49e02d554f65f8585,mlb,hits_plus_runs_plus_RBI>=5,hits_plus_runs_plus_RBI>=4 & total_bases>=1 & total_bases>=2,3,EMPIRICAL_CANDIDATE,1,"[{""explanation"": ""Threshold monotonicity"", ""proven"": true, ""rule_version"": ""mlb-official-batting-v1""}, {""explanation"": ""No proof from configured rules"", ""proven"": false, ""rule_version"": ""mlb-official-batting-v1""}, {""explanation"": ""No proof from configured rules"", ""proven"": false, ""rule_version"": ""mlb-official-batting-v1""}]",6863,554,987,549,5,0.08072271601340522,0.14381465831269125,0.07999417164505318,0.9909747292418772,0.5562310030395137,6.890637858953397,6.890637858953397,0.07450996230136143,0.08740457518843243,0.13571196481444647,0.1523158672946069,0.07380839283435443,0.08664987104551726,0.9790485106757101,0.9961389577316118,0.5250770895453161,0.5869489051401635,0.0007285443683520326,0.0003112294898499568,0.0017044656304901666,0.009025270758122744,
7f8ae235967d213acf846696a4d6c49fbe2fc1910e8142847e3937ddc5229c0d,mlb,hits_plus_runs_plus_RBI>=5,hits_plus_runs_plus_RBI>=3 & total_bases>=1 & total_bases>=2,3,EMPIRICAL_CANDIDATE,1,"[{""explanation"": ""Threshold monotonicity"", ""proven"": true, ""rule_version"": ""mlb-official-batting-v1""}, {""explanation"": ""No proof from configured rules"", ""proven"": false, ""rule_version"": ""mlb-official-batting-v1""}, {""explanation"": ""No proof from configured rules"", ""proven"": false, ""rule_version"": ""mlb-official-batting-v1""}]",6863,554,1592,549,5,0.08072271601340522,0.2319685268832872,0.07999417164505318,0.9909747292418772,0.34484924623115576,4.272022340946609,4.27202234094661,0.07450996230136143,0.08740457518843243,0.22213405499782432,0.24210288391181103,0.07380839283435443,0.08664987104551726,0.9790485106757101,0.9961389577316118,0.32189919628375463,0.36854624410162073,0.0007285443683520326,0.0003112294898499568,0.0017044656304901666,0.009025270758122744,
9027a53218deb324a1ad8a0bfaba2721b430946b8b48131b6241fced902e0a54,mlb,hits_plus_runs_plus_RBI>=5,hits_plus_runs_plus_RBI>=1 & total_bases>=2,2,EMPIRICAL_CANDIDATE,1,"[{""explanation"": ""Threshold monotonicity"", ""proven"": true, ""rule_version"": ""mlb-official-batting-v1""}, {""explanation"": ""No proof from configured rules"", ""proven"": false, ""rule_version"": ""mlb-official-batting-v1""}]",6863,554,2181,549,5,0.08072271601340522,0.3177910534751566,0.07999417164505318,0.9909747292418772,0.2517193947730399,3.11832167207107,3.11832167207107,0.07450996230136143,0.08740457518843243,0.3068796786974051,0.3289062914610614,0.07380839283435443,0.08664987104551726,0.9790485106757101,0.9961389577316118,0.23395248313817185,0.2703593763664679,0.0007285443683520326,0.0003112294898499568,0.0017044656304901666,0.009025270758122744,
9f52b0ef9c154f69f0e84214ac5dd030e7261277197600cb36e228f5e916334b,mlb,hits_plus_runs_plus_RBI>=5,hits>=1 & hits_plus_runs_plus_RBI>=4 & total_bases>=2,3,EMPIRICAL_CANDIDATE,1,"[{""explanation"": ""No proof from configured rules"", ""proven"": false, ""rule_version"": ""mlb-official-batting-v1""}, {""explanation"": ""Threshold monotonicity"", ""proven"": true, ""rule_version"": ""mlb-official-batting-v1""}, {""explanation"": ""No proof from configured rules"", ""proven"": false, ""rule_version"": ""mlb-official-batting-v1""}]",6863,554,987,549,5,0.08072271601340522,0.14381465831269125,0.07999417164505318,0.9909747292418772,0.5562310030395137,6.890637858953397,6.890637858953397,0.07450996230136143,0.08740457518843243,0.13571196481444647,0.1523158672946069,0.07380839283435443,0.08664987104551726,0.9790485106757101,0.9961389577316118,0.5250770895453161,0.5869489051401635,0.0007285443683520326,0.0003112294898499568,0.0017044656304901666,0.009025270758122744,
c8aa4663be72e16108388fe765cef12b5c656003d51ec03191c0fc762b65dcc4,mlb,hits_plus_runs_plus_RBI>=5,hits_plus_runs_plus_RBI>=4 & total_bases>=2,2,EMPIRICAL_CANDIDATE,1,"[{""explanation"": ""Threshold monotonicity"", ""proven"": true, ""rule_version"": ""mlb-official-batting-v1""}, {""explanation"": ""No proof from configured rules"", ""proven"": false, ""rule_version"": ""mlb-official-batting-v1""}]",6863,554,987,549,5,0.08072271601340522,0.14381465831269125,0.07999417164505318,0.9909747292418772,0.5562310030395137,6.890637858953397,6.890637858953397,0.07450996230136143,0.08740457518843243,0.13571196481444647,0.1523158672946069,0.07380839283435443,0.08664987104551726,0.9790485106757101,0.9961389577316118,0.5250770895453161,0.5869489051401635,0.0007285443683520326,0.0003112294898499568,0.0017044656304901666,0.009025270758122744,
cf6d7f4f9707efd81707738474fb250772271b921a983b8a5af6449ac8b80ceb,mlb,hits_plus_runs_plus_RBI>=5,hits_plus_runs_plus_RBI>=2 & total_bases>=2,2,EMPIRICAL_CANDIDATE,1,"[{""explanation"": ""Threshold monotonicity"", ""proven"": true, ""rule_version"": ""mlb-official-batting-v1""}, {""explanation"": ""No proof from configured rules"", ""proven"": false, ""rule_version"": ""mlb-official-batting-v1""}]",6863,554,2010,549,5,0.08072271601340522,0.29287483607751713,0.07999417164505318,0.9909747292418772,0.27313432835820894,3.383611724769653,3.3836117247696533,0.07450996230136143,0.08740457518843243,0.28222645280215375,0.30375495989697465,0.07380839283435443,0.08664987104551726,0.9790485106757101,0.9961389577316118,0.25410191859259573,0.29303224333191485,0.0007285443683520326,0.0003112294898499568,0.0017044656304901666,0.009025270758122744,
d2a7ae0b991ee3c7049694ffc898e43edce4586ef62c491f1ed1dda6be4c934f,mlb,hits_plus_runs_plus_RBI>=5,hits>=1 & total_bases>=1 & total_bases>=2,3,EMPIRICAL_CANDIDATE,0,"[{""explanation"": ""No proof from configured rules"", ""proven"": false, ""rule_version"": ""mlb-official-batting-v1""}, {""explanation"": ""No proof from configured rules"", ""proven"": false, ""rule_version"": ""mlb-official-batting-v1""}, {""explanation"": ""No proof from configured rules"", ""proven"": false, ""rule_version"": ""mlb-official-batting-v1""}]",6863,554,2181,549,5,0.08072271601340522,0.3177910534751566,0.07999417164505318,0.9909747292418772,0.2517193947730399,3.11832167207107,3.11832167207107,0.07450996230136143,0.08740457518843243,0.3068796786974051,0.3289062914610614,0.07380839283435443,0.08664987104551726,0.9790485106757101,0.9961389577316118,0.23395248313817185,0.2703593763664679,0.0007285443683520326,0.0003112294898499568,0.0017044656304901666,0.009025270758122744,
d346921c3a2041775fc42a2f637f3adb385ecb67047f35b4517c53bc5c5fa731,mlb,hits_plus_runs_plus_RBI>=5,hits>=1 & hits_plus_runs_plus_RBI>=1 & total_bases>=2,3,EMPIRICAL_CANDIDATE,1,"[{""explanation"": ""No proof from configured rules"", ""proven"": false, ""rule_version"": ""mlb-official-batting-v1""}, {""explanation"": ""Threshold monotonicity"", ""proven"": true, ""rule_version"": ""mlb-official-batting-v1""}, {""explanation"": ""No proof from configured rules"", ""proven"": false, ""rule_version"": ""mlb-official-batting-v1""}]",6863,554,2181,549,5,0.08072271601340522,0.3177910534751566,0.07999417164505318,0.9909747292418772,0.2517193947730399,3.11832167207107,3.11832167207107,0.07450996230136143,0.08740457518843243,0.3068796786974051,0.3289062914610614,0.07380839283435443,0.08664987104551726,0.9790485106757101,0.9961389577316118,0.23395248313817185,0.2703593763664679,0.0007285443683520326,0.0003112294898499568,0.0017044656304901666,0.009025270758122744,
dc0bb7c634ed67f95379a0ed538eb0141028a23a1bc0a520465b3b3c57755dba,mlb,hits_plus_runs_plus_RBI>=5,hits>=1 & total_bases>=2,2,EMPIRICAL_CANDIDATE,0,"[{""explanation"": ""No proof from configured rules"", ""proven"": false, ""rule_version"": ""mlb-official-batting-v1""}, {""explanation"": ""No proof from configured rules"", ""proven"": false, ""rule_version"": ""mlb-official-batting-v1""}]",6863,554,2181,549,5,0.08072271601340522,0.3177910534751566,0.07999417164505318,0.9909747292418772,0.2517193947730399,3.11832167207107,3.11832167207107,0.07450996230136143,0.08740457518843243,0.3068796786974051,0.3289062914610614,0.07380839283435443,0.08664987104551726,0.9790485106757101,0.9961389577316118,0.23395248313817185,0.2703593763664679,0.0007285443683520326,0.0003112294898499568,0.0017044656304901666,0.009025270758122744,
dfbde6acec29a904023eae8b6a740e212b8b13bef9508a4607b4cf7a932d8bbe,mlb,hits_plus_runs_plus_RBI>=5,hits_plus_runs_plus_RBI>=2 & total_bases>=1 & total_bases>=2,3,EMPIRICAL_CANDIDATE,1,"[{""explanation"": ""Threshold monotonicity"", ""proven"": true, ""rule_version"": ""mlb-official-batting-v1""}, {""explanation"": ""No proof from configured rules"", ""proven"": false, ""rule_version"": ""mlb-official-batting-v1""}, {""explanation"": ""No proof from configured rules"", ""proven"": false, ""rule_version"": ""mlb-official-batting-v1""}]",6863,554,2010,549,5,0.08072271601340522,0.29287483607751713,0.07999417164505318,0.9909747292418772,0.27313432835820894,3.383611724769653,3.3836117247696533,0.07450996230136143,0.08740457518843243,0.28222645280215375,0.30375495989697465,0.07380839283435443,0.08664987104551726,0.9790485106757101,0.9961389577316118,0.25410191859259573,0.29303224333191485,0.0007285443683520326,0.0003112294898499568,0.0017044656304901666,0.009025270758122744,
f8edc28722371038f74f36984b90525eeaef8a17172b7800e64d675c2485ee54,mlb,hits_plus_runs_plus_RBI>=5,hits_plus_runs_plus_RBI>=1 & hits_plus_runs_plus_RBI>=2 & total_bases>=2,3,EMPIRICAL_CANDIDATE,2,"[{""explanation"": ""Threshold monotonicity"", ""proven"": true, ""rule_version"": ""mlb-official-batting-v1""}, {""explanation"": ""Threshold monotonicity"", ""proven"": true, ""rule_version"": ""mlb-official-batting-v1""}, {""explanation"": ""No proof from configured rules"", ""proven"": false, ""rule_version"": ""mlb-official-batting-v1""}]",6863,554,2010,549,5,0.08072271601340522,0.29287483607751713,0.07999417164505318,0.9909747292418772,0.27313432835820894,3.383611724769653,3.3836117247696533,0.07450996230136143,0.08740457518843243,0.28222645280215375,0.30375495989697465,0.07380839283435443,0.08664987104551726,0.9790485106757101,0.9961389577316118,0.25410191859259573,0.29303224333191485,0.0007285443683520326,0.0003112294898499568,0.0017044656304901666,0.009025270758122744,
0c72c6a35c2a24538d2f99bc92c27a28f611174f8b4239fc89a2294b14603b36,mlb,total_bases>=6,hits_plus_runs_plus_RBI>=3,1,EMPIRICAL_CANDIDATE,0,"[{""explanation"": ""No proof from configured rules"", ""proven"": false, ""rule_version"": ""mlb-official-batting-v1""}]",6863,162,1770,162,0,0.023604837534605856,0.25790470639661955,0.023604837534605856,1.0,0.09152542372881356,3.877401129943503,3.877401129943503,0.020270735508846068,0.027471950963050044,0.24769190548167133,0.26838837394119314,0.020270735508846068,0.027471950963050044,0.9768365591570956,1.0,0.07896196509022929,0.10585808023594856,0.0,0.0,0.0005594215104179578,0.0,
14259d00f2bfba000ee3d3fa9782d538890203335d5086b1f9e84d83a5355416,mlb,total_bases>=6,hits>=2 & hits_plus_runs_plus_RBI>=1 & hits_plus_runs_plus_RBI>=3,3,EMPIRICAL_CANDIDATE,2,"[{""explanation"": ""At most four TB per hit, so hits >= ceil(TB/4); HRR includes nonnegative hits"", ""proven"": true, ""rule_version"": ""mlb-official-batting-v1""}, {""explanation"": ""At most four TB per hit, so hits >= ceil(TB/4); HRR includes nonnegative hits"", ""proven"": true, ""rule_version"": ""mlb-official-batting-v1""}, {""explanation"": ""No proof from configured rules"", ""proven"": false, ""rule_version"": ""mlb-official-batting-v1""}]",6863,162,1179,162,0,0.023604837534605856,0.17179076205740929,0.023604837534605856,1.0,0.13740458015267176,5.821034775233249,5.821034775233249,0.020270735508846068,0.027471950963050044,0.16305094655019958,0.1808977921798649,0.020270735508846068,0.027471950963050044,0.9768365591570956,1.0,0.11892730809772088,0.1582370205415168,0.0,0.0,0.0005594215104179578,0.0,
210b3ed1fe25bf825656e5f340fe3539d70156f61d8d07afedb3bec85394d96e,mlb,total_bases>=6,hits_plus_runs_plus_RBI>=3 & total_bases>=2 & total_bases>=4,3,EMPIRICAL_CANDIDATE,2,"[{""explanation"": ""No proof from configured rules"", ""proven"": false, ""rule_version"": ""mlb-official-batting-v1""}, {""explanation"": ""Threshold monotonicity"", ""proven"": true, ""rule_version"": ""mlb-official-batting-v1""}, {""explanation"": ""Threshold monotonicity"", ""proven"": true, ""rule_version"": ""mlb-official-batting-v1""}]",6863,162,788,162,0,0.023604837534605856,0.11481859245228035,0.023604837534605856,1.0,0.20558375634517767,8.709390862944163,8.709390862944161,0.020270735508846068,0.027471950963050044,0.10749063733176285,0.12257750510238836,0.020270735508846068,0.027471950963050044,0.9768365591570956,1.0,0.17882785007582075,0.2351962644343682,0.0,0.0,0.0005594215104179578,0.0,
2619e83d56495d19122ee6944e2745b33673cf7786c915cccd0fb6002560e20e,mlb,total_bases>=6,hits_plus_runs_plus_RBI>=3 & total_bases>=1 & total_bases>=3,3,EMPIRICAL_CANDIDATE,2,"[{""explanation"": ""No proof from configured rules"", ""proven"": false, ""rule_version"": ""mlb-official-batting-v1""}, {""explanation"": ""Threshold monotonicity"", ""proven"": true, ""rule_version"": ""mlb-official-batting-v1""}, {""explanation"": ""Threshold monotonicity"", ""proven"": true, ""rule_version"": ""mlb-official-batting-v1""}]",6863,162,1135,162,0,0.023604837534605856,0.1653795716159114,0.023604837534605856,1.0,0.14273127753303966,6.046696035242291,6.046696035242291,0.020270735508846068,0.027471950963050044,0.1567774806586179,0.17435605030413154,0.020270735508846068,0.027471950963050044,0.9768365591570956,1.0,0.12358485150968104,0.16428793032615427,0.0,0.0,0.0005594215104179578,0.0,
27f58249f2f506612938fcba2bce4c97800fac087f92fc648703642992696b60,mlb,total_bases>=6,hits>=1 & hits_plus_runs_plus_RBI>=3 & total_bases>=5,3,EMPIRICAL_CANDIDATE,2,"[{""explanation"": ""At most four TB per hit, so hits >= ceil(TB/4); HRR includes nonnegative hits"", ""proven"": true, ""rule_version"": ""mlb-official-batting-v1""}, {""explanation"": ""No proof from configured rules"", ""proven"": false, ""rule_version"": ""mlb-official-batting-v1""}, {""explanation"": ""Threshold monotonicity"", ""proven"": true, ""rule_version"": ""mlb-official-batting-v1""}]",6863,162,359,162,0,0.023604837534605856,0.05230948564767594,0.023604837534605856,1.0,0.45125348189415043,19.11699164345404,19.11699164345404,0.020270735508846068,0.027471950963050044,0.047287833167272794,0.05783203353555663,0.020270735508846068,0.027471950963050044,0.9768365591570956,1.0,0.4005650993885408,0.5029740383005292,0.0,0.0,0.0005594215104179578,0.0,
28151524eb516410ae2189553e512af7f03101a2409f721cfc9dda4f707fda86,mlb,total_bases>=6,hits_plus_runs_plus_RBI>=3 & total_bases>=1,2,EMPIRICAL_CANDIDATE,1,"[{""explanation"": ""No proof from configured rules"", ""proven"": false, ""rule_version"": ""mlb-official-batting-v1""}, {""explanation"": ""Threshold monotonicity"", ""proven"": true, ""rule_version"": ""mlb-official-batting-v1""}]",6863,162,1765,162,0,0.023604837534605856,0.25717616202826754,0.023604837534605856,1.0,0.09178470254957508,3.888385269121813,3.888385269121813,0.020270735508846068,0.027471950963050044,0.24697331696725122,0.2676506888456911,0.020270735508846068,0.027471950963050044,0.9768365591570956,1.0,0.07918707970715458,0.10615539809708552,0.0,0.0,0.0005594215104179578,0.0,
2a9cb8eb6b0de9c85a515a2457416ae93be0b0d8fcc402ea2e2fdcb13b5c10fe,mlb,total_bases>=6,hits_plus_runs_plus_RBI>=2 & hits_plus_runs_plus_RBI>=3 & total_bases>=1,3,EMPIRICAL_CANDIDATE,2,"[{""explanation"": ""At most four TB per hit, so hits >= ceil(TB/4); HRR includes nonnegative hits"", ""proven"": true, ""rule_version"": ""mlb-official-batting-v1""}, {""explanation"": ""No proof from configured rules"", ""proven"": false, ""rule_version"": ""mlb-official-batting-v1""}, {""explanation"": ""Threshold monotonicity"", ""proven"": true, ""rule_version"": ""mlb-official-batting-v1""}]",6863,162,1765,162,0,0.023604837534605856,0.25717616202826754,0.023604837534605856,1.0,0.09178470254957508,3.888385269121813,3.888385269121813,0.020270735508846068,0.027471950963050044,0.24697331696725122,0.2676506888456911,0.020270735508846068,0.027471950963050044,0.9768365591570956,1.0,0.07918707970715458,0.10615539809708552,0.0,0.0,0.0005594215104179578,0.0,
2de8796fbe21cfc1219794571832af7ec9937d9f4a2c8539ac3793afc8ff48f5,mlb,total_bases>=6,hits>=1 & hits>=2 & hits_plus_runs_plus_RBI>=3,3,EMPIRICAL_CANDIDATE,2,"[{""explanation"": ""At most four TB per hit, so hits >= ceil(TB/4); HRR includes nonnegative hits"", ""proven"": true, ""rule_version"": ""mlb-official-batting-v1""}, {""explanation"": ""At most four TB per hit, so hits >= ceil(TB/4); HRR includes nonnegative hits"", ""proven"": true, ""rule_version"": ""mlb-official-batting-v1""}, {""explanation"": ""No proof from configured rules"", ""proven"": false, ""rule_version"": ""mlb-official-batting-v1""}]",6863,162,1179,162,0,0.023604837534605856,0.17179076205740929,0.023604837534605856,1.0,0.13740458015267176,5.821034775233249,5.821034775233249,0.020270735508846068,0.027471950963050044,0.16305094655019958,0.1808977921798649,0.020270735508846068,0.027471950963050044,0.9768365591570956,1.0,0.11892730809772088,0.1582370205415168,0.0,0.0,0.0005594215104179578,0.0,
33a5d66e94b78eac5d29b05602ac9dbeb596f5b4ca633a8cc86f85d1ac80d3fa,mlb,total_bases>=6,hits_plus_runs_plus_RBI>=2 & hits_plus_runs_plus_RBI>=3 & total_bases>=3,3,EMPIRICAL_CANDIDATE,2,"[{""explanation"": ""At most four TB per hit, so hits >= ceil(TB/4); HRR includes nonnegative hits"", ""proven"": true, ""rule_version"": ""mlb-official-batting-v1""}, {""explanation"": ""No proof from configured rules"", ""proven"": false, ""rule_version"": ""mlb-official-batting-v1""}, {""explanation"": ""Threshold monotonicity"", ""proven"": true, ""rule_version"": ""mlb-official-batting-v1""}]",6863,162,1135,162,0,0.023604837534605856,0.1653795716159114,0.023604837534605856,1.0,0.14273127753303966,6.046696035242291,6.046696035242291,0.020270735508846068,0.027471950963050044,0.1567774806586179,0.17435605030413154,0.020270735508846068,0.027471950963050044,0.9768365591570956,1.0,0.12358485150968104,0.16428793032615427,0.0,0.0,0.0005594215104179578,0.0,
360efc244277cc2feb99f63531431433b584f10b943dd1984b5da6dcbd8cbcdb,mlb,total_bases>=6,hits_plus_runs_plus_RBI>=3 & total_bases>=2,2,EMPIRICAL_CANDIDATE,1,"[{""explanation"": ""No proof from configured rules"", ""proven"": false, ""rule_version"": ""mlb-official-batting-v1""}, {""explanation"": ""Threshold monotonicity"", ""proven"": true, ""rule_version"": ""mlb-official-batting-v1""}]",6863,162,1592,162,0,0.023604837534605856,0.2319685268832872,0.023604837534605856,1.0,0.10175879396984924,4.310929648241205,4.310929648241206,0.020270735508846068,0.027471950963050044,0.22213405499782432,0.24210288391181103,0.020270735508846068,0.027471950963050044,0.9768365591570956,1.0,0.08785325447346509,0.11758160060478601,0.0,0.0,0.0005594215104179578,0.0,
3c17952d9191271448834b95e6324cb4026307e1e6888973772fd8deab803109,mlb,total_bases>=6,hits>=1 & hits_plus_runs_plus_RBI>=3 & total_bases>=2,3,EMPIRICAL_CANDIDATE,2,"[{""explanation"": ""At most four TB per hit, so hits >= ceil(TB/4); HRR includes nonnegative hits"", ""proven"": true, ""rule_version"": ""mlb-official-batting-v1""}, {""explanation"": ""No proof from configured rules"", ""proven"": false, ""rule_version"": ""mlb-official-batting-v1""}, {""explanation"": ""Threshold monotonicity"", ""proven"": true, ""rule_version"": ""mlb-official-batting-v1""}]",6863,162,1592,162,0,0.023604837534605856,0.2319685268832872,0.023604837534605856,1.0,0.10175879396984924,4.310929648241205,4.310929648241206,0.020270735508846068,0.027471950963050044,0.22213405499782432,0.24210288391181103,0.020270735508846068,0.027471950963050044,0.9768365591570956,1.0,0.08785325447346509,0.11758160060478601,0.0,0.0,0.0005594215104179578,0.0,
42de65df09da6acb134cc14e00a66cd29b9782f1645db59d1d55c86074813297,mlb,total_bases>=6,hits>=1 & hits_plus_runs_plus_RBI>=2 & hits_plus_runs_plus_RBI>=3,3,EMPIRICAL_CANDIDATE,2,"[{""explanation"": ""At most four TB per hit, so hits >= ceil(TB/4); HRR includes nonnegative hits"", ""proven"": true, ""rule_version"": ""mlb-official-batting-v1""}, {""explanation"": ""At most four TB per hit, so hits >= ceil(TB/4); HRR includes nonnegative hits"", ""proven"": true, ""rule_version"": ""mlb-official-batting-v1""}, {""explanation"": ""No proof from configured rules"", ""proven"": false, ""rule_version"": ""mlb-official-batting-v1""}]",6863,162,1765,162,0,0.023604837534605856,0.25717616202826754,0.023604837534605856,1.0,0.09178470254957508,3.888385269121813,3.888385269121813,0.020270735508846068,0.027471950963050044,0.24697331696725122,0.2676506888456911,0.020270735508846068,0.027471950963050044,0.9768365591570956,1.0,0.07918707970715458,0.10615539809708552,0.0,0.0,0.0005594215104179578,0.0,
42f07b62c7bd0b668dfa92daca9e492f38b9742a6997b1370748ef2315c5bca6,mlb,total_bases>=6,hits_plus_runs_plus_RBI>=3 & total_bases>=4,2,EMPIRICAL_CANDIDATE,1,"[{""explanation"": ""No proof from configured rules"", ""proven"": false, ""rule_version"": ""mlb-official-batting-v1""}, {""explanation"": ""Threshold monotonicity"", ""proven"": true, ""rule_version"": ""mlb-official-batting-v1""}]",6863,162,788,162,0,0.023604837534605856,0.11481859245228035,0.023604837534605856,1.0,0.20558375634517767,8.709390862944163,8.709390862944161,0.020270735508846068,0.027471950963050044,0.10749063733176285,0.12257750510238836,0.020270735508846068,0.027471950963050044,0.9768365591570956,1.0,0.17882785007582075,0.2351962644343682,0.0,0.0,0.0005594215104179578,0.0,
43cf3e5ff2474d4f95a7dfd02fb244fc13e3e3ac18136d41952b3eb5db5656bc,mlb,total_bases>=6,hits_plus_runs_plus_RBI>=1 & hits_plus_runs_plus_RBI>=3,2,EMPIRICAL_CANDIDATE,1,"[{""explanation"": ""At most four TB per hit, so hits >= ceil(TB/4); HRR includes nonnegative hits"", ""proven"": true, ""rule_version"": ""mlb-official-batting-v1""}, {""explanation"": ""No proof from configured rules"", ""proven"": false, ""rule_version"": ""mlb-official-batting-v1""}]",6863,162,1770,162,0,0.023604837534605856,0.25790470639661955,0.023604837534605856,1.0,0.09152542372881356,3.877401129943503,3.877401129943503,0.020270735508846068,0.027471950963050044,0.24769190548167133,0.26838837394119314,0.020270735508846068,0.027471950963050044,0.9768365591570956,1.0,0.07896196509022929,0.10585808023594856,0.0,0.0,0.0005594215104179578,0.0,
43f1ea865a657cad256891840ca68534290c7a24817abc1e14b3c4b451fb076c,mlb,total_bases>=6,hits>=1 & hits_plus_runs_plus_RBI>=3 & total_bases>=1,3,EMPIRICAL_CANDIDATE,2,"[{""explanation"": ""At most four TB per hit, so hits >= ceil(TB/4); HRR includes nonnegative hits"", ""proven"": true, ""rule_version"": ""mlb-official-batting-v1""}, {""explanation"": ""No proof from configured rules"", ""proven"": false, ""rule_version"": ""mlb-official-batting-v1""}, {""explanation"": ""Threshold monotonicity"", ""proven"": true, ""rule_version"": ""mlb-official-batting-v1""}]",6863,162,1765,162,0,0.023604837534605856,0.25717616202826754,0.023604837534605856,1.0,0.09178470254957508,3.888385269121813,3.888385269121813,0.020270735508846068,0.027471950963050044,0.24697331696725122,0.2676506888456911,0.020270735508846068,0.027471950963050044,0.9768365591570956,1.0,0.07918707970715458,0.10615539809708552,0.0,0.0,0.0005594215104179578,0.0,
46af393352ff5961d412b8b24521971f68842a62722b18ccb3b81769bc6fd7a3,mlb,total_bases>=6,hits>=2 & hits_plus_runs_plus_RBI>=3 & total_bases>=3,3,EMPIRICAL_CANDIDATE,2,"[{""explanation"": ""At most four TB per hit, so hits >= ceil(TB/4); HRR includes nonnegative hits"", ""proven"": true, ""rule_version"": ""mlb-official-batting-v1""}, {""explanation"": ""No proof from configured rules"", ""proven"": false, ""rule_version"": ""mlb-official-batting-v1""}, {""explanation"": ""Threshold monotonicity"", ""proven"": true, ""rule_version"": ""mlb-official-batting-v1""}]",6863,162,842,162,0,0.023604837534605856,0.1226868716304823,0.023604837534605856,1.0,0.19239904988123516,8.15083135391924,8.15083135391924,0.020270735508846068,0.027471950963050044,0.11513536037356788,0.1306605370477427,0.020270735508846068,0.027471950963050044,0.9768365591570956,1.0,0.16719472524065235,0.22039736474484414,0.0,0.0,0.0005594215104179578,0.0,
49cdae6c28bfc1d1a91c1a0412e3578ca544eacba5e34d7f53e6f5a3f24a2ed0,mlb,total_bases>=6,hits>=1 & hits_plus_runs_plus_RBI>=3,2,EMPIRICAL_CANDIDATE,1,"[{""explanation"": ""At most four TB per hit, so hits >= ceil(TB/4); HRR includes nonnegative hits"", ""proven"": true, ""rule_version"": ""mlb-official-batting-v1""}, {""explanation"": ""No proof from configured rules"", ""proven"": false, ""rule_version"": ""mlb-official-batting-v1""}]",6863,162,1765,162,0,0.023604837534605856,0.25717616202826754,0.023604837534605856,1.0,0.09178470254957508,3.888385269121813,3.888385269121813,0.020270735508846068,0.027471950963050044,0.24697331696725122,0.2676506888456911,0.020270735508846068,0.027471950963050044,0.9768365591570956,1.0,0.07918707970715458,0.10615539809708552,0.0,0.0,0.0005594215104179578,0.0,
4bd9f988f17b26921da19b05323ff7b3934f5f2b9e10fe1db8279f49106d1335,mlb,total_bases>=6,hits>=1 & hits_plus_runs_plus_RBI>=3 & total_bases>=4,3,EMPIRICAL_CANDIDATE,2,"[{""explanation"": ""At most four TB per hit, so hits >= ceil(TB/4); HRR includes nonnegative hits"", ""proven"": true, ""rule_version"": ""mlb-official-batting-v1""}, {""explanation"": ""No proof from configured rules"", ""proven"": false, ""rule_version"": ""mlb-official-batting-v1""}, {""explanation"": ""Threshold monotonicity"", ""proven"": true, ""rule_version"": ""mlb-official-batting-v1""}]",6863,162,788,162,0,0.023604837534605856,0.11481859245228035,0.023604837534605856,1.0,0.20558375634517767,8.709390862944163,8.709390862944161,0.020270735508846068,0.027471950963050044,0.10749063733176285,0.12257750510238836,0.020270735508846068,0.027471950963050044,0.9768365591570956,1.0,0.17882785007582075,0.2351962644343682,0.0,0.0,0.0005594215104179578,0.0,
4fb28085c5e0f82e80b710f452457a7aad3f4c5f9af4c407e5bda7b90c5c31ce,mlb,total_bases>=6,hits_plus_runs_plus_RBI>=2 & hits_plus_runs_plus_RBI>=3 & total_bases>=4,3,EMPIRICAL_CANDIDATE,2,"[{""explanation"": ""At most four TB per hit, so hits >= ceil(TB/4); HRR includes nonnegative hits"", ""proven"": true, ""rule_version"": ""mlb-official-batting-v1""}, {""explanation"": ""No proof from configured rules"", ""proven"": false, ""rule_version"": ""mlb-official-batting-v1""}, {""explanation"": ""Threshold monotonicity"", ""proven"": true, ""rule_version"": ""mlb-official-batting-v1""}]",6863,162,788,162,0,0.023604837534605856,0.11481859245228035,0.023604837534605856,1.0,0.20558375634517767,8.709390862944163,8.709390862944161,0.020270735508846068,0.027471950963050044,0.10749063733176285,0.12257750510238836,0.020270735508846068,0.027471950963050044,0.9768365591570956,1.0,0.17882785007582075,0.2351962644343682,0.0,0.0,0.0005594215104179578,0.0,
5aafdfb524e0ef721853c2dcb5db673aac3a68d357278c39a6d18fea6fec05a4,mlb,total_bases>=6,hits_plus_runs_plus_RBI>=1 & hits_plus_runs_plus_RBI>=3 & total_bases>=2,3,EMPIRICAL_CANDIDATE,2,"[{""explanation"": ""At most four TB per hit, so hits >= ceil(TB/4); HRR includes nonnegative hits"", ""proven"": true, ""rule_version"": ""mlb-official-batting-v1""}, {""explanation"": ""No proof from configured rules"", ""proven"": false, ""rule_version"": ""mlb-official-batting-v1""}, {""explanation"": ""Threshold monotonicity"", ""proven"": true, ""rule_version"": ""mlb-official-batting-v1""}]",6863,162,1592,162,0,0.023604837534605856,0.2319685268832872,0.023604837534605856,1.0,0.10175879396984924,4.310929648241205,4.310929648241206,0.020270735508846068,0.027471950963050044,0.22213405499782432,0.24210288391181103,0.020270735508846068,0.027471950963050044,0.9768365591570956,1.0,0.08785325447346509,0.11758160060478601,0.0,0.0,0.0005594215104179578,0.0,
5da4faccbf227f0caca501d720e2c3890e7a61b875df58d033c164ffde5da340,mlb,total_bases>=6,hits>=1 & hits_plus_runs_plus_RBI>=3 & total_bases>=3,3,EMPIRICAL_CANDIDATE,2,"[{""explanation"": ""At most four TB per hit, so hits >= ceil(TB/4); HRR includes nonnegative hits"", ""proven"": true, ""rule_version"": ""mlb-official-batting-v1""}, {""explanation"": ""No proof from configured rules"", ""proven"": false, ""rule_version"": ""mlb-official-batting-v1""}, {""explanation"": ""Threshold monotonicity"", ""proven"": true, ""rule_version"": ""mlb-official-batting-v1""}]",6863,162,1135,162,0,0.023604837534605856,0.1653795716159114,0.023604837534605856,1.0,0.14273127753303966,6.046696035242291,6.046696035242291,0.020270735508846068,0.027471950963050044,0.1567774806586179,0.17435605030413154,0.020270735508846068,0.027471950963050044,0.9768365591570956,1.0,0.12358485150968104,0.16428793032615427,0.0,0.0,0.0005594215104179578,0.0,
640ee097c2a6ca54f2b4b3c016cdf7b5f523243b84b8cbfa4ed6e5c513eaaece,mlb,total_bases>=6,hits_plus_runs_plus_RBI>=3 & total_bases>=5,2,EMPIRICAL_CANDIDATE,1,"[{""explanation"": ""No proof from configured rules"", ""proven"": false, ""rule_version"": ""mlb-official-batting-v1""}, {""explanation"": ""Threshold monotonicity"", ""proven"": true, ""rule_version"": ""mlb-official-batting-v1""}]",6863,162,359,162,0,0.023604837534605856,0.05230948564767594,0.023604837534605856,1.0,0.45125348189415043,19.11699164345404,19.11699164345404,0.020270735508846068,0.027471950963050044,0.047287833167272794,0.05783203353555663,0.020270735508846068,0.027471950963050044,0.9768365591570956,1.0,0.4005650993885408,0.5029740383005292,0.0,0.0,0.0005594215104179578,0.0,
65f6635e7312324f775754cf06f14fec12d04ec097c1c268ba8ba0564c302434,mlb,total_bases>=6,hits_plus_runs_plus_RBI>=1 & hits_plus_runs_plus_RBI>=3 & total_bases>=1,3,EMPIRICAL_CANDIDATE,2,"[{""explanation"": ""At most four TB per hit, so hits >= ceil(TB/4); HRR includes nonnegative hits"", ""proven"": true, ""rule_version"": ""mlb-official-batting-v1""}, {""explanation"": ""No proof from configured rules"", ""proven"": false, ""rule_version"": ""mlb-official-batting-v1""}, {""explanation"": ""Threshold monotonicity"", ""proven"": true, ""rule_version"": ""mlb-official-batting-v1""}]",6863,162,1765,162,0,0.023604837534605856,0.25717616202826754,0.023604837534605856,1.0,0.09178470254957508,3.888385269121813,3.888385269121813,0.020270735508846068,0.027471950963050044,0.24697331696725122,0.2676506888456911,0.020270735508846068,0.027471950963050044,0.9768365591570956,1.0,0.07918707970715458,0.10615539809708552,0.0,0.0,0.0005594215104179578,0.0,
668b493448ca85998648c74ca7c2a59fcbb0b7befccac8a1ede1fae84f779799,mlb,total_bases>=6,hits_plus_runs_plus_RBI>=1 & hits_plus_runs_plus_RBI>=3 & total_bases>=5,3,EMPIRICAL_CANDIDATE,2,"[{""explanation"": ""At most four TB per hit, so hits >= ceil(TB/4); HRR includes nonnegative hits"", ""proven"": true, ""rule_version"": ""mlb-official-batting-v1""}, {""explanation"": ""No proof from configured rules"", ""proven"": false, ""rule_version"": ""mlb-official-batting-v1""}, {""explanation"": ""Threshold monotonicity"", ""proven"": true, ""rule_version"": ""mlb-official-batting-v1""}]",6863,162,359,162,0,0.023604837534605856,0.05230948564767594,0.023604837534605856,1.0,0.45125348189415043,19.11699164345404,19.11699164345404,0.020270735508846068,0.027471950963050044,0.047287833167272794,0.05783203353555663,0.020270735508846068,0.027471950963050044,0.9768365591570956,1.0,0.4005650993885408,0.5029740383005292,0.0,0.0,0.0005594215104179578,0.0,
6710481212a164b6467f1d69a7444d3d4817685b6fdc9491414b3410827f885a,mlb,total_bases>=6,hits_plus_runs_plus_RBI>=3 & total_bases>=3,2,EMPIRICAL_CANDIDATE,1,"[{""explanation"": ""No proof from configured rules"", ""proven"": false, ""rule_version"": ""mlb-official-batting-v1""}, {""explanation"": ""Threshold monotonicity"", ""proven"": true, ""rule_version"": ""mlb-official-batting-v1""}]",6863,162,1135,162,0,0.023604837534605856,0.1653795716159114,0.023604837534605856,1.0,0.14273127753303966,6.046696035242291,6.046696035242291,0.020270735508846068,0.027471950963050044,0.1567774806586179,0.17435605030413154,0.020270735508846068,0.027471950963050044,0.9768365591570956,1.0,0.12358485150968104,0.16428793032615427,0.0,0.0,0.0005594215104179578,0.0,
840124067ad8a88f70cba4124f24c8fbab2aeb31e92724dd12da02ac745cbec8,mlb,total_bases>=6,hits_plus_runs_plus_RBI>=3 & total_bases>=1 & total_bases>=4,3,EMPIRICAL_CANDIDATE,2,"[{""explanation"": ""No proof from configured rules"", ""proven"": false, ""rule_version"": ""mlb-official-batting-v1""}, {""explanation"": ""Threshold monotonicity"", ""proven"": true, ""rule_version"": ""mlb-official-batting-v1""}, {""explanation"": ""Threshold monotonicity"", ""proven"": true, ""rule_version"": ""mlb-official-batting-v1""}]",6863,162,788,162,0,0.023604837534605856,0.11481859245228035,0.023604837534605856,1.0,0.20558375634517767,8.709390862944163,8.709390862944161,0.020270735508846068,0.027471950963050044,0.10749063733176285,0.12257750510238836,0.020270735508846068,0.027471950963050044,0.9768365591570956,1.0,0.17882785007582075,0.2351962644343682,0.0,0.0,0.0005594215104179578,0.0,
91f6517d1cc93fe9429a7a7b5728bfa83343d9b1ea51a00900cb33bb78da9d68,mlb,total_bases>=6,hits>=2 & hits_plus_runs_plus_RBI>=3 & total_bases>=5,3,EMPIRICAL_CANDIDATE,2,"[{""explanation"": ""At most four TB per hit, so hits >= ceil(TB/4); HRR includes nonnegative hits"", ""proven"": true, ""rule_version"": ""mlb-official-batting-v1""}, {""explanation"": ""No proof from configured rules"", ""proven"": false, ""rule_version"": ""mlb-official-batting-v1""}, {""explanation"": ""Threshold monotonicity"", ""proven"": true, ""rule_version"": ""mlb-official-batting-v1""}]",6863,162,359,162,0,0.023604837534605856,0.05230948564767594,0.023604837534605856,1.0,0.45125348189415043,19.11699164345404,19.11699164345404,0.020270735508846068,0.027471950963050044,0.047287833167272794,0.05783203353555663,0.020270735508846068,0.027471950963050044,0.9768365591570956,1.0,0.4005650993885408,0.5029740383005292,0.0,0.0,0.0005594215104179578,0.0,
96f145e202f48cf241314458f3726caf2e9e2af537edc83149dad74af808ead4,mlb,total_bases>=6,hits>=2 & hits_plus_runs_plus_RBI>=3 & total_bases>=4,3,EMPIRICAL_CANDIDATE,2,"[{""explanation"": ""At most four TB per hit, so hits >= ceil(TB/4); HRR includes nonnegative hits"", ""proven"": true, ""rule_version"": ""mlb-official-batting-v1""}, {""explanation"": ""No proof from configured rules"", ""proven"": false, ""rule_version"": ""mlb-official-batting-v1""}, {""explanation"": ""Threshold monotonicity"", ""proven"": true, ""rule_version"": ""mlb-official-batting-v1""}]",6863,162,514,162,0,0.023604837534605856,0.07489436106658895,0.023604837534605856,1.0,0.3151750972762646,13.352140077821012,13.352140077821012,0.020270735508846068,0.027471950963050044,0.06890191074811357,0.08136243786230297,0.020270735508846068,0.027471950963050044,0.9768365591570956,1.0,0.27650836889983627,0.35658396705816836,0.0,0.0,0.0005594215104179578,0.0,
9f10e98e9eba3adc8dc5ae41d8b1795570331e3c6505ca6ecb4485399e94990a,mlb,total_bases>=6,hits_plus_runs_plus_RBI>=3 & total_bases>=3 & total_bases>=4,3,EMPIRICAL_CANDIDATE,2,"[{""explanation"": ""No proof from configured rules"", ""proven"": false, ""rule_version"": ""mlb-official-batting-v1""}, {""explanation"": ""Threshold monotonicity"", ""proven"": true, ""rule_version"": ""mlb-official-batting-v1""}, {""explanation"": ""Threshold monotonicity"", ""proven"": true, ""rule_version"": ""mlb-official-batting-v1""}]",6863,162,788,162,0,0.023604837534605856,0.11481859245228035,0.023604837534605856,1.0,0.20558375634517767,8.709390862944163,8.709390862944161,0.020270735508846068,0.027471950963050044,0.10749063733176285,0.12257750510238836,0.020270735508846068,0.027471950963050044,0.9768365591570956,1.0,0.17882785007582075,0.2351962644343682,0.0,0.0,0.0005594215104179578,0.0,
a7d1da2d829f5f252c56f34240d8da37d5d52991ca4ac2e20b10fc5031a10296,mlb,total_bases>=6,hits_plus_runs_plus_RBI>=1 & hits_plus_runs_plus_RBI>=3 & total_bases>=4,3,EMPIRICAL_CANDIDATE,2,"[{""explanation"": ""At most four TB per hit, so hits >= ceil(TB/4); HRR includes nonnegative hits"", ""proven"": true, ""rule_version"": ""mlb-official-batting-v1""}, {""explanation"": ""No proof from configured rules"", ""proven"": false, ""rule_version"": ""mlb-official-batting-v1""}, {""explanation"": ""Threshold monotonicity"", ""proven"": true, ""rule_version"": ""mlb-official-batting-v1""}]",6863,162,788,162,0,0.023604837534605856,0.11481859245228035,0.023604837534605856,1.0,0.20558375634517767,8.709390862944163,8.709390862944161,0.020270735508846068,0.027471950963050044,0.10749063733176285,0.12257750510238836,0.020270735508846068,0.027471950963050044,0.9768365591570956,1.0,0.17882785007582075,0.2351962644343682,0.0,0.0,0.0005594215104179578,0.0,
abb6bfc9f32cdc1a3390eec66cf99b649aa783b519b0ea03e0a99cb0fb5a7845,mlb,total_bases>=6,hits_plus_runs_plus_RBI>=3 & total_bases>=4 & total_bases>=5,3,EMPIRICAL_CANDIDATE,2,"[{""explanation"": ""No proof from configured rules"", ""proven"": false, ""rule_version"": ""mlb-official-batting-v1""}, {""explanation"": ""Threshold monotonicity"", ""proven"": true, ""rule_version"": ""mlb-official-batting-v1""}, {""explanation"": ""Threshold monotonicity"", ""proven"": true, ""rule_version"": ""mlb-official-batting-v1""}]",6863,162,359,162,0,0.023604837534605856,0.05230948564767594,0.023604837534605856,1.0,0.45125348189415043,19.11699164345404,19.11699164345404,0.020270735508846068,0.027471950963050044,0.047287833167272794,0.05783203353555663,0.020270735508846068,0.027471950963050044,0.9768365591570956,1.0,0.4005650993885408,0.5029740383005292,0.0,0.0,0.0005594215104179578,0.0,
ae754aacf53f6ac5432628d668a282bb9b2afd12c2ea33dac98b8763e6c4f6da,mlb,total_bases>=6,hits_plus_runs_plus_RBI>=3 & total_bases>=1 & total_bases>=2,3,EMPIRICAL_CANDIDATE,2,"[{""explanation"": ""No proof from configured rules"", ""proven"": false, ""rule_version"": ""mlb-official-batting-v1""}, {""explanation"": ""Threshold monotonicity"", ""proven"": true, ""rule_version"": ""mlb-official-batting-v1""}, {""explanation"": ""Threshold monotonicity"", ""proven"": true, ""rule_version"": ""mlb-official-batting-v1""}]",6863,162,1592,162,0,0.023604837534605856,0.2319685268832872,0.023604837534605856,1.0,0.10175879396984924,4.310929648241205,4.310929648241206,0.020270735508846068,0.027471950963050044,0.22213405499782432,0.24210288391181103,0.020270735508846068,0.027471950963050044,0.9768365591570956,1.0,0.08785325447346509,0.11758160060478601,0.0,0.0,0.0005594215104179578,0.0,
ba748260f612084e64b2add4b272d804bd2861f3da97bd02ce5f0775602b185e,mlb,total_bases>=6,hits_plus_runs_plus_RBI>=2 & hits_plus_runs_plus_RBI>=3 & total_bases>=2,3,EMPIRICAL_CANDIDATE,2,"[{""explanation"": ""At most four TB per hit, so hits >= ceil(TB/4); HRR includes nonnegative hits"", ""proven"": true, ""rule_version"": ""mlb-official-batting-v1""}, {""explanation"": ""No proof from configured rules"", ""proven"": false, ""rule_version"": ""mlb-official-batting-v1""}, {""explanation"": ""Threshold monotonicity"", ""proven"": true, ""rule_version"": ""mlb-official-batting-v1""}]",6863,162,1592,162,0,0.023604837534605856,0.2319685268832872,0.023604837534605856,1.0,0.10175879396984924,4.310929648241205,4.310929648241206,0.020270735508846068,0.027471950963050044,0.22213405499782432,0.24210288391181103,0.020270735508846068,0.027471950963050044,0.9768365591570956,1.0,0.08785325447346509,0.11758160060478601,0.0,0.0,0.0005594215104179578,0.0,
c4407a79644f3a1721fba85cabb7ddae5fc86c2eb15e0527d2f8eb21cb068e96,mlb,total_bases>=6,hits_plus_runs_plus_RBI>=1 & hits_plus_runs_plus_RBI>=2 & hits_plus_runs_plus_RBI>=3,3,EMPIRICAL_CANDIDATE,2,"[{""explanation"": ""At most four TB per hit, so hits >= ceil(TB/4); HRR includes nonnegative hits"", ""proven"": true, ""rule_version"": ""mlb-official-batting-v1""}, {""explanation"": ""At most four TB per hit, so hits >= ceil(TB/4); HRR includes nonnegative hits"", ""proven"": true, ""rule_version"": ""mlb-official-batting-v1""}, {""explanation"": ""No proof from configured rules"", ""proven"": false, ""rule_version"": ""mlb-official-batting-v1""}]",6863,162,1770,162,0,0.023604837534605856,0.25790470639661955,0.023604837534605856,1.0,0.09152542372881356,3.877401129943503,3.877401129943503,0.020270735508846068,0.027471950963050044,0.24769190548167133,0.26838837394119314,0.020270735508846068,0.027471950963050044,0.9768365591570956,1.0,0.07896196509022929,0.10585808023594856,0.0,0.0,0.0005594215104179578,0.0,
c516836a8e06c14fe07f04d6133f02a71baf130d9b00dc6ec8342e0d20b57834,mlb,total_bases>=6,hits_plus_runs_plus_RBI>=1 & hits_plus_runs_plus_RBI>=3 & total_bases>=3,3,EMPIRICAL_CANDIDATE,2,"[{""explanation"": ""At most four TB per hit, so hits >= ceil(TB/4); HRR includes nonnegative hits"", ""proven"": true, ""rule_version"": ""mlb-official-batting-v1""}, {""explanation"": ""No proof from configured rules"", ""proven"": false, ""rule_version"": ""mlb-official-batting-v1""}, {""explanation"": ""Threshold monotonicity"", ""proven"": true, ""rule_version"": ""mlb-official-batting-v1""}]",6863,162,1135,162,0,0.023604837534605856,0.1653795716159114,0.023604837534605856,1.0,0.14273127753303966,6.046696035242291,6.046696035242291,0.020270735508846068,0.027471950963050044,0.1567774806586179,0.17435605030413154,0.020270735508846068,0.027471950963050044,0.9768365591570956,1.0,0.12358485150968104,0.16428793032615427,0.0,0.0,0.0005594215104179578,0.0,
c677ea7aaa5a9fd8bcb9ceb30859013d55c02d33bffaed41d6eed69862aa753b,mlb,total_bases>=6,hits>=2 & hits_plus_runs_plus_RBI>=2 & hits_plus_runs_plus_RBI>=3,3,EMPIRICAL_CANDIDATE,2,"[{""explanation"": ""At most four TB per hit, so hits >= ceil(TB/4); HRR includes nonnegative hits"", ""proven"": true, ""rule_version"": ""mlb-official-batting-v1""}, {""explanation"": ""At most four TB per hit, so hits >= ceil(TB/4); HRR includes nonnegative hits"", ""proven"": true, ""rule_version"": ""mlb-official-batting-v1""}, {""explanation"": ""No proof from configured rules"", ""proven"": false, ""rule_version"": ""mlb-official-batting-v1""}]",6863,162,1179,162,0,0.023604837534605856,0.17179076205740929,0.023604837534605856,1.0,0.13740458015267176,5.821034775233249,5.821034775233249,0.020270735508846068,0.027471950963050044,0.16305094655019958,0.1808977921798649,0.020270735508846068,0.027471950963050044,0.9768365591570956,1.0,0.11892730809772088,0.1582370205415168,0.0,0.0,0.0005594215104179578,0.0,
d70a6eaa18613c12f31703545046cd33b9c6310348a63a5e9c79bbb85cd9232a,mlb,total_bases>=6,hits>=1 & hits_plus_runs_plus_RBI>=1 & hits_plus_runs_plus_RBI>=3,3,EMPIRICAL_CANDIDATE,2,"[{""explanation"": ""At most four TB per hit, so hits >= ceil(TB/4); HRR includes nonnegative hits"", ""proven"": true, ""rule_version"": ""mlb-official-batting-v1""}, {""explanation"": ""At most four TB per hit, so hits >= ceil(TB/4); HRR includes nonnegative hits"", ""proven"": true, ""rule_version"": ""mlb-official-batting-v1""}, {""explanation"": ""No proof from configured rules"", ""proven"": false, ""rule_version"": ""mlb-official-batting-v1""}]",6863,162,1765,162,0,0.023604837534605856,0.25717616202826754,0.023604837534605856,1.0,0.09178470254957508,3.888385269121813,3.888385269121813,0.020270735508846068,0.027471950963050044,0.24697331696725122,0.2676506888456911,0.020270735508846068,0.027471950963050044,0.9768365591570956,1.0,0.07918707970715458,0.10615539809708552,0.0,0.0,0.0005594215104179578,0.0,
da96e2be06a5a3190c7fa14e3f96a19ff311c2fe5000c15d3ac8ec7b5dfdf57e,mlb,total_bases>=6,hits_plus_runs_plus_RBI>=3 & total_bases>=3 & total_bases>=5,3,EMPIRICAL_CANDIDATE,2,"[{""explanation"": ""No proof from configured rules"", ""proven"": false, ""rule_version"": ""mlb-official-batting-v1""}, {""explanation"": ""Threshold monotonicity"", ""proven"": true, ""rule_version"": ""mlb-official-batting-v1""}, {""explanation"": ""Threshold monotonicity"", ""proven"": true, ""rule_version"": ""mlb-official-batting-v1""}]",6863,162,359,162,0,0.023604837534605856,0.05230948564767594,0.023604837534605856,1.0,0.45125348189415043,19.11699164345404,19.11699164345404,0.020270735508846068,0.027471950963050044,0.047287833167272794,0.05783203353555663,0.020270735508846068,0.027471950963050044,0.9768365591570956,1.0,0.4005650993885408,0.5029740383005292,0.0,0.0,0.0005594215104179578,0.0,
e3ff910712106f3c7c17bca7855aebe639bf5f125d5ed386049e04681763f322,mlb,total_bases>=6,hits_plus_runs_plus_RBI>=2 & hits_plus_runs_plus_RBI>=3,2,EMPIRICAL_CANDIDATE,1,"[{""explanation"": ""At most four TB per hit, so hits >= ceil(TB/4); HRR includes nonnegative hits"", ""proven"": true, ""rule_version"": ""mlb-official-batting-v1""}, {""explanation"": ""No proof from configured rules"", ""proven"": false, ""rule_version"": ""mlb-official-batting-v1""}]",6863,162,1770,162,0,0.023604837534605856,0.25790470639661955,0.023604837534605856,1.0,0.09152542372881356,3.877401129943503,3.877401129943503,0.020270735508846068,0.027471950963050044,0.24769190548167133,0.26838837394119314,0.020270735508846068,0.027471950963050044,0.9768365591570956,1.0,0.07896196509022929,0.10585808023594856,0.0,0.0,0.0005594215104179578,0.0,
e62fdc0131a43dd9a7851be7fee5b454030f08276ff836ff82bb4a6d15e50c2c,mlb,total_bases>=6,hits_plus_runs_plus_RBI>=3 & total_bases>=2 & total_bases>=5,3,EMPIRICAL_CANDIDATE,2,"[{""explanation"": ""No proof from configured rules"", ""proven"": false, ""rule_version"": ""mlb-official-batting-v1""}, {""explanation"": ""Threshold monotonicity"", ""proven"": true, ""rule_version"": ""mlb-official-batting-v1""}, {""explanation"": ""Threshold monotonicity"", ""proven"": true, ""rule_version"": ""mlb-official-batting-v1""}]",6863,162,359,162,0,0.023604837534605856,0.05230948564767594,0.023604837534605856,1.0,0.45125348189415043,19.11699164345404,19.11699164345404,0.020270735508846068,0.027471950963050044,0.047287833167272794,0.05783203353555663,0.020270735508846068,0.027471950963050044,0.9768365591570956,1.0,0.4005650993885408,0.5029740383005292,0.0,0.0,0.0005594215104179578,0.0,
ec6c05a1aeda0fa3b0354bded2f47ccd6481803add09eb0150be84f716c58ac9,mlb,total_bases>=6,hits>=2 & hits_plus_runs_plus_RBI>=3 & total_bases>=1,3,EMPIRICAL_CANDIDATE,2,"[{""explanation"": ""At most four TB per hit, so hits >= ceil(TB/4); HRR includes nonnegative hits"", ""proven"": true, ""rule_version"": ""mlb-official-batting-v1""}, {""explanation"": ""No proof from configured rules"", ""proven"": false, ""rule_version"": ""mlb-official-batting-v1""}, {""explanation"": ""Threshold monotonicity"", ""proven"": true, ""rule_version"": ""mlb-official-batting-v1""}]",6863,162,1179,162,0,0.023604837534605856,0.17179076205740929,0.023604837534605856,1.0,0.13740458015267176,5.821034775233249,5.821034775233249,0.020270735508846068,0.027471950963050044,0.16305094655019958,0.1808977921798649,0.020270735508846068,0.027471950963050044,0.9768365591570956,1.0,0.11892730809772088,0.1582370205415168,0.0,0.0,0.0005594215104179578,0.0,
f2ca536fb66c9a24c3d361f5aa0d1efeaca99d4ecf4fa04b6b784c17c6ed19ae,mlb,total_bases>=6,hits_plus_runs_plus_RBI>=2 & hits_plus_runs_plus_RBI>=3 & total_bases>=5,3,EMPIRICAL_CANDIDATE,2,"[{""explanation"": ""At most four TB per hit, so hits >= ceil(TB/4); HRR includes nonnegative hits"", ""proven"": true, ""rule_version"": ""mlb-official-batting-v1""}, {""explanation"": ""No proof from configured rules"", ""proven"": false, ""rule_version"": ""mlb-official-batting-v1""}, {""explanation"": ""Threshold monotonicity"", ""proven"": true, ""rule_version"": ""mlb-official-batting-v1""}]",6863,162,359,162,0,0.023604837534605856,0.05230948564767594,0.023604837534605856,1.0,0.45125348189415043,19.11699164345404,19.11699164345404,0.020270735508846068,0.027471950963050044,0.047287833167272794,0.05783203353555663,0.020270735508846068,0.027471950963050044,0.9768365591570956,1.0,0.4005650993885408,0.5029740383005292,0.0,0.0,0.0005594215104179578,0.0,
f572ea0e6b626bfed82770d8aca6276d469614f481693f8b56883999b8358150,mlb,total_bases>=6,hits>=2 & hits_plus_runs_plus_RBI>=3,2,EMPIRICAL_CANDIDATE,1,"[{""explanation"": ""At most four TB per hit, so hits >= ceil(TB/4); HRR includes nonnegative hits"", ""proven"": true, ""rule_version"": ""mlb-official-batting-v1""}, {""explanation"": ""No proof from configured rules"", ""proven"": false, ""rule_version"": ""mlb-official-batting-v1""}]",6863,162,1179,162,0,0.023604837534605856,0.17179076205740929,0.023604837534605856,1.0,0.13740458015267176,5.821034775233249,5.821034775233249,0.020270735508846068,0.027471950963050044,0.16305094655019958,0.1808977921798649,0.020270735508846068,0.027471950963050044,0.9768365591570956,1.0,0.11892730809772088,0.1582370205415168,0.0,0.0,0.0005594215104179578,0.0,
f64e176569385857c1ebcf791418d335c60025ba77d3c621c1e43836a2d2c709,mlb,total_bases>=6,hits_plus_runs_plus_RBI>=3 & total_bases>=2 & total_bases>=3,3,EMPIRICAL_CANDIDATE,2,"[{""explanation"": ""No proof from configured rules"", ""proven"": false, ""rule_version"": ""mlb-official-batting-v1""}, {""explanation"": ""Threshold monotonicity"", ""proven"": true, ""rule_version"": ""mlb-official-batting-v1""}, {""explanation"": ""Threshold monotonicity"", ""proven"": true, ""rule_version"": ""mlb-official-batting-v1""}]",6863,162,1135,162,0,0.023604837534605856,0.1653795716159114,0.023604837534605856,1.0,0.14273127753303966,6.046696035242291,6.046696035242291,0.020270735508846068,0.027471950963050044,0.1567774806586179,0.17435605030413154,0.020270735508846068,0.027471950963050044,0.9768365591570956,1.0,0.12358485150968104,0.16428793032615427,0.0,0.0,0.0005594215104179578,0.0,
f72c134a2ee1d4f989ce61534b8b14f7308ecbec78b066db13d2c2c9d2c0983f,mlb,total_bases>=6,hits>=2 & hits_plus_runs_plus_RBI>=3 & total_bases>=2,3,EMPIRICAL_CANDIDATE,2,"[{""explanation"": ""At most four TB per hit, so hits >= ceil(TB/4); HRR includes nonnegative hits"", ""proven"": true, ""rule_version"": ""mlb-official-batting-v1""}, {""explanation"": ""No proof from configured rules"", ""proven"": false, ""rule_version"": ""mlb-official-batting-v1""}, {""explanation"": ""Threshold monotonicity"", ""proven"": true, ""rule_version"": ""mlb-official-batting-v1""}]",6863,162,1179,162,0,0.023604837534605856,0.17179076205740929,0.023604837534605856,1.0,0.13740458015267176,5.821034775233249,5.821034775233249,0.020270735508846068,0.027471950963050044,0.16305094655019958,0.1808977921798649,0.020270735508846068,0.027471950963050044,0.9768365591570956,1.0,0.11892730809772088,0.1582370205415168,0.0,0.0,0.0005594215104179578,0.0,
ff192121381e340004dc357eec4455ebc8fdd9d0bc15ca0138048e21ded39045,mlb,total_bases>=6,hits_plus_runs_plus_RBI>=3 & total_bases>=1 & total_bases>=5,3,EMPIRICAL_CANDIDATE,2,"[{""explanation"": ""No proof from configured rules"", ""proven"": false, ""rule_version"": ""mlb-official-batting-v1""}, {""explanation"": ""Threshold monotonicity"", ""proven"": true, ""rule_version"": ""mlb-official-batting-v1""}, {""explanation"": ""Threshold monotonicity"", ""proven"": true, ""rule_version"": ""mlb-official-batting-v1""}]",6863,162,359,162,0,0.023604837534605856,0.05230948564767594,0.023604837534605856,1.0,0.45125348189415043,19.11699164345404,19.11699164345404,0.020270735508846068,0.027471950963050044,0.047287833167272794,0.05783203353555663,0.020270735508846068,0.027471950963050044,0.9768365591570956,1.0,0.4005650993885408,0.5029740383005292,0.0,0.0,0.0005594215104179578,0.0,
